# Geometria creada con herramientas de Blender. UV ajustadas sobre la imagen original.
mtllib avion_verde.mtl
v 0.0 1.0 0.0
v 0.0 0.83147 -1.666711
v 0.0 0.55557 -2.494409
v 0.0 0.19509 -2.942356
v 0.0 0.0 -3.0
v 0.0 -0.19509 -2.942356
v 0.0 -0.55557 -2.494409
v 0.0 -1.0 0.0
v 0.03806 0.980785 -0.574025
v 0.074658 0.92388 -1.125991
v 0.108386 0.83147 -1.634685
v 0.13795 0.707107 -2.08056
v 0.162212 0.55557 -2.446479
v 0.18024 0.382683 -2.718382
v 0.191342 0.19509 -2.885819
v 0.19509 0.0 -2.942356
v 0.191342 -0.19509 -2.885819
v 0.18024 -0.382683 -2.718382
v 0.162212 -0.55557 -2.446479
v 0.13795 -0.707107 -2.08056
v 0.108386 -0.83147 -1.634685
v 0.074658 -0.92388 -1.125991
v 0.03806 -0.980785 -0.574025
v 0.074658 0.980785 -0.54072
v 0.146447 0.92388 -1.06066
v 0.212608 0.83147 -1.53984
v 0.270598 0.707107 -1.959844
v 0.31819 0.55557 -2.304533
v 0.353553 0.382683 -2.56066
v 0.37533 0.19509 -2.718382
v 0.382683 0.0 -2.771638
v 0.37533 -0.19509 -2.718382
v 0.353553 -0.382683 -2.56066
v 0.31819 -0.55557 -2.304533
v 0.270598 -0.707107 -1.959844
v 0.212608 -0.83147 -1.53984
v 0.146447 -0.92388 -1.06066
v 0.074658 -0.980785 -0.54072
v 0.108386 0.980785 -0.486635
v 0.212608 0.92388 -0.954569
v 0.308658 0.83147 -1.385819
v 0.392847 0.707107 -1.763813
v 0.46194 0.55557 -2.074025
v 0.51328 0.382683 -2.304533
v 0.544895 0.19509 -2.446479
v 0.55557 0.0 -2.494408
v 0.544895 -0.19509 -2.446479
v 0.51328 -0.382683 -2.304533
v 0.46194 -0.55557 -2.074025
v 0.392847 -0.707107 -1.763813
v 0.308658 -0.83147 -1.385819
v 0.212608 -0.92388 -0.954569
v 0.108386 -0.980785 -0.486635
v 0.13795 0.980785 -0.413849
v 0.270598 0.92388 -0.811794
v 0.392847 0.83147 -1.178542
v 0.5 0.707107 -1.5
v 0.587938 0.55557 -1.763813
v 0.653281 0.382683 -1.959844
v 0.69352 0.19509 -2.080559
v 0.707107 0.0 -2.12132
v 0.69352 -0.19509 -2.080559
v 0.653281 -0.382683 -1.959844
v 0.587938 -0.55557 -1.763813
v 0.5 -0.707107 -1.5
v 0.392847 -0.83147 -1.178542
v 0.270598 -0.92388 -0.811794
v 0.13795 -0.980785 -0.413849
v 0.162212 0.980785 -0.325159
v 0.31819 0.92388 -0.637823
v 0.46194 0.83147 -0.925975
v 0.587938 0.707107 -1.178542
v 0.691342 0.55557 -1.385819
v 0.768178 0.382683 -1.53984
v 0.815493 0.19509 -1.634685
v 0.83147 0.0 -1.66671
v 0.815493 -0.19509 -1.634685
v 0.768178 -0.382683 -1.53984
v 0.691342 -0.55557 -1.385819
v 0.587938 -0.707107 -1.178542
v 0.46194 -0.83147 -0.925975
v 0.31819 -0.92388 -0.637823
v 0.162212 -0.980785 -0.325159
v 0.18024 0.980785 -0.223973
v 0.353553 0.92388 -0.43934
v 0.51328 0.83147 -0.637822
v 0.653281 0.707107 -0.811794
v 0.768178 0.55557 -0.954569
v 0.853553 0.382683 -1.06066
v 0.906127 0.19509 -1.12599
v 0.923879 0.0 -1.14805
v 0.906127 -0.19509 -1.12599
v 0.853553 -0.382683 -1.06066
v 0.768178 -0.55557 -0.954569
v 0.653281 -0.707107 -0.811794
v 0.51328 -0.83147 -0.637822
v 0.353553 -0.92388 -0.43934
v 0.18024 -0.980785 -0.223973
v 0.191342 0.980785 -0.114181
v 0.37533 0.92388 -0.223973
v 0.544895 0.83147 -0.325159
v 0.69352 0.707107 -0.413849
v 0.815493 0.55557 -0.486635
v 0.906127 0.382683 -0.54072
v 0.96194 0.19509 -0.574025
v 0.980785 0.0 -0.58527
v 0.96194 -0.19509 -0.574025
v 0.906127 -0.382683 -0.54072
v 0.815493 -0.55557 -0.486635
v 0.69352 -0.707107 -0.413849
v 0.544895 -0.83147 -0.325159
v 0.37533 -0.92388 -0.223973
v 0.191342 -0.980785 -0.114181
v 0.19509 0.980785 0.0
v 0.382683 0.92388 0.0
v 0.55557 0.83147 0.0
v 0.707107 0.707107 -0.0
v 0.831469 0.55557 0.0
v 0.923879 0.382683 -0.0
v 0.980785 0.19509 0.0
v 1.0 0.0 0.0
v 0.980785 -0.19509 0.0
v 0.923879 -0.382683 -0.0
v 0.831469 -0.55557 0.0
v 0.707107 -0.707107 -0.0
v 0.55557 -0.83147 0.0
v 0.382683 -0.92388 0.0
v 0.19509 -0.980785 0.0
v 0.191342 0.980785 0.114181
v 0.37533 0.92388 0.223974
v 0.544895 0.83147 0.325159
v 0.69352 0.707107 0.413849
v 0.815493 0.55557 0.486635
v 0.906127 0.382683 0.54072
v 0.96194 0.19509 0.574025
v 0.980785 0.0 0.585271
v 0.96194 -0.19509 0.574025
v 0.906127 -0.382683 0.54072
v 0.815493 -0.55557 0.486635
v 0.69352 -0.707107 0.413849
v 0.544895 -0.83147 0.325159
v 0.37533 -0.92388 0.223974
v 0.191342 -0.980785 0.114181
v 0.18024 0.980785 0.223973
v 0.353553 0.92388 0.43934
v 0.51328 0.83147 0.637823
v 0.653281 0.707107 0.811794
v 0.768178 0.55557 0.954569
v 0.853553 0.382683 1.06066
v 0.906127 0.19509 1.125991
v 0.923879 0.0 1.14805
v 0.906127 -0.19509 1.125991
v 0.853553 -0.382683 1.06066
v 0.768178 -0.55557 0.954569
v 0.653281 -0.707107 0.811794
v 0.51328 -0.83147 0.637823
v 0.353553 -0.92388 0.43934
v 0.18024 -0.980785 0.223973
v 0.162212 0.980785 0.325159
v 0.31819 0.92388 0.637823
v 0.46194 0.83147 0.925975
v 0.587938 0.707107 1.178542
v 0.691341 0.55557 1.385819
v 0.768178 0.382683 1.53984
v 0.815493 0.19509 1.634685
v 0.831469 0.0 1.666711
v 0.815493 -0.19509 1.634685
v 0.768178 -0.382683 1.53984
v 0.691341 -0.55557 1.385819
v 0.587938 -0.707107 1.178542
v 0.46194 -0.83147 0.925975
v 0.31819 -0.92388 0.637823
v 0.162212 -0.980785 0.325159
v 0.13795 0.980785 0.413849
v 0.270598 0.92388 0.811794
v 0.392847 0.83147 1.178542
v 0.5 0.707107 1.5
v 0.587938 0.55557 1.763813
v 0.653281 0.382683 1.959844
v 0.69352 0.19509 2.080559
v 0.707106 0.0 2.12132
v 0.69352 -0.19509 2.080559
v 0.653281 -0.382683 1.959844
v 0.587938 -0.55557 1.763813
v 0.5 -0.707107 1.5
v 0.392847 -0.83147 1.178542
v 0.270598 -0.92388 0.811794
v 0.13795 -0.980785 0.413849
v 0.108386 0.980785 0.486635
v 0.212607 0.92388 0.954569
v 0.308658 0.83147 1.385819
v 0.392847 0.707107 1.763813
v 0.46194 0.55557 2.074025
v 0.51328 0.382683 2.304533
v 0.544895 0.19509 2.446479
v 0.55557 0.0 2.494408
v 0.544895 -0.19509 2.446479
v 0.51328 -0.382683 2.304533
v 0.46194 -0.55557 2.074025
v 0.392847 -0.707107 1.763813
v 0.308658 -0.83147 1.385819
v 0.212607 -0.92388 0.954569
v 0.108386 -0.980785 0.486635
v 0.074658 0.980785 0.54072
v 0.146447 0.92388 1.06066
v 0.212607 0.83147 1.539839
v 0.270598 0.707107 1.959844
v 0.318189 0.55557 2.304533
v 0.353553 0.382683 2.560659
v 0.37533 0.19509 2.718382
v 0.382683 0.0 2.771637
v 0.37533 -0.19509 2.718382
v 0.353553 -0.382683 2.560659
v 0.318189 -0.55557 2.304533
v 0.270598 -0.707107 1.959844
v 0.212607 -0.83147 1.539839
v 0.146447 -0.92388 1.06066
v 0.074658 -0.980785 0.54072
v 0.03806 0.980785 0.574025
v 0.074658 0.92388 1.125991
v 0.108386 0.83147 1.634685
v 0.13795 0.707107 2.080559
v 0.162212 0.55557 2.446479
v 0.18024 0.382683 2.718382
v 0.191342 0.19509 2.885818
v 0.19509 0.0 2.942354
v 0.191342 -0.19509 2.885818
v 0.18024 -0.382683 2.718382
v 0.162212 -0.55557 2.446479
v 0.13795 -0.707107 2.080559
v 0.108386 -0.83147 1.634685
v 0.074658 -0.92388 1.125991
v 0.03806 -0.980785 0.574025
v -0.0 0.980785 0.585271
v -0.0 0.92388 1.14805
v -0.0 0.83147 1.66671
v -0.0 0.707107 2.12132
v -0.0 0.55557 2.494408
v 0.0 0.382683 2.771638
v -0.0 0.19509 2.942355
v -0.0 0.0 2.999998
v -0.0 -0.19509 2.942355
v 0.0 -0.382683 2.771638
v -0.0 -0.55557 2.494408
v -0.0 -0.707107 2.12132
v -0.0 -0.83147 1.66671
v -0.0 -0.92388 1.14805
v -0.0 -0.980785 0.585271
v -0.03806 0.980785 0.574025
v -0.074658 0.92388 1.125991
v -0.108386 0.83147 1.634684
v -0.13795 0.707107 2.080559
v -0.162212 0.55557 2.446478
v -0.18024 0.382683 2.718381
v -0.191342 0.19509 2.885818
v -0.195091 0.0 2.942354
v -0.191342 -0.19509 2.885818
v -0.18024 -0.382683 2.718381
v -0.162212 -0.55557 2.446478
v -0.13795 -0.707107 2.080559
v -0.108386 -0.83147 1.634684
v -0.074658 -0.92388 1.125991
v -0.03806 -0.980785 0.574025
v -0.074658 0.980785 0.54072
v -0.146447 0.92388 1.06066
v -0.212608 0.83147 1.539839
v -0.270598 0.707107 1.959844
v -0.31819 0.55557 2.304532
v -0.353553 0.382683 2.560659
v -0.37533 0.19509 2.718381
v -0.382683 0.0 2.771636
v -0.37533 -0.19509 2.718381
v -0.353553 -0.382683 2.560659
v -0.31819 -0.55557 2.304532
v -0.270598 -0.707107 1.959844
v -0.212608 -0.83147 1.539839
v -0.146447 -0.92388 1.06066
v -0.074658 -0.980785 0.54072
v -0.108386 0.980785 0.486635
v -0.212608 0.92388 0.954569
v -0.308658 0.83147 1.385818
v -0.392847 0.707107 1.763813
v -0.46194 0.55557 2.074024
v -0.51328 0.382683 2.304533
v -0.544895 0.19509 2.446478
v -0.55557 0.0 2.494406
v -0.544895 -0.19509 2.446478
v -0.51328 -0.382683 2.304533
v -0.46194 -0.55557 2.074024
v -0.392847 -0.707107 1.763813
v -0.308658 -0.83147 1.385818
v -0.212608 -0.92388 0.954569
v -0.108386 -0.980785 0.486635
v -0.13795 0.980785 0.413849
v -0.270598 0.92388 0.811794
v -0.392847 0.83147 1.178541
v -0.5 0.707107 1.5
v -0.587938 0.55557 1.763812
v -0.653281 0.382683 1.959844
v -0.69352 0.19509 2.080559
v -0.707106 0.0 2.121318
v -0.69352 -0.19509 2.080559
v -0.653281 -0.382683 1.959844
v -0.587938 -0.55557 1.763812
v -0.5 -0.707107 1.5
v -0.392847 -0.83147 1.178541
v -0.270598 -0.92388 0.811794
v -0.13795 -0.980785 0.413849
v -0.162212 0.980785 0.325159
v -0.31819 0.92388 0.637822
v -0.46194 0.83147 0.925974
v -0.587938 0.707107 1.178542
v -0.691341 0.55557 1.385818
v -0.768177 0.382683 1.539839
v -0.815493 0.19509 1.634684
v -0.831469 0.0 1.666708
v -0.815493 -0.19509 1.634684
v -0.768177 -0.382683 1.539839
v -0.691341 -0.55557 1.385818
v -0.587938 -0.707107 1.178542
v -0.46194 -0.83147 0.925974
v -0.31819 -0.92388 0.637822
v -0.162212 -0.980785 0.325159
v -0.18024 0.980785 0.223973
v -0.353553 0.92388 0.43934
v -0.51328 0.83147 0.637822
v -0.653281 0.707107 0.811794
v -0.768177 0.55557 0.954568
v -0.853553 0.382683 1.06066
v -0.906127 0.19509 1.12599
v -0.923879 0.0 1.148048
v -0.906127 -0.19509 1.12599
v -0.853553 -0.382683 1.06066
v -0.768177 -0.55557 0.954568
v -0.653281 -0.707107 0.811794
v -0.51328 -0.83147 0.637822
v -0.353553 -0.92388 0.43934
v -0.18024 -0.980785 0.223973
v -0.191342 0.980785 0.114181
v -0.37533 0.92388 0.223973
v -0.544895 0.83147 0.325158
v -0.69352 0.707107 0.413849
v -0.815493 0.55557 0.486634
v -0.906127 0.382683 0.54072
v -0.961939 0.19509 0.574024
v -0.980784 0.0 0.585269
v -0.961939 -0.19509 0.574024
v -0.906127 -0.382683 0.54072
v -0.815493 -0.55557 0.486634
v -0.69352 -0.707107 0.413849
v -0.544895 -0.83147 0.325158
v -0.37533 -0.92388 0.223973
v -0.191342 -0.980785 0.114181
v -0.19509 0.980785 -0.0
v -0.382683 0.92388 -0.0
v -0.55557 0.83147 -0.0
v -0.707107 0.707107 -0.0
v -0.831469 0.55557 -0.0
v -0.923879 0.382683 -0.0
v -0.980785 0.19509 -1e-06
v -0.999999 0.0 -1e-06
v -0.980785 -0.19509 -1e-06
v -0.923879 -0.382683 -0.0
v -0.831469 -0.55557 -0.0
v -0.707107 -0.707107 -0.0
v -0.55557 -0.83147 -0.0
v -0.382683 -0.92388 -0.0
v -0.19509 -0.980785 -0.0
v -0.191342 0.980785 -0.114181
v -0.37533 0.92388 -0.223974
v -0.544895 0.83147 -0.325159
v -0.69352 0.707107 -0.413849
v -0.815493 0.55557 -0.486635
v -0.906127 0.382683 -0.54072
v -0.961939 0.19509 -0.574026
v -0.980784 0.0 -0.585272
v -0.961939 -0.19509 -0.574026
v -0.906127 -0.382683 -0.54072
v -0.815493 -0.55557 -0.486635
v -0.69352 -0.707107 -0.413849
v -0.544895 -0.83147 -0.325159
v -0.37533 -0.92388 -0.223974
v -0.191342 -0.980785 -0.114181
v -0.18024 0.980785 -0.223973
v -0.353553 0.92388 -0.43934
v -0.513279 0.83147 -0.637822
v -0.653281 0.707107 -0.811794
v -0.768177 0.55557 -0.954569
v -0.853553 0.382683 -1.06066
v -0.906127 0.19509 -1.125991
v -0.923878 0.0 -1.14805
v -0.906127 -0.19509 -1.125991
v -0.853553 -0.382683 -1.06066
v -0.768177 -0.55557 -0.954569
v -0.653281 -0.707107 -0.811794
v -0.513279 -0.83147 -0.637822
v -0.353553 -0.92388 -0.43934
v -0.18024 -0.980785 -0.223973
v -0.162212 0.980785 -0.325159
v -0.318189 0.92388 -0.637822
v -0.461939 0.83147 -0.925974
v -0.587938 0.707107 -1.178542
v -0.691341 0.55557 -1.385819
v -0.768177 0.382683 -1.539839
v -0.815493 0.19509 -1.634685
v -0.831468 0.0 -1.66671
v -0.815493 -0.19509 -1.634685
v -0.768177 -0.382683 -1.539839
v -0.691341 -0.55557 -1.385819
v -0.587938 -0.707107 -1.178542
v -0.461939 -0.83147 -0.925974
v -0.318189 -0.92388 -0.637822
v -0.162212 -0.980785 -0.325159
v -0.13795 0.980785 -0.413849
v -0.270598 0.92388 -0.811794
v -0.392847 0.83147 -1.178542
v -0.5 0.707107 -1.5
v -0.587937 0.55557 -1.763813
v -0.653281 0.382683 -1.959843
v -0.693519 0.19509 -2.080559
v -0.707106 0.0 -2.121319
v -0.693519 -0.19509 -2.080559
v -0.653281 -0.382683 -1.959843
v -0.587937 -0.55557 -1.763813
v -0.5 -0.707107 -1.5
v -0.392847 -0.83147 -1.178542
v -0.270598 -0.92388 -0.811794
v -0.13795 -0.980785 -0.413849
v -0.108386 0.980785 -0.486635
v -0.212607 0.92388 -0.954569
v -0.308658 0.83147 -1.385818
v -0.392847 0.707107 -1.763813
v -0.461939 0.55557 -2.074024
v -0.51328 0.382683 -2.304532
v -0.544895 0.19509 -2.446478
v -0.555569 0.0 -2.494407
v -0.544895 -0.19509 -2.446478
v -0.51328 -0.382683 -2.304532
v -0.461939 -0.55557 -2.074024
v -0.392847 -0.707107 -1.763813
v -0.308658 -0.83147 -1.385818
v -0.212607 -0.92388 -0.954569
v -0.108386 -0.980785 -0.486635
v -0.074658 0.980785 -0.540719
v -0.146446 0.92388 -1.06066
v -0.212607 0.83147 -1.539839
v -0.270598 0.707107 -1.959844
v -0.318189 0.55557 -2.304532
v -0.353553 0.382683 -2.560659
v -0.37533 0.19509 -2.718381
v -0.382683 0.0 -2.771636
v -0.37533 -0.19509 -2.718381
v -0.353553 -0.382683 -2.560659
v -0.318189 -0.55557 -2.304532
v -0.270598 -0.707107 -1.959844
v -0.212607 -0.83147 -1.539839
v -0.146446 -0.92388 -1.06066
v -0.074658 -0.980785 -0.540719
v -0.03806 0.980785 -0.574024
v -0.074658 0.92388 -1.12599
v -0.108386 0.83147 -1.634684
v -0.13795 0.707107 -2.080559
v -0.162211 0.55557 -2.446478
v -0.18024 0.382683 -2.718381
v -0.191341 0.19509 -2.885818
v -0.19509 0.0 -2.942353
v -0.191341 -0.19509 -2.885818
v -0.18024 -0.382683 -2.718381
v -0.162211 -0.55557 -2.446478
v -0.13795 -0.707107 -2.080559
v -0.108386 -0.83147 -1.634684
v -0.074658 -0.92388 -1.12599
v -0.03806 -0.980785 -0.574024
v 0.0 0.980785 -0.58527
v 0.0 0.92388 -1.14805
v 0.0 0.707107 -2.12132
v 0.0 0.382683 -2.771637
v 0.0 -0.382683 -2.771637
v 0.0 -0.707107 -2.12132
v 0.0 -0.83147 -1.666709
v 0.0 -0.92388 -1.14805
v 0.0 -0.980785 -0.58527
v 0.0 0.09 0.0
v 0.0 0.074832 -0.361121
v 0.0 0.050001 -0.540455
v 0.0 0.017558 -0.63751
v 0.0 0.0 -0.65
v 0.0 -0.017558 -0.63751
v 0.0 -0.050001 -0.540455
v 0.0 -0.09 0.0
v 0.266422 0.088271 -0.124372
v 0.522605 0.083149 -0.243965
v 0.758705 0.074832 -0.354182
v 0.965648 0.06364 -0.450788
v 1.135482 0.050001 -0.53007
v 1.26168 0.034442 -0.588983
v 1.339392 0.017558 -0.625261
v 1.365632 0.0 -0.63751
v 1.339392 -0.017558 -0.625261
v 1.26168 -0.034442 -0.588983
v 1.135482 -0.050001 -0.53007
v 0.965648 -0.06364 -0.450788
v 0.758705 -0.074832 -0.354182
v 0.522605 -0.083149 -0.243965
v 0.266422 -0.088271 -0.124372
v 0.522605 0.088271 -0.117156
v 1.025126 0.083149 -0.22981
v 1.488253 0.074832 -0.333632
v 1.894186 0.06364 -0.424633
v 2.227327 0.050001 -0.499315
v 2.474874 0.034442 -0.55481
v 2.627312 0.017558 -0.588983
v 2.678784 0.0 -0.600522
v 2.627312 -0.017558 -0.588983
v 2.474874 -0.034442 -0.55481
v 2.227327 -0.050001 -0.499315
v 1.894186 -0.06364 -0.424633
v 1.488253 -0.074832 -0.333632
v 1.025126 -0.083149 -0.22981
v 0.522605 -0.088271 -0.117156
v 0.758705 0.088271 -0.105438
v 1.488253 0.083149 -0.206823
v 2.160608 0.074832 -0.300261
v 2.749932 0.06364 -0.38216
v 3.233578 0.050001 -0.449372
v 3.592959 0.034442 -0.499315
v 3.814266 0.017558 -0.53007
v 3.888992 0.0 -0.540455
v 3.814266 -0.017558 -0.53007
v 3.592959 -0.034442 -0.499315
v 3.233578 -0.050001 -0.449372
v 2.749932 -0.06364 -0.38216
v 2.160608 -0.074832 -0.300261
v 1.488253 -0.083149 -0.206823
v 0.758705 -0.088271 -0.105438
v 0.965648 0.088271 -0.089667
v 1.894186 0.083149 -0.175889
v 2.749932 0.074832 -0.255351
v 3.5 0.06364 -0.325
v 4.115564 0.050001 -0.382159
v 4.57297 0.034442 -0.424633
v 4.854639 0.017558 -0.450788
v 4.949748 0.0 -0.459619
v 4.854639 -0.017558 -0.450788
v 4.57297 -0.034442 -0.424633
v 4.115564 -0.050001 -0.382159
v 3.5 -0.06364 -0.325
v 2.749932 -0.074832 -0.255351
v 1.894186 -0.083149 -0.175889
v 0.965648 -0.088271 -0.089667
v 1.135482 0.088271 -0.070451
v 2.227328 0.083149 -0.138195
v 3.233578 0.074832 -0.200628
v 4.115564 0.06364 -0.255351
v 4.839392 0.050001 -0.300261
v 5.377244 0.034442 -0.333632
v 5.708452 0.017558 -0.354182
v 5.820287 0.0 -0.36112
v 5.708452 -0.017558 -0.354182
v 5.377244 -0.034442 -0.333632
v 4.839392 -0.050001 -0.300261
v 4.115564 -0.06364 -0.255351
v 3.233578 -0.074832 -0.200628
v 2.227328 -0.083149 -0.138195
v 1.135482 -0.088271 -0.070451
v 1.261679 0.088271 -0.048528
v 2.474874 0.083149 -0.09519
v 3.592959 0.074832 -0.138195
v 4.57297 0.06364 -0.175889
v 5.377244 0.050001 -0.206823
v 5.974873 0.034442 -0.22981
v 6.342891 0.017558 -0.243965
v 6.467155 0.0 -0.248744
v 6.342891 -0.017558 -0.243965
v 5.974873 -0.034442 -0.22981
v 5.377244 -0.050001 -0.206823
v 4.57297 -0.06364 -0.175889
v 3.592959 -0.074832 -0.138195
v 2.474874 -0.083149 -0.09519
v 1.261679 -0.088271 -0.048528
v 1.339392 0.088271 -0.024739
v 2.627312 0.083149 -0.048528
v 3.814265 0.074832 -0.070451
v 4.854639 0.06364 -0.089667
v 5.708451 0.050001 -0.105438
v 6.342891 0.034442 -0.117156
v 6.733577 0.017558 -0.124372
v 6.865496 0.0 -0.126809
v 6.733577 -0.017558 -0.124372
v 6.342891 -0.034442 -0.117156
v 5.708451 -0.050001 -0.105438
v 4.854639 -0.06364 -0.089667
v 3.814265 -0.074832 -0.070451
v 2.627312 -0.083149 -0.048528
v 1.339392 -0.088271 -0.024739
v 1.365632 0.088271 0.0
v 2.678784 0.083149 0.0
v 3.888991 0.074832 0.0
v 4.949747 0.06364 -0.0
v 5.820286 0.050001 0.0
v 6.467156 0.034442 -0.0
v 6.865496 0.017558 0.0
v 6.999998 0.0 0.0
v 6.865496 -0.017558 0.0
v 6.467156 -0.034442 -0.0
v 5.820286 -0.050001 0.0
v 4.949747 -0.06364 -0.0
v 3.888991 -0.074832 0.0
v 2.678784 -0.083149 0.0
v 1.365632 -0.088271 0.0
v 1.339392 0.088271 0.024739
v 2.627312 0.083149 0.048528
v 3.814265 0.074832 0.070451
v 4.854639 0.06364 0.089667
v 5.70845 0.050001 0.105438
v 6.342891 0.034442 0.117156
v 6.733577 0.017558 0.124372
v 6.865494 0.0 0.126809
v 6.733577 -0.017558 0.124372
v 6.342891 -0.034442 0.117156
v 5.70845 -0.050001 0.105438
v 4.854639 -0.06364 0.089667
v 3.814265 -0.074832 0.070451
v 2.627312 -0.083149 0.048528
v 1.339392 -0.088271 0.024739
v 1.261679 0.088271 0.048528
v 2.474874 0.083149 0.09519
v 3.592958 0.074832 0.138195
v 4.57297 0.06364 0.175889
v 5.377243 0.050001 0.206823
v 5.974873 0.034442 0.22981
v 6.342891 0.017558 0.243965
v 6.467154 0.0 0.248744
v 6.342891 -0.017558 0.243965
v 5.974873 -0.034442 0.22981
v 5.377243 -0.050001 0.206823
v 4.57297 -0.06364 0.175889
v 3.592958 -0.074832 0.138195
v 2.474874 -0.083149 0.09519
v 1.261679 -0.088271 0.048528
v 1.135481 0.088271 0.070451
v 2.227327 0.083149 0.138195
v 3.233577 0.074832 0.200628
v 4.115564 0.06364 0.255351
v 4.83939 0.050001 0.300261
v 5.377244 0.034442 0.333632
v 5.70845 0.017558 0.354182
v 5.820284 0.0 0.361121
v 5.70845 -0.017558 0.354182
v 5.377244 -0.034442 0.333632
v 4.83939 -0.050001 0.300261
v 4.115564 -0.06364 0.255351
v 3.233577 -0.074832 0.200628
v 2.227327 -0.083149 0.138195
v 1.135481 -0.088271 0.070451
v 0.965647 0.088271 0.089667
v 1.894186 0.083149 0.175889
v 2.749931 0.074832 0.255351
v 3.5 0.06364 0.325
v 4.115563 0.050001 0.382159
v 4.57297 0.034442 0.424633
v 4.854638 0.017558 0.450788
v 4.949744 0.0 0.459619
v 4.854638 -0.017558 0.450788
v 4.57297 -0.034442 0.424633
v 4.115563 -0.050001 0.382159
v 3.5 -0.06364 0.325
v 2.749931 -0.074832 0.255351
v 1.894186 -0.083149 0.175889
v 0.965647 -0.088271 0.089667
v 0.758704 0.088271 0.105438
v 1.488252 0.083149 0.206823
v 2.160607 0.074832 0.300261
v 2.749932 0.06364 0.38216
v 3.233577 0.050001 0.449372
v 3.592959 0.034442 0.499315
v 3.814264 0.017558 0.53007
v 3.888988 0.0 0.540455
v 3.814264 -0.017558 0.53007
v 3.592959 -0.034442 0.499315
v 3.233577 -0.050001 0.449372
v 2.749932 -0.06364 0.38216
v 2.160607 -0.074832 0.300261
v 1.488252 -0.083149 0.206823
v 0.758704 -0.088271 0.105438
v 0.522604 0.088271 0.117156
v 1.025126 0.083149 0.22981
v 1.488251 0.074832 0.333632
v 1.894186 0.06364 0.424633
v 2.227326 0.050001 0.499315
v 2.474874 0.034442 0.55481
v 2.62731 0.017558 0.588983
v 2.678781 0.0 0.600521
v 2.62731 -0.017558 0.588983
v 2.474874 -0.034442 0.55481
v 2.227326 -0.050001 0.499315
v 1.894186 -0.06364 0.424633
v 1.488251 -0.074832 0.333632
v 1.025126 -0.083149 0.22981
v 0.522604 -0.088271 0.117156
v 0.266421 0.088271 0.124372
v 0.522604 0.083149 0.243965
v 0.758704 0.074832 0.354182
v 0.965648 0.06364 0.450788
v 1.135481 0.050001 0.53007
v 1.26168 0.034442 0.588983
v 1.339391 0.017558 0.625261
v 1.365629 0.0 0.63751
v 1.339391 -0.017558 0.625261
v 1.26168 -0.034442 0.588983
v 1.135481 -0.050001 0.53007
v 0.965648 -0.06364 0.450788
v 0.758704 -0.074832 0.354182
v 0.522604 -0.083149 0.243965
v 0.266421 -0.088271 0.124372
v -0.0 0.088271 0.126809
v -0.0 0.083149 0.248744
v -1e-06 0.074832 0.36112
v -0.0 0.06364 0.459619
v -1e-06 0.050001 0.540455
v 0.0 0.034442 0.600522
v -1e-06 0.017558 0.63751
v -2e-06 0.0 0.65
v -1e-06 -0.017558 0.63751
v 0.0 -0.034442 0.600522
v -1e-06 -0.050001 0.540455
v -0.0 -0.06364 0.459619
v -1e-06 -0.074832 0.36112
v -0.0 -0.083149 0.248744
v -0.0 -0.088271 0.126809
v -0.266421 0.088271 0.124372
v -0.522605 0.083149 0.243965
v -0.758705 0.074832 0.354182
v -0.965648 0.06364 0.450788
v -1.135482 0.050001 0.53007
v -1.261679 0.034442 0.588983
v -1.339393 0.017558 0.625261
v -1.365634 0.0 0.63751
v -1.339393 -0.017558 0.625261
v -1.261679 -0.034442 0.588983
v -1.135482 -0.050001 0.53007
v -0.965648 -0.06364 0.450788
v -0.758705 -0.074832 0.354182
v -0.522605 -0.083149 0.243965
v -0.266421 -0.088271 0.124372
v -0.522604 0.088271 0.117156
v -1.025126 0.083149 0.22981
v -1.488253 0.074832 0.333632
v -1.894186 0.06364 0.424633
v -2.227327 0.050001 0.499315
v -2.474873 0.034442 0.55481
v -2.627312 0.017558 0.588983
v -2.678784 0.0 0.600521
v -2.627312 -0.017558 0.588983
v -2.474873 -0.034442 0.55481
v -2.227327 -0.050001 0.499315
v -1.894186 -0.06364 0.424633
v -1.488253 -0.074832 0.333632
v -1.025126 -0.083149 0.22981
v -0.522604 -0.088271 0.117156
v -0.758704 0.088271 0.105438
v -1.488253 0.083149 0.206823
v -2.160607 0.074832 0.300261
v -2.749932 0.06364 0.382159
v -3.233577 0.050001 0.449372
v -3.592958 0.034442 0.499315
v -3.814265 0.017558 0.53007
v -3.888991 0.0 0.540455
v -3.814265 -0.017558 0.53007
v -3.592958 -0.034442 0.499315
v -3.233577 -0.050001 0.449372
v -2.749932 -0.06364 0.382159
v -2.160607 -0.074832 0.300261
v -1.488253 -0.083149 0.206823
v -0.758704 -0.088271 0.105438
v -0.965647 0.088271 0.089667
v -1.894186 0.083149 0.175889
v -2.749931 0.074832 0.255351
v -3.499999 0.06364 0.325
v -4.115563 0.050001 0.382159
v -4.572968 0.034442 0.424633
v -4.854639 0.017558 0.450788
v -4.949745 0.0 0.459619
v -4.854639 -0.017558 0.450788
v -4.572968 -0.034442 0.424633
v -4.115563 -0.050001 0.382159
v -3.499999 -0.06364 0.325
v -2.749931 -0.074832 0.255351
v -1.894186 -0.083149 0.175889
v -0.965647 -0.088271 0.089667
v -1.135481 0.088271 0.070451
v -2.227327 0.083149 0.138195
v -3.233577 0.074832 0.200628
v -4.115563 0.06364 0.255351
v -4.83939 0.050001 0.300261
v -5.377242 0.034442 0.333632
v -5.70845 0.017558 0.354182
v -5.820284 0.0 0.36112
v -5.70845 -0.017558 0.354182
v -5.377242 -0.034442 0.333632
v -4.83939 -0.050001 0.300261
v -4.115563 -0.06364 0.255351
v -3.233577 -0.074832 0.200628
v -2.227327 -0.083149 0.138195
v -1.135481 -0.088271 0.070451
v -1.261679 0.088271 0.048528
v -2.474873 0.083149 0.09519
v -3.592957 0.074832 0.138195
v -4.572969 0.06364 0.175889
v -5.377242 0.050001 0.206823
v -5.974872 0.034442 0.22981
v -6.34289 0.017558 0.243964
v -6.467152 0.0 0.248744
v -6.34289 -0.017558 0.243964
v -5.974872 -0.034442 0.22981
v -5.377242 -0.050001 0.206823
v -4.572969 -0.06364 0.175889
v -3.592957 -0.074832 0.138195
v -2.474873 -0.083149 0.09519
v -1.261679 -0.088271 0.048528
v -1.339391 0.088271 0.024739
v -2.627311 0.083149 0.048528
v -3.814263 0.074832 0.070451
v -4.854639 0.06364 0.089667
v -5.708449 0.050001 0.105437
v -6.34289 0.034442 0.117156
v -6.733576 0.017558 0.124372
v -6.865491 0.0 0.126808
v -6.733576 -0.017558 0.124372
v -6.34289 -0.034442 0.117156
v -5.708449 -0.050001 0.105437
v -4.854639 -0.06364 0.089667
v -3.814263 -0.074832 0.070451
v -2.627311 -0.083149 0.048528
v -1.339391 -0.088271 0.024739
v -1.365631 0.088271 -0.0
v -2.678783 0.083149 -0.0
v -3.888988 0.074832 -0.0
v -4.949746 0.06364 -0.0
v -5.820284 0.050001 -0.0
v -6.467154 0.034442 -0.0
v -6.865494 0.017558 -0.0
v -6.999993 0.0 -0.0
v -6.865494 -0.017558 -0.0
v -6.467154 -0.034442 -0.0
v -5.820284 -0.050001 -0.0
v -4.949746 -0.06364 -0.0
v -3.888988 -0.074832 -0.0
v -2.678783 -0.083149 -0.0
v -1.365631 -0.088271 -0.0
v -1.339391 0.088271 -0.024739
v -2.627311 0.083149 -0.048528
v -3.814262 0.074832 -0.070451
v -4.854638 0.06364 -0.089667
v -5.708448 0.050001 -0.105438
v -6.342889 0.034442 -0.117156
v -6.733574 0.017558 -0.124372
v -6.865489 0.0 -0.126809
v -6.733574 -0.017558 -0.124372
v -6.342889 -0.034442 -0.117156
v -5.708448 -0.050001 -0.105438
v -4.854638 -0.06364 -0.089667
v -3.814262 -0.074832 -0.070451
v -2.627311 -0.083149 -0.048528
v -1.339391 -0.088271 -0.024739
v -1.261678 0.088271 -0.048528
v -2.474872 0.083149 -0.09519
v -3.592956 0.074832 -0.138195
v -4.572969 0.06364 -0.175889
v -5.377241 0.050001 -0.206823
v -5.974871 0.034442 -0.22981
v -6.342888 0.017558 -0.243965
v -6.467149 0.0 -0.248744
v -6.342888 -0.017558 -0.243965
v -5.974871 -0.034442 -0.22981
v -5.377241 -0.050001 -0.206823
v -4.572969 -0.06364 -0.175889
v -3.592956 -0.074832 -0.138195
v -2.474872 -0.083149 -0.09519
v -1.261678 -0.088271 -0.048528
v -1.135481 0.088271 -0.070451
v -2.227326 0.083149 -0.138195
v -3.233574 0.074832 -0.200628
v -4.115563 0.06364 -0.255351
v -4.839388 0.050001 -0.300261
v -5.377242 0.034442 -0.333632
v -5.708448 0.017558 -0.354182
v -5.820279 0.0 -0.361121
v -5.708448 -0.017558 -0.354182
v -5.377242 -0.034442 -0.333632
v -4.839388 -0.050001 -0.300261
v -4.115563 -0.06364 -0.255351
v -3.233574 -0.074832 -0.200628
v -2.227326 -0.083149 -0.138195
v -1.135481 -0.088271 -0.070451
v -0.965647 0.088271 -0.089667
v -1.894185 0.083149 -0.175889
v -2.749928 0.074832 -0.255351
v -3.499999 0.06364 -0.325
v -4.115561 0.050001 -0.382159
v -4.572968 0.034442 -0.424633
v -4.854635 0.017558 -0.450788
v -4.94974 0.0 -0.459619
v -4.854635 -0.017558 -0.450788
v -4.572968 -0.034442 -0.424633
v -4.115561 -0.050001 -0.382159
v -3.499999 -0.06364 -0.325
v -2.749928 -0.074832 -0.255351
v -1.894185 -0.083149 -0.175889
v -0.965647 -0.088271 -0.089667
v -0.758704 0.088271 -0.105437
v -1.488252 0.083149 -0.206823
v -2.160604 0.074832 -0.300261
v -2.749931 0.06364 -0.382159
v -3.233575 0.050001 -0.449372
v -3.592958 0.034442 -0.499315
v -3.814262 0.017558 -0.53007
v -3.888985 0.0 -0.540455
v -3.814262 -0.017558 -0.53007
v -3.592958 -0.034442 -0.499315
v -3.233575 -0.050001 -0.449372
v -2.749931 -0.06364 -0.382159
v -2.160604 -0.074832 -0.300261
v -1.488252 -0.083149 -0.206823
v -0.758704 -0.088271 -0.105437
v -0.522604 0.088271 -0.117156
v -1.025125 0.083149 -0.22981
v -1.48825 0.074832 -0.333632
v -1.894185 0.06364 -0.424633
v -2.227324 0.050001 -0.499315
v -2.474872 0.034442 -0.554809
v -2.627309 0.017558 -0.588983
v -2.678778 0.0 -0.600521
v -2.627309 -0.017558 -0.588983
v -2.474872 -0.034442 -0.554809
v -2.227324 -0.050001 -0.499315
v -1.894185 -0.06364 -0.424633
v -1.48825 -0.074832 -0.333632
v -1.025125 -0.083149 -0.22981
v -0.522604 -0.088271 -0.117156
v -0.266421 0.088271 -0.124372
v -0.522604 0.083149 -0.243965
v -0.758702 0.074832 -0.354181
v -0.965647 0.06364 -0.450788
v -1.135479 0.050001 -0.53007
v -1.261679 0.034442 -0.588983
v -1.339389 0.017558 -0.62526
v -1.365627 0.0 -0.63751
v -1.339389 -0.017558 -0.62526
v -1.261679 -0.034442 -0.588983
v -1.135479 -0.050001 -0.53007
v -0.965647 -0.06364 -0.450788
v -0.758702 -0.074832 -0.354181
v -0.522604 -0.083149 -0.243965
v -0.266421 -0.088271 -0.124372
v 0.0 0.088271 -0.126809
v 0.0 0.083149 -0.248744
v 1e-06 0.06364 -0.459619
v 0.0 0.034442 -0.600521
v 0.0 -0.034442 -0.600521
v 1e-06 -0.06364 -0.459619
v 2e-06 -0.074832 -0.36112
v 0.0 -0.083149 -0.248744
v 0.0 -0.088271 -0.126809
v 0.0 0.08 -2.5
v 0.0 0.066518 -2.777785
v 0.0 0.044446 -2.915735
v 0.0 0.015607 -2.990393
v 0.0 0.0 -3.0
v 0.0 -0.015607 -2.990393
v 0.0 -0.044446 -2.915735
v 0.0 -0.08 -2.5
v 0.07612 0.078463 -2.595671
v 0.149316 0.07391 -2.687665
v 0.216773 0.066518 -2.772448
v 0.275899 0.056569 -2.84676
v 0.324423 0.044446 -2.907747
v 0.36048 0.030615 -2.953064
v 0.382683 0.015607 -2.98097
v 0.390181 0.0 -2.990393
v 0.382683 -0.015607 -2.98097
v 0.36048 -0.030615 -2.953064
v 0.324423 -0.044446 -2.907747
v 0.275899 -0.056569 -2.84676
v 0.216773 -0.066518 -2.772448
v 0.149316 -0.07391 -2.687665
v 0.07612 -0.078463 -2.595671
v 0.149316 0.078463 -2.59012
v 0.292893 0.07391 -2.676777
v 0.425215 0.066518 -2.75664
v 0.541196 0.056569 -2.826641
v 0.636379 0.044446 -2.884089
v 0.707107 0.030615 -2.926777
v 0.750661 0.015607 -2.953064
v 0.765367 0.0 -2.96194
v 0.750661 -0.015607 -2.953064
v 0.707107 -0.030615 -2.926777
v 0.636379 -0.044446 -2.884089
v 0.541196 -0.056569 -2.826641
v 0.425215 -0.066518 -2.75664
v 0.292893 -0.07391 -2.676777
v 0.149316 -0.078463 -2.59012
v 0.216773 0.078463 -2.581106
v 0.425215 0.07391 -2.659095
v 0.617317 0.066518 -2.73097
v 0.785695 0.056569 -2.793969
v 0.923879 0.044446 -2.845671
v 1.02656 0.030615 -2.884089
v 1.08979 0.015607 -2.907747
v 1.11114 0.0 -2.915735
v 1.08979 -0.015607 -2.907747
v 1.02656 -0.030615 -2.884089
v 0.923879 -0.044446 -2.845671
v 0.785695 -0.056569 -2.793969
v 0.617317 -0.066518 -2.73097
v 0.425215 -0.07391 -2.659095
v 0.216773 -0.078463 -2.581106
v 0.275899 0.078463 -2.568975
v 0.541196 0.07391 -2.635299
v 0.785695 0.066518 -2.696424
v 1.0 0.056569 -2.75
v 1.175875 0.044446 -2.793969
v 1.306563 0.030615 -2.826641
v 1.38704 0.015607 -2.84676
v 1.414214 0.0 -2.853553
v 1.38704 -0.015607 -2.84676
v 1.306563 -0.030615 -2.826641
v 1.175875 -0.044446 -2.793969
v 1.0 -0.056569 -2.75
v 0.785695 -0.066518 -2.696424
v 0.541196 -0.07391 -2.635299
v 0.275899 -0.078463 -2.568975
v 0.324423 0.078463 -2.554193
v 0.636379 0.07391 -2.606304
v 0.923879 0.066518 -2.654329
v 1.175876 0.056569 -2.696424
v 1.382683 0.044446 -2.73097
v 1.536355 0.030615 -2.75664
v 1.630986 0.015607 -2.772448
v 1.662939 0.0 -2.777785
v 1.630986 -0.015607 -2.772448
v 1.536355 -0.030615 -2.75664
v 1.382683 -0.044446 -2.73097
v 1.175876 -0.056569 -2.696424
v 0.923879 -0.066518 -2.654329
v 0.636379 -0.07391 -2.606304
v 0.324423 -0.078463 -2.554193
v 0.36048 0.078463 -2.537329
v 0.707107 0.07391 -2.573223
v 1.02656 0.066518 -2.606304
v 1.306563 0.056569 -2.635299
v 1.536355 0.044446 -2.659095
v 1.707107 0.030615 -2.676777
v 1.812255 0.015607 -2.687665
v 1.847759 0.0 -2.691342
v 1.812255 -0.015607 -2.687665
v 1.707107 -0.030615 -2.676777
v 1.536355 -0.044446 -2.659095
v 1.306563 -0.056569 -2.635299
v 1.02656 -0.066518 -2.606304
v 0.707107 -0.07391 -2.573223
v 0.36048 -0.078463 -2.537329
v 0.382683 0.078463 -2.51903
v 0.75066 0.07391 -2.537329
v 1.08979 0.066518 -2.554193
v 1.38704 0.056569 -2.568975
v 1.630986 0.044446 -2.581106
v 1.812255 0.030615 -2.59012
v 1.923879 0.015607 -2.595671
v 1.96157 0.0 -2.597545
v 1.923879 -0.015607 -2.595671
v 1.812255 -0.030615 -2.59012
v 1.630986 -0.044446 -2.581106
v 1.38704 -0.056569 -2.568975
v 1.08979 -0.066518 -2.554193
v 0.75066 -0.07391 -2.537329
v 0.382683 -0.078463 -2.51903
v 0.390181 0.078463 -2.5
v 0.765367 0.07391 -2.5
v 1.11114 0.066518 -2.5
v 1.414213 0.056569 -2.5
v 1.662939 0.044446 -2.5
v 1.847759 0.030615 -2.5
v 1.96157 0.015607 -2.5
v 1.999999 0.0 -2.5
v 1.96157 -0.015607 -2.5
v 1.847759 -0.030615 -2.5
v 1.662939 -0.044446 -2.5
v 1.414213 -0.056569 -2.5
v 1.11114 -0.066518 -2.5
v 0.765367 -0.07391 -2.5
v 0.390181 -0.078463 -2.5
v 0.382683 0.078463 -2.48097
v 0.75066 0.07391 -2.462671
v 1.08979 0.066518 -2.445807
v 1.38704 0.056569 -2.431025
v 1.630986 0.044446 -2.418894
v 1.812255 0.030615 -2.40988
v 1.923879 0.015607 -2.404329
v 1.96157 0.0 -2.402455
v 1.923879 -0.015607 -2.404329
v 1.812255 -0.030615 -2.40988
v 1.630986 -0.044446 -2.418894
v 1.38704 -0.056569 -2.431025
v 1.08979 -0.066518 -2.445807
v 0.75066 -0.07391 -2.462671
v 0.382683 -0.078463 -2.48097
v 0.36048 0.078463 -2.462671
v 0.707107 0.07391 -2.426777
v 1.02656 0.066518 -2.393696
v 1.306563 0.056569 -2.364701
v 1.536355 0.044446 -2.340905
v 1.707107 0.030615 -2.323223
v 1.812254 0.015607 -2.312335
v 1.847758 0.0 -2.308658
v 1.812254 -0.015607 -2.312335
v 1.707107 -0.030615 -2.323223
v 1.536355 -0.044446 -2.340905
v 1.306563 -0.056569 -2.364701
v 1.02656 -0.066518 -2.393696
v 0.707107 -0.07391 -2.426777
v 0.36048 -0.078463 -2.462671
v 0.324423 0.078463 -2.445807
v 0.636379 0.07391 -2.393696
v 0.923879 0.066518 -2.345671
v 1.175875 0.056569 -2.303576
v 1.382683 0.044446 -2.26903
v 1.536355 0.030615 -2.24336
v 1.630986 0.015607 -2.227552
v 1.662938 0.0 -2.222215
v 1.630986 -0.015607 -2.227552
v 1.536355 -0.030615 -2.24336
v 1.382683 -0.044446 -2.26903
v 1.175875 -0.056569 -2.303576
v 0.923879 -0.066518 -2.345671
v 0.636379 -0.07391 -2.393696
v 0.324423 -0.078463 -2.445807
v 0.275899 0.078463 -2.431025
v 0.541196 0.07391 -2.364701
v 0.785695 0.066518 -2.303576
v 1.0 0.056569 -2.25
v 1.175875 0.044446 -2.206031
v 1.306563 0.030615 -2.173359
v 1.387039 0.015607 -2.15324
v 1.414212 0.0 -2.146447
v 1.387039 -0.015607 -2.15324
v 1.306563 -0.030615 -2.173359
v 1.175875 -0.044446 -2.206031
v 1.0 -0.056569 -2.25
v 0.785695 -0.066518 -2.303576
v 0.541196 -0.07391 -2.364701
v 0.275899 -0.078463 -2.431025
v 0.216773 0.078463 -2.418894
v 0.425215 0.07391 -2.340905
v 0.617316 0.066518 -2.26903
v 0.785695 0.056569 -2.206031
v 0.923879 0.044446 -2.154329
v 1.02656 0.030615 -2.115911
v 1.08979 0.015607 -2.092253
v 1.111139 0.0 -2.084265
v 1.08979 -0.015607 -2.092253
v 1.02656 -0.030615 -2.115911
v 0.923879 -0.044446 -2.154329
v 0.785695 -0.056569 -2.206031
v 0.617316 -0.066518 -2.26903
v 0.425215 -0.07391 -2.340905
v 0.216773 -0.078463 -2.418894
v 0.149316 0.078463 -2.40988
v 0.292893 0.07391 -2.323223
v 0.425215 0.066518 -2.24336
v 0.541196 0.056569 -2.173359
v 0.636379 0.044446 -2.115911
v 0.707107 0.030615 -2.073223
v 0.75066 0.015607 -2.046937
v 0.765366 0.0 -2.03806
v 0.75066 -0.015607 -2.046937
v 0.707107 -0.030615 -2.073223
v 0.636379 -0.044446 -2.115911
v 0.541196 -0.056569 -2.173359
v 0.425215 -0.066518 -2.24336
v 0.292893 -0.07391 -2.323223
v 0.149316 -0.078463 -2.40988
v 0.07612 0.078463 -2.404329
v 0.149316 0.07391 -2.312335
v 0.216772 0.066518 -2.227553
v 0.275899 0.056569 -2.15324
v 0.324423 0.044446 -2.092254
v 0.36048 0.030615 -2.046937
v 0.382683 0.015607 -2.01903
v 0.39018 0.0 -2.009608
v 0.382683 -0.015607 -2.01903
v 0.36048 -0.030615 -2.046937
v 0.324423 -0.044446 -2.092254
v 0.275899 -0.056569 -2.15324
v 0.216772 -0.066518 -2.227553
v 0.149316 -0.07391 -2.312335
v 0.07612 -0.078463 -2.404329
v -0.0 0.078463 -2.402455
v -0.0 0.07391 -2.308658
v -0.0 0.066518 -2.222215
v -0.0 0.056569 -2.146447
v -0.0 0.044446 -2.084265
v 0.0 0.030615 -2.03806
v -0.0 0.015607 -2.009608
v -1e-06 0.0 -2.0
v -0.0 -0.015607 -2.009608
v 0.0 -0.030615 -2.03806
v -0.0 -0.044446 -2.084265
v -0.0 -0.056569 -2.146447
v -0.0 -0.066518 -2.222215
v -0.0 -0.07391 -2.308658
v -0.0 -0.078463 -2.402455
v -0.07612 0.078463 -2.404329
v -0.149316 0.07391 -2.312335
v -0.216773 0.066518 -2.227553
v -0.275899 0.056569 -2.15324
v -0.324423 0.044446 -2.092254
v -0.36048 0.030615 -2.046937
v -0.382684 0.015607 -2.01903
v -0.390181 0.0 -2.009608
v -0.382684 -0.015607 -2.01903
v -0.36048 -0.030615 -2.046937
v -0.324423 -0.044446 -2.092254
v -0.275899 -0.056569 -2.15324
v -0.216773 -0.066518 -2.227553
v -0.149316 -0.07391 -2.312335
v -0.07612 -0.078463 -2.404329
v -0.149316 0.078463 -2.40988
v -0.292893 0.07391 -2.323223
v -0.425215 0.066518 -2.24336
v -0.541196 0.056569 -2.173359
v -0.636379 0.044446 -2.115911
v -0.707106 0.030615 -2.073223
v -0.750661 0.015607 -2.046937
v -0.765367 0.0 -2.038061
v -0.750661 -0.015607 -2.046937
v -0.707106 -0.030615 -2.073223
v -0.636379 -0.044446 -2.115911
v -0.541196 -0.056569 -2.173359
v -0.425215 -0.066518 -2.24336
v -0.292893 -0.07391 -2.323223
v -0.149316 -0.078463 -2.40988
v -0.216773 0.078463 -2.418894
v -0.425215 0.07391 -2.340905
v -0.617316 0.066518 -2.26903
v -0.785695 0.056569 -2.206031
v -0.923879 0.044446 -2.154329
v -1.026559 0.030615 -2.115911
v -1.08979 0.015607 -2.092254
v -1.11114 0.0 -2.084266
v -1.08979 -0.015607 -2.092254
v -1.026559 -0.030615 -2.115911
v -0.923879 -0.044446 -2.154329
v -0.785695 -0.056569 -2.206031
v -0.617316 -0.066518 -2.26903
v -0.425215 -0.07391 -2.340905
v -0.216773 -0.078463 -2.418894
v -0.275899 0.078463 -2.431025
v -0.541196 0.07391 -2.364701
v -0.785695 0.066518 -2.303576
v -1.0 0.056569 -2.25
v -1.175875 0.044446 -2.206031
v -1.306562 0.030615 -2.173359
v -1.38704 0.015607 -2.15324
v -1.414213 0.0 -2.146447
v -1.38704 -0.015607 -2.15324
v -1.306562 -0.030615 -2.173359
v -1.175875 -0.044446 -2.206031
v -1.0 -0.056569 -2.25
v -0.785695 -0.066518 -2.303576
v -0.541196 -0.07391 -2.364701
v -0.275899 -0.078463 -2.431025
v -0.324423 0.078463 -2.445807
v -0.636379 0.07391 -2.393696
v -0.923879 0.066518 -2.345671
v -1.175875 0.056569 -2.303576
v -1.382683 0.044446 -2.26903
v -1.536355 0.030615 -2.24336
v -1.630986 0.015607 -2.227553
v -1.662938 0.0 -2.222215
v -1.630986 -0.015607 -2.227553
v -1.536355 -0.030615 -2.24336
v -1.382683 -0.044446 -2.26903
v -1.175875 -0.056569 -2.303576
v -0.923879 -0.066518 -2.345671
v -0.636379 -0.07391 -2.393696
v -0.324423 -0.078463 -2.445807
v -0.36048 0.078463 -2.462671
v -0.707107 0.07391 -2.426777
v -1.026559 0.066518 -2.393696
v -1.306563 0.056569 -2.364701
v -1.536355 0.044446 -2.340905
v -1.707106 0.030615 -2.323223
v -1.812254 0.015607 -2.312335
v -1.847758 0.0 -2.308659
v -1.812254 -0.015607 -2.312335
v -1.707106 -0.030615 -2.323223
v -1.536355 -0.044446 -2.340905
v -1.306563 -0.056569 -2.364701
v -1.026559 -0.066518 -2.393696
v -0.707107 -0.07391 -2.426777
v -0.36048 -0.078463 -2.462671
v -0.382683 0.078463 -2.48097
v -0.75066 0.07391 -2.462671
v -1.089789 0.066518 -2.445807
v -1.38704 0.056569 -2.431025
v -1.630985 0.044446 -2.418894
v -1.812254 0.030615 -2.40988
v -1.923879 0.015607 -2.404329
v -1.961569 0.0 -2.402455
v -1.923879 -0.015607 -2.404329
v -1.812254 -0.030615 -2.40988
v -1.630985 -0.044446 -2.418894
v -1.38704 -0.056569 -2.431025
v -1.089789 -0.066518 -2.445807
v -0.75066 -0.07391 -2.462671
v -0.382683 -0.078463 -2.48097
v -0.39018 0.078463 -2.5
v -0.765366 0.07391 -2.5
v -1.11114 0.066518 -2.5
v -1.414213 0.056569 -2.5
v -1.662938 0.044446 -2.5
v -1.847758 0.030615 -2.5
v -1.96157 0.015607 -2.5
v -1.999998 0.0 -2.5
v -1.96157 -0.015607 -2.5
v -1.847758 -0.030615 -2.5
v -1.662938 -0.044446 -2.5
v -1.414213 -0.056569 -2.5
v -1.11114 -0.066518 -2.5
v -0.765366 -0.07391 -2.5
v -0.39018 -0.078463 -2.5
v -0.382683 0.078463 -2.51903
v -0.75066 0.07391 -2.537329
v -1.089789 0.066518 -2.554193
v -1.387039 0.056569 -2.568975
v -1.630985 0.044446 -2.581106
v -1.812254 0.030615 -2.59012
v -1.923878 0.015607 -2.595671
v -1.961568 0.0 -2.597545
v -1.923878 -0.015607 -2.595671
v -1.812254 -0.030615 -2.59012
v -1.630985 -0.044446 -2.581106
v -1.387039 -0.056569 -2.568975
v -1.089789 -0.066518 -2.554193
v -0.75066 -0.07391 -2.537329
v -0.382683 -0.078463 -2.51903
v -0.36048 0.078463 -2.537329
v -0.707106 0.07391 -2.573223
v -1.026559 0.066518 -2.606304
v -1.306563 0.056569 -2.635299
v -1.536354 0.044446 -2.659095
v -1.707106 0.030615 -2.676777
v -1.812254 0.015607 -2.687665
v -1.847757 0.0 -2.691342
v -1.812254 -0.015607 -2.687665
v -1.707106 -0.030615 -2.676777
v -1.536354 -0.044446 -2.659095
v -1.306563 -0.056569 -2.635299
v -1.026559 -0.066518 -2.606304
v -0.707106 -0.07391 -2.573223
v -0.36048 -0.078463 -2.537329
v -0.324423 0.078463 -2.554193
v -0.636379 0.07391 -2.606304
v -0.923878 0.066518 -2.654329
v -1.175875 0.056569 -2.696424
v -1.382682 0.044446 -2.73097
v -1.536355 0.030615 -2.75664
v -1.630985 0.015607 -2.772448
v -1.662937 0.0 -2.777785
v -1.630985 -0.015607 -2.772448
v -1.536355 -0.030615 -2.75664
v -1.382682 -0.044446 -2.73097
v -1.175875 -0.056569 -2.696424
v -0.923878 -0.066518 -2.654329
v -0.636379 -0.07391 -2.606304
v -0.324423 -0.078463 -2.554193
v -0.275899 0.078463 -2.568975
v -0.541196 0.07391 -2.635299
v -0.785694 0.066518 -2.696424
v -1.0 0.056569 -2.75
v -1.175874 0.044446 -2.793969
v -1.306562 0.030615 -2.826641
v -1.387039 0.015607 -2.84676
v -1.414211 0.0 -2.853553
v -1.387039 -0.015607 -2.84676
v -1.306562 -0.030615 -2.826641
v -1.175874 -0.044446 -2.793969
v -1.0 -0.056569 -2.75
v -0.785694 -0.066518 -2.696424
v -0.541196 -0.07391 -2.635299
v -0.275899 -0.078463 -2.568975
v -0.216772 0.078463 -2.581106
v -0.425215 0.07391 -2.659095
v -0.617316 0.066518 -2.73097
v -0.785695 0.056569 -2.793969
v -0.923879 0.044446 -2.845671
v -1.026559 0.030615 -2.884089
v -1.089789 0.015607 -2.907746
v -1.111138 0.0 -2.915735
v -1.089789 -0.015607 -2.907746
v -1.026559 -0.030615 -2.884089
v -0.923879 -0.044446 -2.845671
v -0.785695 -0.056569 -2.793969
v -0.617316 -0.066518 -2.73097
v -0.425215 -0.07391 -2.659095
v -0.216772 -0.078463 -2.581106
v -0.149315 0.078463 -2.59012
v -0.292893 0.07391 -2.676777
v -0.425214 0.066518 -2.75664
v -0.541196 0.056569 -2.826641
v -0.636378 0.044446 -2.884089
v -0.707106 0.030615 -2.926776
v -0.75066 0.015607 -2.953063
v -0.765365 0.0 -2.961939
v -0.75066 -0.015607 -2.953063
v -0.707106 -0.030615 -2.926776
v -0.636378 -0.044446 -2.884089
v -0.541196 -0.056569 -2.826641
v -0.425214 -0.066518 -2.75664
v -0.292893 -0.07391 -2.676777
v -0.149315 -0.078463 -2.59012
v -0.07612 0.078463 -2.595671
v -0.149315 0.07391 -2.687665
v -0.216772 0.066518 -2.772447
v -0.275899 0.056569 -2.84676
v -0.324423 0.044446 -2.907746
v -0.36048 0.030615 -2.953063
v -0.382683 0.015607 -2.98097
v -0.390179 0.0 -2.990392
v -0.382683 -0.015607 -2.98097
v -0.36048 -0.030615 -2.953063
v -0.324423 -0.044446 -2.907746
v -0.275899 -0.056569 -2.84676
v -0.216772 -0.066518 -2.772447
v -0.149315 -0.07391 -2.687665
v -0.07612 -0.078463 -2.595671
v 0.0 0.078463 -2.597545
v 0.0 0.07391 -2.691342
v 0.0 0.056569 -2.853553
v 0.0 0.030615 -2.96194
v 0.0 -0.030615 -2.96194
v 0.0 -0.056569 -2.853553
v 0.0 -0.066518 -2.777785
v 0.0 -0.07391 -2.691342
v 0.0 -0.078463 -2.597545
v 0.0 1.7 -2.4
v 0.0 1.53147 -2.788899
v 0.0 1.25557 -2.982029
v 0.0 0.89509 -3.08655
v 0.0 0.7 -3.1
v 0.0 0.50491 -3.08655
v 0.0 0.14443 -2.982029
v 0.0 -0.3 -2.4
v 0.003806 1.680785 -2.533939
v 0.007466 1.623879 -2.662731
v 0.010839 1.53147 -2.781427
v 0.013795 1.407107 -2.885464
v 0.016221 1.25557 -2.970845
v 0.018024 1.082683 -3.034289
v 0.019134 0.89509 -3.073358
v 0.019509 0.7 -3.08655
v 0.019134 0.50491 -3.073358
v 0.018024 0.317317 -3.034289
v 0.016221 0.14443 -2.970845
v 0.013795 -0.007107 -2.885464
v 0.010839 -0.13147 -2.781427
v 0.007466 -0.22388 -2.662731
v 0.003806 -0.280785 -2.533939
v 0.007466 1.680785 -2.526168
v 0.014645 1.623879 -2.647487
v 0.021261 1.53147 -2.759296
v 0.02706 1.407107 -2.857297
v 0.031819 1.25557 -2.937724
v 0.035355 1.082683 -2.997488
v 0.037533 0.89509 -3.034289
v 0.038268 0.7 -3.046716
v 0.037533 0.50491 -3.034289
v 0.035355 0.317317 -2.997488
v 0.031819 0.14443 -2.937724
v 0.02706 -0.007107 -2.857297
v 0.021261 -0.13147 -2.759296
v 0.014645 -0.22388 -2.647487
v 0.007466 -0.280785 -2.526168
v 0.010839 1.680785 -2.513548
v 0.021261 1.623879 -2.622733
v 0.030866 1.53147 -2.723358
v 0.039285 1.407107 -2.811557
v 0.046194 1.25557 -2.883939
v 0.051328 1.082683 -2.937725
v 0.05449 0.89509 -2.970845
v 0.055557 0.7 -2.982029
v 0.05449 0.50491 -2.970845
v 0.051328 0.317317 -2.937725
v 0.046194 0.14443 -2.883939
v 0.039285 -0.007107 -2.811557
v 0.030866 -0.13147 -2.723358
v 0.021261 -0.22388 -2.622733
v 0.010839 -0.280785 -2.513548
v 0.013795 1.680785 -2.496565
v 0.02706 1.623879 -2.589419
v 0.039285 1.53147 -2.674993
v 0.05 1.407107 -2.75
v 0.058794 1.25557 -2.811556
v 0.065328 1.082683 -2.857297
v 0.069352 0.89509 -2.885464
v 0.070711 0.7 -2.894975
v 0.069352 0.50491 -2.885464
v 0.065328 0.317317 -2.857297
v 0.058794 0.14443 -2.811556
v 0.05 -0.007107 -2.75
v 0.039285 -0.13147 -2.674993
v 0.02706 -0.22388 -2.589419
v 0.013795 -0.280785 -2.496565
v 0.016221 1.680785 -2.475871
v 0.031819 1.623879 -2.548825
v 0.046194 1.53147 -2.616061
v 0.058794 1.407107 -2.674993
v 0.069134 1.25557 -2.723358
v 0.076818 1.082683 -2.759296
v 0.081549 0.89509 -2.781427
v 0.083147 0.7 -2.788899
v 0.081549 0.50491 -2.781427
v 0.076818 0.317317 -2.759296
v 0.069134 0.14443 -2.723358
v 0.058794 -0.007107 -2.674993
v 0.046194 -0.13147 -2.616061
v 0.031819 -0.22388 -2.548825
v 0.016221 -0.280785 -2.475871
v 0.018024 1.680785 -2.45226
v 0.035355 1.623879 -2.502513
v 0.051328 1.53147 -2.548825
v 0.065328 1.407107 -2.589419
v 0.076818 1.25557 -2.622733
v 0.085355 1.082683 -2.647487
v 0.090613 0.89509 -2.662731
v 0.092388 0.7 -2.667878
v 0.090613 0.50491 -2.662731
v 0.085355 0.317317 -2.647487
v 0.076818 0.14443 -2.622733
v 0.065328 -0.007107 -2.589419
v 0.051328 -0.13147 -2.548825
v 0.035355 -0.22388 -2.502513
v 0.018024 -0.280785 -2.45226
v 0.019134 1.680785 -2.426642
v 0.037533 1.623879 -2.45226
v 0.05449 1.53147 -2.475871
v 0.069352 1.407107 -2.496565
v 0.081549 1.25557 -2.513548
v 0.090613 1.082683 -2.526168
v 0.096194 0.89509 -2.533939
v 0.098079 0.7 -2.536563
v 0.096194 0.50491 -2.533939
v 0.090613 0.317317 -2.526168
v 0.081549 0.14443 -2.513548
v 0.069352 -0.007107 -2.496565
v 0.05449 -0.13147 -2.475871
v 0.037533 -0.22388 -2.45226
v 0.019134 -0.280785 -2.426642
v 0.019509 1.680785 -2.4
v 0.038268 1.623879 -2.4
v 0.055557 1.53147 -2.4
v 0.070711 1.407107 -2.4
v 0.083147 1.25557 -2.4
v 0.092388 1.082683 -2.4
v 0.098079 0.89509 -2.4
v 0.1 0.7 -2.4
v 0.098079 0.50491 -2.4
v 0.092388 0.317317 -2.4
v 0.083147 0.14443 -2.4
v 0.070711 -0.007107 -2.4
v 0.055557 -0.13147 -2.4
v 0.038268 -0.22388 -2.4
v 0.019509 -0.280785 -2.4
v 0.019134 1.680785 -2.373358
v 0.037533 1.623879 -2.34774
v 0.05449 1.53147 -2.32413
v 0.069352 1.407107 -2.303435
v 0.081549 1.25557 -2.286452
v 0.090613 1.082683 -2.273832
v 0.096194 0.89509 -2.266061
v 0.098079 0.7 -2.263437
v 0.096194 0.50491 -2.266061
v 0.090613 0.317317 -2.273832
v 0.081549 0.14443 -2.286452
v 0.069352 -0.007107 -2.303435
v 0.05449 -0.13147 -2.32413
v 0.037533 -0.22388 -2.34774
v 0.019134 -0.280785 -2.373358
v 0.018024 1.680785 -2.34774
v 0.035355 1.623879 -2.297487
v 0.051328 1.53147 -2.251175
v 0.065328 1.407107 -2.210582
v 0.076818 1.25557 -2.177267
v 0.085355 1.082683 -2.152513
v 0.090613 0.89509 -2.137269
v 0.092388 0.7 -2.132122
v 0.090613 0.50491 -2.137269
v 0.085355 0.317317 -2.152513
v 0.076818 0.14443 -2.177267
v 0.065328 -0.007107 -2.210582
v 0.051328 -0.13147 -2.251175
v 0.035355 -0.22388 -2.297487
v 0.018024 -0.280785 -2.34774
v 0.016221 1.680785 -2.32413
v 0.031819 1.623879 -2.251175
v 0.046194 1.53147 -2.183939
v 0.058794 1.407107 -2.125007
v 0.069134 1.25557 -2.076642
v 0.076818 1.082683 -2.040704
v 0.081549 0.89509 -2.018574
v 0.083147 0.7 -2.011101
v 0.081549 0.50491 -2.018574
v 0.076818 0.317317 -2.040704
v 0.069134 0.14443 -2.076642
v 0.058794 -0.007107 -2.125007
v 0.046194 -0.13147 -2.183939
v 0.031819 -0.22388 -2.251175
v 0.016221 -0.280785 -2.32413
v 0.013795 1.680785 -2.303435
v 0.02706 1.623879 -2.210582
v 0.039285 1.53147 -2.125007
v 0.05 1.407107 -2.05
v 0.058794 1.25557 -1.988444
v 0.065328 1.082683 -1.942703
v 0.069352 0.89509 -1.914536
v 0.070711 0.7 -1.905025
v 0.069352 0.50491 -1.914536
v 0.065328 0.317317 -1.942703
v 0.058794 0.14443 -1.988444
v 0.05 -0.007107 -2.05
v 0.039285 -0.13147 -2.125007
v 0.02706 -0.22388 -2.210582
v 0.013795 -0.280785 -2.303435
v 0.010839 1.680785 -2.286452
v 0.021261 1.623879 -2.177267
v 0.030866 1.53147 -2.076642
v 0.039285 1.407107 -1.988444
v 0.046194 1.25557 -1.916061
v 0.051328 1.082683 -1.862276
v 0.05449 0.89509 -1.829155
v 0.055557 0.7 -1.817971
v 0.05449 0.50491 -1.829155
v 0.051328 0.317317 -1.862276
v 0.046194 0.14443 -1.916061
v 0.039285 -0.007107 -1.988444
v 0.030866 -0.13147 -2.076642
v 0.021261 -0.22388 -2.177267
v 0.010839 -0.280785 -2.286452
v 0.007466 1.680785 -2.273832
v 0.014645 1.623879 -2.152513
v 0.021261 1.53147 -2.040704
v 0.02706 1.407107 -1.942703
v 0.031819 1.25557 -1.862276
v 0.035355 1.082683 -1.802513
v 0.037533 0.89509 -1.765711
v 0.038268 0.7 -1.753285
v 0.037533 0.50491 -1.765711
v 0.035355 0.317317 -1.802513
v 0.031819 0.14443 -1.862276
v 0.02706 -0.007107 -1.942703
v 0.021261 -0.13147 -2.040704
v 0.014645 -0.22388 -2.152513
v 0.007466 -0.280785 -2.273832
v 0.003806 1.680785 -2.266061
v 0.007466 1.623879 -2.137269
v 0.010839 1.53147 -2.018574
v 0.013795 1.407107 -1.914536
v 0.016221 1.25557 -1.829155
v 0.018024 1.082683 -1.765711
v 0.019134 0.89509 -1.726642
v 0.019509 0.7 -1.713451
v 0.019134 0.50491 -1.726642
v 0.018024 0.317317 -1.765711
v 0.016221 0.14443 -1.829155
v 0.013795 -0.007107 -1.914536
v 0.010839 -0.13147 -2.018574
v 0.007466 -0.22388 -2.137269
v 0.003806 -0.280785 -2.266061
v -0.0 1.680785 -2.263437
v -0.0 1.623879 -2.132122
v -0.0 1.53147 -2.011101
v -0.0 1.407107 -1.905025
v -0.0 1.25557 -1.817972
v 0.0 1.082683 -1.753285
v -0.0 0.89509 -1.713451
v -0.0 0.7 -1.700001
v -0.0 0.50491 -1.713451
v 0.0 0.317317 -1.753285
v -0.0 0.14443 -1.817972
v -0.0 -0.007107 -1.905025
v -0.0 -0.13147 -2.011101
v -0.0 -0.22388 -2.132122
v -0.0 -0.280785 -2.263437
v -0.003806 1.680785 -2.266061
v -0.007466 1.623879 -2.137269
v -0.010839 1.53147 -2.018574
v -0.013795 1.407107 -1.914536
v -0.016221 1.25557 -1.829155
v -0.018024 1.082683 -1.765711
v -0.019134 0.89509 -1.726643
v -0.019509 0.7 -1.713451
v -0.019134 0.50491 -1.726643
v -0.018024 0.317317 -1.765711
v -0.016221 0.14443 -1.829155
v -0.013795 -0.007107 -1.914536
v -0.010839 -0.13147 -2.018574
v -0.007466 -0.22388 -2.137269
v -0.003806 -0.280785 -2.266061
v -0.007466 1.680785 -2.273832
v -0.014645 1.623879 -2.152513
v -0.021261 1.53147 -2.040704
v -0.02706 1.407107 -1.942703
v -0.031819 1.25557 -1.862276
v -0.035355 1.082683 -1.802513
v -0.037533 0.89509 -1.765711
v -0.038268 0.7 -1.753285
v -0.037533 0.50491 -1.765711
v -0.035355 0.317317 -1.802513
v -0.031819 0.14443 -1.862276
v -0.02706 -0.007107 -1.942703
v -0.021261 -0.13147 -2.040704
v -0.014645 -0.22388 -2.152513
v -0.007466 -0.280785 -2.273832
v -0.010839 1.680785 -2.286452
v -0.021261 1.623879 -2.177268
v -0.030866 1.53147 -2.076643
v -0.039285 1.407107 -1.988444
v -0.046194 1.25557 -1.916061
v -0.051328 1.082683 -1.862276
v -0.05449 0.89509 -1.829155
v -0.055557 0.7 -1.817972
v -0.05449 0.50491 -1.829155
v -0.051328 0.317317 -1.862276
v -0.046194 0.14443 -1.916061
v -0.039285 -0.007107 -1.988444
v -0.030866 -0.13147 -2.076643
v -0.021261 -0.22388 -2.177268
v -0.010839 -0.280785 -2.286452
v -0.013795 1.680785 -2.303435
v -0.02706 1.623879 -2.210582
v -0.039285 1.53147 -2.125007
v -0.05 1.407107 -2.05
v -0.058794 1.25557 -1.988444
v -0.065328 1.082683 -1.942703
v -0.069352 0.89509 -1.914536
v -0.070711 0.7 -1.905026
v -0.069352 0.50491 -1.914536
v -0.065328 0.317317 -1.942703
v -0.058794 0.14443 -1.988444
v -0.05 -0.007107 -2.05
v -0.039285 -0.13147 -2.125007
v -0.02706 -0.22388 -2.210582
v -0.013795 -0.280785 -2.303435
v -0.016221 1.680785 -2.32413
v -0.031819 1.623879 -2.251175
v -0.046194 1.53147 -2.183939
v -0.058794 1.407107 -2.125007
v -0.069134 1.25557 -2.076643
v -0.076818 1.082683 -2.040704
v -0.081549 0.89509 -2.018574
v -0.083147 0.7 -2.011101
v -0.081549 0.50491 -2.018574
v -0.076818 0.317317 -2.040704
v -0.069134 0.14443 -2.076643
v -0.058794 -0.007107 -2.125007
v -0.046194 -0.13147 -2.183939
v -0.031819 -0.22388 -2.251175
v -0.016221 -0.280785 -2.32413
v -0.018024 1.680785 -2.34774
v -0.035355 1.623879 -2.297487
v -0.051328 1.53147 -2.251175
v -0.065328 1.407107 -2.210582
v -0.076818 1.25557 -2.177268
v -0.085355 1.082683 -2.152513
v -0.090613 0.89509 -2.137269
v -0.092388 0.7 -2.132122
v -0.090613 0.50491 -2.137269
v -0.085355 0.317317 -2.152513
v -0.076818 0.14443 -2.177268
v -0.065328 -0.007107 -2.210582
v -0.051328 -0.13147 -2.251175
v -0.035355 -0.22388 -2.297487
v -0.018024 -0.280785 -2.34774
v -0.019134 1.680785 -2.373358
v -0.037533 1.623879 -2.34774
v -0.054489 1.53147 -2.32413
v -0.069352 1.407107 -2.303435
v -0.081549 1.25557 -2.286452
v -0.090613 1.082683 -2.273832
v -0.096194 0.89509 -2.266061
v -0.098078 0.7 -2.263437
v -0.096194 0.50491 -2.266061
v -0.090613 0.317317 -2.273832
v -0.081549 0.14443 -2.286452
v -0.069352 -0.007107 -2.303435
v -0.054489 -0.13147 -2.32413
v -0.037533 -0.22388 -2.34774
v -0.019134 -0.280785 -2.373358
v -0.019509 1.680785 -2.4
v -0.038268 1.623879 -2.4
v -0.055557 1.53147 -2.4
v -0.070711 1.407107 -2.4
v -0.083147 1.25557 -2.4
v -0.092388 1.082683 -2.4
v -0.098079 0.89509 -2.4
v -0.1 0.7 -2.4
v -0.098079 0.50491 -2.4
v -0.092388 0.317317 -2.4
v -0.083147 0.14443 -2.4
v -0.070711 -0.007107 -2.4
v -0.055557 -0.13147 -2.4
v -0.038268 -0.22388 -2.4
v -0.019509 -0.280785 -2.4
v -0.019134 1.680785 -2.426642
v -0.037533 1.623879 -2.45226
v -0.054489 1.53147 -2.475871
v -0.069352 1.407107 -2.496565
v -0.081549 1.25557 -2.513548
v -0.090613 1.082683 -2.526168
v -0.096194 0.89509 -2.533939
v -0.098078 0.7 -2.536563
v -0.096194 0.50491 -2.533939
v -0.090613 0.317317 -2.526168
v -0.081549 0.14443 -2.513548
v -0.069352 -0.007107 -2.496565
v -0.054489 -0.13147 -2.475871
v -0.037533 -0.22388 -2.45226
v -0.019134 -0.280785 -2.426642
v -0.018024 1.680785 -2.45226
v -0.035355 1.623879 -2.502513
v -0.051328 1.53147 -2.548825
v -0.065328 1.407107 -2.589419
v -0.076818 1.25557 -2.622733
v -0.085355 1.082683 -2.647487
v -0.090613 0.89509 -2.662731
v -0.092388 0.7 -2.667879
v -0.090613 0.50491 -2.662731
v -0.085355 0.317317 -2.647487
v -0.076818 0.14443 -2.622733
v -0.065328 -0.007107 -2.589419
v -0.051328 -0.13147 -2.548825
v -0.035355 -0.22388 -2.502513
v -0.018024 -0.280785 -2.45226
v -0.016221 1.680785 -2.475871
v -0.031819 1.623879 -2.548825
v -0.046194 1.53147 -2.616061
v -0.058794 1.407107 -2.674993
v -0.069134 1.25557 -2.723358
v -0.076818 1.082683 -2.759296
v -0.081549 0.89509 -2.781427
v -0.083147 0.7 -2.788899
v -0.081549 0.50491 -2.781427
v -0.076818 0.317317 -2.759296
v -0.069134 0.14443 -2.723358
v -0.058794 -0.007107 -2.674993
v -0.046194 -0.13147 -2.616061
v -0.031819 -0.22388 -2.548825
v -0.016221 -0.280785 -2.475871
v -0.013795 1.680785 -2.496565
v -0.02706 1.623879 -2.589419
v -0.039285 1.53147 -2.674993
v -0.05 1.407107 -2.75
v -0.058794 1.25557 -2.811556
v -0.065328 1.082683 -2.857297
v -0.069352 0.89509 -2.885464
v -0.070711 0.7 -2.894974
v -0.069352 0.50491 -2.885464
v -0.065328 0.317317 -2.857297
v -0.058794 0.14443 -2.811556
v -0.05 -0.007107 -2.75
v -0.039285 -0.13147 -2.674993
v -0.02706 -0.22388 -2.589419
v -0.013795 -0.280785 -2.496565
v -0.010839 1.680785 -2.513548
v -0.021261 1.623879 -2.622733
v -0.030866 1.53147 -2.723358
v -0.039285 1.407107 -2.811556
v -0.046194 1.25557 -2.883939
v -0.051328 1.082683 -2.937724
v -0.054489 0.89509 -2.970845
v -0.055557 0.7 -2.982028
v -0.054489 0.50491 -2.970845
v -0.051328 0.317317 -2.937724
v -0.046194 0.14443 -2.883939
v -0.039285 -0.007107 -2.811556
v -0.030866 -0.13147 -2.723358
v -0.021261 -0.22388 -2.622733
v -0.010839 -0.280785 -2.513548
v -0.007466 1.680785 -2.526168
v -0.014645 1.623879 -2.647487
v -0.021261 1.53147 -2.759296
v -0.02706 1.407107 -2.857297
v -0.031819 1.25557 -2.937724
v -0.035355 1.082683 -2.997487
v -0.037533 0.89509 -3.034289
v -0.038268 0.7 -3.046715
v -0.037533 0.50491 -3.034289
v -0.035355 0.317317 -2.997487
v -0.031819 0.14443 -2.937724
v -0.02706 -0.007107 -2.857297
v -0.021261 -0.13147 -2.759296
v -0.014645 -0.22388 -2.647487
v -0.007466 -0.280785 -2.526168
v -0.003806 1.680785 -2.533939
v -0.007466 1.623879 -2.662731
v -0.010839 1.53147 -2.781426
v -0.013795 1.407107 -2.885464
v -0.016221 1.25557 -2.970845
v -0.018024 1.082683 -3.034289
v -0.019134 0.89509 -3.073358
v -0.019509 0.7 -3.086549
v -0.019134 0.50491 -3.073358
v -0.018024 0.317317 -3.034289
v -0.016221 0.14443 -2.970845
v -0.013795 -0.007107 -2.885464
v -0.010839 -0.13147 -2.781426
v -0.007466 -0.22388 -2.662731
v -0.003806 -0.280785 -2.533939
v 0.0 1.680785 -2.536563
v 0.0 1.623879 -2.667878
v 0.0 1.407107 -2.894975
v 0.0 1.082683 -3.046715
v 0.0 0.317317 -3.046715
v 0.0 -0.007107 -2.894975
v 0.0 -0.13147 -2.788899
v 0.0 -0.22388 -2.667878
v 0.0 -0.280785 -2.536563
v 0.0 1.85 0.19999999999999996
v 0.0 1.765735 -0.3000130000000001
v 0.0 1.627785 -0.5483230000000001
v 0.0 1.447545 -0.682707
v 0.0 1.35 -0.7
v 0.0 1.252455 -0.682707
v 0.0 1.072215 -0.5483230000000001
v 0.0 0.8500000000000001 0.19999999999999996
v 0.026642 1.840393 0.027791999999999928
v 0.05226 1.81194 -0.13779700000000006
v 0.07587 1.765735 -0.29040600000000005
v 0.096565 1.703553 -0.4241680000000001
v 0.113548 1.627785 -0.533944
v 0.126168 1.541342 -0.615515
v 0.133939 1.447545 -0.665746
v 0.136563 1.35 -0.682707
v 0.133939 1.252455 -0.665746
v 0.126168 1.158658 -0.615515
v 0.113548 1.072215 -0.533944
v 0.096565 0.9964470000000001 -0.4241680000000001
v 0.07587 0.9342650000000001 -0.29040600000000005
v 0.05226 0.8880600000000001 -0.13779700000000006
v 0.026642 0.859607 0.027791999999999928
v 0.05226 1.840393 0.03778399999999993
v 0.102513 1.81194 -0.11819800000000003
v 0.148825 1.765735 -0.2619520000000001
v 0.189419 1.703553 -0.387953
v 0.222733 1.627785 -0.49136
v 0.247487 1.541342 -0.568198
v 0.262731 1.447545 -0.615515
v 0.267878 1.35 -0.631491
v 0.262731 1.252455 -0.615515
v 0.247487 1.158658 -0.568198
v 0.222733 1.072215 -0.49136
v 0.189419 0.9964470000000001 -0.387953
v 0.148825 0.9342650000000001 -0.2619520000000001
v 0.102513 0.8880600000000001 -0.11819800000000003
v 0.05226 0.859607 0.03778399999999993
v 0.07587 1.840393 0.05401
v 0.148825 1.81194 -0.08637100000000009
v 0.216061 1.765735 -0.215746
v 0.274993 1.703553 -0.3291440000000001
v 0.323358 1.627785 -0.422207
v 0.359296 1.541342 -0.49136
v 0.381427 1.447545 -0.533944
v 0.388899 1.35 -0.548322
v 0.381427 1.252455 -0.533944
v 0.359296 1.158658 -0.49136
v 0.323358 1.072215 -0.422207
v 0.274993 0.9964470000000001 -0.3291440000000001
v 0.216061 0.9342650000000001 -0.215746
v 0.148825 0.8880600000000001 -0.08637100000000009
v 0.07587 0.859607 0.05401
v 0.096565 1.840393 0.07584499999999994
v 0.189419 1.81194 -0.04353800000000008
v 0.274993 1.765735 -0.153563
v 0.35 1.703553 -0.25
v 0.411556 1.627785 -0.3291440000000001
v 0.457297 1.541342 -0.387953
v 0.485464 1.447545 -0.4241680000000001
v 0.494975 1.35 -0.436396
v 0.485464 1.252455 -0.4241680000000001
v 0.457297 1.158658 -0.387953
v 0.411556 1.072215 -0.3291440000000001
v 0.35 0.9964470000000001 -0.25
v 0.274993 0.9342650000000001 -0.153563
v 0.189419 0.8880600000000001 -0.04353800000000008
v 0.096565 0.859607 0.07584499999999994
v 0.113548 1.840393 0.10245199999999999
v 0.222733 1.81194 0.00865299999999991
v 0.323358 1.765735 -0.07779200000000008
v 0.411556 1.703553 -0.153563
v 0.483939 1.627785 -0.215746
v 0.537724 1.541342 -0.2619520000000001
v 0.570845 1.447545 -0.290405
v 0.582029 1.35 -0.3000130000000001
v 0.570845 1.252455 -0.290405
v 0.537724 1.158658 -0.2619520000000001
v 0.483939 1.072215 -0.215746
v 0.411556 0.9964470000000001 -0.153563
v 0.323358 0.9342650000000001 -0.07779200000000008
v 0.222733 0.8880600000000001 0.00865299999999991
v 0.113548 0.859607 0.10245199999999999
v 0.126168 1.840393 0.13280799999999993
v 0.247487 1.81194 0.06819799999999998
v 0.359296 1.765735 0.00865299999999991
v 0.457297 1.703553 -0.04353800000000008
v 0.537724 1.627785 -0.08637100000000009
v 0.597487 1.541342 -0.11819800000000003
v 0.634289 1.447545 -0.13779700000000006
v 0.646716 1.35 -0.14441500000000007
v 0.634289 1.252455 -0.13779700000000006
v 0.597487 1.158658 -0.11819800000000003
v 0.537724 1.072215 -0.08637100000000009
v 0.457297 0.9964470000000001 -0.04353800000000008
v 0.359296 0.9342650000000001 0.00865299999999991
v 0.247487 0.8880600000000001 0.06819799999999998
v 0.126168 0.859607 0.13280799999999993
v 0.133939 1.840393 0.16574599999999995
v 0.262731 1.81194 0.13280799999999993
v 0.381427 1.765735 0.10245199999999999
v 0.485464 1.703553 0.07584499999999994
v 0.570845 1.627785 0.05401
v 0.634289 1.541342 0.03778399999999993
v 0.673358 1.447545 0.027792999999999957
v 0.68655 1.35 0.02441899999999997
v 0.673358 1.252455 0.027792999999999957
v 0.634289 1.158658 0.03778399999999993
v 0.570845 1.072215 0.05401
v 0.485464 0.9964470000000001 0.07584499999999994
v 0.381427 0.9342650000000001 0.10245199999999999
v 0.262731 0.8880600000000001 0.13280799999999993
v 0.133939 0.859607 0.16574599999999995
v 0.136563 1.840393 0.19999999999999996
v 0.267878 1.81194 0.19999999999999996
v 0.388899 1.765735 0.19999999999999996
v 0.494975 1.703553 0.19999999999999996
v 0.582029 1.627785 0.19999999999999996
v 0.646716 1.541342 0.19999999999999996
v 0.68655 1.447545 0.19999999999999996
v 0.7 1.35 0.19999999999999996
v 0.68655 1.252455 0.19999999999999996
v 0.646716 1.158658 0.19999999999999996
v 0.582029 1.072215 0.19999999999999996
v 0.494975 0.9964470000000001 0.19999999999999996
v 0.388899 0.9342650000000001 0.19999999999999996
v 0.267878 0.8880600000000001 0.19999999999999996
v 0.136563 0.859607 0.19999999999999996
v 0.133939 1.840393 0.23425399999999996
v 0.262731 1.81194 0.26719199999999993
v 0.381426 1.765735 0.297548
v 0.485464 1.703553 0.32415499999999997
v 0.570845 1.627785 0.34599099999999994
v 0.634289 1.541342 0.362216
v 0.673358 1.447545 0.372208
v 0.686549 1.35 0.37558099999999994
v 0.673358 1.252455 0.372208
v 0.634289 1.158658 0.362216
v 0.570845 1.072215 0.34599099999999994
v 0.485464 0.9964470000000001 0.32415499999999997
v 0.381426 0.9342650000000001 0.297548
v 0.262731 0.8880600000000001 0.26719199999999993
v 0.133939 0.859607 0.23425399999999996
v 0.126168 1.840393 0.26719199999999993
v 0.247487 1.81194 0.33180199999999993
v 0.359296 1.765735 0.39134699999999994
v 0.457297 1.703553 0.44353799999999993
v 0.537724 1.627785 0.48637099999999994
v 0.597487 1.541342 0.5181979999999999
v 0.634289 1.447545 0.537797
v 0.646715 1.35 0.544415
v 0.634289 1.252455 0.537797
v 0.597487 1.158658 0.5181979999999999
v 0.537724 1.072215 0.48637099999999994
v 0.457297 0.9964470000000001 0.44353799999999993
v 0.359296 0.9342650000000001 0.39134699999999994
v 0.247487 0.8880600000000001 0.33180199999999993
v 0.126168 0.859607 0.26719199999999993
v 0.113548 1.840393 0.297548
v 0.222733 1.81194 0.39134699999999994
v 0.323358 1.765735 0.477792
v 0.411556 1.703553 0.5535629999999999
v 0.483939 1.627785 0.6157459999999999
v 0.537724 1.541342 0.661952
v 0.570845 1.447545 0.690406
v 0.582028 1.35 0.700013
v 0.570845 1.252455 0.690406
v 0.537724 1.158658 0.661952
v 0.483939 1.072215 0.6157459999999999
v 0.411556 0.9964470000000001 0.5535629999999999
v 0.323358 0.9342650000000001 0.477792
v 0.222733 0.8880600000000001 0.39134699999999994
v 0.113548 0.859607 0.297548
v 0.096565 1.840393 0.32415499999999997
v 0.189419 1.81194 0.44353799999999993
v 0.274993 1.765735 0.5535629999999999
v 0.35 1.703553 0.6499999999999999
v 0.411556 1.627785 0.7291439999999999
v 0.457297 1.541342 0.7879529999999999
v 0.485464 1.447545 0.824168
v 0.494974 1.35 0.8363959999999999
v 0.485464 1.252455 0.824168
v 0.457297 1.158658 0.7879529999999999
v 0.411556 1.072215 0.7291439999999999
v 0.35 0.9964470000000001 0.6499999999999999
v 0.274993 0.9342650000000001 0.5535629999999999
v 0.189419 0.8880600000000001 0.44353799999999993
v 0.096565 0.859607 0.32415499999999997
v 0.07587 1.840393 0.34598999999999996
v 0.148825 1.81194 0.48637099999999994
v 0.216061 1.765735 0.6157459999999999
v 0.274993 1.703553 0.7291439999999999
v 0.323358 1.627785 0.8222069999999999
v 0.359296 1.541342 0.8913599999999999
v 0.381426 1.447545 0.933944
v 0.388899 1.35 0.9483219999999999
v 0.381426 1.252455 0.933944
v 0.359296 1.158658 0.8913599999999999
v 0.323358 1.072215 0.8222069999999999
v 0.274993 0.9964470000000001 0.7291439999999999
v 0.216061 0.9342650000000001 0.6157459999999999
v 0.148825 0.8880600000000001 0.48637099999999994
v 0.07587 0.859607 0.34598999999999996
v 0.05226 1.840393 0.362216
v 0.102513 1.81194 0.5181979999999999
v 0.148825 1.765735 0.661952
v 0.189419 1.703553 0.7879529999999999
v 0.222733 1.627785 0.8913599999999999
v 0.247487 1.541342 0.9681979999999999
v 0.262731 1.447545 1.015514
v 0.267878 1.35 1.031491
v 0.262731 1.252455 1.015514
v 0.247487 1.158658 0.9681979999999999
v 0.222733 1.072215 0.8913599999999999
v 0.189419 0.9964470000000001 0.7879529999999999
v 0.148825 0.9342650000000001 0.661952
v 0.102513 0.8880600000000001 0.5181979999999999
v 0.05226 0.859607 0.362216
v 0.026642 1.840393 0.37220699999999995
v 0.05226 1.81194 0.537797
v 0.07587 1.765735 0.6904049999999999
v 0.096565 1.703553 0.824168
v 0.113548 1.627785 0.933944
v 0.126168 1.541342 1.015514
v 0.133939 1.447545 1.065745
v 0.136563 1.35 1.082706
v 0.133939 1.252455 1.065745
v 0.126168 1.158658 1.015514
v 0.113548 1.072215 0.933944
v 0.096565 0.9964470000000001 0.824168
v 0.07587 0.9342650000000001 0.6904049999999999
v 0.05226 0.8880600000000001 0.537797
v 0.026642 0.859607 0.37220699999999995
v -0.0 1.840393 0.37558099999999994
v -0.0 1.81194 0.544415
v -0.0 1.765735 0.700013
v -0.0 1.703553 0.8363959999999999
v -0.0 1.627785 0.9483219999999999
v 0.0 1.541342 1.031491
v -0.0 1.447545 1.082706
v -0.0 1.35 1.099999
v -0.0 1.252455 1.082706
v 0.0 1.158658 1.031491
v -0.0 1.072215 0.9483219999999999
v -0.0 0.9964470000000001 0.8363959999999999
v -0.0 0.9342650000000001 0.700013
v -0.0 0.8880600000000001 0.544415
v -0.0 0.859607 0.37558099999999994
v -0.026642 1.840393 0.37220699999999995
v -0.052261 1.81194 0.537797
v -0.07587 1.765735 0.6904049999999999
v -0.096565 1.703553 0.824168
v -0.113548 1.627785 0.933944
v -0.126168 1.541342 1.015514
v -0.133939 1.447545 1.065745
v -0.136563 1.35 1.082706
v -0.133939 1.252455 1.065745
v -0.126168 1.158658 1.015514
v -0.113548 1.072215 0.933944
v -0.096565 0.9964470000000001 0.824168
v -0.07587 0.9342650000000001 0.6904049999999999
v -0.052261 0.8880600000000001 0.537797
v -0.026642 0.859607 0.37220699999999995
v -0.05226 1.840393 0.362216
v -0.102513 1.81194 0.5181979999999999
v -0.148825 1.765735 0.661952
v -0.189419 1.703553 0.7879529999999999
v -0.222733 1.627785 0.8913599999999999
v -0.247487 1.541342 0.9681979999999999
v -0.262731 1.447545 1.015514
v -0.267878 1.35 1.031491
v -0.262731 1.252455 1.015514
v -0.247487 1.158658 0.9681979999999999
v -0.222733 1.072215 0.8913599999999999
v -0.189419 0.9964470000000001 0.7879529999999999
v -0.148825 0.9342650000000001 0.661952
v -0.102513 0.8880600000000001 0.5181979999999999
v -0.05226 0.859607 0.362216
v -0.07587 1.840393 0.34598999999999996
v -0.148825 1.81194 0.48637099999999994
v -0.216061 1.765735 0.615745
v -0.274993 1.703553 0.7291439999999999
v -0.323358 1.627785 0.8222069999999999
v -0.359296 1.541342 0.8913599999999999
v -0.381427 1.447545 0.933943
v -0.388899 1.35 0.9483219999999999
v -0.381427 1.252455 0.933943
v -0.359296 1.158658 0.8913599999999999
v -0.323358 1.072215 0.8222069999999999
v -0.274993 0.9964470000000001 0.7291439999999999
v -0.216061 0.9342650000000001 0.615745
v -0.148825 0.8880600000000001 0.48637099999999994
v -0.07587 0.859607 0.34598999999999996
v -0.096565 1.840393 0.32415499999999997
v -0.189419 1.81194 0.44353799999999993
v -0.274993 1.765735 0.5535619999999999
v -0.35 1.703553 0.6499999999999999
v -0.411556 1.627785 0.7291439999999999
v -0.457297 1.541342 0.7879529999999999
v -0.485464 1.447545 0.824168
v -0.494975 1.35 0.836395
v -0.485464 1.252455 0.824168
v -0.457297 1.158658 0.7879529999999999
v -0.411556 1.072215 0.7291439999999999
v -0.35 0.9964470000000001 0.6499999999999999
v -0.274993 0.9342650000000001 0.5535619999999999
v -0.189419 0.8880600000000001 0.44353799999999993
v -0.096565 0.859607 0.32415499999999997
v -0.113548 1.840393 0.297548
v -0.222733 1.81194 0.39134699999999994
v -0.323358 1.765735 0.477792
v -0.411556 1.703553 0.5535629999999999
v -0.483939 1.627785 0.615745
v -0.537724 1.541342 0.661952
v -0.570845 1.447545 0.6904049999999999
v -0.582028 1.35 0.700012
v -0.570845 1.252455 0.6904049999999999
v -0.537724 1.158658 0.661952
v -0.483939 1.072215 0.615745
v -0.411556 0.9964470000000001 0.5535629999999999
v -0.323358 0.9342650000000001 0.477792
v -0.222733 0.8880600000000001 0.39134699999999994
v -0.113548 0.859607 0.297548
v -0.126168 1.840393 0.26719199999999993
v -0.247487 1.81194 0.33180199999999993
v -0.359296 1.765735 0.39134699999999994
v -0.457297 1.703553 0.44353799999999993
v -0.537724 1.627785 0.48636999999999997
v -0.597487 1.541342 0.5181979999999999
v -0.634289 1.447545 0.537797
v -0.646715 1.35 0.544414
v -0.634289 1.252455 0.537797
v -0.597487 1.158658 0.5181979999999999
v -0.537724 1.072215 0.48636999999999997
v -0.457297 0.9964470000000001 0.44353799999999993
v -0.359296 0.9342650000000001 0.39134699999999994
v -0.247487 0.8880600000000001 0.33180199999999993
v -0.126168 0.859607 0.26719199999999993
v -0.133939 1.840393 0.23425399999999996
v -0.262731 1.81194 0.26719199999999993
v -0.381426 1.765735 0.297548
v -0.485464 1.703553 0.32415499999999997
v -0.570845 1.627785 0.34598999999999996
v -0.634289 1.541342 0.362216
v -0.673358 1.447545 0.37220699999999995
v -0.686549 1.35 0.37558099999999994
v -0.673358 1.252455 0.37220699999999995
v -0.634289 1.158658 0.362216
v -0.570845 1.072215 0.34598999999999996
v -0.485464 0.9964470000000001 0.32415499999999997
v -0.381426 0.9342650000000001 0.297548
v -0.262731 0.8880600000000001 0.26719199999999993
v -0.133939 0.859607 0.23425399999999996
v -0.136563 1.840393 0.19999999999999996
v -0.267878 1.81194 0.19999999999999996
v -0.388899 1.765735 0.19999999999999996
v -0.494975 1.703553 0.19999999999999996
v -0.582028 1.627785 0.19999999999999996
v -0.646715 1.541342 0.19999999999999996
v -0.686549 1.447545 0.19999999999999996
v -0.699999 1.35 0.19999999999999996
v -0.686549 1.252455 0.19999999999999996
v -0.646715 1.158658 0.19999999999999996
v -0.582028 1.072215 0.19999999999999996
v -0.494975 0.9964470000000001 0.19999999999999996
v -0.388899 0.9342650000000001 0.19999999999999996
v -0.267878 0.8880600000000001 0.19999999999999996
v -0.136563 0.859607 0.19999999999999996
v -0.133939 1.840393 0.16574599999999995
v -0.262731 1.81194 0.13280799999999993
v -0.381426 1.765735 0.10245199999999999
v -0.485464 1.703553 0.07584499999999994
v -0.570845 1.627785 0.054008999999999974
v -0.634289 1.541342 0.03778399999999993
v -0.673357 1.447545 0.027791999999999928
v -0.686549 1.35 0.02441799999999994
v -0.673357 1.252455 0.027791999999999928
v -0.634289 1.158658 0.03778399999999993
v -0.570845 1.072215 0.054008999999999974
v -0.485464 0.9964470000000001 0.07584499999999994
v -0.381426 0.9342650000000001 0.10245199999999999
v -0.262731 0.8880600000000001 0.13280799999999993
v -0.133939 0.859607 0.16574599999999995
v -0.126168 1.840393 0.13280799999999993
v -0.247487 1.81194 0.06819799999999998
v -0.359296 1.765735 0.00865299999999991
v -0.457297 1.703553 -0.04353800000000008
v -0.537724 1.627785 -0.08637100000000009
v -0.597487 1.541342 -0.11819800000000003
v -0.634289 1.447545 -0.13779700000000006
v -0.646715 1.35 -0.14441500000000007
v -0.634289 1.252455 -0.13779700000000006
v -0.597487 1.158658 -0.11819800000000003
v -0.537724 1.072215 -0.08637100000000009
v -0.457297 0.9964470000000001 -0.04353800000000008
v -0.359296 0.9342650000000001 0.00865299999999991
v -0.247487 0.8880600000000001 0.06819799999999998
v -0.126168 0.859607 0.13280799999999993
v -0.113548 1.840393 0.10245199999999999
v -0.222733 1.81194 0.00865299999999991
v -0.323357 1.765735 -0.07779200000000008
v -0.411556 1.703553 -0.153563
v -0.483939 1.627785 -0.215746
v -0.537724 1.541342 -0.2619520000000001
v -0.570845 1.447545 -0.29040600000000005
v -0.582028 1.35 -0.3000130000000001
v -0.570845 1.252455 -0.29040600000000005
v -0.537724 1.158658 -0.2619520000000001
v -0.483939 1.072215 -0.215746
v -0.411556 0.9964470000000001 -0.153563
v -0.323357 0.9342650000000001 -0.07779200000000008
v -0.222733 0.8880600000000001 0.00865299999999991
v -0.113548 0.859607 0.10245199999999999
v -0.096565 1.840393 0.07584499999999994
v -0.189419 1.81194 -0.04353800000000008
v -0.274993 1.765735 -0.1535620000000001
v -0.35 1.703553 -0.25
v -0.411556 1.627785 -0.3291440000000001
v -0.457297 1.541342 -0.387953
v -0.485464 1.447545 -0.4241680000000001
v -0.494974 1.35 -0.436396
v -0.485464 1.252455 -0.4241680000000001
v -0.457297 1.158658 -0.387953
v -0.411556 1.072215 -0.3291440000000001
v -0.35 0.9964470000000001 -0.25
v -0.274993 0.9342650000000001 -0.1535620000000001
v -0.189419 0.8880600000000001 -0.04353800000000008
v -0.096565 0.859607 0.07584499999999994
v -0.07587 1.840393 0.05401
v -0.148825 1.81194 -0.08637100000000009
v -0.21606 1.765735 -0.21574500000000008
v -0.274993 1.703553 -0.3291440000000001
v -0.323357 1.627785 -0.422207
v -0.359296 1.541342 -0.49136
v -0.381426 1.447545 -0.5339430000000001
v -0.388898 1.35 -0.548322
v -0.381426 1.252455 -0.5339430000000001
v -0.359296 1.158658 -0.49136
v -0.323357 1.072215 -0.422207
v -0.274993 0.9964470000000001 -0.3291440000000001
v -0.21606 0.9342650000000001 -0.21574500000000008
v -0.148825 0.8880600000000001 -0.08637100000000009
v -0.07587 0.859607 0.05401
v -0.05226 1.840393 0.03778399999999993
v -0.102513 1.81194 -0.11819800000000003
v -0.148825 1.765735 -0.26195100000000004
v -0.189419 1.703553 -0.387953
v -0.222732 1.627785 -0.49136
v -0.247487 1.541342 -0.568198
v -0.262731 1.447545 -0.6155140000000001
v -0.267878 1.35 -0.631491
v -0.262731 1.252455 -0.6155140000000001
v -0.247487 1.158658 -0.568198
v -0.222732 1.072215 -0.49136
v -0.189419 0.9964470000000001 -0.387953
v -0.148825 0.9342650000000001 -0.26195100000000004
v -0.102513 0.8880600000000001 -0.11819800000000003
v -0.05226 0.859607 0.03778399999999993
v -0.026642 1.840393 0.027792999999999957
v -0.05226 1.81194 -0.13779700000000006
v -0.07587 1.765735 -0.290405
v -0.096565 1.703553 -0.4241680000000001
v -0.113548 1.627785 -0.5339430000000001
v -0.126168 1.541342 -0.6155140000000001
v -0.133939 1.447545 -0.665745
v -0.136563 1.35 -0.682706
v -0.133939 1.252455 -0.665745
v -0.126168 1.158658 -0.6155140000000001
v -0.113548 1.072215 -0.5339430000000001
v -0.096565 0.9964470000000001 -0.4241680000000001
v -0.07587 0.9342650000000001 -0.290405
v -0.05226 0.8880600000000001 -0.13779700000000006
v -0.026642 0.859607 0.027792999999999957
v 0.0 1.840393 0.02441899999999997
v 0.0 1.81194 -0.14441500000000007
v 0.0 1.703553 -0.436396
v 0.0 1.541342 -0.631491
v 0.0 1.158658 -0.631491
v 0.0 0.9964470000000001 -0.436396
v 0.0 0.9342650000000001 -0.3000130000000001
v 0.0 0.8880600000000001 -0.14441500000000007
v 0.0 0.859607 0.02441899999999997
v 0.0 1.8 3.0500000000000007
v 0.0 1.496645 2.9944430000000004
v 0.0 1.000026 2.9668530000000004
v 0.0 0.351163 2.9519210000000005
v 0.0 0.0 2.950000000000001
v 0.0 -0.351163 2.9519210000000005
v 0.0 -1.000026 2.9668530000000004
v 0.0 -1.8 3.0500000000000007
v 0.003806 1.765413 3.0308650000000004
v 0.007466 1.662983 3.012467000000001
v 0.010839 1.496645 2.9955110000000005
v 0.013795 1.272792 2.9806480000000004
v 0.016221 1.000026 2.9684500000000007
v 0.018024 0.68883 2.9593880000000006
v 0.019134 0.351163 2.953806
v 0.019509 0.0 2.9519210000000005
v 0.019134 -0.351163 2.953806
v 0.018024 -0.68883 2.9593880000000006
v 0.016221 -1.000026 2.9684500000000007
v 0.013795 -1.272792 2.9806480000000004
v 0.010839 -1.496645 2.9955110000000005
v 0.007466 -1.662983 3.012467000000001
v 0.003806 -1.765413 3.0308650000000004
v 0.007466 1.765413 3.0319760000000002
v 0.014645 1.662983 3.0146440000000005
v 0.021261 1.496645 2.998672000000001
v 0.02706 1.272792 2.9846710000000005
v 0.031819 1.000026 2.9731820000000013
v 0.035355 0.68883 2.964644
v 0.037533 0.351163 2.9593880000000006
v 0.038268 0.0 2.957612000000001
v 0.037533 -0.351163 2.9593880000000006
v 0.035355 -0.68883 2.964644
v 0.031819 -1.000026 2.9731820000000013
v 0.02706 -1.272792 2.9846710000000005
v 0.021261 -1.496645 2.998672000000001
v 0.014645 -1.662983 3.0146440000000005
v 0.007466 -1.765413 3.0319760000000002
v 0.010839 1.765413 3.033779000000001
v 0.021261 1.662983 3.0181810000000002
v 0.030866 1.496645 3.003806000000001
v 0.039285 1.272792 2.991206
v 0.046194 1.000026 2.9808660000000007
v 0.051328 0.68883 2.9731820000000013
v 0.05449 0.351163 2.9684500000000007
v 0.055557 0.0 2.9668530000000004
v 0.05449 -0.351163 2.9684500000000007
v 0.051328 -0.68883 2.9731820000000013
v 0.046194 -1.000026 2.9808660000000007
v 0.039285 -1.272792 2.991206
v 0.030866 -1.496645 3.003806000000001
v 0.021261 -1.662983 3.0181810000000002
v 0.010839 -1.765413 3.033779000000001
v 0.013795 1.765413 3.0362050000000007
v 0.02706 1.662983 3.02294
v 0.039285 1.496645 3.010715000000001
v 0.05 1.272792 3.0
v 0.058794 1.000026 2.991206
v 0.065328 0.68883 2.9846710000000005
v 0.069352 0.351163 2.9806480000000004
v 0.070711 0.0 2.9792890000000014
v 0.069352 -0.351163 2.9806480000000004
v 0.065328 -0.68883 2.9846710000000005
v 0.058794 -1.000026 2.991206
v 0.05 -1.272792 3.0
v 0.039285 -1.496645 3.010715000000001
v 0.02706 -1.662983 3.02294
v 0.013795 -1.765413 3.0362050000000007
v 0.016221 1.765413 3.039161
v 0.031819 1.662983 3.028739
v 0.046194 1.496645 3.019134000000001
v 0.058794 1.272792 3.010715000000001
v 0.069134 1.000026 3.003806000000001
v 0.076818 0.68883 2.998672000000001
v 0.081549 0.351163 2.9955110000000005
v 0.083147 0.0 2.9944430000000004
v 0.081549 -0.351163 2.9955110000000005
v 0.076818 -0.68883 2.998672000000001
v 0.069134 -1.000026 3.003806000000001
v 0.058794 -1.272792 3.010715000000001
v 0.046194 -1.496645 3.019134000000001
v 0.031819 -1.662983 3.028739
v 0.016221 -1.765413 3.039161
v 0.018024 1.765413 3.042535000000001
v 0.035355 1.662983 3.035355000000001
v 0.051328 1.496645 3.028739
v 0.065328 1.272792 3.02294
v 0.076818 1.000026 3.0181810000000002
v 0.085355 0.68883 3.0146440000000005
v 0.090613 0.351163 3.012467000000001
v 0.092388 0.0 3.0117320000000003
v 0.090613 -0.351163 3.012467000000001
v 0.085355 -0.68883 3.0146440000000005
v 0.076818 -1.000026 3.0181810000000002
v 0.065328 -1.272792 3.02294
v 0.051328 -1.496645 3.028739
v 0.035355 -1.662983 3.035355000000001
v 0.018024 -1.765413 3.042535000000001
v 0.019134 1.765413 3.046194
v 0.037533 1.662983 3.042535000000001
v 0.05449 1.496645 3.039161
v 0.069352 1.272792 3.0362050000000007
v 0.081549 1.000026 3.033779000000001
v 0.090613 0.68883 3.0319760000000002
v 0.096194 0.351163 3.0308650000000004
v 0.098079 0.0 3.0304910000000014
v 0.096194 -0.351163 3.0308650000000004
v 0.090613 -0.68883 3.0319760000000002
v 0.081549 -1.000026 3.033779000000001
v 0.069352 -1.272792 3.0362050000000007
v 0.05449 -1.496645 3.039161
v 0.037533 -1.662983 3.042535000000001
v 0.019134 -1.765413 3.046194
v 0.019509 1.765413 3.0500000000000007
v 0.038268 1.662983 3.0500000000000007
v 0.055557 1.496645 3.0500000000000007
v 0.070711 1.272792 3.0500000000000007
v 0.083147 1.000026 3.0500000000000007
v 0.092388 0.68883 3.0500000000000007
v 0.098079 0.351163 3.0500000000000007
v 0.1 0.0 3.0500000000000007
v 0.098079 -0.351163 3.0500000000000007
v 0.092388 -0.68883 3.0500000000000007
v 0.083147 -1.000026 3.0500000000000007
v 0.070711 -1.272792 3.0500000000000007
v 0.055557 -1.496645 3.0500000000000007
v 0.038268 -1.662983 3.0500000000000007
v 0.019509 -1.765413 3.0500000000000007
v 0.019134 1.765413 3.0538060000000016
v 0.037533 1.662983 3.0574650000000005
v 0.05449 1.496645 3.0608390000000014
v 0.069352 1.272792 3.0637950000000007
v 0.081549 1.000026 3.0662210000000005
v 0.090613 0.68883 3.068024000000001
v 0.096194 0.351163 3.069135000000001
v 0.098079 0.0 3.069509
v 0.096194 -0.351163 3.069135000000001
v 0.090613 -0.68883 3.068024000000001
v 0.081549 -1.000026 3.0662210000000005
v 0.069352 -1.272792 3.0637950000000007
v 0.05449 -1.496645 3.0608390000000014
v 0.037533 -1.662983 3.0574650000000005
v 0.019134 -1.765413 3.0538060000000016
v 0.018024 1.765413 3.0574650000000005
v 0.035355 1.662983 3.0646450000000005
v 0.051328 1.496645 3.0712610000000016
v 0.065328 1.272792 3.0770600000000012
v 0.076818 1.000026 3.081819000000001
v 0.085355 0.68883 3.085356000000001
v 0.090613 0.351163 3.0875330000000005
v 0.092388 0.0 3.088268000000001
v 0.090613 -0.351163 3.0875330000000005
v 0.085355 -0.68883 3.085356000000001
v 0.076818 -1.000026 3.081819000000001
v 0.065328 -1.272792 3.0770600000000012
v 0.051328 -1.496645 3.0712610000000016
v 0.035355 -1.662983 3.0646450000000005
v 0.018024 -1.765413 3.0574650000000005
v 0.016221 1.765413 3.0608390000000014
v 0.031819 1.662983 3.0712610000000016
v 0.046194 1.496645 3.0808660000000003
v 0.058794 1.272792 3.0892850000000003
v 0.069134 1.000026 3.0961940000000006
v 0.076818 0.68883 3.1013280000000005
v 0.081549 0.351163 3.104489000000001
v 0.083147 0.0 3.105557000000001
v 0.081549 -0.351163 3.104489000000001
v 0.076818 -0.68883 3.1013280000000005
v 0.069134 -1.000026 3.0961940000000006
v 0.058794 -1.272792 3.0892850000000003
v 0.046194 -1.496645 3.0808660000000003
v 0.031819 -1.662983 3.0712610000000016
v 0.016221 -1.765413 3.0608390000000014
v 0.013795 1.765413 3.0637950000000007
v 0.02706 1.662983 3.0770600000000012
v 0.039285 1.496645 3.0892850000000003
v 0.05 1.272792 3.1000000000000014
v 0.058794 1.000026 3.1087940000000014
v 0.065328 0.68883 3.115329000000001
v 0.069352 0.351163 3.119352000000001
v 0.070711 0.0 3.120711
v 0.069352 -0.351163 3.119352000000001
v 0.065328 -0.68883 3.115329000000001
v 0.058794 -1.000026 3.1087940000000014
v 0.05 -1.272792 3.1000000000000014
v 0.039285 -1.496645 3.0892850000000003
v 0.02706 -1.662983 3.0770600000000012
v 0.013795 -1.765413 3.0637950000000007
v 0.010839 1.765413 3.0662210000000005
v 0.021261 1.662983 3.081819000000001
v 0.030866 1.496645 3.0961940000000006
v 0.039285 1.272792 3.1087940000000014
v 0.046194 1.000026 3.1191340000000007
v 0.051328 0.68883 3.126818
v 0.05449 0.351163 3.1315500000000007
v 0.055557 0.0 3.133147000000001
v 0.05449 -0.351163 3.1315500000000007
v 0.051328 -0.68883 3.126818
v 0.046194 -1.000026 3.1191340000000007
v 0.039285 -1.272792 3.1087940000000014
v 0.030866 -1.496645 3.0961940000000006
v 0.021261 -1.662983 3.081819000000001
v 0.010839 -1.765413 3.0662210000000005
v 0.007466 1.765413 3.068024000000001
v 0.014645 1.662983 3.085356000000001
v 0.021261 1.496645 3.1013280000000005
v 0.02706 1.272792 3.115329000000001
v 0.031819 1.000026 3.126818
v 0.035355 0.68883 3.1353560000000016
v 0.037533 0.351163 3.140612000000001
v 0.038268 0.0 3.1423880000000004
v 0.037533 -0.351163 3.140612000000001
v 0.035355 -0.68883 3.1353560000000016
v 0.031819 -1.000026 3.126818
v 0.02706 -1.272792 3.115329000000001
v 0.021261 -1.496645 3.1013280000000005
v 0.014645 -1.662983 3.085356000000001
v 0.007466 -1.765413 3.068024000000001
v 0.003806 1.765413 3.069135000000001
v 0.007466 1.662983 3.0875330000000005
v 0.010839 1.496645 3.104489000000001
v 0.013795 1.272792 3.119352000000001
v 0.016221 1.000026 3.1315500000000007
v 0.018024 0.68883 3.140612000000001
v 0.019134 0.351163 3.1461940000000013
v 0.019509 0.0 3.148079000000001
v 0.019134 -0.351163 3.1461940000000013
v 0.018024 -0.68883 3.140612000000001
v 0.016221 -1.000026 3.1315500000000007
v 0.013795 -1.272792 3.119352000000001
v 0.010839 -1.496645 3.104489000000001
v 0.007466 -1.662983 3.0875330000000005
v 0.003806 -1.765413 3.069135000000001
v -0.0 1.765413 3.069509
v -0.0 1.662983 3.088268000000001
v -0.0 1.496645 3.105557000000001
v -0.0 1.272792 3.120711
v -0.0 1.000026 3.133147000000001
v 0.0 0.68883 3.1423880000000004
v -0.0 0.351163 3.148079000000001
v -0.0 0.0 3.1500000000000004
v -0.0 -0.351163 3.148079000000001
v 0.0 -0.68883 3.1423880000000004
v -0.0 -1.000026 3.133147000000001
v -0.0 -1.272792 3.120711
v -0.0 -1.496645 3.105557000000001
v -0.0 -1.662983 3.088268000000001
v -0.0 -1.765413 3.069509
v -0.003806 1.765413 3.069135000000001
v -0.007466 1.662983 3.0875330000000005
v -0.010839 1.496645 3.104489000000001
v -0.013795 1.272792 3.119352000000001
v -0.016221 1.000026 3.1315500000000007
v -0.018024 0.68883 3.140612000000001
v -0.019134 0.351163 3.1461940000000013
v -0.019509 0.0 3.148079000000001
v -0.019134 -0.351163 3.1461940000000013
v -0.018024 -0.68883 3.140612000000001
v -0.016221 -1.000026 3.1315500000000007
v -0.013795 -1.272792 3.119352000000001
v -0.010839 -1.496645 3.104489000000001
v -0.007466 -1.662983 3.0875330000000005
v -0.003806 -1.765413 3.069135000000001
v -0.007466 1.765413 3.068024000000001
v -0.014645 1.662983 3.085356000000001
v -0.021261 1.496645 3.1013280000000005
v -0.02706 1.272792 3.115329000000001
v -0.031819 1.000026 3.126818
v -0.035355 0.68883 3.1353560000000016
v -0.037533 0.351163 3.140612000000001
v -0.038268 0.0 3.1423880000000004
v -0.037533 -0.351163 3.140612000000001
v -0.035355 -0.68883 3.1353560000000016
v -0.031819 -1.000026 3.126818
v -0.02706 -1.272792 3.115329000000001
v -0.021261 -1.496645 3.1013280000000005
v -0.014645 -1.662983 3.085356000000001
v -0.007466 -1.765413 3.068024000000001
v -0.010839 1.765413 3.0662210000000005
v -0.021261 1.662983 3.081819000000001
v -0.030866 1.496645 3.0961940000000006
v -0.039285 1.272792 3.1087940000000014
v -0.046194 1.000026 3.1191340000000007
v -0.051328 0.68883 3.126818
v -0.05449 0.351163 3.1315500000000007
v -0.055557 0.0 3.133147000000001
v -0.05449 -0.351163 3.1315500000000007
v -0.051328 -0.68883 3.126818
v -0.046194 -1.000026 3.1191340000000007
v -0.039285 -1.272792 3.1087940000000014
v -0.030866 -1.496645 3.0961940000000006
v -0.021261 -1.662983 3.081819000000001
v -0.010839 -1.765413 3.0662210000000005
v -0.013795 1.765413 3.0637950000000007
v -0.02706 1.662983 3.0770600000000012
v -0.039285 1.496645 3.0892850000000003
v -0.05 1.272792 3.1000000000000014
v -0.058794 1.000026 3.1087940000000014
v -0.065328 0.68883 3.115329000000001
v -0.069352 0.351163 3.119352000000001
v -0.070711 0.0 3.1207100000000008
v -0.069352 -0.351163 3.119352000000001
v -0.065328 -0.68883 3.115329000000001
v -0.058794 -1.000026 3.1087940000000014
v -0.05 -1.272792 3.1000000000000014
v -0.039285 -1.496645 3.0892850000000003
v -0.02706 -1.662983 3.0770600000000012
v -0.013795 -1.765413 3.0637950000000007
v -0.016221 1.765413 3.0608390000000014
v -0.031819 1.662983 3.0712610000000016
v -0.046194 1.496645 3.0808660000000003
v -0.058794 1.272792 3.0892850000000003
v -0.069134 1.000026 3.0961940000000006
v -0.076818 0.68883 3.1013280000000005
v -0.081549 0.351163 3.104489000000001
v -0.083147 0.0 3.105557000000001
v -0.081549 -0.351163 3.104489000000001
v -0.076818 -0.68883 3.1013280000000005
v -0.069134 -1.000026 3.0961940000000006
v -0.058794 -1.272792 3.0892850000000003
v -0.046194 -1.496645 3.0808660000000003
v -0.031819 -1.662983 3.0712610000000016
v -0.016221 -1.765413 3.0608390000000014
v -0.018024 1.765413 3.0574650000000005
v -0.035355 1.662983 3.0646450000000005
v -0.051328 1.496645 3.0712600000000005
v -0.065328 1.272792 3.0770600000000012
v -0.076818 1.000026 3.081819000000001
v -0.085355 0.68883 3.085356000000001
v -0.090613 0.351163 3.0875330000000005
v -0.092388 0.0 3.088268000000001
v -0.090613 -0.351163 3.0875330000000005
v -0.085355 -0.68883 3.085356000000001
v -0.076818 -1.000026 3.081819000000001
v -0.065328 -1.272792 3.0770600000000012
v -0.051328 -1.496645 3.0712600000000005
v -0.035355 -1.662983 3.0646450000000005
v -0.018024 -1.765413 3.0574650000000005
v -0.019134 1.765413 3.0538060000000016
v -0.037533 1.662983 3.0574650000000005
v -0.054489 1.496645 3.0608390000000014
v -0.069352 1.272792 3.0637950000000007
v -0.081549 1.000026 3.0662210000000005
v -0.090613 0.68883 3.068024000000001
v -0.096194 0.351163 3.069135000000001
v -0.098078 0.0 3.069509
v -0.096194 -0.351163 3.069135000000001
v -0.090613 -0.68883 3.068024000000001
v -0.081549 -1.000026 3.0662210000000005
v -0.069352 -1.272792 3.0637950000000007
v -0.054489 -1.496645 3.0608390000000014
v -0.037533 -1.662983 3.0574650000000005
v -0.019134 -1.765413 3.0538060000000016
v -0.019509 1.765413 3.0500000000000007
v -0.038268 1.662983 3.0500000000000007
v -0.055557 1.496645 3.0500000000000007
v -0.070711 1.272792 3.0500000000000007
v -0.083147 1.000026 3.0500000000000007
v -0.092388 0.68883 3.0500000000000007
v -0.098079 0.351163 3.0500000000000007
v -0.1 0.0 3.0500000000000007
v -0.098079 -0.351163 3.0500000000000007
v -0.092388 -0.68883 3.0500000000000007
v -0.083147 -1.000026 3.0500000000000007
v -0.070711 -1.272792 3.0500000000000007
v -0.055557 -1.496645 3.0500000000000007
v -0.038268 -1.662983 3.0500000000000007
v -0.019509 -1.765413 3.0500000000000007
v -0.019134 1.765413 3.046194
v -0.037533 1.662983 3.042535000000001
v -0.054489 1.496645 3.039161
v -0.069352 1.272792 3.0362050000000007
v -0.081549 1.000026 3.033779000000001
v -0.090613 0.68883 3.0319760000000002
v -0.096194 0.351163 3.0308650000000004
v -0.098078 0.0 3.0304910000000014
v -0.096194 -0.351163 3.0308650000000004
v -0.090613 -0.68883 3.0319760000000002
v -0.081549 -1.000026 3.033779000000001
v -0.069352 -1.272792 3.0362050000000007
v -0.054489 -1.496645 3.039161
v -0.037533 -1.662983 3.042535000000001
v -0.019134 -1.765413 3.046194
v -0.018024 1.765413 3.042535000000001
v -0.035355 1.662983 3.035355000000001
v -0.051328 1.496645 3.028739
v -0.065328 1.272792 3.02294
v -0.076818 1.000026 3.0181810000000002
v -0.085355 0.68883 3.0146440000000005
v -0.090613 0.351163 3.012467000000001
v -0.092388 0.0 3.0117320000000003
v -0.090613 -0.351163 3.012467000000001
v -0.085355 -0.68883 3.0146440000000005
v -0.076818 -1.000026 3.0181810000000002
v -0.065328 -1.272792 3.02294
v -0.051328 -1.496645 3.028739
v -0.035355 -1.662983 3.035355000000001
v -0.018024 -1.765413 3.042535000000001
v -0.016221 1.765413 3.039161
v -0.031819 1.662983 3.028739
v -0.046194 1.496645 3.019134000000001
v -0.058794 1.272792 3.010715000000001
v -0.069134 1.000026 3.003806000000001
v -0.076818 0.68883 2.998672000000001
v -0.081549 0.351163 2.9955110000000005
v -0.083147 0.0 2.9944430000000004
v -0.081549 -0.351163 2.9955110000000005
v -0.076818 -0.68883 2.998672000000001
v -0.069134 -1.000026 3.003806000000001
v -0.058794 -1.272792 3.010715000000001
v -0.046194 -1.496645 3.019134000000001
v -0.031819 -1.662983 3.028739
v -0.016221 -1.765413 3.039161
v -0.013795 1.765413 3.0362050000000007
v -0.02706 1.662983 3.02294
v -0.039285 1.496645 3.010715000000001
v -0.05 1.272792 3.0
v -0.058794 1.000026 2.991206
v -0.065328 0.68883 2.9846710000000005
v -0.069352 0.351163 2.9806480000000004
v -0.070711 0.0 2.9792900000000007
v -0.069352 -0.351163 2.9806480000000004
v -0.065328 -0.68883 2.9846710000000005
v -0.058794 -1.000026 2.991206
v -0.05 -1.272792 3.0
v -0.039285 -1.496645 3.010715000000001
v -0.02706 -1.662983 3.02294
v -0.013795 -1.765413 3.0362050000000007
v -0.010839 1.765413 3.033779000000001
v -0.021261 1.662983 3.0181810000000002
v -0.030866 1.496645 3.003806000000001
v -0.039285 1.272792 2.991206
v -0.046194 1.000026 2.9808660000000007
v -0.051328 0.68883 2.9731820000000013
v -0.054489 0.351163 2.9684500000000007
v -0.055557 0.0 2.9668530000000004
v -0.054489 -0.351163 2.9684500000000007
v -0.051328 -0.68883 2.9731820000000013
v -0.046194 -1.000026 2.9808660000000007
v -0.039285 -1.272792 2.991206
v -0.030866 -1.496645 3.003806000000001
v -0.021261 -1.662983 3.0181810000000002
v -0.010839 -1.765413 3.033779000000001
v -0.007466 1.765413 3.0319760000000002
v -0.014645 1.662983 3.0146440000000005
v -0.021261 1.496645 2.998672000000001
v -0.02706 1.272792 2.9846710000000005
v -0.031819 1.000026 2.9731820000000013
v -0.035355 0.68883 2.964644
v -0.037533 0.351163 2.9593880000000006
v -0.038268 0.0 2.957612000000001
v -0.037533 -0.351163 2.9593880000000006
v -0.035355 -0.68883 2.964644
v -0.031819 -1.000026 2.9731820000000013
v -0.02706 -1.272792 2.9846710000000005
v -0.021261 -1.496645 2.998672000000001
v -0.014645 -1.662983 3.0146440000000005
v -0.007466 -1.765413 3.0319760000000002
v -0.003806 1.765413 3.0308650000000004
v -0.007466 1.662983 3.012467000000001
v -0.010839 1.496645 2.9955110000000005
v -0.013795 1.272792 2.9806480000000004
v -0.016221 1.000026 2.9684500000000007
v -0.018024 0.68883 2.9593880000000006
v -0.019134 0.351163 2.953806
v -0.019509 0.0 2.9519210000000005
v -0.019134 -0.351163 2.953806
v -0.018024 -0.68883 2.9593880000000006
v -0.016221 -1.000026 2.9684500000000007
v -0.013795 -1.272792 2.9806480000000004
v -0.010839 -1.496645 2.9955110000000005
v -0.007466 -1.662983 3.012467000000001
v -0.003806 -1.765413 3.0308650000000004
v 0.0 1.765413 3.0304910000000014
v 0.0 1.662983 3.0117320000000003
v 0.0 1.272792 2.9792890000000014
v 0.0 0.68883 2.957612000000001
v 0.0 -0.68883 2.957612000000001
v 0.0 -1.272792 2.9792890000000014
v 0.0 -1.496645 2.9944430000000004
v 0.0 -1.662983 3.0117320000000003
v 0.0 -1.765413 3.0304910000000014
vt 0.500000 0.500000
vt 0.500000 0.500000
vt 0.500000 0.500000
vt 0.500000 0.500000
vt 0.500000 0.500000
vt 0.500000 0.500000
vt 0.500000 0.500000
vt 0.500000 0.500000
vt 0.500000 0.500000
vt 0.500000 0.500000
vt 0.500000 0.500000
vt 0.500000 0.500000
vt 0.500000 0.500000
vt 0.500000 0.500000
vt 0.500000 0.500000
vt 0.500000 0.500000
vt 0.500000 0.500000
vt 0.500000 0.500000
vt 0.500000 0.500000
vt 0.500000 0.500000
vt 0.500000 0.500000
vt 0.500000 0.500000
vt 0.500000 0.500000
vt 0.500000 0.500000
vt 0.500000 0.500000
vt 0.500000 0.500000
vt 0.500000 0.500000
vt 0.500000 0.500000
vt 0.500000 0.500000
vt 0.500000 0.500000
vt 0.500000 0.500000
vt 0.500000 0.500000
vt 0.500000 0.500000
vt 0.500000 0.500000
vt 0.500000 0.500000
vt 0.500000 0.500000
vt 0.500000 0.500000
vt 0.500000 0.500000
vt 0.500000 0.500000
vt 0.500000 0.500000
vt 0.500000 0.500000
vt 0.500000 0.500000
vt 0.500000 0.500000
vt 0.500000 0.500000
vt 0.500000 0.500000
vt 0.500000 0.500000
vt 0.500000 0.500000
vt 0.500000 0.500000
vt 0.500000 0.500000
vt 0.500000 0.500000
vt 0.500000 0.500000
vt 0.500000 0.500000
vt 0.500000 0.500000
vt 0.500000 0.500000
vt 0.500000 0.500000
vt 0.500000 0.500000
vt 0.500000 0.500000
vt 0.500000 0.500000
vt 0.500000 0.500000
vt 0.500000 0.500000
vt 0.500000 0.500000
vt 0.500000 0.500000
vt 0.500000 0.500000
vt 0.500000 0.500000
vt 0.500000 0.500000
vt 0.500000 0.500000
vt 0.500000 0.500000
vt 0.500000 0.500000
vt 0.500000 0.500000
vt 0.500000 0.500000
vt 0.500000 0.500000
vt 0.500000 0.500000
vt 0.500000 0.500000
vt 0.500000 0.500000
vt 0.500000 0.500000
vt 0.500000 0.500000
vt 0.500000 0.500000
vt 0.500000 0.500000
vt 0.500000 0.500000
vt 0.500000 0.500000
vt 0.500000 0.500000
vt 0.500000 0.500000
vt 0.500000 0.500000
vt 0.500000 0.500000
vt 0.500000 0.500000
vt 0.500000 0.500000
vt 0.500000 0.500000
vt 0.500000 0.500000
vt 0.500000 0.500000
vt 0.500000 0.500000
vt 0.500000 0.500000
vt 0.500000 0.500000
vt 0.500000 0.500000
vt 0.500000 0.500000
vt 0.500000 0.500000
vt 0.500000 0.500000
vt 0.500000 0.500000
vt 0.500000 0.500000
vt 0.500000 0.500000
vt 0.500000 0.500000
vt 0.500000 0.500000
vt 0.500000 0.500000
vt 0.500000 0.500000
vt 0.500000 0.500000
vt 0.500000 0.500000
vt 0.500000 0.500000
vt 0.500000 0.500000
vt 0.500000 0.500000
vt 0.500000 0.500000
vt 0.500000 0.500000
vt 0.500000 0.500000
vt 0.500000 0.500000
vt 0.500000 0.500000
vt 0.500000 0.500000
vt 0.500000 0.500000
vt 0.500000 0.500000
vt 0.500000 0.500000
vt 0.500000 0.500000
vt 0.500000 0.500000
vt 0.500000 0.500000
vt 0.500000 0.500000
vt 0.500000 0.500000
vt 0.500000 0.500000
vt 0.500000 0.500000
vt 0.500000 0.500000
vt 0.500000 0.500000
vt 0.500000 0.500000
vt 0.500000 0.500000
vt 0.500000 0.500000
vt 0.500000 0.500000
vt 0.500000 0.500000
vt 0.500000 0.500000
vt 0.500000 0.500000
vt 0.500000 0.500000
vt 0.500000 0.500000
vt 0.500000 0.500000
vt 0.500000 0.500000
vt 0.500000 0.500000
vt 0.500000 0.500000
vt 0.500000 0.500000
vt 0.500000 0.500000
vt 0.500000 0.500000
vt 0.500000 0.500000
vt 0.500000 0.500000
vt 0.500000 0.500000
vt 0.500000 0.500000
vt 0.500000 0.500000
vt 0.500000 0.500000
vt 0.500000 0.500000
vt 0.500000 0.500000
vt 0.500000 0.500000
vt 0.500000 0.500000
vt 0.500000 0.500000
vt 0.500000 0.500000
vt 0.500000 0.500000
vt 0.500000 0.500000
vt 0.500000 0.500000
vt 0.500000 0.500000
vt 0.500000 0.500000
vt 0.500000 0.500000
vt 0.500000 0.500000
vt 0.500000 0.500000
vt 0.500000 0.500000
vt 0.500000 0.500000
vt 0.500000 0.500000
vt 0.500000 0.500000
vt 0.500000 0.500000
vt 0.500000 0.500000
vt 0.500000 0.500000
vt 0.500000 0.500000
vt 0.500000 0.500000
vt 0.500000 0.500000
vt 0.500000 0.500000
vt 0.500000 0.500000
vt 0.500000 0.500000
vt 0.500000 0.500000
vt 0.500000 0.500000
vt 0.500000 0.500000
vt 0.500000 0.500000
vt 0.500000 0.500000
vt 0.500000 0.500000
vt 0.500000 0.500000
vt 0.500000 0.500000
vt 0.500000 0.500000
vt 0.500000 0.500000
vt 0.500000 0.500000
vt 0.500000 0.500000
vt 0.500000 0.500000
vt 0.500000 0.500000
vt 0.500000 0.500000
vt 0.500000 0.500000
vt 0.500000 0.500000
vt 0.500000 0.500000
vt 0.500000 0.500000
vt 0.500000 0.500000
vt 0.500000 0.500000
vt 0.500000 0.500000
vt 0.500000 0.500000
vt 0.500000 0.500000
vt 0.500000 0.500000
vt 0.500000 0.500000
vt 0.500000 0.500000
vt 0.500000 0.500000
vt 0.500000 0.500000
vt 0.500000 0.500000
vt 0.500000 0.500000
vt 0.500000 0.500000
vt 0.500000 0.500000
vt 0.500000 0.500000
vt 0.500000 0.500000
vt 0.500000 0.500000
vt 0.500000 0.500000
vt 0.500000 0.500000
vt 0.500000 0.500000
vt 0.500000 0.500000
vt 0.500000 0.500000
vt 0.500000 0.500000
vt 0.500000 0.500000
vt 0.500000 0.500000
vt 0.500000 0.500000
vt 0.500000 0.500000
vt 0.500000 0.500000
vt 0.500000 0.500000
vt 0.500000 0.500000
vt 0.500000 0.500000
vt 0.500000 0.500000
vt 0.500000 0.500000
vt 0.500000 0.500000
vt 0.500000 0.500000
vt 0.500000 0.500000
vt 0.500000 0.500000
vt 0.500000 0.500000
vt 0.500000 0.500000
vt 0.500000 0.500000
vt 0.500000 0.500000
vt 0.500000 0.500000
vt 0.500000 0.500000
vt 0.500000 0.500000
vt 0.500000 0.500000
vt 0.500000 0.500000
vt 0.500000 0.500000
vt 0.500000 0.500000
vt 0.500000 0.500000
vt 0.500000 0.500000
vt 0.500000 0.500000
vt 0.500000 0.500000
vt 0.500000 0.500000
vt 0.500000 0.500000
vt 0.500000 0.500000
vt 0.500000 0.500000
vt 0.500000 0.500000
vt 0.500000 0.500000
vt 0.500000 0.500000
vt 0.500000 0.500000
vt 0.500000 0.500000
vt 0.500000 0.500000
vt 0.500000 0.500000
vt 0.500000 0.500000
vt 0.500000 0.500000
vt 0.500000 0.500000
vt 0.500000 0.500000
vt 0.500000 0.500000
vt 0.500000 0.500000
vt 0.500000 0.500000
vt 0.500000 0.500000
vt 0.500000 0.500000
vt 0.500000 0.500000
vt 0.500000 0.500000
vt 0.500000 0.500000
vt 0.500000 0.500000
vt 0.500000 0.500000
vt 0.500000 0.500000
vt 0.500000 0.500000
vt 0.500000 0.500000
vt 0.500000 0.500000
vt 0.500000 0.500000
vt 0.500000 0.500000
vt 0.500000 0.500000
vt 0.500000 0.500000
vt 0.500000 0.500000
vt 0.500000 0.500000
vt 0.500000 0.500000
vt 0.500000 0.500000
vt 0.500000 0.500000
vt 0.500000 0.500000
vt 0.500000 0.500000
vt 0.500000 0.500000
vt 0.500000 0.500000
vt 0.500000 0.500000
vt 0.500000 0.500000
vt 0.500000 0.500000
vt 0.500000 0.500000
vt 0.500000 0.500000
vt 0.500000 0.500000
vt 0.500000 0.500000
vt 0.500000 0.500000
vt 0.500000 0.500000
vt 0.500000 0.500000
vt 0.500000 0.500000
vt 0.500000 0.500000
vt 0.500000 0.500000
vt 0.500000 0.500000
vt 0.500000 0.500000
vt 0.500000 0.500000
vt 0.500000 0.500000
vt 0.500000 0.500000
vt 0.500000 0.500000
vt 0.500000 0.500000
vt 0.500000 0.500000
vt 0.500000 0.500000
vt 0.500000 0.500000
vt 0.500000 0.500000
vt 0.500000 0.500000
vt 0.500000 0.500000
vt 0.500000 0.500000
vt 0.500000 0.500000
vt 0.500000 0.500000
vt 0.500000 0.500000
vt 0.500000 0.500000
vt 0.500000 0.500000
vt 0.500000 0.500000
vt 0.500000 0.500000
vt 0.500000 0.500000
vt 0.500000 0.500000
vt 0.500000 0.500000
vt 0.500000 0.500000
vt 0.500000 0.500000
vt 0.500000 0.500000
vt 0.500000 0.500000
vt 0.500000 0.500000
vt 0.500000 0.500000
vt 0.500000 0.500000
vt 0.500000 0.500000
vt 0.500000 0.500000
vt 0.500000 0.500000
vt 0.500000 0.500000
vt 0.500000 0.500000
vt 0.500000 0.500000
vt 0.500000 0.500000
vt 0.500000 0.500000
vt 0.500000 0.500000
vt 0.500000 0.500000
vt 0.500000 0.500000
vt 0.500000 0.500000
vt 0.500000 0.500000
vt 0.500000 0.500000
vt 0.500000 0.500000
vt 0.500000 0.500000
vt 0.500000 0.500000
vt 0.500000 0.500000
vt 0.500000 0.500000
vt 0.500000 0.500000
vt 0.500000 0.500000
vt 0.500000 0.500000
vt 0.500000 0.500000
vt 0.500000 0.500000
vt 0.500000 0.500000
vt 0.500000 0.500000
vt 0.500000 0.500000
vt 0.500000 0.500000
vt 0.500000 0.500000
vt 0.500000 0.500000
vt 0.500000 0.500000
vt 0.500000 0.500000
vt 0.500000 0.500000
vt 0.500000 0.500000
vt 0.500000 0.500000
vt 0.500000 0.500000
vt 0.500000 0.500000
vt 0.500000 0.500000
vt 0.500000 0.500000
vt 0.500000 0.500000
vt 0.500000 0.500000
vt 0.500000 0.500000
vt 0.500000 0.500000
vt 0.500000 0.500000
vt 0.500000 0.500000
vt 0.500000 0.500000
vt 0.500000 0.500000
vt 0.500000 0.500000
vt 0.500000 0.500000
vt 0.500000 0.500000
vt 0.500000 0.500000
vt 0.500000 0.500000
vt 0.500000 0.500000
vt 0.500000 0.500000
vt 0.500000 0.500000
vt 0.500000 0.500000
vt 0.500000 0.500000
vt 0.500000 0.500000
vt 0.500000 0.500000
vt 0.500000 0.500000
vt 0.500000 0.500000
vt 0.500000 0.500000
vt 0.500000 0.500000
vt 0.500000 0.500000
vt 0.500000 0.500000
vt 0.500000 0.500000
vt 0.500000 0.500000
vt 0.500000 0.500000
vt 0.500000 0.500000
vt 0.500000 0.500000
vt 0.500000 0.500000
vt 0.500000 0.500000
vt 0.500000 0.500000
vt 0.500000 0.500000
vt 0.500000 0.500000
vt 0.500000 0.500000
vt 0.500000 0.500000
vt 0.500000 0.500000
vt 0.500000 0.500000
vt 0.500000 0.500000
vt 0.500000 0.500000
vt 0.500000 0.500000
vt 0.500000 0.500000
vt 0.500000 0.500000
vt 0.500000 0.500000
vt 0.500000 0.500000
vt 0.500000 0.500000
vt 0.500000 0.500000
vt 0.500000 0.500000
vt 0.500000 0.500000
vt 0.500000 0.500000
vt 0.500000 0.500000
vt 0.500000 0.500000
vt 0.500000 0.500000
vt 0.500000 0.500000
vt 0.500000 0.500000
vt 0.500000 0.500000
vt 0.500000 0.500000
vt 0.500000 0.500000
vt 0.500000 0.500000
vt 0.500000 0.500000
vt 0.500000 0.500000
vt 0.500000 0.500000
vt 0.500000 0.500000
vt 0.500000 0.500000
vt 0.500000 0.500000
vt 0.500000 0.500000
vt 0.500000 0.500000
vt 0.500000 0.500000
vt 0.500000 0.500000
vt 0.500000 0.500000
vt 0.500000 0.500000
vt 0.500000 0.500000
vt 0.500000 0.500000
vt 0.500000 0.500000
vt 0.500000 0.500000
vt 0.500000 0.500000
vt 0.500000 0.500000
vt 0.500000 0.500000
vt 0.500000 0.500000
vt 0.500000 0.500000
vt 0.500000 0.500000
vt 0.500000 0.500000
vt 0.500000 0.500000
vt 0.500000 0.500000
vt 0.500000 0.500000
vt 0.500000 0.500000
vt 0.500000 0.500000
vt 0.500000 0.500000
vt 0.500000 0.500000
vt 0.500000 0.500000
vt 0.500000 0.500000
vt 0.500000 0.500000
vt 0.500000 0.500000
vt 0.500000 0.500000
vt 0.500000 0.500000
vt 0.500000 0.500000
vt 0.500000 0.500000
vt 0.500000 0.500000
vt 0.500000 0.500000
vt 0.500000 0.500000
vt 0.500000 0.500000
vt 0.500000 0.500000
vt 0.500000 0.500000
vt 0.500000 0.500000
vt 0.500000 0.500000
vt 0.500000 0.500000
vt 0.500000 0.500000
vt 0.500000 0.500000
vt 0.500000 0.500000
vt 0.500000 0.500000
vt 0.500000 0.500000
vt 0.500000 0.500000
vt 0.500000 0.500000
vt 0.500000 0.500000
vt 0.500000 0.500000
vt 0.500000 0.500000
vt 0.500000 0.500000
vt 0.500000 0.500000
vt 0.500000 0.500000
vt 0.500000 0.500000
vt 0.500000 0.500000
vt 0.500000 0.500000
vt 0.500000 0.500000
vt 0.500000 0.500000
vt 0.500000 0.500000
vt 0.500000 0.500000
vt 0.500000 0.500000
vt 0.500000 0.500000
vt 0.500000 0.500000
vt 0.500000 0.500000
vt 0.500000 0.500000
vt 0.500000 0.500000
vt 0.500000 0.500000
vt 0.500000 0.500000
vt 0.500000 0.500000
vt 0.500000 0.500000
vt 0.500000 0.500000
vt 0.500000 0.500000
vt 0.500000 0.500000
vt 0.500000 0.500000
vt 0.500000 0.500000
vt 0.500000 0.500000
vt 0.500000 0.500000
vt 0.500000 0.500000
vt 0.500000 0.500000
vt 0.500000 0.500000
vt 0.500000 0.500000
vt 0.500000 0.500000
vt 0.500000 0.500000
vt 0.500000 0.500000
vt 0.500000 0.500000
vt 0.500000 0.500000
vt 0.500000 0.500000
vt 0.500000 0.500000
vt 0.500000 0.500000
vt 0.500000 0.500000
vt 0.500000 0.500000
vt 0.500000 0.500000
vt 0.500000 0.500000
vt 0.500000 0.500000
vt 0.500000 0.500000
vt 0.500000 0.500000
vt 0.500000 0.500000
vt 0.500000 0.500000
vt 0.500000 0.500000
vt 0.500000 0.500000
vt 0.500000 0.500000
vt 0.500000 0.500000
vt 0.500000 0.500000
vt 0.500000 0.500000
vt 0.500000 0.500000
vt 0.500000 0.500000
vt 0.500000 0.500000
vt 0.500000 0.500000
vt 0.500000 0.500000
vt 0.500000 0.500000
vt 0.500000 0.500000
vt 0.500000 0.500000
vt 0.500000 0.500000
vt 0.500000 0.500000
vt 0.500000 0.500000
vt 0.500000 0.500000
vt 0.500000 0.500000
vt 0.500000 0.500000
vt 0.500000 0.500000
vt 0.500000 0.500000
vt 0.500000 0.500000
vt 0.500000 0.500000
vt 0.500000 0.500000
vt 0.500000 0.500000
vt 0.500000 0.500000
vt 0.500000 0.500000
vt 0.500000 0.500000
vt 0.500000 0.500000
vt 0.500000 0.500000
vt 0.500000 0.500000
vt 0.500000 0.500000
vt 0.500000 0.500000
vt 0.500000 0.500000
vt 0.500000 0.500000
vt 0.500000 0.500000
vt 0.500000 0.500000
vt 0.500000 0.500000
vt 0.500000 0.500000
vt 0.500000 0.500000
vt 0.500000 0.500000
vt 0.500000 0.500000
vt 0.500000 0.500000
vt 0.500000 0.500000
vt 0.500000 0.500000
vt 0.500000 0.500000
vt 0.500000 0.500000
vt 0.500000 0.500000
vt 0.500000 0.500000
vt 0.500000 0.500000
vt 0.500000 0.500000
vt 0.500000 0.500000
vt 0.500000 0.500000
vt 0.500000 0.500000
vt 0.500000 0.500000
vt 0.500000 0.500000
vt 0.500000 0.500000
vt 0.500000 0.500000
vt 0.500000 0.500000
vt 0.500000 0.500000
vt 0.500000 0.500000
vt 0.500000 0.500000
vt 0.500000 0.500000
vt 0.500000 0.500000
vt 0.500000 0.500000
vt 0.500000 0.500000
vt 0.500000 0.500000
vt 0.500000 0.500000
vt 0.500000 0.500000
vt 0.500000 0.500000
vt 0.500000 0.500000
vt 0.500000 0.500000
vt 0.500000 0.500000
vt 0.500000 0.500000
vt 0.500000 0.500000
vt 0.500000 0.500000
vt 0.500000 0.500000
vt 0.500000 0.500000
vt 0.500000 0.500000
vt 0.500000 0.500000
vt 0.500000 0.500000
vt 0.500000 0.500000
vt 0.500000 0.500000
vt 0.500000 0.500000
vt 0.500000 0.500000
vt 0.500000 0.500000
vt 0.500000 0.500000
vt 0.500000 0.500000
vt 0.500000 0.500000
vt 0.500000 0.500000
vt 0.500000 0.500000
vt 0.500000 0.500000
vt 0.500000 0.500000
vt 0.500000 0.500000
vt 0.500000 0.500000
vt 0.500000 0.500000
vt 0.500000 0.500000
vt 0.500000 0.500000
vt 0.500000 0.500000
vt 0.500000 0.500000
vt 0.500000 0.500000
vt 0.500000 0.500000
vt 0.500000 0.500000
vt 0.500000 0.500000
vt 0.500000 0.500000
vt 0.500000 0.500000
vt 0.500000 0.500000
vt 0.500000 0.500000
vt 0.500000 0.500000
vt 0.500000 0.500000
vt 0.500000 0.500000
vt 0.500000 0.500000
vt 0.500000 0.500000
vt 0.500000 0.500000
vt 0.500000 0.500000
vt 0.500000 0.500000
vt 0.500000 0.500000
vt 0.500000 0.500000
vt 0.500000 0.500000
vt 0.500000 0.500000
vt 0.500000 0.500000
vt 0.500000 0.500000
vt 0.500000 0.500000
vt 0.500000 0.500000
vt 0.500000 0.500000
vt 0.500000 0.500000
vt 0.500000 0.500000
vt 0.500000 0.500000
vt 0.500000 0.500000
vt 0.500000 0.500000
vt 0.500000 0.500000
vt 0.500000 0.500000
vt 0.500000 0.500000
vt 0.500000 0.500000
vt 0.500000 0.500000
vt 0.500000 0.500000
vt 0.500000 0.500000
vt 0.500000 0.500000
vt 0.500000 0.500000
vt 0.500000 0.500000
vt 0.500000 0.500000
vt 0.500000 0.500000
vt 0.500000 0.500000
vt 0.500000 0.500000
vt 0.500000 0.500000
vt 0.500000 0.500000
vt 0.500000 0.500000
vt 0.500000 0.500000
vt 0.500000 0.500000
vt 0.500000 0.500000
vt 0.979702 0.385241
vt 0.989099 0.500000
vt 0.915945 0.500000
vt 0.907953 0.385241
vt 0.500000 0.500000
vt 0.500000 0.500000
vt 0.500000 0.500000
vt 0.500000 0.500000
vt 0.951869 0.274892
vt 0.979702 0.385241
vt 0.907953 0.385241
vt 0.884283 0.274892
vt 0.500000 0.500000
vt 0.500000 0.500000
vt 0.500000 0.500000
vt 0.500000 0.500000
vt 0.906671 0.173194
vt 0.951869 0.274892
vt 0.884283 0.274892
vt 0.845846 0.173194
vt 0.500000 0.500000
vt 0.500000 0.500000
vt 0.500000 0.500000
vt 0.500000 0.500000
vt 0.500000 0.500000
vt 0.500000 0.500000
vt 0.500000 0.500000
vt 0.500000 0.500000
vt 0.500000 0.500000
vt 0.500000 0.500000
vt 0.500000 0.500000
vt 0.500000 0.500000
vt 0.500000 0.500000
vt 0.500000 0.500000
vt 0.500000 0.500000
vt 0.500000 0.500000
vt 0.951869 0.725108
vt 0.906671 0.826806
vt 0.845846 0.826806
vt 0.884283 0.725108
vt 0.500000 0.500000
vt 0.500000 0.500000
vt 0.500000 0.500000
vt 0.500000 0.500000
vt 0.979702 0.614759
vt 0.951869 0.725108
vt 0.884283 0.725108
vt 0.907953 0.614759
vt 0.500000 0.500000
vt 0.500000 0.500000
vt 0.500000 0.500000
vt 0.500000 0.500000
vt 0.989099 0.500000
vt 0.979702 0.614759
vt 0.907953 0.614759
vt 0.915945 0.500000
vt 0.845846 0.826806
vt 0.794118 0.915945
vt 0.731086 0.915945
vt 0.771729 0.826806
vt 0.500000 0.500000
vt 0.500000 0.500000
vt 0.500000 0.500000
vt 0.500000 0.500000
vt 0.884283 0.725108
vt 0.845846 0.826806
vt 0.771729 0.826806
vt 0.801929 0.725108
vt 0.500000 0.500000
vt 0.500000 0.500000
vt 0.500000 0.500000
vt 0.500000 0.500000
vt 0.907953 0.614759
vt 0.884283 0.725108
vt 0.801929 0.725108
vt 0.820526 0.614759
vt 0.500000 0.500000
vt 0.500000 0.500000
vt 0.500000 0.500000
vt 0.500000 0.500000
vt 0.915945 0.500000
vt 0.907953 0.614759
vt 0.820526 0.614759
vt 0.826806 0.500000
vt 0.500000 0.500000
vt 0.500000 0.500000
vt 0.500000 0.500000
vt 0.500000 0.500000
vt 0.500000 0.500000
vt 0.500000 0.500000
vt 0.907953 0.385241
vt 0.915945 0.500000
vt 0.826806 0.500000
vt 0.820526 0.385241
vt 0.500000 0.500000
vt 0.500000 0.500000
vt 0.500000 0.500000
vt 0.500000 0.500000
vt 0.884283 0.274892
vt 0.907953 0.385241
vt 0.820526 0.385241
vt 0.801929 0.274892
vt 0.500000 0.500000
vt 0.500000 0.500000
vt 0.500000 0.500000
vt 0.500000 0.500000
vt 0.845846 0.173194
vt 0.884283 0.274892
vt 0.801929 0.274892
vt 0.771729 0.173194
vt 0.500000 0.500000
vt 0.500000 0.500000
vt 0.500000 0.500000
vt 0.500000 0.500000
vt 0.794118 0.084055
vt 0.845846 0.173194
vt 0.771729 0.173194
vt 0.731086 0.084055
vt 0.820526 0.385241
vt 0.826806 0.500000
vt 0.725108 0.500000
vt 0.720782 0.385241
vt 0.500000 0.500000
vt 0.500000 0.500000
vt 0.500000 0.500000
vt 0.500000 0.500000
vt 0.801929 0.274892
vt 0.820526 0.385241
vt 0.720782 0.385241
vt 0.707972 0.274892
vt 0.500000 0.500000
vt 0.500000 0.500000
vt 0.500000 0.500000
vt 0.500000 0.500000
vt 0.771729 0.173194
vt 0.801929 0.274892
vt 0.707972 0.274892
vt 0.687170 0.173194
vt 0.731086 0.915945
vt 0.681564 0.989100
vt 0.625063 0.989100
vt 0.659175 0.915945
vt 0.731086 0.084055
vt 0.771729 0.173194
vt 0.687170 0.173194
vt 0.659175 0.084055
vt 0.771729 0.826806
vt 0.731086 0.915945
vt 0.659175 0.915945
vt 0.687170 0.826806
vt 0.681564 0.010900
vt 0.731086 0.084055
vt 0.659175 0.084055
vt 0.625063 0.010900
vt 0.801929 0.725108
vt 0.771729 0.826806
vt 0.687170 0.826806
vt 0.707972 0.725108
vt 0.500000 0.500000
vt 0.500000 0.500000
vt 0.500000 0.500000
vt 0.500000 0.500000
vt 0.820526 0.614759
vt 0.801929 0.725108
vt 0.707972 0.725108
vt 0.720782 0.614759
vt 0.500000 0.500000
vt 0.500000 0.500000
vt 0.500000 0.500000
vt 0.500000 0.500000
vt 0.826806 0.500000
vt 0.820526 0.614759
vt 0.720782 0.614759
vt 0.725108 0.500000
vt 0.500000 0.500000
vt 0.500000 0.500000
vt 0.500000 0.500000
vt 0.500000 0.500000
vt 0.500000 0.500000
vt 0.500000 0.500000
vt 0.625063 0.010900
vt 0.659175 0.084055
vt 0.581147 0.084055
vt 0.563756 0.010900
vt 0.707972 0.725108
vt 0.687170 0.826806
vt 0.595419 0.826806
vt 0.606024 0.725108
vt 0.500000 0.500000
vt 0.500000 0.500000
vt 0.500000 0.500000
vt 0.500000 0.500000
vt 0.720782 0.614759
vt 0.707972 0.725108
vt 0.606024 0.725108
vt 0.612554 0.614759
vt 0.500000 0.500000
vt 0.500000 0.500000
vt 0.500000 0.500000
vt 0.500000 0.500000
vt 0.725108 0.500000
vt 0.720782 0.614759
vt 0.612554 0.614759
vt 0.614759 0.500000
vt 0.500000 0.500000
vt 0.500000 0.500000
vt 0.500000 0.500000
vt 0.500000 0.500000
vt 0.500000 0.500000
vt 0.500000 0.500000
vt 0.720782 0.385241
vt 0.725108 0.500000
vt 0.614759 0.500000
vt 0.612554 0.385241
vt 0.500000 0.500000
vt 0.500000 0.500000
vt 0.500000 0.500000
vt 0.500000 0.500000
vt 0.707972 0.274892
vt 0.720782 0.385241
vt 0.612554 0.385241
vt 0.606024 0.274892
vt 0.500000 0.500000
vt 0.500000 0.500000
vt 0.500000 0.500000
vt 0.500000 0.500000
vt 0.687170 0.173194
vt 0.707972 0.274892
vt 0.606024 0.274892
vt 0.595419 0.173194
vt 0.659175 0.915945
vt 0.625063 0.989100
vt 0.563756 0.989100
vt 0.581147 0.915945
vt 0.659175 0.084055
vt 0.687170 0.173194
vt 0.595419 0.173194
vt 0.581147 0.084055
vt 0.687170 0.826806
vt 0.659175 0.915945
vt 0.581147 0.915945
vt 0.595419 0.826806
vt 0.500000 0.500000
vt 0.500000 0.500000
vt 0.500000 0.500000
vt 0.500000 0.500000
vt 0.606024 0.274892
vt 0.612554 0.385241
vt 0.500000 0.385241
vt 0.500000 0.274892
vt 0.500000 0.500000
vt 0.500000 0.500000
vt 0.500000 0.500000
vt 0.500000 0.500000
vt 0.595419 0.173194
vt 0.606024 0.274892
vt 0.500000 0.274892
vt 0.500000 0.173194
vt 0.581147 0.915945
vt 0.563756 0.989100
vt 0.500000 0.989100
vt 0.500000 0.915945
vt 0.581147 0.084055
vt 0.595419 0.173194
vt 0.500000 0.173194
vt 0.500000 0.084055
vt 0.595419 0.826806
vt 0.581147 0.915945
vt 0.500000 0.915945
vt 0.500000 0.826806
vt 0.563756 0.010900
vt 0.581147 0.084055
vt 0.500000 0.084055
vt 0.500000 0.010900
vt 0.606024 0.725108
vt 0.595419 0.826806
vt 0.500000 0.826806
vt 0.500000 0.725108
vt 0.500000 0.500000
vt 0.500000 0.500000
vt 0.500000 0.500000
vt 0.500000 0.500000
vt 0.612554 0.614759
vt 0.606024 0.725108
vt 0.500000 0.725108
vt 0.500000 0.614759
vt 0.500000 0.500000
vt 0.500000 0.500000
vt 0.500000 0.500000
vt 0.500000 0.500000
vt 0.614759 0.500000
vt 0.612554 0.614759
vt 0.500000 0.614759
vt 0.500000 0.500000
vt 0.500000 0.500000
vt 0.500000 0.500000
vt 0.500000 0.500000
vt 0.500000 0.500000
vt 0.500000 0.500000
vt 0.500000 0.500000
vt 0.612554 0.385241
vt 0.614759 0.500000
vt 0.500000 0.500000
vt 0.500000 0.385241
vt 0.500000 0.725108
vt 0.500000 0.826806
vt 0.404581 0.826806
vt 0.393976 0.725108
vt 0.500000 0.500000
vt 0.500000 0.500000
vt 0.500000 0.500000
vt 0.500000 0.500000
vt 0.500000 0.614759
vt 0.500000 0.725108
vt 0.393976 0.725108
vt 0.387446 0.614759
vt 0.500000 0.500000
vt 0.500000 0.500000
vt 0.500000 0.500000
vt 0.500000 0.500000
vt 0.500000 0.500000
vt 0.500000 0.614759
vt 0.387446 0.614759
vt 0.385241 0.500000
vt 0.500000 0.500000
vt 0.500000 0.500000
vt 0.500000 0.500000
vt 0.500000 0.500000
vt 0.500000 0.500000
vt 0.500000 0.500000
vt 0.500000 0.385241
vt 0.500000 0.500000
vt 0.385241 0.500000
vt 0.387446 0.385241
vt 0.500000 0.500000
vt 0.500000 0.500000
vt 0.500000 0.500000
vt 0.500000 0.500000
vt 0.500000 0.274892
vt 0.500000 0.385241
vt 0.387446 0.385241
vt 0.393976 0.274892
vt 0.500000 0.500000
vt 0.500000 0.500000
vt 0.500000 0.500000
vt 0.500000 0.500000
vt 0.500000 0.173194
vt 0.500000 0.274892
vt 0.393976 0.274892
vt 0.404581 0.173194
vt 0.500000 0.915945
vt 0.500000 0.989100
vt 0.436244 0.989100
vt 0.418853 0.915945
vt 0.500000 0.084055
vt 0.500000 0.173194
vt 0.404581 0.173194
vt 0.418853 0.084055
vt 0.500000 0.826806
vt 0.500000 0.915945
vt 0.418853 0.915945
vt 0.404581 0.826806
vt 0.500000 0.010900
vt 0.500000 0.084055
vt 0.418853 0.084055
vt 0.436244 0.010900
vt 0.393976 0.274892
vt 0.387446 0.385241
vt 0.279218 0.385241
vt 0.292028 0.274892
vt 0.500000 0.500000
vt 0.500000 0.500000
vt 0.500000 0.500000
vt 0.500000 0.500000
vt 0.404581 0.173194
vt 0.393976 0.274892
vt 0.292028 0.274892
vt 0.312829 0.173194
vt 0.418853 0.915945
vt 0.436244 0.989100
vt 0.374936 0.989100
vt 0.340825 0.915945
vt 0.418853 0.084055
vt 0.404581 0.173194
vt 0.312829 0.173194
vt 0.340825 0.084055
vt 0.404581 0.826806
vt 0.418853 0.915945
vt 0.340825 0.915945
vt 0.312829 0.826806
vt 0.436244 0.010900
vt 0.418853 0.084055
vt 0.340825 0.084055
vt 0.374936 0.010900
vt 0.393976 0.725108
vt 0.404581 0.826806
vt 0.312829 0.826806
vt 0.292028 0.725108
vt 0.500000 0.500000
vt 0.500000 0.500000
vt 0.500000 0.500000
vt 0.500000 0.500000
vt 0.387446 0.614759
vt 0.393976 0.725108
vt 0.292028 0.725108
vt 0.279218 0.614759
vt 0.500000 0.500000
vt 0.500000 0.500000
vt 0.500000 0.500000
vt 0.500000 0.500000
vt 0.385241 0.500000
vt 0.387446 0.614759
vt 0.279218 0.614759
vt 0.274892 0.500000
vt 0.500000 0.500000
vt 0.500000 0.500000
vt 0.500000 0.500000
vt 0.500000 0.500000
vt 0.500000 0.500000
vt 0.500000 0.500000
vt 0.387446 0.385241
vt 0.385241 0.500000
vt 0.274892 0.500000
vt 0.279218 0.385241
vt 0.500000 0.500000
vt 0.500000 0.500000
vt 0.500000 0.500000
vt 0.500000 0.500000
vt 0.500000 0.500000
vt 0.500000 0.500000
vt 0.500000 0.500000
vt 0.500000 0.500000
vt 0.279218 0.614759
vt 0.292028 0.725108
vt 0.198071 0.725108
vt 0.179474 0.614759
vt 0.500000 0.500000
vt 0.500000 0.500000
vt 0.500000 0.500000
vt 0.500000 0.500000
vt 0.274892 0.500000
vt 0.279218 0.614759
vt 0.179474 0.614759
vt 0.173194 0.500000
vt 0.500000 0.500000
vt 0.500000 0.500000
vt 0.500000 0.500000
vt 0.500000 0.500000
vt 0.500000 0.500000
vt 0.500000 0.500000
vt 0.279218 0.385241
vt 0.274892 0.500000
vt 0.173194 0.500000
vt 0.179474 0.385241
vt 0.500000 0.500000
vt 0.500000 0.500000
vt 0.500000 0.500000
vt 0.500000 0.500000
vt 0.292028 0.274892
vt 0.279218 0.385241
vt 0.179474 0.385241
vt 0.198071 0.274892
vt 0.500000 0.500000
vt 0.500000 0.500000
vt 0.500000 0.500000
vt 0.500000 0.500000
vt 0.312829 0.173194
vt 0.292028 0.274892
vt 0.198071 0.274892
vt 0.228271 0.173194
vt 0.340825 0.915945
vt 0.374936 0.989100
vt 0.318436 0.989100
vt 0.268914 0.915945
vt 0.340825 0.084055
vt 0.312829 0.173194
vt 0.228271 0.173194
vt 0.268914 0.084055
vt 0.312829 0.826806
vt 0.340825 0.915945
vt 0.268914 0.915945
vt 0.228271 0.826806
vt 0.374936 0.010900
vt 0.340825 0.084055
vt 0.268914 0.084055
vt 0.318436 0.010900
vt 0.292028 0.725108
vt 0.312829 0.826806
vt 0.228271 0.826806
vt 0.198071 0.725108
vt 0.228271 0.173194
vt 0.198071 0.274892
vt 0.115717 0.274892
vt 0.154154 0.173194
vt 0.500000 0.500000
vt 0.500000 0.500000
vt 0.500000 0.500000
vt 0.500000 0.500000
vt 0.268914 0.084055
vt 0.228271 0.173194
vt 0.154154 0.173194
vt 0.205882 0.084055
vt 0.228271 0.826806
vt 0.268914 0.915945
vt 0.205882 0.915945
vt 0.154154 0.826806
vt 0.500000 0.500000
vt 0.500000 0.500000
vt 0.500000 0.500000
vt 0.500000 0.500000
vt 0.198071 0.725108
vt 0.228271 0.826806
vt 0.154154 0.826806
vt 0.115717 0.725108
vt 0.500000 0.500000
vt 0.500000 0.500000
vt 0.500000 0.500000
vt 0.500000 0.500000
vt 0.179474 0.614759
vt 0.198071 0.725108
vt 0.115717 0.725108
vt 0.092047 0.614759
vt 0.500000 0.500000
vt 0.500000 0.500000
vt 0.500000 0.500000
vt 0.500000 0.500000
vt 0.173194 0.500000
vt 0.179474 0.614759
vt 0.092047 0.614759
vt 0.084055 0.500000
vt 0.500000 0.500000
vt 0.500000 0.500000
vt 0.500000 0.500000
vt 0.500000 0.500000
vt 0.500000 0.500000
vt 0.500000 0.500000
vt 0.179474 0.385241
vt 0.173194 0.500000
vt 0.084055 0.500000
vt 0.092047 0.385241
vt 0.500000 0.500000
vt 0.500000 0.500000
vt 0.500000 0.500000
vt 0.500000 0.500000
vt 0.198071 0.274892
vt 0.179474 0.385241
vt 0.092047 0.385241
vt 0.115717 0.274892
vt 0.500000 0.500000
vt 0.500000 0.500000
vt 0.500000 0.500000
vt 0.500000 0.500000
vt 0.500000 0.500000
vt 0.500000 0.500000
vt 0.500000 0.500000
vt 0.500000 0.500000
vt 0.084055 0.500000
vt 0.092047 0.614759
vt 0.020298 0.614759
vt 0.010901 0.500000
vt 0.500000 0.500000
vt 0.500000 0.500000
vt 0.500000 0.500000
vt 0.500000 0.500000
vt 0.500000 0.500000
vt 0.500000 0.500000
vt 0.092047 0.385241
vt 0.084055 0.500000
vt 0.010901 0.500000
vt 0.020298 0.385241
vt 0.500000 0.500000
vt 0.500000 0.500000
vt 0.500000 0.500000
vt 0.500000 0.500000
vt 0.115717 0.274892
vt 0.092047 0.385241
vt 0.020298 0.385241
vt 0.048131 0.274892
vt 0.500000 0.500000
vt 0.500000 0.500000
vt 0.500000 0.500000
vt 0.500000 0.500000
vt 0.154154 0.173194
vt 0.115717 0.274892
vt 0.048131 0.274892
vt 0.093329 0.173194
vt 0.500000 0.500000
vt 0.500000 0.500000
vt 0.500000 0.500000
vt 0.500000 0.500000
vt 0.500000 0.500000
vt 0.500000 0.500000
vt 0.500000 0.500000
vt 0.500000 0.500000
vt 0.500000 0.500000
vt 0.500000 0.500000
vt 0.500000 0.500000
vt 0.500000 0.500000
vt 0.500000 0.500000
vt 0.500000 0.500000
vt 0.500000 0.500000
vt 0.500000 0.500000
vt 0.115717 0.725108
vt 0.154154 0.826806
vt 0.093329 0.826806
vt 0.048131 0.725108
vt 0.500000 0.500000
vt 0.500000 0.500000
vt 0.500000 0.500000
vt 0.500000 0.500000
vt 0.092047 0.614759
vt 0.115717 0.725108
vt 0.048131 0.725108
vt 0.020298 0.614759
vt 0.500000 0.500000
vt 0.500000 0.500000
vt 0.500000 0.500000
vt 0.500000 0.500000
vt 0.500000 0.500000
vt 0.500000 0.500000
vt 0.500000 0.500000
vt 0.500000 0.500000
vt 0.500000 0.500000
vt 0.500000 0.500000
vt 0.500000 0.500000
vt 0.500000 0.500000
vt 0.500000 0.500000
vt 0.500000 0.500000
vt 0.500000 0.500000
vt 0.500000 0.500000
vt 0.500000 0.500000
vt 0.500000 0.500000
vt 0.500000 0.500000
vt 0.500000 0.500000
vt 0.500000 0.500000
vt 0.500000 0.500000
vt 0.500000 0.500000
vt 0.500000 0.500000
vt 0.500000 0.500000
vt 0.500000 0.500000
vt 0.500000 0.500000
vt 0.500000 0.500000
vt 0.500000 0.500000
vt 0.500000 0.500000
vt 0.500000 0.500000
vt 0.500000 0.500000
vt 0.500000 0.500000
vt 0.500000 0.500000
vt 0.500000 0.500000
vt 0.500000 0.500000
vt 0.500000 0.500000
vt 0.500000 0.500000
vt 0.500000 0.500000
vt 0.500000 0.500000
vt 0.500000 0.500000
vt 0.500000 0.500000
vt 0.500000 0.500000
vt 0.500000 0.500000
vt 0.500000 0.500000
vt 0.500000 0.500000
vt 0.500000 0.500000
vt 0.500000 0.500000
vt 0.500000 0.500000
vt 0.500000 0.500000
vt 0.500000 0.500000
vt 0.500000 0.500000
vt 0.500000 0.500000
vt 0.500000 0.500000
vt 0.500000 0.500000
vt 0.500000 0.500000
vt 0.500000 0.500000
vt 0.500000 0.500000
vt 0.500000 0.500000
vt 0.500000 0.500000
vt 0.500000 0.500000
vt 0.500000 0.500000
vt 0.500000 0.500000
vt 0.500000 0.500000
vt 0.500000 0.500000
vt 0.500000 0.500000
vt 0.500000 0.500000
vt 0.500000 0.500000
vt 0.500000 0.500000
vt 0.500000 0.500000
vt 0.500000 0.500000
vt 0.500000 0.500000
vt 0.500000 0.500000
vt 0.500000 0.500000
vt 0.500000 0.500000
vt 0.500000 0.500000
vt 0.500000 0.500000
vt 0.500000 0.500000
vt 0.500000 0.500000
vt 0.500000 0.500000
vt 0.500000 0.500000
vt 0.500000 0.500000
vt 0.500000 0.500000
vt 0.500000 0.500000
vt 0.500000 0.500000
vt 0.500000 0.500000
vt 0.500000 0.500000
vt 0.500000 0.500000
vt 0.500000 0.500000
vt 0.500000 0.500000
vt 0.500000 0.500000
vt 0.500000 0.500000
vt 0.500000 0.500000
vt 0.500000 0.500000
vt 0.500000 0.500000
vt 0.500000 0.500000
vt 0.500000 0.500000
vt 0.500000 0.500000
vt 0.500000 0.500000
vt 0.500000 0.500000
vt 0.500000 0.500000
vt 0.500000 0.500000
vt 0.500000 0.500000
vt 0.500000 0.500000
vt 0.500000 0.500000
vt 0.500000 0.500000
vt 0.500000 0.500000
vt 0.500000 0.500000
vt 0.500000 0.500000
vt 0.500000 0.500000
vt 0.500000 0.500000
vt 0.500000 0.500000
vt 0.500000 0.500000
vt 0.500000 0.500000
vt 0.500000 0.500000
vt 0.500000 0.500000
vt 0.500000 0.500000
vt 0.500000 0.500000
vt 0.500000 0.500000
vt 0.500000 0.500000
vt 0.500000 0.500000
vt 0.500000 0.500000
vt 0.500000 0.500000
vt 0.500000 0.500000
vt 0.500000 0.500000
vt 0.500000 0.500000
vt 0.500000 0.500000
vt 0.500000 0.500000
vt 0.500000 0.500000
vt 0.500000 0.500000
vt 0.500000 0.500000
vt 0.500000 0.500000
vt 0.500000 0.500000
vt 0.500000 0.500000
vt 0.500000 0.500000
vt 0.500000 0.500000
vt 0.500000 0.500000
vt 0.500000 0.500000
vt 0.500000 0.500000
vt 0.500000 0.500000
vt 0.500000 0.500000
vt 0.500000 0.500000
vt 0.500000 0.500000
vt 0.500000 0.500000
vt 0.500000 0.500000
vt 0.500000 0.500000
vt 0.500000 0.500000
vt 0.500000 0.500000
vt 0.500000 0.500000
vt 0.500000 0.500000
vt 0.500000 0.500000
vt 0.500000 0.500000
vt 0.500000 0.500000
vt 0.500000 0.500000
vt 0.500000 0.500000
vt 0.500000 0.500000
vt 0.500000 0.500000
vt 0.500000 0.500000
vt 0.500000 0.500000
vt 0.500000 0.500000
vt 0.500000 0.500000
vt 0.500000 0.500000
vt 0.500000 0.500000
vt 0.500000 0.500000
vt 0.500000 0.500000
vt 0.500000 0.500000
vt 0.500000 0.500000
vt 0.500000 0.500000
vt 0.500000 0.500000
vt 0.500000 0.500000
vt 0.500000 0.500000
vt 0.500000 0.500000
vt 0.500000 0.500000
vt 0.500000 0.500000
vt 0.500000 0.500000
vt 0.500000 0.500000
vt 0.500000 0.500000
vt 0.500000 0.500000
vt 0.500000 0.500000
vt 0.500000 0.500000
vt 0.500000 0.500000
vt 0.500000 0.500000
vt 0.500000 0.500000
vt 0.500000 0.500000
vt 0.500000 0.500000
vt 0.500000 0.500000
vt 0.500000 0.500000
vt 0.500000 0.500000
vt 0.500000 0.500000
vt 0.500000 0.500000
vt 0.500000 0.500000
vt 0.500000 0.500000
vt 0.500000 0.500000
vt 0.500000 0.500000
vt 0.500000 0.500000
vt 0.500000 0.500000
vt 0.500000 0.500000
vt 0.500000 0.500000
vt 0.500000 0.500000
vt 0.500000 0.500000
vt 0.500000 0.500000
vt 0.500000 0.500000
vt 0.500000 0.500000
vt 0.500000 0.500000
vt 0.500000 0.500000
vt 0.500000 0.500000
vt 0.500000 0.500000
vt 0.500000 0.500000
vt 0.500000 0.500000
vt 0.500000 0.500000
vt 0.500000 0.500000
vt 0.500000 0.500000
vt 0.500000 0.500000
vt 0.500000 0.500000
vt 0.500000 0.500000
vt 0.500000 0.500000
vt 0.500000 0.500000
vt 0.500000 0.500000
vt 0.500000 0.500000
vt 0.500000 0.500000
vt 0.500000 0.500000
vt 0.500000 0.500000
vt 0.500000 0.500000
vt 0.500000 0.500000
vt 0.500000 0.500000
vt 0.500000 0.500000
vt 0.500000 0.500000
vt 0.500000 0.500000
vt 0.500000 0.500000
vt 0.500000 0.500000
vt 0.500000 0.500000
vt 0.500000 0.500000
vt 0.500000 0.500000
vt 0.500000 0.500000
vt 0.500000 0.500000
vt 0.500000 0.500000
vt 0.500000 0.500000
vt 0.500000 0.500000
vt 0.500000 0.500000
vt 0.500000 0.500000
vt 0.500000 0.500000
vt 0.500000 0.500000
vt 0.500000 0.500000
vt 0.500000 0.500000
vt 0.500000 0.500000
vt 0.500000 0.500000
vt 0.500000 0.500000
vt 0.500000 0.500000
vt 0.500000 0.500000
vt 0.500000 0.500000
vt 0.500000 0.500000
vt 0.500000 0.500000
vt 0.500000 0.500000
vt 0.500000 0.500000
vt 0.500000 0.500000
vt 0.500000 0.500000
vt 0.500000 0.500000
vt 0.500000 0.500000
vt 0.500000 0.500000
vt 0.500000 0.500000
vt 0.500000 0.500000
vt 0.500000 0.500000
vt 0.500000 0.500000
vt 0.500000 0.500000
vt 0.500000 0.500000
vt 0.500000 0.500000
vt 0.500000 0.500000
vt 0.500000 0.500000
vt 0.500000 0.500000
vt 0.500000 0.500000
vt 0.500000 0.500000
vt 0.500000 0.500000
vt 0.500000 0.500000
vt 0.500000 0.500000
vt 0.500000 0.500000
vt 0.500000 0.500000
vt 0.500000 0.500000
vt 0.500000 0.500000
vt 0.500000 0.500000
vt 0.500000 0.500000
vt 0.500000 0.500000
vt 0.500000 0.500000
vt 0.500000 0.500000
vt 0.500000 0.500000
vt 0.500000 0.500000
vt 0.500000 0.500000
vt 0.500000 0.500000
vt 0.500000 0.500000
vt 0.500000 0.500000
vt 0.500000 0.500000
vt 0.500000 0.500000
vt 0.500000 0.500000
vt 0.500000 0.500000
vt 0.500000 0.500000
vt 0.500000 0.500000
vt 0.500000 0.500000
vt 0.500000 0.500000
vt 0.500000 0.500000
vt 0.500000 0.500000
vt 0.500000 0.500000
vt 0.500000 0.500000
vt 0.500000 0.500000
vt 0.500000 0.500000
vt 0.500000 0.500000
vt 0.500000 0.500000
vt 0.500000 0.500000
vt 0.500000 0.500000
vt 0.500000 0.500000
vt 0.500000 0.500000
vt 0.500000 0.500000
vt 0.500000 0.500000
vt 0.500000 0.500000
vt 0.500000 0.500000
vt 0.500000 0.500000
vt 0.500000 0.500000
vt 0.500000 0.500000
vt 0.500000 0.500000
vt 0.500000 0.500000
vt 0.500000 0.500000
vt 0.500000 0.500000
vt 0.500000 0.500000
vt 0.500000 0.500000
vt 0.500000 0.500000
vt 0.500000 0.500000
vt 0.500000 0.500000
vt 0.500000 0.500000
vt 0.500000 0.500000
vt 0.500000 0.500000
vt 0.500000 0.500000
vt 0.500000 0.500000
vt 0.500000 0.500000
vt 0.500000 0.500000
vt 0.500000 0.500000
vt 0.500000 0.500000
vt 0.500000 0.500000
vt 0.500000 0.500000
vt 0.500000 0.500000
vt 0.500000 0.500000
vt 0.500000 0.500000
vt 0.500000 0.500000
vt 0.500000 0.500000
vt 0.500000 0.500000
vt 0.500000 0.500000
vt 0.500000 0.500000
vt 0.500000 0.500000
vt 0.500000 0.500000
vt 0.500000 0.500000
vt 0.500000 0.500000
vt 0.500000 0.500000
vt 0.500000 0.500000
vt 0.500000 0.500000
vt 0.500000 0.500000
vt 0.500000 0.500000
vt 0.500000 0.500000
vt 0.500000 0.500000
vt 0.500000 0.500000
vt 0.500000 0.500000
vt 0.500000 0.500000
vt 0.500000 0.500000
vt 0.500000 0.500000
vt 0.500000 0.500000
vt 0.500000 0.500000
vt 0.500000 0.500000
vt 0.500000 0.500000
vt 0.500000 0.500000
vt 0.500000 0.500000
vt 0.500000 0.500000
vt 0.500000 0.500000
vt 0.500000 0.500000
vt 0.500000 0.500000
vt 0.500000 0.500000
vt 0.500000 0.500000
vt 0.500000 0.500000
vt 0.500000 0.500000
vt 0.500000 0.500000
vt 0.500000 0.500000
vt 0.500000 0.500000
vt 0.500000 0.500000
vt 0.500000 0.500000
vt 0.500000 0.500000
vt 0.500000 0.500000
vt 0.500000 0.500000
vt 0.500000 0.500000
vt 0.500000 0.500000
vt 0.500000 0.500000
vt 0.500000 0.500000
vt 0.500000 0.500000
vt 0.500000 0.500000
vt 0.500000 0.500000
vt 0.500000 0.500000
vt 0.500000 0.500000
vt 0.500000 0.500000
vt 0.500000 0.500000
vt 0.500000 0.500000
vt 0.500000 0.500000
vt 0.500000 0.500000
vt 0.500000 0.500000
vt 0.500000 0.500000
vt 0.500000 0.500000
vt 0.500000 0.500000
vt 0.500000 0.500000
vt 0.500000 0.500000
vt 0.500000 0.500000
vt 0.500000 0.500000
vt 0.500000 0.500000
vt 0.500000 0.500000
vt 0.500000 0.500000
vt 0.500000 0.500000
vt 0.500000 0.500000
vt 0.500000 0.500000
vt 0.500000 0.500000
vt 0.500000 0.500000
vt 0.500000 0.500000
vt 0.500000 0.500000
vt 0.500000 0.500000
vt 0.500000 0.500000
vt 0.500000 0.500000
vt 0.500000 0.500000
vt 0.500000 0.500000
vt 0.500000 0.500000
vt 0.500000 0.500000
vt 0.500000 0.500000
vt 0.500000 0.500000
vt 0.500000 0.500000
vt 0.500000 0.500000
vt 0.500000 0.500000
vt 0.500000 0.500000
vt 0.500000 0.500000
vt 0.500000 0.500000
vt 0.500000 0.500000
vt 0.500000 0.500000
vt 0.500000 0.500000
vt 0.500000 0.500000
vt 0.500000 0.500000
vt 0.500000 0.500000
vt 0.500000 0.500000
vt 0.500000 0.500000
vt 0.500000 0.500000
vt 0.500000 0.500000
vt 0.500000 0.500000
vt 0.500000 0.500000
vt 0.500000 0.500000
vt 0.500000 0.500000
vt 0.500000 0.500000
vt 0.500000 0.500000
vt 0.500000 0.500000
vt 0.500000 0.500000
vt 0.500000 0.500000
vt 0.500000 0.500000
vt 0.500000 0.500000
vt 0.500000 0.500000
vt 0.500000 0.500000
vt 0.500000 0.500000
vt 0.500000 0.500000
vt 0.500000 0.500000
vt 0.500000 0.500000
vt 0.500000 0.500000
vt 0.500000 0.500000
vt 0.500000 0.500000
vt 0.500000 0.500000
vt 0.500000 0.500000
vt 0.500000 0.500000
vt 0.500000 0.500000
vt 0.500000 0.500000
vt 0.500000 0.500000
vt 0.500000 0.500000
vt 0.500000 0.500000
vt 0.500000 0.500000
vt 0.500000 0.500000
vt 0.500000 0.500000
vt 0.500000 0.500000
vt 0.500000 0.500000
vt 0.500000 0.500000
vt 0.500000 0.500000
vt 0.500000 0.500000
vt 0.500000 0.500000
vt 0.500000 0.500000
vt 0.500000 0.500000
vt 0.500000 0.500000
vt 0.500000 0.500000
vt 0.500000 0.500000
vt 0.500000 0.500000
vt 0.500000 0.500000
vt 0.500000 0.500000
vt 0.500000 0.500000
vt 0.500000 0.500000
vt 0.500000 0.500000
vt 0.500000 0.500000
vt 0.500000 0.500000
vt 0.500000 0.500000
vt 0.500000 0.500000
vt 0.500000 0.500000
vt 0.500000 0.500000
vt 0.500000 0.500000
vt 0.500000 0.500000
vt 0.500000 0.500000
vt 0.500000 0.500000
vt 0.500000 0.500000
vt 0.500000 0.500000
vt 0.500000 0.500000
vt 0.500000 0.500000
vt 0.500000 0.500000
vt 0.500000 0.500000
vt 0.500000 0.500000
vt 0.500000 0.500000
vt 0.500000 0.500000
vt 0.500000 0.500000
vt 0.500000 0.500000
vt 0.500000 0.500000
vt 0.500000 0.500000
vt 0.500000 0.500000
vt 0.500000 0.500000
vt 0.500000 0.500000
vt 0.500000 0.500000
vt 0.500000 0.500000
vt 0.500000 0.500000
vt 0.500000 0.500000
vt 0.500000 0.500000
vt 0.500000 0.500000
vt 0.500000 0.500000
vt 0.500000 0.500000
vt 0.500000 0.500000
vt 0.500000 0.500000
vt 0.500000 0.500000
vt 0.500000 0.500000
vt 0.500000 0.500000
vt 0.500000 0.500000
vt 0.500000 0.500000
vt 0.500000 0.500000
vt 0.500000 0.500000
vt 0.500000 0.500000
vt 0.500000 0.500000
vt 0.500000 0.500000
vt 0.500000 0.500000
vt 0.500000 0.500000
vt 0.500000 0.500000
vt 0.500000 0.500000
vt 0.500000 0.500000
vt 0.500000 0.500000
vt 0.500000 0.500000
vt 0.500000 0.500000
vt 0.500000 0.500000
vt 0.500000 0.500000
vt 0.500000 0.500000
vt 0.500000 0.500000
vt 0.500000 0.500000
vt 0.500000 0.500000
vt 0.500000 0.500000
vt 0.500000 0.500000
vt 0.500000 0.500000
vt 0.500000 0.500000
vt 0.500000 0.500000
vt 0.500000 0.500000
vt 0.500000 0.500000
vt 0.500000 0.500000
vt 0.500000 0.500000
vt 0.500000 0.500000
vt 0.500000 0.500000
vt 0.500000 0.500000
vt 0.500000 0.500000
vt 0.500000 0.500000
vt 0.500000 0.500000
vt 0.500000 0.500000
vt 0.500000 0.500000
vt 0.500000 0.500000
vt 0.500000 0.500000
vt 0.500000 0.500000
vt 0.500000 0.500000
vt 0.500000 0.500000
vt 0.500000 0.500000
vt 0.500000 0.500000
vt 0.500000 0.500000
vt 0.500000 0.500000
vt 0.500000 0.500000
vt 0.500000 0.500000
vt 0.500000 0.500000
vt 0.500000 0.500000
vt 0.500000 0.500000
vt 0.500000 0.500000
vt 0.500000 0.500000
vt 0.500000 0.500000
vt 0.500000 0.500000
vt 0.500000 0.500000
vt 0.500000 0.500000
vt 0.500000 0.500000
vt 0.500000 0.500000
vt 0.500000 0.500000
vt 0.500000 0.500000
vt 0.500000 0.500000
vt 0.500000 0.500000
vt 0.500000 0.500000
vt 0.500000 0.500000
vt 0.500000 0.500000
vt 0.500000 0.500000
vt 0.500000 0.500000
vt 0.500000 0.500000
vt 0.500000 0.500000
vt 0.500000 0.500000
vt 0.500000 0.500000
vt 0.500000 0.500000
vt 0.500000 0.500000
vt 0.500000 0.500000
vt 0.500000 0.500000
vt 0.500000 0.500000
vt 0.500000 0.500000
vt 0.500000 0.500000
vt 0.500000 0.500000
vt 0.500000 0.500000
vt 0.500000 0.500000
vt 0.500000 0.500000
vt 0.500000 0.500000
vt 0.500000 0.500000
vt 0.500000 0.500000
vt 0.500000 0.500000
vt 0.500000 0.500000
vt 0.500000 0.500000
vt 0.500000 0.500000
vt 0.500000 0.500000
vt 0.500000 0.500000
vt 0.500000 0.500000
vt 0.500000 0.500000
vt 0.500000 0.500000
vt 0.500000 0.500000
vt 0.500000 0.500000
vt 0.500000 0.500000
vt 0.500000 0.500000
vt 0.500000 0.500000
vt 0.500000 0.500000
vt 0.500000 0.500000
vt 0.500000 0.500000
vt 0.500000 0.500000
vt 0.500000 0.500000
vt 0.500000 0.500000
vt 0.500000 0.500000
vt 0.500000 0.500000
vt 0.500000 0.500000
vt 0.500000 0.500000
vt 0.500000 0.500000
vt 0.500000 0.500000
vt 0.500000 0.500000
vt 0.500000 0.500000
vt 0.500000 0.500000
vt 0.500000 0.500000
vt 0.500000 0.500000
vt 0.500000 0.500000
vt 0.500000 0.500000
vt 0.500000 0.500000
vt 0.500000 0.500000
vt 0.500000 0.500000
vt 0.500000 0.500000
vt 0.500000 0.500000
vt 0.500000 0.500000
vt 0.500000 0.500000
vt 0.500000 0.500000
vt 0.500000 0.500000
vt 0.500000 0.500000
vt 0.500000 0.500000
vt 0.500000 0.500000
vt 0.500000 0.500000
vt 0.500000 0.500000
vt 0.500000 0.500000
vt 0.500000 0.500000
vt 0.500000 0.500000
vt 0.500000 0.500000
vt 0.500000 0.500000
vt 0.500000 0.500000
vt 0.500000 0.500000
vt 0.500000 0.500000
vt 0.500000 0.500000
vt 0.500000 0.500000
vt 0.500000 0.500000
vt 0.500000 0.500000
vt 0.500000 0.500000
vt 0.500000 0.500000
vt 0.500000 0.500000
vt 0.500000 0.500000
vt 0.500000 0.500000
vt 0.500000 0.500000
vt 0.500000 0.500000
vt 0.500000 0.500000
vt 0.500000 0.500000
vt 0.500000 0.500000
vt 0.500000 0.500000
vt 0.500000 0.500000
vt 0.500000 0.500000
vt 0.500000 0.500000
vt 0.500000 0.500000
vt 0.500000 0.500000
vt 0.500000 0.500000
vt 0.500000 0.500000
vt 0.500000 0.500000
vt 0.500000 0.500000
vt 0.500000 0.500000
vt 0.500000 0.500000
vt 0.500000 0.500000
vt 0.500000 0.500000
vt 0.500000 0.500000
vt 0.500000 0.500000
vt 0.500000 0.500000
vt 0.500000 0.500000
vt 0.500000 0.500000
vt 0.500000 0.500000
vt 0.500000 0.500000
vt 0.500000 0.500000
vt 0.500000 0.500000
vt 0.500000 0.500000
vt 0.500000 0.500000
vt 0.500000 0.500000
vt 0.500000 0.500000
vt 0.500000 0.500000
vt 0.500000 0.500000
vt 0.500000 0.500000
vt 0.500000 0.500000
vt 0.500000 0.500000
vt 0.500000 0.500000
vt 0.500000 0.500000
vt 0.500000 0.500000
vt 0.500000 0.500000
vt 0.500000 0.500000
vt 0.500000 0.500000
vt 0.500000 0.500000
vt 0.500000 0.500000
vt 0.500000 0.500000
vt 0.500000 0.500000
vt 0.500000 0.500000
vt 0.500000 0.500000
vt 0.500000 0.500000
vt 0.500000 0.500000
vt 0.500000 0.500000
vt 0.500000 0.500000
vt 0.500000 0.500000
vt 0.500000 0.500000
vt 0.500000 0.500000
vt 0.500000 0.500000
vt 0.500000 0.500000
vt 0.500000 0.500000
vt 0.500000 0.500000
vt 0.500000 0.500000
vt 0.500000 0.500000
vt 0.500000 0.500000
vt 0.500000 0.500000
vt 0.500000 0.500000
vt 0.500000 0.500000
vt 0.500000 0.500000
vt 0.000000 0.046936
vt 0.000000 0.092254
vt 0.135212 0.115912
vt 0.198686 0.073223
vt 0.500000 0.500000
vt 0.500000 0.500000
vt 0.500000 0.500000
vt 0.500000 0.500000
vt 0.000000 0.019030
vt 0.000000 0.046936
vt 0.198686 0.073223
vt 0.237772 0.046936
vt 0.500000 0.500000
vt 0.500000 0.500000
vt 0.500000 0.500000
vt 0.500000 0.500000
vt 0.000000 0.009608
vt 0.000000 0.019030
vt 0.237772 0.046936
vt 0.250970 0.038060
vt 0.500000 0.500000
vt 0.500000 0.500000
vt 0.500000 0.500000
vt 0.500000 0.500000
vt 0.500000 0.500000
vt 0.500000 0.500000
vt 0.500000 0.500000
vt 0.500000 0.500000
vt 0.500000 0.500000
vt 0.500000 0.500000
vt 0.500000 0.500000
vt 0.500000 0.500000
vt 0.500000 0.500000
vt 0.500000 0.500000
vt 0.500000 0.500000
vt 0.500000 0.500000
vt 0.500000 0.500000
vt 0.500000 0.500000
vt 0.500000 0.500000
vt 0.500000 0.500000
vt 0.500000 0.500000
vt 0.500000 0.500000
vt 0.500000 0.500000
vt 0.500000 0.500000
vt 0.500000 0.500000
vt 0.500000 0.500000
vt 0.500000 0.500000
vt 0.500000 0.500000
vt 0.500000 0.500000
vt 0.500000 0.500000
vt 0.500000 0.500000
vt 0.500000 0.500000
vt 0.500000 0.500000
vt 0.500000 0.500000
vt 0.500000 0.500000
vt 0.500000 0.500000
vt 0.500000 0.500000
vt 0.500000 0.500000
vt 0.500000 0.500000
vt 0.500000 0.500000
vt 0.500000 0.500000
vt 0.500000 0.500000
vt 0.500000 0.500000
vt 0.500000 0.500000
vt 0.500000 0.500000
vt 0.500000 0.500000
vt 0.500000 0.500000
vt 0.500000 0.500000
vt 0.500000 0.500000
vt 0.500000 0.500000
vt 0.500000 0.500000
vt 0.500000 0.500000
vt 0.500000 0.500000
vt 0.500000 0.500000
vt 0.049791 0.173359
vt 0.000000 0.243360
vt 0.118105 0.269030
vt 0.269213 0.206031
vt 0.500000 0.500000
vt 0.500000 0.500000
vt 0.500000 0.500000
vt 0.500000 0.500000
vt 0.135212 0.115912
vt 0.049791 0.173359
vt 0.269213 0.206031
vt 0.393225 0.154329
vt 0.500000 0.500000
vt 0.500000 0.500000
vt 0.500000 0.500000
vt 0.500000 0.500000
vt 0.198686 0.073223
vt 0.135212 0.115912
vt 0.393225 0.154329
vt 0.485374 0.115912
vt 0.500000 0.500000
vt 0.500000 0.500000
vt 0.500000 0.500000
vt 0.500000 0.500000
vt 0.237772 0.046936
vt 0.198686 0.073223
vt 0.485374 0.115912
vt 0.542119 0.092254
vt 0.500000 0.500000
vt 0.500000 0.500000
vt 0.500000 0.500000
vt 0.500000 0.500000
vt 0.250970 0.038060
vt 0.237772 0.046936
vt 0.542119 0.092254
vt 0.561280 0.084265
vt 0.500000 0.500000
vt 0.500000 0.500000
vt 0.500000 0.500000
vt 0.500000 0.500000
vt 0.500000 0.500000
vt 0.500000 0.500000
vt 0.500000 0.500000
vt 0.500000 0.500000
vt 0.500000 0.500000
vt 0.500000 0.500000
vt 0.500000 0.500000
vt 0.500000 0.500000
vt 0.500000 0.500000
vt 0.500000 0.500000
vt 0.500000 0.500000
vt 0.500000 0.500000
vt 0.500000 0.500000
vt 0.500000 0.500000
vt 0.542119 0.092254
vt 0.485374 0.115912
vt 0.736659 0.173359
vt 0.808882 0.153240
vt 0.500000 0.500000
vt 0.500000 0.500000
vt 0.500000 0.500000
vt 0.500000 0.500000
vt 0.561280 0.084265
vt 0.542119 0.092254
vt 0.808882 0.153240
vt 0.833269 0.146447
vt 0.500000 0.500000
vt 0.500000 0.500000
vt 0.500000 0.500000
vt 0.500000 0.500000
vt 0.500000 0.500000
vt 0.500000 0.500000
vt 0.500000 0.500000
vt 0.500000 0.500000
vt 0.500000 0.500000
vt 0.500000 0.500000
vt 0.500000 0.500000
vt 0.500000 0.500000
vt 0.500000 0.500000
vt 0.500000 0.500000
vt 0.500000 0.500000
vt 0.500000 0.500000
vt 0.500000 0.500000
vt 0.500000 0.500000
vt 0.118105 0.269030
vt 0.000000 0.340905
vt 0.049791 0.364701
vt 0.269213 0.303576
vt 0.500000 0.500000
vt 0.500000 0.500000
vt 0.500000 0.500000
vt 0.500000 0.500000
vt 0.269213 0.206031
vt 0.118105 0.269030
vt 0.269213 0.303576
vt 0.461538 0.250000
vt 0.500000 0.500000
vt 0.500000 0.500000
vt 0.500000 0.500000
vt 0.500000 0.500000
vt 0.393225 0.154329
vt 0.269213 0.206031
vt 0.461538 0.250000
vt 0.619375 0.206032
vt 0.500000 0.500000
vt 0.500000 0.500000
vt 0.500000 0.500000
vt 0.500000 0.500000
vt 0.485374 0.115912
vt 0.393225 0.154329
vt 0.619375 0.206032
vt 0.736659 0.173359
vt 0.500000 0.500000
vt 0.500000 0.500000
vt 0.500000 0.500000
vt 0.500000 0.500000
vt 0.461538 0.250000
vt 0.269213 0.303576
vt 0.393225 0.345671
vt 0.619375 0.303576
vt 0.500000 0.500000
vt 0.500000 0.500000
vt 0.500000 0.500000
vt 0.500000 0.500000
vt 0.619375 0.206032
vt 0.461538 0.250000
vt 0.619375 0.303576
vt 0.804972 0.269030
vt 0.500000 0.500000
vt 0.500000 0.500000
vt 0.500000 0.500000
vt 0.500000 0.500000
vt 0.736659 0.173359
vt 0.619375 0.206032
vt 0.804972 0.269030
vt 0.942883 0.243360
vt 0.500000 0.500000
vt 0.500000 0.500000
vt 0.500000 0.500000
vt 0.500000 0.500000
vt 0.808882 0.153240
vt 0.736659 0.173359
vt 0.942883 0.243360
vt 1.000000 0.227552
vt 0.500000 0.500000
vt 0.500000 0.500000
vt 0.500000 0.500000
vt 0.500000 0.500000
vt 0.833269 0.146447
vt 0.808882 0.153240
vt 1.000000 0.227552
vt 1.000000 0.222215
vt 0.500000 0.500000
vt 0.500000 0.500000
vt 0.500000 0.500000
vt 0.500000 0.500000
vt 0.500000 0.500000
vt 0.500000 0.500000
vt 0.500000 0.500000
vt 0.500000 0.500000
vt 0.500000 0.500000
vt 0.500000 0.500000
vt 0.500000 0.500000
vt 0.500000 0.500000
vt 0.500000 0.500000
vt 0.500000 0.500000
vt 0.500000 0.500000
vt 0.500000 0.500000
vt 0.500000 0.500000
vt 0.500000 0.500000
vt 0.269213 0.303576
vt 0.049791 0.364701
vt 0.135212 0.393696
vt 0.393225 0.345671
vt 0.500000 0.500000
vt 0.500000 0.500000
vt 0.500000 0.500000
vt 0.500000 0.500000
vt 0.500000 0.500000
vt 0.500000 0.500000
vt 0.500000 0.500000
vt 0.500000 0.500000
vt 0.500000 0.500000
vt 0.500000 0.500000
vt 0.500000 0.500000
vt 0.500000 0.500000
vt 0.500000 0.500000
vt 0.500000 0.500000
vt 0.500000 0.500000
vt 0.500000 0.500000
vt 0.500000 0.500000
vt 0.500000 0.500000
vt 0.135212 0.393696
vt 0.000000 0.445807
vt 0.000000 0.462671
vt 0.198686 0.426777
vt 0.500000 0.500000
vt 0.500000 0.500000
vt 0.500000 0.500000
vt 0.500000 0.500000
vt 0.393225 0.345671
vt 0.135212 0.393696
vt 0.198686 0.426777
vt 0.485374 0.393696
vt 0.500000 0.500000
vt 0.500000 0.500000
vt 0.500000 0.500000
vt 0.500000 0.500000
vt 0.619375 0.303576
vt 0.393225 0.345671
vt 0.485374 0.393696
vt 0.736659 0.364701
vt 0.500000 0.500000
vt 0.500000 0.500000
vt 0.500000 0.500000
vt 0.500000 0.500000
vt 0.804972 0.269030
vt 0.619375 0.303576
vt 0.736659 0.364701
vt 0.942883 0.340905
vt 0.500000 0.500000
vt 0.500000 0.500000
vt 0.500000 0.500000
vt 0.500000 0.500000
vt 0.942883 0.243360
vt 0.804972 0.269030
vt 0.942883 0.340905
vt 1.000000 0.323223
vt 0.500000 0.500000
vt 0.500000 0.500000
vt 0.500000 0.500000
vt 0.500000 0.500000
vt 0.500000 0.500000
vt 0.500000 0.500000
vt 0.500000 0.500000
vt 0.500000 0.500000
vt 0.736659 0.364701
vt 0.485374 0.393696
vt 0.542119 0.445807
vt 0.808882 0.431025
vt 0.500000 0.500000
vt 0.500000 0.500000
vt 0.500000 0.500000
vt 0.500000 0.500000
vt 0.942883 0.340905
vt 0.736659 0.364701
vt 0.808882 0.431025
vt 1.000000 0.418894
vt 0.500000 0.500000
vt 0.500000 0.500000
vt 0.500000 0.500000
vt 0.500000 0.500000
vt 0.500000 0.500000
vt 0.500000 0.500000
vt 0.500000 0.500000
vt 0.500000 0.500000
vt 0.500000 0.500000
vt 0.500000 0.500000
vt 0.500000 0.500000
vt 0.500000 0.500000
vt 0.500000 0.500000
vt 0.500000 0.500000
vt 0.500000 0.500000
vt 0.500000 0.500000
vt 0.500000 0.500000
vt 0.500000 0.500000
vt 0.500000 0.500000
vt 0.500000 0.500000
vt 0.500000 0.500000
vt 0.500000 0.500000
vt 0.500000 0.500000
vt 0.500000 0.500000
vt 0.500000 0.500000
vt 0.500000 0.500000
vt 0.500000 0.500000
vt 0.500000 0.500000
vt 0.500000 0.500000
vt 0.500000 0.500000
vt 0.500000 0.500000
vt 0.500000 0.500000
vt 0.500000 0.500000
vt 0.500000 0.500000
vt 0.198686 0.426777
vt 0.000000 0.462671
vt 0.000000 0.480970
vt 0.237772 0.462671
vt 0.500000 0.500000
vt 0.500000 0.500000
vt 0.500000 0.500000
vt 0.500000 0.500000
vt 0.485374 0.393696
vt 0.198686 0.426777
vt 0.237772 0.462671
vt 0.542119 0.445807
vt 0.500000 0.500000
vt 0.500000 0.500000
vt 0.500000 0.500000
vt 0.500000 0.500000
vt 0.500000 0.500000
vt 0.500000 0.500000
vt 0.500000 0.500000
vt 0.500000 0.500000
vt 0.500000 0.500000
vt 0.500000 0.500000
vt 0.500000 0.500000
vt 0.500000 0.500000
vt 0.500000 0.500000
vt 0.500000 0.500000
vt 0.500000 0.500000
vt 0.500000 0.500000
vt 0.500000 0.500000
vt 0.500000 0.500000
vt 0.237772 0.462671
vt 0.000000 0.480970
vt 0.000000 0.500000
vt 0.250970 0.500000
vt 0.500000 0.500000
vt 0.500000 0.500000
vt 0.500000 0.500000
vt 0.500000 0.500000
vt 0.542119 0.445807
vt 0.237772 0.462671
vt 0.250970 0.500000
vt 0.561280 0.500000
vt 0.500000 0.500000
vt 0.500000 0.500000
vt 0.500000 0.500000
vt 0.500000 0.500000
vt 0.808882 0.431025
vt 0.542119 0.445807
vt 0.561280 0.500000
vt 0.833268 0.500000
vt 0.500000 0.500000
vt 0.500000 0.500000
vt 0.500000 0.500000
vt 0.500000 0.500000
vt 1.000000 0.418894
vt 0.808882 0.431025
vt 0.833268 0.500000
vt 1.000000 0.500000
vt 0.500000 0.500000
vt 0.500000 0.500000
vt 0.500000 0.500000
vt 0.500000 0.500000
vt 0.500000 0.500000
vt 0.500000 0.500000
vt 0.500000 0.500000
vt 0.500000 0.500000
vt 0.500000 0.500000
vt 0.500000 0.500000
vt 0.500000 0.500000
vt 0.500000 0.500000
vt 0.500000 0.500000
vt 0.500000 0.500000
vt 0.500000 0.500000
vt 0.500000 0.500000
vt 0.500000 0.500000
vt 0.500000 0.500000
vt 0.500000 0.500000
vt 0.500000 0.500000
vt 0.500000 0.500000
vt 0.500000 0.500000
vt 0.500000 0.500000
vt 0.500000 0.500000
vt 1.000000 0.500000
vt 0.833268 0.500000
vt 0.808882 0.568975
vt 1.000000 0.581106
vt 0.500000 0.500000
vt 0.500000 0.500000
vt 0.500000 0.500000
vt 0.500000 0.500000
vt 0.500000 0.500000
vt 0.500000 0.500000
vt 0.500000 0.500000
vt 0.500000 0.500000
vt 0.500000 0.500000
vt 0.500000 0.500000
vt 0.500000 0.500000
vt 0.500000 0.500000
vt 0.500000 0.500000
vt 0.500000 0.500000
vt 0.500000 0.500000
vt 0.500000 0.500000
vt 0.500000 0.500000
vt 0.500000 0.500000
vt 0.500000 0.500000
vt 0.500000 0.500000
vt 0.500000 0.500000
vt 0.500000 0.500000
vt 0.500000 0.500000
vt 0.500000 0.500000
vt 0.500000 0.500000
vt 0.500000 0.500000
vt 0.500000 0.500000
vt 0.500000 0.500000
vt 0.500000 0.500000
vt 0.500000 0.500000
vt 0.500000 0.500000
vt 0.500000 0.500000
vt 0.500000 0.500000
vt 0.500000 0.500000
vt 0.250970 0.500000
vt 0.000000 0.500000
vt 0.000000 0.519030
vt 0.237772 0.537329
vt 0.500000 0.500000
vt 0.500000 0.500000
vt 0.500000 0.500000
vt 0.500000 0.500000
vt 0.561280 0.500000
vt 0.250970 0.500000
vt 0.237772 0.537329
vt 0.542119 0.554193
vt 0.500000 0.500000
vt 0.500000 0.500000
vt 0.500000 0.500000
vt 0.500000 0.500000
vt 0.833268 0.500000
vt 0.561280 0.500000
vt 0.542119 0.554193
vt 0.808882 0.568975
vt 0.500000 0.500000
vt 0.500000 0.500000
vt 0.500000 0.500000
vt 0.500000 0.500000
vt 0.500000 0.500000
vt 0.500000 0.500000
vt 0.500000 0.500000
vt 0.500000 0.500000
vt 0.500000 0.500000
vt 0.500000 0.500000
vt 0.237772 0.537329
vt 0.000000 0.519030
vt 0.000000 0.537329
vt 0.198686 0.573223
vt 0.500000 0.500000
vt 0.500000 0.500000
vt 0.500000 0.500000
vt 0.500000 0.500000
vt 0.542119 0.554193
vt 0.237772 0.537329
vt 0.198686 0.573223
vt 0.485374 0.606304
vt 0.500000 0.500000
vt 0.500000 0.500000
vt 0.500000 0.500000
vt 0.500000 0.500000
vt 0.808882 0.568975
vt 0.542119 0.554193
vt 0.485374 0.606304
vt 0.736659 0.635299
vt 0.500000 0.500000
vt 0.500000 0.500000
vt 0.500000 0.500000
vt 0.500000 0.500000
vt 1.000000 0.581106
vt 0.808882 0.568975
vt 0.736659 0.635299
vt 0.942883 0.659095
vt 0.500000 0.500000
vt 0.500000 0.500000
vt 0.500000 0.500000
vt 0.500000 0.500000
vt 0.500000 0.500000
vt 0.500000 0.500000
vt 0.500000 0.500000
vt 0.500000 0.500000
vt 0.500000 0.500000
vt 0.500000 0.500000
vt 0.500000 0.500000
vt 0.500000 0.500000
vt 0.500000 0.500000
vt 0.500000 0.500000
vt 0.500000 0.500000
vt 0.500000 0.500000
vt 0.500000 0.500000
vt 0.500000 0.500000
vt 0.500000 0.500000
vt 0.500000 0.500000
vt 0.500000 0.500000
vt 0.500000 0.500000
vt 0.500000 0.500000
vt 0.500000 0.500000
vt 0.942883 0.659095
vt 0.736659 0.635299
vt 0.619375 0.696424
vt 0.804972 0.730970
vt 0.500000 0.500000
vt 0.500000 0.500000
vt 0.500000 0.500000
vt 0.500000 0.500000
vt 1.000000 0.676777
vt 0.942883 0.659095
vt 0.804972 0.730970
vt 0.942883 0.756640
vt 0.500000 0.500000
vt 0.500000 0.500000
vt 0.500000 0.500000
vt 0.500000 0.500000
vt 0.500000 0.500000
vt 0.500000 0.500000
vt 0.500000 0.500000
vt 0.500000 0.500000
vt 0.500000 0.500000
vt 0.500000 0.500000
vt 0.500000 0.500000
vt 0.500000 0.500000
vt 0.500000 0.500000
vt 0.500000 0.500000
vt 0.500000 0.500000
vt 0.500000 0.500000
vt 0.500000 0.500000
vt 0.500000 0.500000
vt 0.500000 0.500000
vt 0.500000 0.500000
vt 0.500000 0.500000
vt 0.500000 0.500000
vt 0.500000 0.500000
vt 0.500000 0.500000
vt 0.500000 0.500000
vt 0.500000 0.500000
vt 0.198686 0.573223
vt 0.000000 0.537329
vt 0.000000 0.554193
vt 0.135212 0.606304
vt 0.500000 0.500000
vt 0.500000 0.500000
vt 0.500000 0.500000
vt 0.500000 0.500000
vt 0.485374 0.606304
vt 0.198686 0.573223
vt 0.135212 0.606304
vt 0.393225 0.654329
vt 0.500000 0.500000
vt 0.500000 0.500000
vt 0.500000 0.500000
vt 0.500000 0.500000
vt 0.736659 0.635299
vt 0.485374 0.606304
vt 0.393225 0.654329
vt 0.619375 0.696424
vt 0.500000 0.500000
vt 0.500000 0.500000
vt 0.500000 0.500000
vt 0.500000 0.500000
vt 0.500000 0.500000
vt 0.500000 0.500000
vt 0.500000 0.500000
vt 0.500000 0.500000
vt 0.500000 0.500000
vt 0.500000 0.500000
vt 0.500000 0.500000
vt 0.500000 0.500000
vt 0.500000 0.500000
vt 0.500000 0.500000
vt 0.500000 0.500000
vt 0.500000 0.500000
vt 0.393225 0.654329
vt 0.135212 0.606304
vt 0.049791 0.635299
vt 0.269213 0.696424
vt 0.500000 0.500000
vt 0.500000 0.500000
vt 0.500000 0.500000
vt 0.500000 0.500000
vt 0.619375 0.696424
vt 0.393225 0.654329
vt 0.269213 0.696424
vt 0.461538 0.750000
vt 0.500000 0.500000
vt 0.500000 0.500000
vt 0.500000 0.500000
vt 0.500000 0.500000
vt 0.804972 0.730970
vt 0.619375 0.696424
vt 0.461538 0.750000
vt 0.619375 0.793968
vt 0.500000 0.500000
vt 0.500000 0.500000
vt 0.500000 0.500000
vt 0.500000 0.500000
vt 0.942883 0.756640
vt 0.804972 0.730970
vt 0.619375 0.793968
vt 0.736659 0.826641
vt 0.500000 0.500000
vt 0.500000 0.500000
vt 0.500000 0.500000
vt 0.500000 0.500000
vt 1.000000 0.772448
vt 0.942883 0.756640
vt 0.736659 0.826641
vt 0.808882 0.846760
vt 0.500000 0.500000
vt 0.500000 0.500000
vt 0.500000 0.500000
vt 0.500000 0.500000
vt 1.000000 0.777785
vt 1.000000 0.772448
vt 0.808882 0.846760
vt 0.833268 0.853553
vt 0.500000 0.500000
vt 0.500000 0.500000
vt 0.500000 0.500000
vt 0.500000 0.500000
vt 0.500000 0.500000
vt 0.500000 0.500000
vt 0.500000 0.500000
vt 0.500000 0.500000
vt 0.500000 0.500000
vt 0.500000 0.500000
vt 0.736659 0.826641
vt 0.619375 0.793968
vt 0.393225 0.845671
vt 0.485374 0.884088
vt 0.500000 0.500000
vt 0.500000 0.500000
vt 0.500000 0.500000
vt 0.500000 0.500000
vt 0.808882 0.846760
vt 0.736659 0.826641
vt 0.485374 0.884088
vt 0.542119 0.907746
vt 0.500000 0.500000
vt 0.500000 0.500000
vt 0.500000 0.500000
vt 0.500000 0.500000
vt 0.833268 0.853553
vt 0.808882 0.846760
vt 0.542119 0.907746
vt 0.561279 0.915735
vt 0.500000 0.500000
vt 0.500000 0.500000
vt 0.500000 0.500000
vt 0.500000 0.500000
vt 0.500000 0.500000
vt 0.500000 0.500000
vt 0.500000 0.500000
vt 0.500000 0.500000
vt 0.500000 0.500000
vt 0.500000 0.500000
vt 0.500000 0.500000
vt 0.500000 0.500000
vt 0.500000 0.500000
vt 0.500000 0.500000
vt 0.500000 0.500000
vt 0.500000 0.500000
vt 0.500000 0.500000
vt 0.500000 0.500000
vt 0.269213 0.696424
vt 0.049791 0.635299
vt 0.000000 0.659095
vt 0.118104 0.730970
vt 0.500000 0.500000
vt 0.500000 0.500000
vt 0.500000 0.500000
vt 0.500000 0.500000
vt 0.461538 0.750000
vt 0.269213 0.696424
vt 0.118104 0.730970
vt 0.269213 0.793969
vt 0.500000 0.500000
vt 0.500000 0.500000
vt 0.500000 0.500000
vt 0.500000 0.500000
vt 0.619375 0.793968
vt 0.461538 0.750000
vt 0.269213 0.793969
vt 0.393225 0.845671
vt 0.500000 0.500000
vt 0.500000 0.500000
vt 0.500000 0.500000
vt 0.500000 0.500000
vt 0.500000 0.500000
vt 0.500000 0.500000
vt 0.500000 0.500000
vt 0.500000 0.500000
vt 0.500000 0.500000
vt 0.500000 0.500000
vt 0.500000 0.500000
vt 0.500000 0.500000
vt 0.269213 0.793969
vt 0.118104 0.730970
vt 0.000000 0.756640
vt 0.049791 0.826641
vt 0.500000 0.500000
vt 0.500000 0.500000
vt 0.500000 0.500000
vt 0.500000 0.500000
vt 0.393225 0.845671
vt 0.269213 0.793969
vt 0.049791 0.826641
vt 0.135212 0.884088
vt 0.500000 0.500000
vt 0.500000 0.500000
vt 0.500000 0.500000
vt 0.500000 0.500000
vt 0.485374 0.884088
vt 0.393225 0.845671
vt 0.135212 0.884088
vt 0.198686 0.926777
vt 0.500000 0.500000
vt 0.500000 0.500000
vt 0.500000 0.500000
vt 0.500000 0.500000
vt 0.542119 0.907746
vt 0.485374 0.884088
vt 0.198686 0.926777
vt 0.237772 0.953064
vt 0.500000 0.500000
vt 0.500000 0.500000
vt 0.500000 0.500000
vt 0.500000 0.500000
vt 0.561279 0.915735
vt 0.542119 0.907746
vt 0.237772 0.953064
vt 0.250969 0.961939
vt 0.500000 0.500000
vt 0.500000 0.500000
vt 0.500000 0.500000
vt 0.500000 0.500000
vt 0.500000 0.500000
vt 0.500000 0.500000
vt 0.500000 0.500000
vt 0.500000 0.500000
vt 0.500000 0.500000
vt 0.500000 0.500000
vt 0.500000 0.500000
vt 0.500000 0.500000
vt 0.500000 0.500000
vt 0.500000 0.500000
vt 0.500000 0.500000
vt 0.500000 0.500000
vt 0.500000 0.500000
vt 0.500000 0.500000
vt 0.237772 0.953064
vt 0.198686 0.926777
vt 0.000000 0.953064
vt 0.000000 0.980970
vt 0.500000 0.500000
vt 0.500000 0.500000
vt 0.500000 0.500000
vt 0.500000 0.500000
vt 0.250969 0.961939
vt 0.237772 0.953064
vt 0.000000 0.980970
vt 0.000000 0.990392
vt 0.500000 0.500000
vt 0.500000 0.500000
vt 0.500000 0.500000
vt 0.500000 0.500000
vt 0.500000 0.500000
vt 0.500000 0.500000
vt 0.500000 0.500000
vt 0.500000 0.500000
vt 0.500000 0.500000
vt 0.500000 0.500000
vt 0.500000 0.500000
vt 0.500000 0.500000
vt 0.500000 0.500000
vt 0.500000 0.500000
vt 0.500000 0.500000
vt 0.500000 0.500000
vt 0.500000 0.500000
vt 0.500000 0.500000
vt 0.500000 0.500000
vt 0.500000 0.500000
vt 0.500000 0.500000
vt 0.500000 0.500000
vt 0.500000 0.500000
vt 0.500000 0.500000
vt 0.500000 0.500000
vt 0.500000 0.500000
vt 0.500000 0.500000
vt 0.500000 0.500000
vt 0.500000 0.500000
vt 0.500000 0.500000
vt 0.500000 0.500000
vt 0.500000 0.500000
vt 0.500000 0.500000
vt 0.500000 0.500000
vt 0.500000 0.500000
vt 0.500000 0.500000
vt 0.500000 0.500000
vt 0.500000 0.500000
vt 0.500000 0.500000
vt 0.500000 0.500000
vt 0.500000 0.500000
vt 0.500000 0.500000
vt 0.198686 0.926777
vt 0.135212 0.884088
vt 0.000000 0.907746
vt 0.000000 0.953064
vt 0.500000 0.500000
vt 0.500000 0.500000
vt 0.500000 0.500000
vt 0.500000 0.500000
vt 0.500000 0.500000
vt 0.500000 0.500000
vt 0.500000 0.500000
vt 0.500000 0.500000
vt 0.500000 0.500000
vt 0.500000 0.500000
vt 0.500000 0.500000
vt 0.500000 0.500000
vt 0.500000 0.500000
vt 0.500000 0.500000
vt 0.500000 0.500000
vt 0.500000 0.500000
vt 0.500000 0.500000
vt 0.500000 0.500000
vt 0.500000 0.500000
vt 0.500000 0.500000
vt 0.500000 0.500000
vt 0.500000 0.500000
vt 0.500000 0.500000
vt 0.500000 0.500000
vt 0.500000 0.500000
vt 0.500000 0.500000
vt 0.500000 0.500000
vt 0.500000 0.500000
vt 0.500000 0.500000
vt 0.500000 0.500000
vt 0.500000 0.500000
vt 0.500000 0.500000
vt 0.500000 0.500000
vt 0.500000 0.500000
vt 0.500000 0.500000
vt 0.500000 0.500000
vt 0.500000 0.500000
vt 0.500000 0.500000
vt 0.500000 0.500000
vt 0.500000 0.500000
vt 0.500000 0.500000
vt 0.500000 0.500000
vt 0.500000 0.500000
vt 0.500000 0.500000
vt 0.500000 0.500000
vt 0.500000 0.500000
vt 0.500000 0.500000
vt 0.500000 0.500000
vt 0.500000 0.500000
vt 0.500000 0.500000
vt 0.500000 0.500000
vt 0.500000 0.500000
vt 0.500000 0.500000
vt 0.500000 0.500000
vt 0.500000 0.500000
vt 0.500000 0.500000
vt 0.500000 0.500000
vt 0.500000 0.500000
vt 0.500000 0.500000
vt 0.500000 0.500000
vt 0.500000 0.500000
vt 0.500000 0.500000
vt 0.500000 0.500000
vt 0.500000 0.500000
vt 0.500000 0.500000
vt 0.500000 0.500000
vt 0.500000 0.500000
vt 0.500000 0.500000
vt 0.500000 0.500000
vt 0.500000 0.500000
vt 0.500000 0.500000
vt 0.500000 0.500000
vt 0.500000 0.500000
vt 0.500000 0.500000
vt 0.500000 0.500000
vt 0.500000 0.500000
vt 0.500000 0.500000
vt 0.500000 0.500000
vt 0.500000 0.500000
vt 0.500000 0.500000
vt 0.500000 0.500000
vt 0.500000 0.500000
vt 0.500000 0.500000
vt 0.500000 0.500000
vt 0.500000 0.500000
vt 0.500000 0.500000
vt 0.500000 0.500000
vt 0.500000 0.500000
vt 0.500000 0.500000
vt 0.500000 0.500000
vt 0.500000 0.500000
vt 0.500000 0.500000
vt 0.500000 0.500000
vt 0.500000 0.500000
vt 0.500000 0.500000
vt 0.500000 0.500000
vt 0.500000 0.500000
vt 0.500000 0.500000
vt 0.500000 0.500000
vt 0.500000 0.500000
vt 0.500000 0.500000
vt 0.500000 0.500000
vt 0.500000 0.500000
vt 0.500000 0.500000
vt 0.500000 0.500000
vt 0.500000 0.500000
vt 0.500000 0.500000
vt 0.500000 0.500000
vt 0.500000 0.500000
vt 0.500000 0.500000
vt 0.500000 0.500000
vt 0.500000 0.500000
vt 0.500000 0.500000
vt 0.500000 0.500000
vt 0.500000 0.500000
vt 0.500000 0.500000
vt 0.500000 0.500000
vt 0.500000 0.500000
vt 0.500000 0.500000
vt 0.500000 0.500000
vt 0.500000 0.500000
vt 0.500000 0.500000
vt 0.500000 0.500000
vt 0.500000 0.500000
vt 0.500000 0.500000
vt 0.500000 0.500000
vt 0.500000 0.500000
vt 0.500000 0.500000
vt 0.500000 0.500000
vt 0.500000 0.500000
vt 0.500000 0.500000
vt 0.500000 0.500000
vt 0.500000 0.500000
vt 0.500000 0.500000
vt 0.500000 0.500000
vt 0.500000 0.500000
vt 0.500000 0.500000
vt 0.500000 0.500000
vt 0.500000 0.500000
vt 0.500000 0.500000
vt 0.500000 0.500000
vt 0.500000 0.500000
vt 0.500000 0.500000
vt 0.500000 0.500000
vt 0.000000 0.953064
vt 0.000000 0.907746
vt 0.135212 0.884088
vt 0.198685 0.926777
vt 0.500000 0.500000
vt 0.500000 0.500000
vt 0.500000 0.500000
vt 0.500000 0.500000
vt 0.000000 0.980970
vt 0.000000 0.953064
vt 0.198685 0.926777
vt 0.237772 0.953064
vt 0.500000 0.500000
vt 0.500000 0.500000
vt 0.500000 0.500000
vt 0.500000 0.500000
vt 0.000000 0.990392
vt 0.000000 0.980970
vt 0.237772 0.953064
vt 0.250970 0.961939
vt 0.500000 0.500000
vt 0.500000 0.500000
vt 0.500000 0.500000
vt 0.500000 0.500000
vt 0.500000 0.500000
vt 0.500000 0.500000
vt 0.500000 0.500000
vt 0.500000 0.500000
vt 0.500000 0.500000
vt 0.500000 0.500000
vt 0.500000 0.500000
vt 0.500000 0.500000
vt 0.500000 0.500000
vt 0.500000 0.500000
vt 0.500000 0.500000
vt 0.500000 0.500000
vt 0.500000 0.500000
vt 0.500000 0.500000
vt 0.500000 0.500000
vt 0.500000 0.500000
vt 0.500000 0.500000
vt 0.500000 0.500000
vt 0.500000 0.500000
vt 0.500000 0.500000
vt 0.500000 0.500000
vt 0.500000 0.500000
vt 0.250970 0.961939
vt 0.237772 0.953064
vt 0.542119 0.907746
vt 0.561280 0.915735
vt 0.500000 0.500000
vt 0.500000 0.500000
vt 0.500000 0.500000
vt 0.500000 0.500000
vt 0.500000 0.500000
vt 0.500000 0.500000
vt 0.500000 0.500000
vt 0.500000 0.500000
vt 0.500000 0.500000
vt 0.500000 0.500000
vt 0.500000 0.500000
vt 0.500000 0.500000
vt 0.500000 0.500000
vt 0.500000 0.500000
vt 0.500000 0.500000
vt 0.500000 0.500000
vt 0.500000 0.500000
vt 0.500000 0.500000
vt 0.500000 0.500000
vt 0.500000 0.500000
vt 0.500000 0.500000
vt 0.500000 0.500000
vt 0.500000 0.500000
vt 0.500000 0.500000
vt 0.500000 0.500000
vt 0.500000 0.500000
vt 0.049791 0.826641
vt 0.000000 0.756640
vt 0.118104 0.730970
vt 0.269213 0.793968
vt 0.500000 0.500000
vt 0.500000 0.500000
vt 0.500000 0.500000
vt 0.500000 0.500000
vt 0.135212 0.884088
vt 0.049791 0.826641
vt 0.269213 0.793968
vt 0.393225 0.845671
vt 0.500000 0.500000
vt 0.500000 0.500000
vt 0.500000 0.500000
vt 0.500000 0.500000
vt 0.198685 0.926777
vt 0.135212 0.884088
vt 0.393225 0.845671
vt 0.485374 0.884088
vt 0.500000 0.500000
vt 0.500000 0.500000
vt 0.500000 0.500000
vt 0.500000 0.500000
vt 0.237772 0.953064
vt 0.198685 0.926777
vt 0.485374 0.884088
vt 0.542119 0.907746
vt 0.269213 0.793968
vt 0.118104 0.730970
vt 0.269213 0.696424
vt 0.461538 0.750000
vt 0.500000 0.500000
vt 0.500000 0.500000
vt 0.500000 0.500000
vt 0.500000 0.500000
vt 0.393225 0.845671
vt 0.269213 0.793968
vt 0.461538 0.750000
vt 0.619375 0.793968
vt 0.500000 0.500000
vt 0.500000 0.500000
vt 0.500000 0.500000
vt 0.500000 0.500000
vt 0.485374 0.884088
vt 0.393225 0.845671
vt 0.619375 0.793968
vt 0.736658 0.826641
vt 0.500000 0.500000
vt 0.500000 0.500000
vt 0.500000 0.500000
vt 0.500000 0.500000
vt 0.542119 0.907746
vt 0.485374 0.884088
vt 0.736658 0.826641
vt 0.808882 0.846760
vt 0.500000 0.500000
vt 0.500000 0.500000
vt 0.500000 0.500000
vt 0.500000 0.500000
vt 0.561280 0.915735
vt 0.542119 0.907746
vt 0.808882 0.846760
vt 0.833268 0.853553
vt 0.500000 0.500000
vt 0.500000 0.500000
vt 0.500000 0.500000
vt 0.500000 0.500000
vt 0.500000 0.500000
vt 0.500000 0.500000
vt 0.500000 0.500000
vt 0.500000 0.500000
vt 0.500000 0.500000
vt 0.500000 0.500000
vt 0.500000 0.500000
vt 0.500000 0.500000
vt 0.500000 0.500000
vt 0.500000 0.500000
vt 0.500000 0.500000
vt 0.500000 0.500000
vt 0.500000 0.500000
vt 0.500000 0.500000
vt 0.118104 0.730970
vt 0.000000 0.659095
vt 0.049791 0.635299
vt 0.269213 0.696424
vt 0.500000 0.500000
vt 0.500000 0.500000
vt 0.500000 0.500000
vt 0.500000 0.500000
vt 0.833268 0.853553
vt 0.808882 0.846760
vt 1.000000 0.772448
vt 1.000000 0.777785
vt 0.500000 0.500000
vt 0.500000 0.500000
vt 0.500000 0.500000
vt 0.500000 0.500000
vt 0.500000 0.500000
vt 0.500000 0.500000
vt 0.500000 0.500000
vt 0.500000 0.500000
vt 0.500000 0.500000
vt 0.500000 0.500000
vt 0.500000 0.500000
vt 0.500000 0.500000
vt 0.500000 0.500000
vt 0.500000 0.500000
vt 0.500000 0.500000
vt 0.500000 0.500000
vt 0.500000 0.500000
vt 0.500000 0.500000
vt 0.269213 0.696424
vt 0.049791 0.635299
vt 0.135212 0.606304
vt 0.393225 0.654329
vt 0.500000 0.500000
vt 0.500000 0.500000
vt 0.500000 0.500000
vt 0.500000 0.500000
vt 0.461538 0.750000
vt 0.269213 0.696424
vt 0.393225 0.654329
vt 0.619375 0.696424
vt 0.500000 0.500000
vt 0.500000 0.500000
vt 0.500000 0.500000
vt 0.500000 0.500000
vt 0.619375 0.793968
vt 0.461538 0.750000
vt 0.619375 0.696424
vt 0.804972 0.730970
vt 0.500000 0.500000
vt 0.500000 0.500000
vt 0.500000 0.500000
vt 0.500000 0.500000
vt 0.736658 0.826641
vt 0.619375 0.793968
vt 0.804972 0.730970
vt 0.942883 0.756640
vt 0.500000 0.500000
vt 0.500000 0.500000
vt 0.500000 0.500000
vt 0.500000 0.500000
vt 0.808882 0.846760
vt 0.736658 0.826641
vt 0.942883 0.756640
vt 1.000000 0.772448
vt 0.500000 0.500000
vt 0.500000 0.500000
vt 0.500000 0.500000
vt 0.500000 0.500000
vt 0.500000 0.500000
vt 0.500000 0.500000
vt 0.500000 0.500000
vt 0.500000 0.500000
vt 0.804972 0.730970
vt 0.619375 0.696424
vt 0.736659 0.635299
vt 0.942883 0.659095
vt 0.500000 0.500000
vt 0.500000 0.500000
vt 0.500000 0.500000
vt 0.500000 0.500000
vt 0.942883 0.756640
vt 0.804972 0.730970
vt 0.942883 0.659095
vt 1.000000 0.676777
vt 0.500000 0.500000
vt 0.500000 0.500000
vt 0.500000 0.500000
vt 0.500000 0.500000
vt 0.500000 0.500000
vt 0.500000 0.500000
vt 0.500000 0.500000
vt 0.500000 0.500000
vt 0.500000 0.500000
vt 0.500000 0.500000
vt 0.500000 0.500000
vt 0.500000 0.500000
vt 0.500000 0.500000
vt 0.500000 0.500000
vt 0.500000 0.500000
vt 0.500000 0.500000
vt 0.500000 0.500000
vt 0.500000 0.500000
vt 0.500000 0.500000
vt 0.500000 0.500000
vt 0.500000 0.500000
vt 0.500000 0.500000
vt 0.500000 0.500000
vt 0.500000 0.500000
vt 0.500000 0.500000
vt 0.500000 0.500000
vt 0.135212 0.606304
vt 0.000000 0.554193
vt 0.000000 0.537329
vt 0.198685 0.573223
vt 0.500000 0.500000
vt 0.500000 0.500000
vt 0.500000 0.500000
vt 0.500000 0.500000
vt 0.393225 0.654329
vt 0.135212 0.606304
vt 0.198685 0.573223
vt 0.485374 0.606304
vt 0.500000 0.500000
vt 0.500000 0.500000
vt 0.500000 0.500000
vt 0.500000 0.500000
vt 0.619375 0.696424
vt 0.393225 0.654329
vt 0.485374 0.606304
vt 0.736659 0.635299
vt 0.500000 0.500000
vt 0.500000 0.500000
vt 0.500000 0.500000
vt 0.500000 0.500000
vt 0.500000 0.500000
vt 0.500000 0.500000
vt 0.500000 0.500000
vt 0.198685 0.573223
vt 0.000000 0.537329
vt 0.000000 0.519030
vt 0.237772 0.537329
vt 0.500000 0.500000
vt 0.500000 0.500000
vt 0.500000 0.500000
vt 0.500000 0.500000
vt 0.485374 0.606304
vt 0.198685 0.573223
vt 0.237772 0.537329
vt 0.542119 0.554193
vt 0.500000 0.500000
vt 0.500000 0.500000
vt 0.500000 0.500000
vt 0.500000 0.500000
vt 0.736659 0.635299
vt 0.485374 0.606304
vt 0.542119 0.554193
vt 0.808882 0.568975
vt 0.500000 0.500000
vt 0.500000 0.500000
vt 0.500000 0.500000
vt 0.500000 0.500000
vt 0.942883 0.659095
vt 0.736659 0.635299
vt 0.808882 0.568975
vt 1.000000 0.581105
vt 0.500000 0.500000
vt 0.500000 0.500000
vt 0.500000 0.500000
vt 0.500000 0.500000
vt 0.500000 0.500000
vt 0.500000 0.500000
vt 0.500000 0.500000
vt 0.500000 0.500000
vt 0.500000 0.500000
vt 0.500000 0.500000
vt 0.500000 0.500000
vt 0.500000 0.500000
vt 0.500000 0.500000
vt 0.500000 0.500000
vt 0.500000 0.500000
vt 0.500000 0.500000
vt 0.500000 0.500000
vt 0.500000 0.500000
vt 0.500000 0.500000
vt 0.500000 0.500000
vt 0.500000 0.500000
vt 0.500000 0.500000
vt 0.500000 0.500000
vt 0.500000 0.500000
vt 0.500000 0.500000
vt 0.500000 0.500000
vt 0.500000 0.500000
vt 0.500000 0.500000
vt 0.500000 0.500000
vt 0.500000 0.500000
vt 0.500000 0.500000
vt 0.500000 0.500000
vt 0.500000 0.500000
vt 0.500000 0.500000
vt 0.500000 0.500000
vt 0.500000 0.500000
vt 0.500000 0.500000
vt 0.500000 0.500000
vt 0.500000 0.500000
vt 0.500000 0.500000
vt 0.500000 0.500000
vt 0.500000 0.500000
vt 0.500000 0.500000
vt 0.500000 0.500000
vt 0.500000 0.500000
vt 0.500000 0.500000
vt 0.500000 0.500000
vt 0.500000 0.500000
vt 0.500000 0.500000
vt 0.500000 0.500000
vt 0.500000 0.500000
vt 0.500000 0.500000
vt 0.500000 0.500000
vt 0.500000 0.500000
vt 0.500000 0.500000
vt 0.500000 0.500000
vt 0.500000 0.500000
vt 0.500000 0.500000
vt 0.500000 0.500000
vt 0.500000 0.500000
vt 0.500000 0.500000
vt 0.237772 0.537329
vt 0.000000 0.519030
vt 0.000000 0.500000
vt 0.250970 0.500000
vt 0.500000 0.500000
vt 0.500000 0.500000
vt 0.500000 0.500000
vt 0.500000 0.500000
vt 0.542119 0.554193
vt 0.237772 0.537329
vt 0.250970 0.500000
vt 0.561279 0.500000
vt 0.500000 0.500000
vt 0.500000 0.500000
vt 0.500000 0.500000
vt 0.500000 0.500000
vt 0.808882 0.568975
vt 0.542119 0.554193
vt 0.561279 0.500000
vt 0.833268 0.500000
vt 0.500000 0.500000
vt 0.500000 0.500000
vt 0.500000 0.500000
vt 0.500000 0.500000
vt 1.000000 0.581105
vt 0.808882 0.568975
vt 0.833268 0.500000
vt 1.000000 0.500000
vt 0.250970 0.500000
vt 0.000000 0.500000
vt 0.000000 0.480970
vt 0.237772 0.462671
vt 0.500000 0.500000
vt 0.500000 0.500000
vt 0.500000 0.500000
vt 0.500000 0.500000
vt 0.561279 0.500000
vt 0.250970 0.500000
vt 0.237772 0.462671
vt 0.542118 0.445807
vt 0.500000 0.500000
vt 0.500000 0.500000
vt 0.500000 0.500000
vt 0.500000 0.500000
vt 0.833268 0.500000
vt 0.561279 0.500000
vt 0.542118 0.445807
vt 0.808882 0.431025
vt 0.500000 0.500000
vt 0.500000 0.500000
vt 0.500000 0.500000
vt 0.500000 0.500000
vt 1.000000 0.500000
vt 0.833268 0.500000
vt 0.808882 0.431025
vt 1.000000 0.418894
vt 0.500000 0.500000
vt 0.500000 0.500000
vt 0.500000 0.500000
vt 0.500000 0.500000
vt 0.500000 0.500000
vt 0.500000 0.500000
vt 0.500000 0.500000
vt 0.500000 0.500000
vt 0.500000 0.500000
vt 0.500000 0.500000
vt 0.500000 0.500000
vt 0.500000 0.500000
vt 0.500000 0.500000
vt 0.500000 0.500000
vt 0.500000 0.500000
vt 0.500000 0.500000
vt 0.500000 0.500000
vt 0.500000 0.500000
vt 0.500000 0.500000
vt 0.500000 0.500000
vt 0.500000 0.500000
vt 0.500000 0.500000
vt 0.500000 0.500000
vt 0.500000 0.500000
vt 0.500000 0.500000
vt 0.500000 0.500000
vt 0.500000 0.500000
vt 0.500000 0.500000
vt 0.500000 0.500000
vt 0.500000 0.500000
vt 0.500000 0.500000
vt 0.500000 0.500000
vt 0.500000 0.500000
vt 0.500000 0.500000
vt 0.500000 0.500000
vt 0.500000 0.500000
vt 0.500000 0.500000
vt 0.500000 0.500000
vt 0.500000 0.500000
vt 0.500000 0.500000
vt 0.500000 0.500000
vt 0.500000 0.500000
vt 0.500000 0.500000
vt 0.500000 0.500000
vt 0.500000 0.500000
vt 0.500000 0.500000
vt 0.500000 0.500000
vt 0.500000 0.500000
vt 0.500000 0.500000
vt 0.500000 0.500000
vt 0.500000 0.500000
vt 0.500000 0.500000
vt 0.500000 0.500000
vt 0.500000 0.500000
vt 0.500000 0.500000
vt 0.500000 0.500000
vt 0.500000 0.500000
vt 0.500000 0.500000
vt 0.500000 0.500000
vt 0.500000 0.500000
vt 0.500000 0.500000
vt 0.500000 0.500000
vt 0.500000 0.500000
vt 0.500000 0.500000
vt 0.237772 0.462671
vt 0.000000 0.480970
vt 0.000000 0.462671
vt 0.198685 0.426777
vt 0.500000 0.500000
vt 0.500000 0.500000
vt 0.500000 0.500000
vt 0.500000 0.500000
vt 0.542118 0.445807
vt 0.237772 0.462671
vt 0.198685 0.426777
vt 0.485373 0.393696
vt 0.500000 0.500000
vt 0.500000 0.500000
vt 0.500000 0.500000
vt 0.500000 0.500000
vt 0.808882 0.431025
vt 0.542118 0.445807
vt 0.485373 0.393696
vt 0.736659 0.364701
vt 0.500000 0.500000
vt 0.500000 0.500000
vt 0.500000 0.500000
vt 0.500000 0.500000
vt 1.000000 0.418894
vt 0.808882 0.431025
vt 0.736659 0.364701
vt 0.942882 0.340905
vt 0.500000 0.500000
vt 0.500000 0.500000
vt 0.500000 0.500000
vt 0.500000 0.500000
vt 0.500000 0.500000
vt 0.500000 0.500000
vt 0.500000 0.500000
vt 0.500000 0.500000
vt 0.485373 0.393696
vt 0.198685 0.426777
vt 0.135212 0.393696
vt 0.393224 0.345671
vt 0.500000 0.500000
vt 0.500000 0.500000
vt 0.500000 0.500000
vt 0.500000 0.500000
vt 0.736659 0.364701
vt 0.485373 0.393696
vt 0.393224 0.345671
vt 0.619375 0.303576
vt 0.500000 0.500000
vt 0.500000 0.500000
vt 0.500000 0.500000
vt 0.500000 0.500000
vt 0.942882 0.340905
vt 0.736659 0.364701
vt 0.619375 0.303576
vt 0.804971 0.269030
vt 0.500000 0.500000
vt 0.500000 0.500000
vt 0.500000 0.500000
vt 0.500000 0.500000
vt 1.000000 0.323223
vt 0.942882 0.340905
vt 0.804971 0.269030
vt 0.942883 0.243360
vt 0.500000 0.500000
vt 0.500000 0.500000
vt 0.500000 0.500000
vt 0.500000 0.500000
vt 0.500000 0.500000
vt 0.500000 0.500000
vt 0.500000 0.500000
vt 0.500000 0.500000
vt 0.500000 0.500000
vt 0.500000 0.500000
vt 0.500000 0.500000
vt 0.500000 0.500000
vt 0.500000 0.500000
vt 0.500000 0.500000
vt 0.500000 0.500000
vt 0.500000 0.500000
vt 0.500000 0.500000
vt 0.500000 0.500000
vt 0.500000 0.500000
vt 0.500000 0.500000
vt 0.500000 0.500000
vt 0.500000 0.500000
vt 0.500000 0.500000
vt 0.500000 0.500000
vt 0.500000 0.500000
vt 0.500000 0.500000
vt 0.198685 0.426777
vt 0.000000 0.462671
vt 0.000000 0.445807
vt 0.135212 0.393696
vt 0.500000 0.500000
vt 0.500000 0.500000
vt 0.500000 0.500000
vt 0.500000 0.500000
vt 1.000000 0.227552
vt 0.942883 0.243360
vt 0.736658 0.173359
vt 0.808881 0.153240
vt 0.500000 0.500000
vt 0.500000 0.500000
vt 0.500000 0.500000
vt 0.500000 0.500000
vt 1.000000 0.222215
vt 1.000000 0.227552
vt 0.808881 0.153240
vt 0.833267 0.146447
vt 0.500000 0.500000
vt 0.500000 0.500000
vt 0.500000 0.500000
vt 0.500000 0.500000
vt 0.500000 0.500000
vt 0.500000 0.500000
vt 0.500000 0.500000
vt 0.500000 0.500000
vt 0.500000 0.500000
vt 0.500000 0.500000
vt 0.500000 0.500000
vt 0.500000 0.500000
vt 0.500000 0.500000
vt 0.500000 0.500000
vt 0.500000 0.500000
vt 0.500000 0.500000
vt 0.500000 0.500000
vt 0.500000 0.500000
vt 0.393224 0.345671
vt 0.135212 0.393696
vt 0.049791 0.364701
vt 0.269212 0.303576
vt 0.500000 0.500000
vt 0.500000 0.500000
vt 0.500000 0.500000
vt 0.500000 0.500000
vt 0.619375 0.303576
vt 0.393224 0.345671
vt 0.269212 0.303576
vt 0.461538 0.250000
vt 0.500000 0.500000
vt 0.500000 0.500000
vt 0.500000 0.500000
vt 0.500000 0.500000
vt 0.804971 0.269030
vt 0.619375 0.303576
vt 0.461538 0.250000
vt 0.619375 0.206032
vt 0.500000 0.500000
vt 0.500000 0.500000
vt 0.500000 0.500000
vt 0.500000 0.500000
vt 0.942883 0.243360
vt 0.804971 0.269030
vt 0.619375 0.206032
vt 0.736658 0.173359
vt 0.269212 0.303576
vt 0.049791 0.364701
vt 0.000000 0.340905
vt 0.118104 0.269030
vt 0.500000 0.500000
vt 0.500000 0.500000
vt 0.500000 0.500000
vt 0.500000 0.500000
vt 0.461538 0.250000
vt 0.269212 0.303576
vt 0.118104 0.269030
vt 0.269213 0.206032
vt 0.500000 0.500000
vt 0.500000 0.500000
vt 0.500000 0.500000
vt 0.500000 0.500000
vt 0.619375 0.206032
vt 0.461538 0.250000
vt 0.269213 0.206032
vt 0.393224 0.154329
vt 0.500000 0.500000
vt 0.500000 0.500000
vt 0.500000 0.500000
vt 0.500000 0.500000
vt 0.736658 0.173359
vt 0.619375 0.206032
vt 0.393224 0.154329
vt 0.485374 0.115912
vt 0.500000 0.500000
vt 0.500000 0.500000
vt 0.500000 0.500000
vt 0.500000 0.500000
vt 0.808881 0.153240
vt 0.736658 0.173359
vt 0.485374 0.115912
vt 0.542118 0.092254
vt 0.500000 0.500000
vt 0.500000 0.500000
vt 0.500000 0.500000
vt 0.500000 0.500000
vt 0.833267 0.146447
vt 0.808881 0.153240
vt 0.542118 0.092254
vt 0.561278 0.084265
vt 0.500000 0.500000
vt 0.500000 0.500000
vt 0.500000 0.500000
vt 0.500000 0.500000
vt 0.500000 0.500000
vt 0.500000 0.500000
vt 0.500000 0.500000
vt 0.500000 0.500000
vt 0.500000 0.500000
vt 0.500000 0.500000
vt 0.500000 0.500000
vt 0.500000 0.500000
vt 0.500000 0.500000
vt 0.500000 0.500000
vt 0.500000 0.500000
vt 0.500000 0.500000
vt 0.500000 0.500000
vt 0.500000 0.500000
vt 0.542118 0.092254
vt 0.485374 0.115912
vt 0.198685 0.073224
vt 0.237772 0.046936
vt 0.500000 0.500000
vt 0.500000 0.500000
vt 0.500000 0.500000
vt 0.500000 0.500000
vt 0.561278 0.084265
vt 0.542118 0.092254
vt 0.237772 0.046936
vt 0.250969 0.038061
vt 0.500000 0.500000
vt 0.500000 0.500000
vt 0.500000 0.500000
vt 0.500000 0.500000
vt 0.500000 0.500000
vt 0.500000 0.500000
vt 0.500000 0.500000
vt 0.500000 0.500000
vt 0.500000 0.500000
vt 0.500000 0.500000
vt 0.500000 0.500000
vt 0.500000 0.500000
vt 0.500000 0.500000
vt 0.500000 0.500000
vt 0.500000 0.500000
vt 0.500000 0.500000
vt 0.500000 0.500000
vt 0.500000 0.500000
vt 0.500000 0.500000
vt 0.500000 0.500000
vt 0.500000 0.500000
vt 0.500000 0.500000
vt 0.500000 0.500000
vt 0.500000 0.500000
vt 0.500000 0.500000
vt 0.500000 0.500000
vt 0.269213 0.206032
vt 0.118104 0.269030
vt 0.000000 0.243360
vt 0.049791 0.173359
vt 0.500000 0.500000
vt 0.500000 0.500000
vt 0.500000 0.500000
vt 0.500000 0.500000
vt 0.393224 0.154329
vt 0.269213 0.206032
vt 0.049791 0.173359
vt 0.135211 0.115912
vt 0.500000 0.500000
vt 0.500000 0.500000
vt 0.500000 0.500000
vt 0.500000 0.500000
vt 0.485374 0.115912
vt 0.393224 0.154329
vt 0.135211 0.115912
vt 0.198685 0.073224
vt 0.500000 0.500000
vt 0.500000 0.500000
vt 0.500000 0.500000
vt 0.500000 0.500000
vt 0.500000 0.500000
vt 0.500000 0.500000
vt 0.500000 0.500000
vt 0.500000 0.500000
vt 0.500000 0.500000
vt 0.500000 0.500000
vt 0.500000 0.500000
vt 0.500000 0.500000
vt 0.500000 0.500000
vt 0.500000 0.500000
vt 0.500000 0.500000
vt 0.500000 0.500000
vt 0.500000 0.500000
vt 0.500000 0.500000
vt 0.500000 0.500000
vt 0.500000 0.500000
vt 0.500000 0.500000
vt 0.500000 0.500000
vt 0.500000 0.500000
vt 0.500000 0.500000
vt 0.198685 0.073224
vt 0.135211 0.115912
vt 0.000000 0.092254
vt 0.000000 0.046936
vt 0.500000 0.500000
vt 0.500000 0.500000
vt 0.500000 0.500000
vt 0.500000 0.500000
vt 0.237772 0.046936
vt 0.198685 0.073224
vt 0.000000 0.046936
vt 0.000000 0.019031
vt 0.500000 0.500000
vt 0.500000 0.500000
vt 0.500000 0.500000
vt 0.500000 0.500000
vt 0.250969 0.038061
vt 0.237772 0.046936
vt 0.000000 0.019031
vt 0.000000 0.009608
vt 0.500000 0.500000
vt 0.500000 0.500000
vt 0.500000 0.500000
vt 0.500000 0.500000
vt 0.500000 0.500000
vt 0.500000 0.500000
vt 0.500000 0.500000
vt 0.500000 0.500000
vt 0.500000 0.500000
vt 0.500000 0.500000
vt 0.500000 0.500000
vt 0.500000 0.500000
vt 0.500000 0.500000
vt 0.500000 0.500000
vt 0.500000 0.500000
vt 0.500000 0.500000
vt 0.500000 0.500000
vt 0.500000 0.500000
vt 0.500000 0.500000
vt 0.500000 0.500000
vt 0.500000 0.500000
vt 0.500000 0.500000
vt 0.500000 0.500000
vt 0.500000 0.500000
vt 0.500000 0.500000
vt 0.500000 0.500000
vt 0.500000 0.500000
vt 0.500000 0.500000
vt 0.500000 0.500000
vt 0.500000 0.500000
vt 0.500000 0.500000
vt 0.500000 0.500000
vt 0.500000 0.500000
vt 0.500000 0.500000
vt 0.500000 0.500000
vt 0.500000 0.500000
vt 0.500000 0.500000
vt 0.500000 0.500000
vt 0.500000 0.500000
vt 0.500000 0.500000
vt 0.500000 0.500000
vt 0.500000 0.500000
vt 0.500000 0.500000
vt 0.500000 0.500000
vt 0.500000 0.500000
vt 0.500000 0.500000
vt 0.500000 0.500000
vt 0.500000 0.500000
vt 0.500000 0.500000
vt 0.500000 0.500000
vt 0.500000 0.500000
vt 0.500000 0.500000
vt 0.500000 0.500000
vt 0.500000 0.500000
vt 0.500000 0.500000
vt 0.500000 0.500000
vt 0.500000 0.500000
vt 0.500000 0.500000
vt 0.500000 0.500000
vt 0.500000 0.500000
vt 0.500000 0.500000
vt 0.500000 0.500000
vt 0.500000 0.500000
vt 0.500000 0.500000
vt 0.500000 0.500000
vt 0.500000 0.500000
vt 0.500000 0.500000
vt 0.500000 0.500000
vt 0.500000 0.500000
vt 0.500000 0.500000
vt 0.500000 0.500000
vt 0.500000 0.500000
vt 0.500000 0.500000
vt 0.500000 0.500000
vt 0.500000 0.500000
vt 0.500000 0.500000
vt 0.500000 0.500000
vt 0.500000 0.500000
vt 0.500000 0.500000
vt 0.500000 0.500000
vt 0.500000 0.500000
vt 0.500000 0.500000
vt 0.500000 0.500000
vt 0.500000 0.500000
vt 0.500000 0.500000
vt 0.500000 0.500000
vt 0.500000 0.500000
vt 0.500000 0.500000
vt 0.500000 0.500000
vt 0.500000 0.500000
vt 0.500000 0.500000
vt 0.500000 0.500000
vt 0.500000 0.500000
vt 0.500000 0.500000
vt 0.500000 0.500000
vt 0.500000 0.500000
vt 0.500000 0.500000
vt 0.500000 0.500000
vt 0.500000 0.500000
vt 0.500000 0.500000
vt 0.500000 0.500000
vt 0.500000 0.500000
vt 0.500000 0.500000
vt 0.500000 0.500000
vt 0.500000 0.500000
vt 0.500000 0.500000
vt 0.500000 0.500000
vt 0.500000 0.500000
vt 0.500000 0.500000
vt 0.500000 0.500000
vt 0.500000 0.500000
vt 0.500000 0.500000
vt 0.500000 0.500000
vt 0.500000 0.500000
vt 0.500000 0.500000
vt 0.500000 0.500000
vt 0.500000 0.500000
vt 0.500000 0.500000
vt 0.500000 0.500000
vt 0.500000 0.500000
vt 0.500000 0.500000
vt 0.500000 0.500000
vt 0.500000 0.500000
vt 0.500000 0.500000
vt 0.500000 0.500000
vt 0.500000 0.500000
vt 0.500000 0.500000
vt 0.500000 0.500000
vt 0.500000 0.500000
vt 0.500000 0.500000
vt 0.500000 0.500000
vt 0.500000 0.500000
vt 0.500000 0.500000
vt 0.500000 0.500000
vt 0.500000 0.500000
vt 0.500000 0.500000
vt 0.500000 0.500000
vt 0.500000 0.500000
vt 0.500000 0.500000
vt 0.500000 0.500000
vt 0.500000 0.500000
vt 0.500000 0.500000
vt 0.500000 0.500000
vt 0.500000 0.500000
vt 0.500000 0.500000
vt 0.500000 0.500000
vt 0.500000 0.500000
vt 0.500000 0.500000
vt 0.500000 0.500000
vt 0.500000 0.500000
vt 0.500000 0.500000
vt 0.500000 0.500000
vt 0.500000 0.500000
vt 0.500000 0.500000
vt 0.500000 0.500000
vt 0.500000 0.500000
vt 0.500000 0.500000
vt 0.500000 0.500000
vt 0.500000 0.500000
vt 0.500000 0.500000
vt 0.500000 0.500000
vt 0.500000 0.500000
vt 0.500000 0.500000
vt 0.500000 0.500000
vt 0.500000 0.500000
vt 0.500000 0.500000
vt 0.500000 0.500000
vt 0.500000 0.500000
vt 0.500000 0.500000
vt 0.500000 0.500000
vt 0.500000 0.500000
vt 0.500000 0.500000
vt 0.500000 0.500000
vt 0.500000 0.500000
vt 0.500000 0.500000
vt 0.500000 0.500000
vt 0.500000 0.500000
vt 0.500000 0.500000
vt 0.500000 0.500000
vt 0.500000 0.500000
vt 0.500000 0.500000
vt 0.500000 0.500000
vt 0.500000 0.500000
vt 0.500000 0.500000
vt 0.500000 0.500000
vt 0.500000 0.500000
vt 0.500000 0.500000
vt 0.500000 0.500000
vt 0.500000 0.500000
vt 0.500000 0.500000
vt 0.500000 0.500000
vt 0.500000 0.500000
vt 0.500000 0.500000
vt 0.500000 0.500000
vt 0.500000 0.500000
vt 0.500000 0.500000
vt 0.500000 0.500000
vt 0.500000 0.500000
vt 0.500000 0.500000
vt 0.500000 0.500000
vt 0.500000 0.500000
vt 0.500000 0.500000
vt 0.500000 0.500000
vt 0.500000 0.500000
vt 0.500000 0.500000
vt 0.500000 0.500000
vt 0.500000 0.500000
vt 0.500000 0.500000
vt 0.500000 0.500000
vt 0.500000 0.500000
vt 0.500000 0.500000
vt 0.500000 0.500000
vt 0.500000 0.500000
vt 0.500000 0.500000
vt 0.500000 0.500000
vt 0.500000 0.500000
vt 0.500000 0.500000
vt 0.500000 0.500000
vt 0.500000 0.500000
vt 0.500000 0.500000
vt 0.500000 0.500000
vt 0.500000 0.500000
vt 0.500000 0.500000
vt 0.500000 0.500000
vt 0.500000 0.500000
vt 0.500000 0.500000
vt 0.500000 0.500000
vt 0.500000 0.500000
vt 0.500000 0.500000
vt 0.500000 0.500000
vt 0.500000 0.500000
vt 0.500000 0.500000
vt 0.500000 0.500000
vt 0.500000 0.500000
vt 0.500000 0.500000
vt 0.500000 0.500000
vt 0.500000 0.500000
vt 0.500000 0.500000
vt 0.500000 0.500000
vt 0.500000 0.500000
vt 0.500000 0.500000
vt 0.500000 0.500000
vt 0.500000 0.500000
vt 0.500000 0.500000
vt 0.500000 0.500000
vt 0.500000 0.500000
vt 0.500000 0.500000
vt 0.500000 0.500000
vt 0.500000 0.500000
vt 0.500000 0.500000
vt 0.500000 0.500000
vt 0.500000 0.500000
vt 0.500000 0.500000
vt 0.500000 0.500000
vt 0.500000 0.500000
vt 0.500000 0.500000
vt 0.500000 0.500000
vt 0.500000 0.500000
vt 0.500000 0.500000
vt 0.500000 0.500000
vt 0.500000 0.500000
vt 0.500000 0.500000
vt 0.500000 0.500000
vt 0.500000 0.500000
vt 0.500000 0.500000
vt 0.500000 0.500000
vt 0.500000 0.500000
vt 0.500000 0.500000
vt 0.500000 0.500000
vt 0.500000 0.500000
vt 0.500000 0.500000
vt 0.500000 0.500000
vt 0.500000 0.500000
vt 0.500000 0.500000
vt 0.500000 0.500000
vt 0.500000 0.500000
vt 0.500000 0.500000
vt 0.500000 0.500000
vt 0.500000 0.500000
vt 0.500000 0.500000
vt 0.500000 0.500000
vt 0.500000 0.500000
vt 0.500000 0.500000
vt 0.500000 0.500000
vt 0.500000 0.500000
vt 0.500000 0.500000
vt 0.500000 0.500000
vt 0.500000 0.500000
vt 0.500000 0.500000
vt 0.500000 0.500000
vt 0.500000 0.500000
vt 0.500000 0.500000
vt 0.500000 0.500000
vt 0.500000 0.500000
vt 0.500000 0.500000
vt 0.500000 0.500000
vt 0.500000 0.500000
vt 0.500000 0.500000
vt 0.500000 0.500000
vt 0.500000 0.500000
vt 0.500000 0.500000
vt 0.500000 0.500000
vt 0.500000 0.500000
vt 0.500000 0.500000
vt 0.500000 0.500000
vt 0.500000 0.500000
vt 0.500000 0.500000
vt 0.500000 0.500000
vt 0.500000 0.500000
vt 0.500000 0.500000
vt 0.500000 0.500000
vt 0.500000 0.500000
vt 0.500000 0.500000
vt 0.500000 0.500000
vt 0.500000 0.500000
vt 0.500000 0.500000
vt 0.500000 0.500000
vt 0.500000 0.500000
vt 0.500000 0.500000
vt 0.500000 0.500000
vt 0.500000 0.500000
vt 0.500000 0.500000
vt 0.500000 0.500000
vt 0.500000 0.500000
vt 0.500000 0.500000
vt 0.500000 0.500000
vt 0.500000 0.500000
vt 0.500000 0.500000
vt 0.500000 0.500000
vt 0.500000 0.500000
vt 0.500000 0.500000
vt 0.500000 0.500000
vt 0.500000 0.500000
vt 0.500000 0.500000
vt 0.500000 0.500000
vt 0.500000 0.500000
vt 0.500000 0.500000
vt 0.500000 0.500000
vt 0.500000 0.500000
vt 0.500000 0.500000
vt 0.500000 0.500000
vt 0.500000 0.500000
vt 0.500000 0.500000
vt 0.500000 0.500000
vt 0.500000 0.500000
vt 0.500000 0.500000
vt 0.500000 0.500000
vt 0.500000 0.500000
vt 0.500000 0.500000
vt 0.500000 0.500000
vt 0.500000 0.500000
vt 0.500000 0.500000
vt 0.500000 0.500000
vt 0.500000 0.500000
vt 0.500000 0.500000
vt 0.500000 0.500000
vt 0.500000 0.500000
vt 0.500000 0.500000
vt 0.500000 0.500000
vt 0.500000 0.500000
vt 0.500000 0.500000
vt 0.500000 0.500000
vt 0.500000 0.500000
vt 0.500000 0.500000
vt 0.500000 0.500000
vt 0.500000 0.500000
vt 0.500000 0.500000
vt 0.500000 0.500000
vt 0.500000 0.500000
vt 0.500000 0.500000
vt 0.500000 0.500000
vt 0.500000 0.500000
vt 0.500000 0.500000
vt 0.500000 0.500000
vt 0.500000 0.500000
vt 0.500000 0.500000
vt 0.500000 0.500000
vt 0.500000 0.500000
vt 0.500000 0.500000
vt 0.500000 0.500000
vt 0.500000 0.500000
vt 0.500000 0.500000
vt 0.500000 0.500000
vt 0.500000 0.500000
vt 0.500000 0.500000
vt 0.500000 0.500000
vt 0.500000 0.500000
vt 0.500000 0.500000
vt 0.500000 0.500000
vt 0.500000 0.500000
vt 0.500000 0.500000
vt 0.500000 0.500000
vt 0.500000 0.500000
vt 0.500000 0.500000
vt 0.500000 0.500000
vt 0.500000 0.500000
vt 0.500000 0.500000
vt 0.500000 0.500000
vt 0.500000 0.500000
vt 0.500000 0.500000
vt 0.500000 0.500000
vt 0.500000 0.500000
vt 0.500000 0.500000
vt 0.500000 0.500000
vt 0.500000 0.500000
vt 0.500000 0.500000
vt 0.500000 0.500000
vt 0.500000 0.500000
vt 0.500000 0.500000
vt 0.500000 0.500000
vt 0.500000 0.500000
vt 0.500000 0.500000
vt 0.500000 0.500000
vt 0.500000 0.500000
vt 0.500000 0.500000
vt 0.500000 0.500000
vt 0.500000 0.500000
vt 0.500000 0.500000
vt 0.500000 0.500000
vt 0.500000 0.500000
vt 0.500000 0.500000
vt 0.500000 0.500000
vt 0.500000 0.500000
vt 0.500000 0.500000
vt 0.500000 0.500000
vt 0.500000 0.500000
vt 0.500000 0.500000
vt 0.500000 0.500000
vt 0.500000 0.500000
vt 0.500000 0.500000
vt 0.500000 0.500000
vt 0.500000 0.500000
vt 0.500000 0.500000
vt 0.500000 0.500000
vt 0.500000 0.500000
vt 0.500000 0.500000
vt 0.500000 0.500000
vt 0.500000 0.500000
vt 0.500000 0.500000
vt 0.500000 0.500000
vt 0.500000 0.500000
vt 0.500000 0.500000
vt 0.500000 0.500000
vt 0.500000 0.500000
vt 0.500000 0.500000
vt 0.500000 0.500000
vt 0.500000 0.500000
vt 0.500000 0.500000
vt 0.500000 0.500000
vt 0.500000 0.500000
vt 0.500000 0.500000
vt 0.500000 0.500000
vt 0.500000 0.500000
vt 0.500000 0.500000
vt 0.500000 0.500000
vt 0.500000 0.500000
vt 0.500000 0.500000
vt 0.500000 0.500000
vt 0.500000 0.500000
vt 0.500000 0.500000
vt 0.500000 0.500000
vt 0.500000 0.500000
vt 0.500000 0.500000
vt 0.500000 0.500000
vt 0.500000 0.500000
vt 0.500000 0.500000
vt 0.500000 0.500000
vt 0.500000 0.500000
vt 0.500000 0.500000
vt 0.500000 0.500000
vt 0.500000 0.500000
vt 0.500000 0.500000
vt 0.500000 0.500000
vt 0.500000 0.500000
vt 0.500000 0.500000
vt 0.500000 0.500000
vt 0.500000 0.500000
vt 0.500000 0.500000
vt 0.500000 0.500000
vt 0.500000 0.500000
vt 0.500000 0.500000
vt 0.500000 0.500000
vt 0.500000 0.500000
vt 0.500000 0.500000
vt 0.500000 0.500000
vt 0.500000 0.500000
vt 0.500000 0.500000
vt 0.500000 0.500000
vt 0.500000 0.500000
vt 0.500000 0.500000
vt 0.500000 0.500000
vt 0.500000 0.500000
vt 0.500000 0.500000
vt 0.500000 0.500000
vt 0.500000 0.500000
vt 0.500000 0.500000
vt 0.500000 0.500000
vt 0.500000 0.500000
vt 0.500000 0.500000
vt 0.500000 0.500000
vt 0.500000 0.500000
vt 0.500000 0.500000
vt 0.500000 0.500000
vt 0.500000 0.500000
vt 0.500000 0.500000
vt 0.500000 0.500000
vt 0.500000 0.500000
vt 0.500000 0.500000
vt 0.500000 0.500000
vt 0.500000 0.500000
vt 0.500000 0.500000
vt 0.500000 0.500000
vt 0.500000 0.500000
vt 0.500000 0.500000
vt 0.500000 0.500000
vt 0.500000 0.500000
vt 0.500000 0.500000
vt 0.500000 0.500000
vt 0.500000 0.500000
vt 0.500000 0.500000
vt 0.500000 0.500000
vt 0.500000 0.500000
vt 0.500000 0.500000
vt 0.500000 0.500000
vt 0.500000 0.500000
vt 0.500000 0.500000
vt 0.500000 0.500000
vt 0.500000 0.500000
vt 0.500000 0.500000
vt 0.500000 0.500000
vt 0.500000 0.500000
vt 0.500000 0.500000
vt 0.500000 0.500000
vt 0.500000 0.500000
vt 0.500000 0.500000
vt 0.500000 0.500000
vt 0.500000 0.500000
vt 0.500000 0.500000
vt 0.500000 0.500000
vt 0.500000 0.500000
vt 0.500000 0.500000
vt 0.500000 0.500000
vt 0.500000 0.500000
vt 0.500000 0.500000
vt 0.500000 0.500000
vt 0.500000 0.500000
vt 0.500000 0.500000
vt 0.500000 0.500000
vt 0.500000 0.500000
vt 0.500000 0.500000
vt 0.500000 0.500000
vt 0.500000 0.500000
vt 0.500000 0.500000
vt 0.500000 0.500000
vt 0.500000 0.500000
vt 0.500000 0.500000
vt 0.500000 0.500000
vt 0.500000 0.500000
vt 0.500000 0.500000
vt 0.500000 0.500000
vt 0.500000 0.500000
vt 0.500000 0.500000
vt 0.500000 0.500000
vt 0.500000 0.500000
vt 0.500000 0.500000
vt 0.500000 0.500000
vt 0.500000 0.500000
vt 0.500000 0.500000
vt 0.500000 0.500000
vt 0.500000 0.500000
vt 0.500000 0.500000
vt 0.500000 0.500000
vt 0.500000 0.500000
vt 0.500000 0.500000
vt 0.500000 0.500000
vt 0.500000 0.500000
vt 0.500000 0.500000
vt 0.500000 0.500000
vt 0.500000 0.500000
vt 0.500000 0.500000
vt 0.500000 0.500000
vt 0.500000 0.500000
vt 0.500000 0.500000
vt 0.500000 0.500000
vt 0.500000 0.500000
vt 0.500000 0.500000
vt 0.500000 0.500000
vt 0.500000 0.500000
vt 0.500000 0.500000
vt 0.500000 0.500000
vt 0.500000 0.500000
vt 0.500000 0.500000
vt 0.500000 0.500000
vt 0.500000 0.500000
vt 0.500000 0.500000
vt 0.500000 0.500000
vt 0.500000 0.500000
vt 0.500000 0.500000
vt 0.500000 0.500000
vt 0.500000 0.500000
vt 0.500000 0.500000
vt 0.500000 0.500000
vt 0.500000 0.500000
vt 0.500000 0.500000
vt 0.500000 0.500000
vt 0.500000 0.500000
vt 0.500000 0.500000
vt 0.500000 0.500000
vt 0.500000 0.500000
vt 0.500000 0.500000
vt 0.500000 0.500000
vt 0.500000 0.500000
vt 0.500000 0.500000
vt 0.500000 0.500000
vt 0.500000 0.500000
vt 0.500000 0.500000
vt 0.500000 0.500000
vt 0.500000 0.500000
vt 0.500000 0.500000
vt 0.500000 0.500000
vt 0.500000 0.500000
vt 0.500000 0.500000
vt 0.500000 0.500000
vt 0.500000 0.500000
vt 0.500000 0.500000
vt 0.500000 0.500000
vt 0.500000 0.500000
vt 0.500000 0.500000
vt 0.500000 0.500000
vt 0.500000 0.500000
vt 0.500000 0.500000
vt 0.500000 0.500000
vt 0.500000 0.500000
vt 0.500000 0.500000
vt 0.500000 0.500000
vt 0.500000 0.500000
vt 0.500000 0.500000
vt 0.500000 0.500000
vt 0.500000 0.500000
vt 0.500000 0.500000
vt 0.500000 0.500000
vt 0.500000 0.500000
vt 0.500000 0.500000
vt 0.500000 0.500000
vt 0.500000 0.500000
vt 0.500000 0.500000
vt 0.500000 0.500000
vt 0.500000 0.500000
vt 0.500000 0.500000
vt 0.500000 0.500000
vt 0.500000 0.500000
vt 0.500000 0.500000
vt 0.500000 0.500000
vt 0.500000 0.500000
vt 0.500000 0.500000
vt 0.500000 0.500000
vt 0.500000 0.500000
vt 0.500000 0.500000
vt 0.500000 0.500000
vt 0.500000 0.500000
vt 0.500000 0.500000
vt 0.500000 0.500000
vt 0.500000 0.500000
vt 0.500000 0.500000
vt 0.500000 0.500000
vt 0.500000 0.500000
vt 0.500000 0.500000
vt 0.500000 0.500000
vt 0.500000 0.500000
vt 0.500000 0.500000
vt 0.500000 0.500000
vt 0.500000 0.500000
vt 0.500000 0.500000
vt 0.500000 0.500000
vt 0.500000 0.500000
vt 0.500000 0.500000
vt 0.500000 0.500000
vt 0.500000 0.500000
vt 0.500000 0.500000
vt 0.500000 0.500000
vt 0.500000 0.500000
vt 0.500000 0.500000
vt 0.500000 0.500000
vt 0.500000 0.500000
vt 0.500000 0.500000
vt 0.500000 0.500000
vt 0.500000 0.500000
vt 0.500000 0.500000
vt 0.500000 0.500000
vt 0.500000 0.500000
vt 0.500000 0.500000
vt 0.500000 0.500000
vt 0.500000 0.500000
vt 0.500000 0.500000
vt 0.500000 0.500000
vt 0.500000 0.500000
vt 0.500000 0.500000
vt 0.500000 0.500000
vt 0.500000 0.500000
vt 0.500000 0.500000
vt 0.500000 0.500000
vt 0.500000 0.500000
vt 0.500000 0.500000
vt 0.500000 0.500000
vt 0.500000 0.500000
vt 0.500000 0.500000
vt 0.500000 0.500000
vt 0.500000 0.500000
vt 0.500000 0.500000
vt 0.500000 0.500000
vt 0.500000 0.500000
vt 0.500000 0.500000
vt 0.500000 0.500000
vt 0.500000 0.500000
vt 0.500000 0.500000
vt 0.500000 0.500000
vt 0.500000 0.500000
vt 0.500000 0.500000
vt 0.500000 0.500000
vt 0.500000 0.500000
vt 0.500000 0.500000
vt 0.500000 0.500000
vt 0.500000 0.500000
vt 0.500000 0.500000
vt 0.500000 0.500000
vt 0.500000 0.500000
vt 0.500000 0.500000
vt 0.500000 0.500000
vt 0.500000 0.500000
vt 0.500000 0.500000
vt 0.500000 0.500000
vt 0.500000 0.500000
vt 0.500000 0.500000
vt 0.500000 0.500000
vt 0.500000 0.500000
vt 0.500000 0.500000
vt 0.500000 0.500000
vt 0.500000 0.500000
vt 0.500000 0.500000
vt 0.500000 0.500000
vt 0.500000 0.500000
vt 0.500000 0.500000
vt 0.500000 0.500000
vt 0.500000 0.500000
vt 0.500000 0.500000
vt 0.500000 0.500000
vt 0.500000 0.500000
vt 0.500000 0.500000
vt 0.500000 0.500000
vt 0.500000 0.500000
vt 0.500000 0.500000
vt 0.500000 0.500000
vt 0.500000 0.500000
vt 0.500000 0.500000
vt 0.500000 0.500000
vt 0.500000 0.500000
vt 0.500000 0.500000
vt 0.500000 0.500000
vt 0.500000 0.500000
vt 0.500000 0.500000
vt 0.500000 0.500000
vt 0.500000 0.500000
vt 0.500000 0.500000
vt 0.500000 0.500000
vt 0.500000 0.500000
vt 0.500000 0.500000
vt 0.500000 0.500000
vt 0.500000 0.500000
vt 0.500000 0.500000
vt 0.500000 0.500000
vt 0.500000 0.500000
vt 0.500000 0.500000
vt 0.500000 0.500000
vt 0.500000 0.500000
vt 0.500000 0.500000
vt 0.500000 0.500000
vt 0.500000 0.500000
vt 0.500000 0.500000
vt 0.500000 0.500000
vt 0.500000 0.500000
vt 0.500000 0.500000
vt 0.500000 0.500000
vt 0.500000 0.500000
vt 0.500000 0.500000
vt 0.500000 0.500000
vt 0.500000 0.500000
vt 0.500000 0.500000
vt 0.500000 0.500000
vt 0.500000 0.500000
vt 0.500000 0.500000
vt 0.500000 0.500000
vt 0.500000 0.500000
vt 0.500000 0.500000
vt 0.500000 0.500000
vt 0.500000 0.500000
vt 0.500000 0.500000
vt 0.500000 0.500000
vt 0.500000 0.500000
vt 0.500000 0.500000
vt 0.500000 0.500000
vt 0.500000 0.500000
vt 0.500000 0.500000
vt 0.500000 0.500000
vt 0.500000 0.500000
vt 0.500000 0.500000
vt 0.500000 0.500000
vt 0.500000 0.500000
vt 0.500000 0.500000
vt 0.500000 0.500000
vt 0.500000 0.500000
vt 0.500000 0.500000
vt 0.500000 0.500000
vt 0.500000 0.500000
vt 0.500000 0.500000
vt 0.500000 0.500000
vt 0.500000 0.500000
vt 0.500000 0.500000
vt 0.500000 0.500000
vt 0.500000 0.500000
vt 0.500000 0.500000
vt 0.500000 0.500000
vt 0.500000 0.500000
vt 0.500000 0.500000
vt 0.500000 0.500000
vt 0.500000 0.500000
vt 0.500000 0.500000
vt 0.500000 0.500000
vt 0.500000 0.500000
vt 0.500000 0.500000
vt 0.500000 0.500000
vt 0.500000 0.500000
vt 0.500000 0.500000
vt 0.500000 0.500000
vt 0.500000 0.500000
vt 0.500000 0.500000
vt 0.500000 0.500000
vt 0.500000 0.500000
vt 0.500000 0.500000
vt 0.500000 0.500000
vt 0.500000 0.500000
vt 0.500000 0.500000
vt 0.500000 0.500000
vt 0.500000 0.500000
vt 0.500000 0.500000
vt 0.500000 0.500000
vt 0.500000 0.500000
vt 0.500000 0.500000
vt 0.500000 0.500000
vt 0.500000 0.500000
vt 0.500000 0.500000
vt 0.500000 0.500000
vt 0.500000 0.500000
vt 0.500000 0.500000
vt 0.500000 0.500000
vt 0.500000 0.500000
vt 0.500000 0.500000
vt 0.500000 0.500000
vt 0.500000 0.500000
vt 0.500000 0.500000
vt 0.500000 0.500000
vt 0.500000 0.500000
vt 0.500000 0.500000
vt 0.500000 0.500000
vt 0.500000 0.500000
vt 0.500000 0.500000
vt 0.500000 0.500000
vt 0.500000 0.500000
vt 0.500000 0.500000
vt 0.500000 0.500000
vt 0.500000 0.500000
vt 0.500000 0.500000
vt 0.500000 0.500000
vt 0.500000 0.500000
vt 0.500000 0.500000
vt 0.500000 0.500000
vt 0.500000 0.500000
vt 0.500000 0.500000
vt 0.500000 0.500000
vt 0.500000 0.500000
vt 0.500000 0.500000
vt 0.500000 0.500000
vt 0.500000 0.500000
vt 0.500000 0.500000
vt 0.500000 0.500000
vt 0.500000 0.500000
vt 0.500000 0.500000
vt 0.500000 0.500000
vt 0.500000 0.500000
vt 0.500000 0.500000
vt 0.500000 0.500000
vt 0.500000 0.500000
vt 0.500000 0.500000
vt 0.500000 0.500000
vt 0.500000 0.500000
vt 0.500000 0.500000
vt 0.500000 0.500000
vt 0.500000 0.500000
vt 0.500000 0.500000
vt 0.500000 0.500000
vt 0.500000 0.500000
vt 0.500000 0.500000
vt 0.500000 0.500000
vt 0.500000 0.500000
vt 0.500000 0.500000
vt 0.500000 0.500000
vt 0.500000 0.500000
vt 0.500000 0.500000
vt 0.500000 0.500000
vt 0.500000 0.500000
vt 0.500000 0.500000
vt 0.500000 0.500000
vt 0.500000 0.500000
vt 0.500000 0.500000
vt 0.500000 0.500000
vt 0.500000 0.500000
vt 0.500000 0.500000
vt 0.500000 0.500000
vt 0.500000 0.500000
vt 0.500000 0.500000
vt 0.500000 0.500000
vt 0.500000 0.500000
vt 0.500000 0.500000
vt 0.500000 0.500000
vt 0.500000 0.500000
vt 0.500000 0.500000
vt 0.500000 0.500000
vt 0.500000 0.500000
vt 0.500000 0.500000
vt 0.500000 0.500000
vt 0.500000 0.500000
vt 0.500000 0.500000
vt 0.500000 0.500000
vt 0.500000 0.500000
vt 0.500000 0.500000
vt 0.500000 0.500000
vt 0.500000 0.500000
vt 0.500000 0.500000
vt 0.500000 0.500000
vt 0.500000 0.500000
vt 0.500000 0.500000
vt 0.500000 0.500000
vt 0.500000 0.500000
vt 0.500000 0.500000
vt 0.500000 0.500000
vt 0.500000 0.500000
vt 0.500000 0.500000
vt 0.500000 0.500000
vt 0.500000 0.500000
vt 0.500000 0.500000
vt 0.500000 0.500000
vt 0.500000 0.500000
vt 0.500000 0.500000
vt 0.500000 0.500000
vt 0.500000 0.500000
vt 0.500000 0.500000
vt 0.500000 0.500000
vt 0.500000 0.500000
vt 0.500000 0.500000
vt 0.500000 0.500000
vt 0.500000 0.500000
vt 0.500000 0.500000
vt 0.500000 0.500000
vt 0.500000 0.500000
vt 0.500000 0.500000
vt 0.500000 0.500000
vt 0.500000 0.500000
vt 0.500000 0.500000
vt 0.500000 0.500000
vt 0.500000 0.500000
vt 0.500000 0.500000
vt 0.500000 0.500000
vt 0.500000 0.500000
vt 0.500000 0.500000
vt 0.500000 0.500000
vt 0.500000 0.500000
vt 0.500000 0.500000
vt 0.500000 0.500000
vt 0.500000 0.500000
vt 0.500000 0.500000
vt 0.500000 0.500000
vt 0.500000 0.500000
vt 0.500000 0.500000
vt 0.500000 0.500000
vt 0.500000 0.500000
vt 0.500000 0.500000
vt 0.500000 0.500000
vt 0.500000 0.500000
vt 0.500000 0.500000
vt 0.500000 0.500000
vt 0.500000 0.500000
vt 0.500000 0.500000
vt 0.500000 0.500000
vt 0.500000 0.500000
vt 0.500000 0.500000
vt 0.500000 0.500000
vt 0.500000 0.500000
vt 0.500000 0.500000
vt 0.500000 0.500000
vt 0.500000 0.500000
vt 0.500000 0.500000
vt 0.500000 0.500000
vt 0.500000 0.500000
vt 0.500000 0.500000
vt 0.500000 0.500000
vt 0.500000 0.500000
vt 0.500000 0.500000
vt 0.500000 0.500000
vt 0.500000 0.500000
vt 0.500000 0.500000
vt 0.500000 0.500000
vt 0.500000 0.500000
vt 0.500000 0.500000
vt 0.500000 0.500000
vt 0.500000 0.500000
vt 0.500000 0.500000
vt 0.500000 0.500000
vt 0.500000 0.500000
vt 0.500000 0.500000
vt 0.500000 0.500000
vt 0.500000 0.500000
vt 0.500000 0.500000
vt 0.500000 0.500000
vt 0.500000 0.500000
vt 0.500000 0.500000
vt 0.500000 0.500000
vt 0.500000 0.500000
vt 0.500000 0.500000
vt 0.500000 0.500000
vt 0.500000 0.500000
vt 0.500000 0.500000
vt 0.500000 0.500000
vt 0.500000 0.500000
vt 0.500000 0.500000
vt 0.500000 0.500000
vt 0.500000 0.500000
vt 0.500000 0.500000
vt 0.500000 0.500000
vt 0.500000 0.500000
vt 0.500000 0.500000
vt 0.500000 0.500000
vt 0.500000 0.500000
vt 0.500000 0.500000
vt 0.500000 0.500000
vt 0.500000 0.500000
vt 0.500000 0.500000
vt 0.500000 0.500000
vt 0.500000 0.500000
vt 0.500000 0.500000
vt 0.500000 0.500000
vt 0.500000 0.500000
vt 0.500000 0.500000
vt 0.500000 0.500000
vt 0.500000 0.500000
vt 0.500000 0.500000
vt 0.500000 0.500000
vt 0.500000 0.500000
vt 0.500000 0.500000
vt 0.500000 0.500000
vt 0.500000 0.500000
vt 0.500000 0.500000
vt 0.500000 0.500000
vt 0.500000 0.500000
vt 0.500000 0.500000
vt 0.500000 0.500000
vt 0.500000 0.500000
vt 0.500000 0.500000
vt 0.500000 0.500000
vt 0.500000 0.500000
vt 0.500000 0.500000
vt 0.500000 0.500000
vt 0.500000 0.500000
vt 0.500000 0.500000
vt 0.500000 0.500000
vt 0.500000 0.500000
vt 0.500000 0.500000
vt 0.500000 0.500000
vt 0.500000 0.500000
vt 0.500000 0.500000
vt 0.500000 0.500000
vt 0.500000 0.500000
vt 0.500000 0.500000
vt 0.500000 0.500000
vt 0.500000 0.500000
vt 0.500000 0.500000
vt 0.500000 0.500000
vt 0.500000 0.500000
vt 0.500000 0.500000
vt 0.500000 0.500000
vt 0.500000 0.500000
vt 0.500000 0.500000
vt 0.500000 0.500000
vt 0.500000 0.500000
vt 0.500000 0.500000
vt 0.500000 0.500000
vt 0.500000 0.500000
vt 0.500000 0.500000
vt 0.500000 0.500000
vt 0.500000 0.500000
vt 0.500000 0.500000
vt 0.500000 0.500000
vt 0.500000 0.500000
vt 0.500000 0.500000
vt 0.500000 0.500000
vt 0.500000 0.500000
vt 0.500000 0.500000
vt 0.500000 0.500000
vt 0.500000 0.500000
vt 0.500000 0.500000
vt 0.500000 0.500000
vt 0.500000 0.500000
vt 0.500000 0.500000
vt 0.500000 0.500000
vt 0.500000 0.500000
vt 0.500000 0.500000
vt 0.500000 0.500000
vt 0.500000 0.500000
vt 0.500000 0.500000
vt 0.500000 0.500000
vt 0.500000 0.500000
vt 0.500000 0.500000
vt 0.500000 0.500000
vt 0.500000 0.500000
vt 0.500000 0.500000
vt 0.500000 0.500000
vt 0.500000 0.500000
vt 0.500000 0.500000
vt 0.500000 0.500000
vt 0.500000 0.500000
vt 0.500000 0.500000
vt 0.500000 0.500000
vt 0.500000 0.500000
vt 0.500000 0.500000
vt 0.500000 0.500000
vt 0.500000 0.500000
vt 0.500000 0.500000
vt 0.500000 0.500000
vt 0.500000 0.500000
vt 0.500000 0.500000
vt 0.500000 0.500000
vt 0.500000 0.500000
vt 0.500000 0.500000
vt 0.500000 0.500000
vt 0.500000 0.500000
vt 0.500000 0.500000
vt 0.500000 0.500000
vt 0.500000 0.500000
vt 0.500000 0.500000
vt 0.500000 0.500000
vt 0.500000 0.500000
vt 0.500000 0.500000
vt 0.500000 0.500000
vt 0.500000 0.500000
vt 0.500000 0.500000
vt 0.500000 0.500000
vt 0.500000 0.500000
vt 0.500000 0.500000
vt 0.500000 0.500000
vt 0.500000 0.500000
vt 0.500000 0.500000
vt 0.500000 0.500000
vt 0.500000 0.500000
vt 0.500000 0.500000
vt 0.500000 0.500000
vt 0.500000 0.500000
vt 0.500000 0.500000
vt 0.500000 0.500000
vt 0.500000 0.500000
vt 0.500000 0.500000
vt 0.500000 0.500000
vt 0.500000 0.500000
vt 0.500000 0.500000
vt 0.500000 0.500000
vt 0.500000 0.500000
vt 0.500000 0.500000
vt 0.500000 0.500000
vt 0.500000 0.500000
vt 0.500000 0.500000
vt 0.500000 0.500000
vt 0.500000 0.500000
vt 0.500000 0.500000
vt 0.500000 0.500000
vt 0.500000 0.500000
vt 0.500000 0.500000
vt 0.500000 0.500000
vt 0.500000 0.500000
vt 0.500000 0.500000
vt 0.500000 0.500000
vt 0.500000 0.500000
vt 0.500000 0.500000
vt 0.500000 0.500000
vt 0.500000 0.500000
vt 0.500000 0.500000
vt 0.500000 0.500000
vt 0.500000 0.500000
vt 0.500000 0.500000
vt 0.500000 0.500000
vt 0.500000 0.500000
vt 0.500000 0.500000
vt 0.500000 0.500000
vt 0.500000 0.500000
vt 0.500000 0.500000
vt 0.500000 0.500000
vt 0.500000 0.500000
vt 0.500000 0.500000
vt 0.500000 0.500000
vt 0.500000 0.500000
vt 0.500000 0.500000
vt 0.500000 0.500000
vt 0.500000 0.500000
vt 0.500000 0.500000
vt 0.500000 0.500000
vt 0.500000 0.500000
vt 0.500000 0.500000
vt 0.500000 0.500000
vt 0.500000 0.500000
vt 0.500000 0.500000
vt 0.500000 0.500000
vt 0.500000 0.500000
vt 0.500000 0.500000
vt 0.500000 0.500000
vt 0.500000 0.500000
vt 0.500000 0.500000
vt 0.500000 0.500000
vt 0.500000 0.500000
vt 0.500000 0.500000
vt 0.500000 0.500000
vt 0.500000 0.500000
vt 0.500000 0.500000
vt 0.500000 0.500000
vt 0.500000 0.500000
vt 0.500000 0.500000
vt 0.500000 0.500000
vt 0.500000 0.500000
vt 0.500000 0.500000
vt 0.500000 0.500000
vt 0.500000 0.500000
vt 0.500000 0.500000
vt 0.500000 0.500000
vt 0.500000 0.500000
vt 0.500000 0.500000
vt 0.500000 0.500000
vt 0.500000 0.500000
vt 0.500000 0.500000
vt 0.500000 0.500000
vt 0.500000 0.500000
vt 0.500000 0.500000
vt 0.500000 0.500000
vt 0.500000 0.500000
vt 0.500000 0.500000
vt 0.500000 0.500000
vt 0.500000 0.500000
vt 0.500000 0.500000
vt 0.500000 0.500000
vt 0.500000 0.500000
vt 0.500000 0.500000
vt 0.500000 0.500000
vt 0.500000 0.500000
vt 0.500000 0.500000
vt 0.500000 0.500000
vt 0.500000 0.500000
vt 0.500000 0.500000
vt 0.500000 0.500000
vt 0.500000 0.500000
vt 0.500000 0.500000
vt 0.500000 0.500000
vt 0.500000 0.500000
vt 0.500000 0.500000
vt 0.500000 0.500000
vt 0.500000 0.500000
vt 0.500000 0.500000
vt 0.500000 0.500000
vt 0.500000 0.500000
vt 0.500000 0.500000
vt 0.500000 0.500000
vt 0.500000 0.500000
vt 0.500000 0.500000
vt 0.500000 0.500000
vt 0.500000 0.500000
vt 0.500000 0.500000
vt 0.500000 0.500000
vt 0.500000 0.500000
vt 0.500000 0.500000
vt 0.500000 0.500000
vt 0.500000 0.500000
vt 0.500000 0.500000
vt 0.500000 0.500000
vt 0.500000 0.500000
vt 0.500000 0.500000
vt 0.500000 0.500000
vt 0.500000 0.500000
vt 0.500000 0.500000
vt 0.500000 0.500000
vt 0.500000 0.500000
vt 0.500000 0.500000
vt 0.500000 0.500000
vt 0.500000 0.500000
vt 0.500000 0.500000
vt 0.500000 0.500000
vt 0.500000 0.500000
vt 0.500000 0.500000
vt 0.500000 0.500000
vt 0.500000 0.500000
vt 0.500000 0.500000
vt 0.500000 0.500000
vt 0.500000 0.500000
vt 0.500000 0.500000
vt 0.500000 0.500000
vt 0.500000 0.500000
vt 0.500000 0.500000
vt 0.500000 0.500000
vt 0.500000 0.500000
vt 0.500000 0.500000
vt 0.500000 0.500000
vt 0.500000 0.500000
vt 0.500000 0.500000
vt 0.500000 0.500000
vt 0.500000 0.500000
vt 0.500000 0.500000
vt 0.500000 0.500000
vt 0.500000 0.500000
vt 0.500000 0.500000
vt 0.500000 0.500000
vt 0.500000 0.500000
vt 0.500000 0.500000
vt 0.500000 0.500000
vt 0.500000 0.500000
vt 0.500000 0.500000
vt 0.500000 0.500000
vt 0.500000 0.500000
vt 0.500000 0.500000
vt 0.500000 0.500000
vt 0.500000 0.500000
vt 0.500000 0.500000
vt 0.500000 0.500000
vt 0.500000 0.500000
vt 0.500000 0.500000
vt 0.500000 0.500000
vt 0.500000 0.500000
vt 0.500000 0.500000
vt 0.500000 0.500000
vt 0.500000 0.500000
vt 0.500000 0.500000
vt 0.500000 0.500000
vt 0.500000 0.500000
vt 0.500000 0.500000
vt 0.500000 0.500000
vt 0.500000 0.500000
vt 0.500000 0.500000
vt 0.500000 0.500000
vt 0.500000 0.500000
vt 0.500000 0.500000
vt 0.500000 0.500000
vt 0.500000 0.500000
vt 0.500000 0.500000
vt 0.500000 0.500000
vt 0.500000 0.500000
vt 0.500000 0.500000
vt 0.500000 0.500000
vt 0.500000 0.500000
vt 0.500000 0.500000
vt 0.500000 0.500000
vt 0.500000 0.500000
vt 0.500000 0.500000
vt 0.500000 0.500000
vt 0.500000 0.500000
vt 0.500000 0.500000
vt 0.500000 0.500000
vt 0.500000 0.500000
vt 0.500000 0.500000
vt 0.500000 0.500000
vt 0.500000 0.500000
vt 0.500000 0.500000
vt 0.500000 0.500000
vt 0.500000 0.500000
vt 0.500000 0.500000
vt 0.500000 0.500000
vt 0.500000 0.500000
vt 0.500000 0.500000
vt 0.500000 0.500000
vt 0.500000 0.500000
vt 0.500000 0.500000
vt 0.500000 0.500000
vt 0.500000 0.500000
vt 0.500000 0.500000
vt 0.500000 0.500000
vt 0.500000 0.500000
vt 0.500000 0.500000
vt 0.500000 0.500000
vt 0.500000 0.500000
vt 0.500000 0.500000
vt 0.500000 0.500000
vt 0.500000 0.500000
vt 0.500000 0.500000
vt 0.500000 0.500000
vt 0.500000 0.500000
vt 0.500000 0.500000
vt 0.500000 0.500000
vt 0.500000 0.500000
vt 0.500000 0.500000
vt 0.500000 0.500000
vt 0.500000 0.500000
vt 0.500000 0.500000
vt 0.500000 0.500000
vt 0.500000 0.500000
vt 0.500000 0.500000
vt 0.500000 0.500000
vt 0.500000 0.500000
vt 0.500000 0.500000
vt 0.500000 0.500000
vt 0.500000 0.500000
vt 0.500000 0.500000
vt 0.500000 0.500000
vt 0.500000 0.500000
vt 0.500000 0.500000
vt 0.500000 0.500000
vt 0.500000 0.500000
vt 0.500000 0.500000
vt 0.500000 0.500000
vt 0.500000 0.500000
vt 0.500000 0.500000
vt 0.500000 0.500000
vt 0.500000 0.500000
vt 0.500000 0.500000
vt 0.500000 0.500000
vt 0.500000 0.500000
vt 0.500000 0.500000
vt 0.500000 0.500000
vt 0.500000 0.500000
vt 0.500000 0.500000
vt 0.500000 0.500000
vt 0.500000 0.500000
vt 0.500000 0.500000
vt 0.500000 0.500000
vt 0.500000 0.500000
vt 0.500000 0.500000
vt 0.500000 0.500000
vt 0.500000 0.500000
vt 0.500000 0.500000
vt 0.500000 0.500000
vt 0.500000 0.500000
vt 0.500000 0.500000
vt 0.500000 0.500000
vt 0.500000 0.500000
vt 0.500000 0.500000
vt 0.500000 0.500000
vt 0.500000 0.500000
vt 0.500000 0.500000
vt 0.500000 0.500000
vt 0.500000 0.500000
vt 0.500000 0.500000
vt 0.500000 0.500000
vt 0.500000 0.500000
vt 0.500000 0.500000
vt 0.500000 0.500000
vt 0.500000 0.500000
vt 0.500000 0.500000
vt 0.500000 0.500000
vt 0.500000 0.500000
vt 0.500000 0.500000
vt 0.500000 0.500000
vt 0.500000 0.500000
vt 0.500000 0.500000
vt 0.500000 0.500000
vt 0.500000 0.500000
vt 0.500000 0.500000
vt 0.500000 0.500000
vt 0.500000 0.500000
vt 0.500000 0.500000
vt 0.500000 0.500000
vt 0.500000 0.500000
vt 0.500000 0.500000
vt 0.500000 0.500000
vt 0.500000 0.500000
vt 0.500000 0.500000
vt 0.500000 0.500000
vt 0.500000 0.500000
vt 0.500000 0.500000
vt 0.500000 0.500000
vt 0.500000 0.500000
vt 0.500000 0.500000
vt 0.500000 0.500000
vt 0.500000 0.500000
vt 0.500000 0.500000
vt 0.500000 0.500000
vt 0.500000 0.500000
vt 0.500000 0.500000
vt 0.500000 0.500000
vt 0.500000 0.500000
vt 0.500000 0.500000
vt 0.500000 0.500000
vt 0.500000 0.500000
vt 0.500000 0.500000
vt 0.500000 0.500000
vt 0.500000 0.500000
vt 0.500000 0.500000
vt 0.500000 0.500000
vt 0.500000 0.500000
vt 0.500000 0.500000
vt 0.500000 0.500000
vt 0.500000 0.500000
vt 0.500000 0.500000
vt 0.500000 0.500000
vt 0.500000 0.500000
vt 0.500000 0.500000
vt 0.500000 0.500000
vt 0.500000 0.500000
vt 0.500000 0.500000
vt 0.500000 0.500000
vt 0.500000 0.500000
vt 0.500000 0.500000
vt 0.500000 0.500000
vt 0.500000 0.500000
vt 0.500000 0.500000
vt 0.500000 0.500000
vt 0.500000 0.500000
vt 0.500000 0.500000
vt 0.500000 0.500000
vt 0.500000 0.500000
vt 0.500000 0.500000
vt 0.500000 0.500000
vt 0.500000 0.500000
vt 0.500000 0.500000
vt 0.500000 0.500000
vt 0.500000 0.500000
vt 0.500000 0.500000
vt 0.500000 0.500000
vt 0.500000 0.500000
vt 0.500000 0.500000
vt 0.500000 0.500000
vt 0.500000 0.500000
vt 0.500000 0.500000
vt 0.500000 0.500000
vt 0.500000 0.500000
vt 0.500000 0.500000
vt 0.500000 0.500000
vt 0.500000 0.500000
vt 0.500000 0.500000
vt 0.500000 0.500000
vt 0.500000 0.500000
vt 0.500000 0.500000
vt 0.500000 0.500000
vt 0.500000 0.500000
vt 0.500000 0.500000
vt 0.500000 0.500000
vt 0.500000 0.500000
vt 0.500000 0.500000
vt 0.500000 0.500000
vt 0.500000 0.500000
vt 0.500000 0.500000
vt 0.500000 0.500000
vt 0.500000 0.500000
vt 0.500000 0.500000
vt 0.500000 0.500000
vt 0.500000 0.500000
vt 0.500000 0.500000
vt 0.500000 0.500000
vt 0.500000 0.500000
vt 0.500000 0.500000
vt 0.500000 0.500000
vt 0.500000 0.500000
vt 0.500000 0.500000
vt 0.500000 0.500000
vt 0.500000 0.500000
vt 0.500000 0.500000
vt 0.500000 0.500000
vt 0.500000 0.500000
vt 0.500000 0.500000
vt 0.500000 0.500000
vt 0.500000 0.500000
vt 0.500000 0.500000
vt 0.500000 0.500000
vt 0.500000 0.500000
vt 0.500000 0.500000
vt 0.500000 0.500000
vt 0.500000 0.500000
vt 0.500000 0.500000
vt 0.500000 0.500000
vt 0.500000 0.500000
vt 0.500000 0.500000
vt 0.500000 0.500000
vt 0.500000 0.500000
vt 0.500000 0.500000
vt 0.500000 0.500000
vt 0.500000 0.500000
vt 0.500000 0.500000
vt 0.500000 0.500000
vt 0.500000 0.500000
vt 0.500000 0.500000
vt 0.500000 0.500000
vt 0.500000 0.500000
vt 0.500000 0.500000
vt 0.500000 0.500000
vt 0.500000 0.500000
vt 0.500000 0.500000
vt 0.500000 0.500000
vt 0.500000 0.500000
vt 0.500000 0.500000
vt 0.500000 0.500000
vt 0.500000 0.500000
vt 0.500000 0.500000
vt 0.500000 0.500000
vt 0.500000 0.500000
vt 0.500000 0.500000
vt 0.500000 0.500000
vt 0.500000 0.500000
vt 0.500000 0.500000
vt 0.500000 0.500000
vt 0.500000 0.500000
vt 0.500000 0.500000
vt 0.500000 0.500000
vt 0.500000 0.500000
vt 0.500000 0.500000
vt 0.500000 0.500000
vt 0.500000 0.500000
vt 0.500000 0.500000
vt 0.500000 0.500000
vt 0.500000 0.500000
vt 0.500000 0.500000
vt 0.500000 0.500000
vt 0.500000 0.500000
vt 0.500000 0.500000
vt 0.500000 0.500000
vt 0.500000 0.500000
vt 0.500000 0.500000
vt 0.500000 0.500000
vt 0.500000 0.500000
vt 0.500000 0.500000
vt 0.500000 0.500000
vt 0.500000 0.500000
vt 0.500000 0.500000
vt 0.500000 0.500000
vt 0.500000 0.500000
vt 0.500000 0.500000
vt 0.500000 0.500000
vt 0.500000 0.500000
vt 0.500000 0.500000
vt 0.500000 0.500000
vt 0.500000 0.500000
vt 0.500000 0.500000
vt 0.500000 0.500000
vt 0.500000 0.500000
vt 0.500000 0.500000
vt 0.500000 0.500000
vt 0.500000 0.500000
vt 0.500000 0.500000
vt 0.500000 0.500000
vt 0.500000 0.500000
vt 0.500000 0.500000
vt 0.500000 0.500000
vt 0.500000 0.500000
vt 0.500000 0.500000
vt 0.500000 0.500000
vt 0.500000 0.500000
vt 0.500000 0.500000
vt 0.500000 0.500000
vt 0.500000 0.500000
vt 0.500000 0.500000
vt 0.500000 0.500000
vt 0.500000 0.500000
vt 0.500000 0.500000
vt 0.500000 0.500000
vt 0.500000 0.500000
vt 0.500000 0.500000
vt 0.500000 0.500000
vt 0.500000 0.500000
vt 0.500000 0.500000
vt 0.500000 0.500000
vt 0.500000 0.500000
vt 0.500000 0.500000
vt 0.500000 0.500000
vt 0.500000 0.500000
vt 0.500000 0.500000
vt 0.500000 0.500000
vt 0.500000 0.500000
vt 0.500000 0.500000
vt 0.500000 0.500000
vt 0.500000 0.500000
vt 0.500000 0.500000
vt 0.500000 0.500000
vt 0.500000 0.500000
vt 0.500000 0.500000
vt 0.500000 0.500000
vt 0.500000 0.500000
vt 0.500000 0.500000
vt 0.500000 0.500000
vt 0.500000 0.500000
vt 0.500000 0.500000
vt 0.500000 0.500000
vt 0.500000 0.500000
vt 0.500000 0.500000
vt 0.500000 0.500000
vt 0.500000 0.500000
vt 0.500000 0.500000
vt 0.500000 0.500000
vt 0.500000 0.500000
vt 0.500000 0.500000
vt 0.500000 0.500000
vt 0.500000 0.500000
vt 0.500000 0.500000
vt 0.500000 0.500000
vt 0.500000 0.500000
vt 0.500000 0.500000
vt 0.500000 0.500000
vt 0.500000 0.500000
vt 0.500000 0.500000
vt 0.500000 0.500000
vt 0.500000 0.500000
vt 0.500000 0.500000
vt 0.500000 0.500000
vt 0.500000 0.500000
vt 0.500000 0.500000
vt 0.500000 0.500000
vt 0.500000 0.500000
vt 0.500000 0.500000
vt 0.500000 0.500000
vt 0.500000 0.500000
vt 0.500000 0.500000
vt 0.500000 0.500000
vt 0.500000 0.500000
vt 0.500000 0.500000
vt 0.500000 0.500000
vt 0.500000 0.500000
vt 0.500000 0.500000
vt 0.500000 0.500000
vt 0.500000 0.500000
vt 0.500000 0.500000
vt 0.500000 0.500000
vt 0.500000 0.500000
vt 0.500000 0.500000
vt 0.500000 0.500000
vt 0.500000 0.500000
vt 0.500000 0.500000
vt 0.500000 0.500000
vt 0.500000 0.500000
vt 0.500000 0.500000
vt 0.500000 0.500000
vt 0.500000 0.500000
vt 0.500000 0.500000
vt 0.500000 0.500000
vt 0.500000 0.500000
vt 0.500000 0.500000
vt 0.500000 0.500000
vt 0.500000 0.500000
vt 0.500000 0.500000
vt 0.500000 0.500000
vt 0.500000 0.500000
vt 0.500000 0.500000
vt 0.500000 0.500000
vt 0.500000 0.500000
vt 0.500000 0.500000
vt 0.500000 0.500000
vt 0.500000 0.500000
vt 0.500000 0.500000
vt 0.500000 0.500000
vt 0.500000 0.500000
vt 0.500000 0.500000
vt 0.500000 0.500000
vt 0.500000 0.500000
vt 0.500000 0.500000
vt 0.500000 0.500000
vt 0.500000 0.500000
vt 0.500000 0.500000
vt 0.500000 0.500000
vt 0.500000 0.500000
vt 0.500000 0.500000
vt 0.500000 0.500000
vt 0.500000 0.500000
vt 0.500000 0.500000
vt 0.500000 0.500000
vt 0.500000 0.500000
vt 0.500000 0.500000
vt 0.500000 0.500000
vt 0.500000 0.500000
vt 0.500000 0.500000
vt 0.500000 0.500000
vt 0.500000 0.500000
vt 0.500000 0.500000
vt 0.500000 0.500000
vt 0.500000 0.500000
vt 0.500000 0.500000
vt 0.500000 0.500000
vt 0.500000 0.500000
vt 0.500000 0.500000
vt 0.500000 0.500000
vt 0.500000 0.500000
vt 0.500000 0.500000
vt 0.500000 0.500000
vt 0.500000 0.500000
vt 0.500000 0.500000
vt 0.500000 0.500000
vt 0.500000 0.500000
vt 0.500000 0.500000
vt 0.500000 0.500000
vt 0.500000 0.500000
vt 0.500000 0.500000
vt 0.500000 0.500000
vt 0.500000 0.500000
vt 0.500000 0.500000
vt 0.500000 0.500000
vt 0.500000 0.500000
vt 0.500000 0.500000
vt 0.500000 0.500000
vt 0.500000 0.500000
vt 0.500000 0.500000
vt 0.500000 0.500000
vt 0.500000 0.500000
vt 0.500000 0.500000
vt 0.500000 0.500000
vt 0.500000 0.500000
vt 0.500000 0.500000
vt 0.500000 0.500000
vt 0.500000 0.500000
vt 0.500000 0.500000
vt 0.500000 0.500000
vt 0.500000 0.500000
vt 0.500000 0.500000
vt 0.500000 0.500000
vt 0.500000 0.500000
vt 0.500000 0.500000
vt 0.500000 0.500000
vt 0.500000 0.500000
vt 0.500000 0.500000
vt 0.500000 0.500000
vt 0.500000 0.500000
vt 0.500000 0.500000
vt 0.500000 0.500000
vt 0.500000 0.500000
vt 0.500000 0.500000
vt 0.500000 0.500000
vt 0.500000 0.500000
vt 0.500000 0.500000
vt 0.500000 0.500000
vt 0.500000 0.500000
vt 0.500000 0.500000
vt 0.500000 0.500000
vt 0.500000 0.500000
vt 0.500000 0.500000
vt 0.500000 0.500000
vt 0.500000 0.500000
vt 0.500000 0.500000
vt 0.500000 0.500000
vt 0.500000 0.500000
vt 0.500000 0.500000
vt 0.500000 0.500000
vt 0.500000 0.500000
vt 0.500000 0.500000
vt 0.500000 0.500000
vt 0.500000 0.500000
vt 0.500000 0.500000
vt 0.500000 0.500000
vt 0.500000 0.500000
vt 0.500000 0.500000
vt 0.500000 0.500000
vt 0.500000 0.500000
vt 0.500000 0.500000
vt 0.500000 0.500000
vt 0.500000 0.500000
vt 0.500000 0.500000
vt 0.500000 0.500000
vt 0.500000 0.500000
vt 0.500000 0.500000
vt 0.500000 0.500000
vt 0.500000 0.500000
vt 0.500000 0.500000
vt 0.500000 0.500000
vt 0.500000 0.500000
vt 0.500000 0.500000
vt 0.500000 0.500000
vt 0.500000 0.500000
vt 0.500000 0.500000
vt 0.500000 0.500000
vt 0.500000 0.500000
vt 0.500000 0.500000
vt 0.500000 0.500000
vt 0.500000 0.500000
vt 0.500000 0.500000
vt 0.500000 0.500000
vt 0.500000 0.500000
vt 0.500000 0.500000
vt 0.500000 0.500000
vt 0.500000 0.500000
vt 0.500000 0.500000
vt 0.500000 0.500000
vt 0.500000 0.500000
vt 0.500000 0.500000
vt 0.500000 0.500000
vt 0.500000 0.500000
vt 0.500000 0.500000
vt 0.500000 0.500000
vt 0.500000 0.500000
vt 0.500000 0.500000
vt 0.500000 0.500000
vt 0.500000 0.500000
vt 0.500000 0.500000
vt 0.500000 0.500000
vt 0.500000 0.500000
vt 0.500000 0.500000
vt 0.500000 0.500000
vt 0.500000 0.500000
vt 0.500000 0.500000
vt 0.500000 0.500000
vt 0.500000 0.500000
vt 0.500000 0.500000
vt 0.500000 0.500000
vt 0.500000 0.500000
vt 0.500000 0.500000
vt 0.500000 0.500000
vt 0.500000 0.500000
vt 0.500000 0.500000
vt 0.500000 0.500000
vt 0.500000 0.500000
vt 0.500000 0.500000
vt 0.500000 0.500000
vt 0.500000 0.500000
vt 0.500000 0.500000
vt 0.500000 0.500000
vt 0.500000 0.500000
vt 0.500000 0.500000
vt 0.500000 0.500000
vt 0.500000 0.500000
vt 0.500000 0.500000
vt 0.500000 0.500000
vt 0.500000 0.500000
vt 0.500000 0.500000
vt 0.500000 0.500000
vt 0.500000 0.500000
vt 0.500000 0.500000
vt 0.500000 0.500000
vt 0.500000 0.500000
vt 0.500000 0.500000
vt 0.500000 0.500000
vt 0.500000 0.500000
vt 0.500000 0.500000
vt 0.500000 0.500000
vt 0.500000 0.500000
vt 0.500000 0.500000
vt 0.500000 0.500000
vt 0.500000 0.500000
vt 0.500000 0.500000
vt 0.500000 0.500000
vt 0.500000 0.500000
vt 0.500000 0.500000
vt 0.500000 0.500000
vt 0.500000 0.500000
vt 0.500000 0.500000
vt 0.500000 0.500000
vt 0.500000 0.500000
vt 0.500000 0.500000
vt 0.500000 0.500000
vt 0.500000 0.500000
vt 0.500000 0.500000
vt 0.500000 0.500000
vt 0.500000 0.500000
vt 0.500000 0.500000
vt 0.500000 0.500000
vt 0.500000 0.500000
vt 0.500000 0.500000
vt 0.500000 0.500000
vt 0.500000 0.500000
vt 0.500000 0.500000
vt 0.500000 0.500000
vt 0.500000 0.500000
vt 0.500000 0.500000
vt 0.500000 0.500000
vt 0.500000 0.500000
vt 0.500000 0.500000
vt 0.500000 0.500000
vt 0.500000 0.500000
vt 0.500000 0.500000
vt 0.500000 0.500000
vt 0.500000 0.500000
vt 0.500000 0.500000
vt 0.500000 0.500000
vt 0.500000 0.500000
vt 0.500000 0.500000
vt 0.500000 0.500000
vt 0.500000 0.500000
vt 0.500000 0.500000
vt 0.500000 0.500000
vt 0.500000 0.500000
vt 0.500000 0.500000
vt 0.500000 0.500000
vt 0.500000 0.500000
vt 0.500000 0.500000
vt 0.500000 0.500000
vt 0.500000 0.500000
vt 0.500000 0.500000
vt 0.500000 0.500000
vt 0.500000 0.500000
vt 0.500000 0.500000
vt 0.500000 0.500000
vt 0.500000 0.500000
vt 0.500000 0.500000
vt 0.500000 0.500000
vt 0.500000 0.500000
vt 0.500000 0.500000
vt 0.500000 0.500000
vt 0.500000 0.500000
vt 0.500000 0.500000
vt 0.500000 0.500000
vt 0.500000 0.500000
vt 0.500000 0.500000
vt 0.500000 0.500000
vt 0.500000 0.500000
vt 0.500000 0.500000
vt 0.500000 0.500000
vt 0.500000 0.500000
vt 0.500000 0.500000
vt 0.500000 0.500000
vt 0.500000 0.500000
vt 0.500000 0.500000
vt 0.500000 0.500000
vt 0.500000 0.500000
vt 0.500000 0.500000
vt 0.500000 0.500000
vt 0.500000 0.500000
vt 0.500000 0.500000
vt 0.500000 0.500000
vt 0.500000 0.500000
vt 0.500000 0.500000
vt 0.500000 0.500000
vt 0.500000 0.500000
vt 0.500000 0.500000
vt 0.500000 0.500000
vt 0.500000 0.500000
vt 0.500000 0.500000
vt 0.500000 0.500000
vt 0.500000 0.500000
vt 0.500000 0.500000
vt 0.500000 0.500000
vt 0.500000 0.500000
vt 0.500000 0.500000
vt 0.500000 0.500000
vt 0.500000 0.500000
vt 0.500000 0.500000
vt 0.500000 0.500000
vt 0.500000 0.500000
vt 0.500000 0.500000
vt 0.500000 0.500000
vt 0.500000 0.500000
vt 0.500000 0.500000
vt 0.500000 0.500000
vt 0.500000 0.500000
vt 0.500000 0.500000
vt 0.500000 0.500000
vt 0.500000 0.500000
vt 0.500000 0.500000
vt 0.500000 0.500000
vt 0.500000 0.500000
vt 0.500000 0.500000
vt 0.500000 0.500000
vt 0.500000 0.500000
vt 0.500000 0.500000
vt 0.500000 0.500000
vt 0.500000 0.500000
vt 0.500000 0.500000
vt 0.500000 0.500000
vt 0.500000 0.500000
vt 0.500000 0.500000
vt 0.500000 0.500000
vt 0.500000 0.500000
vt 0.500000 0.500000
vt 0.500000 0.500000
vt 0.500000 0.500000
vt 0.500000 0.500000
vt 0.500000 0.500000
vt 0.500000 0.500000
vt 0.500000 0.500000
vt 0.500000 0.500000
vt 0.500000 0.500000
vt 0.500000 0.500000
vt 0.500000 0.500000
vt 0.500000 0.500000
vt 0.500000 0.500000
vt 0.500000 0.500000
vt 0.500000 0.500000
vt 0.500000 0.500000
vt 0.500000 0.500000
vt 0.500000 0.500000
vt 0.500000 0.500000
vt 0.500000 0.500000
vt 0.500000 0.500000
vt 0.500000 0.500000
vt 0.500000 0.500000
vt 0.500000 0.500000
vt 0.500000 0.500000
vt 0.500000 0.500000
vt 0.500000 0.500000
vt 0.500000 0.500000
vt 0.500000 0.500000
vt 0.500000 0.500000
vt 0.500000 0.500000
vt 0.500000 0.500000
vt 0.500000 0.500000
vt 0.500000 0.500000
vt 0.500000 0.500000
vt 0.500000 0.500000
vt 0.500000 0.500000
vt 0.500000 0.500000
vt 0.500000 0.500000
vt 0.500000 0.500000
vt 0.500000 0.500000
vt 0.500000 0.500000
vt 0.500000 0.500000
vt 0.500000 0.500000
vt 0.500000 0.500000
vt 0.500000 0.500000
vt 0.500000 0.500000
vt 0.500000 0.500000
vt 0.500000 0.500000
vt 0.500000 0.500000
vt 0.500000 0.500000
vt 0.500000 0.500000
vt 0.500000 0.500000
vt 0.500000 0.500000
vt 0.500000 0.500000
vt 0.500000 0.500000
vt 0.500000 0.500000
vt 0.500000 0.500000
vt 0.500000 0.500000
vt 0.500000 0.500000
vt 0.500000 0.500000
vt 0.500000 0.500000
vt 0.500000 0.500000
vt 0.500000 0.500000
vt 0.500000 0.500000
vt 0.500000 0.500000
vt 0.500000 0.500000
vt 0.500000 0.500000
vt 0.500000 0.500000
vt 0.500000 0.500000
vt 0.500000 0.500000
vt 0.500000 0.500000
vt 0.500000 0.500000
vt 0.500000 0.500000
vt 0.500000 0.500000
vt 0.500000 0.500000
vt 0.500000 0.500000
vt 0.500000 0.500000
vt 0.500000 0.500000
vt 0.500000 0.500000
vt 0.500000 0.500000
vt 0.500000 0.500000
vt 0.500000 0.500000
vt 0.500000 0.500000
vt 0.500000 0.500000
vt 0.500000 0.500000
vt 0.500000 0.500000
vt 0.500000 0.500000
vt 0.500000 0.500000
vt 0.500000 0.500000
vt 0.500000 0.500000
vt 0.500000 0.500000
vt 0.500000 0.500000
vt 0.500000 0.500000
vt 0.500000 0.500000
vt 0.500000 0.500000
vt 0.500000 0.500000
vt 0.500000 0.500000
vt 0.500000 0.500000
vt 0.500000 0.500000
vt 0.500000 0.500000
vt 0.500000 0.500000
vt 0.500000 0.500000
vt 0.500000 0.500000
vt 0.500000 0.500000
vt 0.500000 0.500000
vt 0.500000 0.500000
vt 0.500000 0.500000
vt 0.500000 0.500000
vt 0.500000 0.500000
vt 0.500000 0.500000
vt 0.500000 0.500000
vt 0.500000 0.500000
vt 0.500000 0.500000
vt 0.500000 0.500000
vt 0.500000 0.500000
vt 0.500000 0.500000
vt 0.500000 0.500000
vt 0.500000 0.500000
vt 0.500000 0.500000
vt 0.500000 0.500000
vt 0.500000 0.500000
vt 0.500000 0.500000
vt 0.500000 0.500000
vt 0.500000 0.500000
vt 0.500000 0.500000
vt 0.500000 0.500000
vt 0.500000 0.500000
vt 0.500000 0.500000
vt 0.500000 0.500000
vt 0.500000 0.500000
vt 0.500000 0.500000
vt 0.500000 0.500000
vt 0.500000 0.500000
vt 0.500000 0.500000
vt 0.500000 0.500000
vt 0.500000 0.500000
vt 0.500000 0.500000
vt 0.500000 0.500000
vt 0.500000 0.500000
vt 0.500000 0.500000
vt 0.500000 0.500000
vt 0.500000 0.500000
vt 0.500000 0.500000
vt 0.500000 0.500000
vt 0.500000 0.500000
vt 0.500000 0.500000
vt 0.500000 0.500000
vt 0.500000 0.500000
vt 0.500000 0.500000
vt 0.500000 0.500000
vt 0.500000 0.500000
vt 0.500000 0.500000
vt 0.500000 0.500000
vt 0.500000 0.500000
vt 0.500000 0.500000
vt 0.500000 0.500000
vt 0.500000 0.500000
vt 0.500000 0.500000
vt 0.500000 0.500000
vt 0.500000 0.500000
vt 0.500000 0.500000
vt 0.500000 0.500000
vt 0.500000 0.500000
vt 0.500000 0.500000
vt 0.500000 0.500000
vt 0.500000 0.500000
vt 0.500000 0.500000
vt 0.500000 0.500000
vt 0.500000 0.500000
vt 0.500000 0.500000
vt 0.500000 0.500000
vt 0.500000 0.500000
vt 0.500000 0.500000
vt 0.500000 0.500000
vt 0.500000 0.500000
vt 0.500000 0.500000
vt 0.500000 0.500000
vt 0.500000 0.500000
vt 0.500000 0.500000
vt 0.500000 0.500000
vt 0.500000 0.500000
vt 0.500000 0.500000
vt 0.500000 0.500000
vt 0.500000 0.500000
vt 0.500000 0.500000
vt 0.500000 0.500000
vt 0.500000 0.500000
vt 0.500000 0.500000
vt 0.500000 0.500000
vt 0.500000 0.500000
vt 0.500000 0.500000
vt 0.500000 0.500000
vt 0.500000 0.500000
vt 0.500000 0.500000
vt 0.500000 0.500000
vt 0.500000 0.500000
vt 0.500000 0.500000
vt 0.500000 0.500000
vt 0.500000 0.500000
vt 0.500000 0.500000
vt 0.500000 0.500000
vt 0.500000 0.500000
vt 0.500000 0.500000
vt 0.500000 0.500000
vt 0.500000 0.500000
vt 0.500000 0.500000
vt 0.500000 0.500000
vt 0.500000 0.500000
vt 0.500000 0.500000
vt 0.500000 0.500000
vt 0.500000 0.500000
vt 0.500000 0.500000
vt 0.500000 0.500000
vt 0.500000 0.500000
vt 0.500000 0.500000
vt 0.500000 0.500000
vt 0.500000 0.500000
vt 0.500000 0.500000
vt 0.500000 0.500000
vt 0.500000 0.500000
vt 0.500000 0.500000
vt 0.500000 0.500000
vt 0.500000 0.500000
vt 0.500000 0.500000
vt 0.500000 0.500000
vt 0.500000 0.500000
vt 0.500000 0.500000
vt 0.500000 0.500000
vt 0.500000 0.500000
vt 0.500000 0.500000
vt 0.500000 0.500000
vt 0.500000 0.500000
vt 0.500000 0.500000
vt 0.500000 0.500000
vt 0.500000 0.500000
vt 0.500000 0.500000
vt 0.500000 0.500000
vt 0.500000 0.500000
vt 0.500000 0.500000
vt 0.500000 0.500000
vt 0.500000 0.500000
vt 0.500000 0.500000
vt 0.500000 0.500000
vt 0.500000 0.500000
vt 0.500000 0.500000
vt 0.500000 0.500000
vt 0.500000 0.500000
vt 0.500000 0.500000
vt 0.500000 0.500000
vt 0.500000 0.500000
vt 0.500000 0.500000
vt 0.500000 0.500000
vt 0.500000 0.500000
vt 0.500000 0.500000
vt 0.500000 0.500000
vt 0.500000 0.500000
vt 0.500000 0.500000
vt 0.500000 0.500000
vt 0.500000 0.500000
vt 0.500000 0.500000
vt 0.500000 0.500000
vt 0.500000 0.500000
vt 0.500000 0.500000
vt 0.500000 0.500000
vt 0.500000 0.500000
vt 0.500000 0.500000
vt 0.500000 0.500000
vt 0.500000 0.500000
vt 0.500000 0.500000
vt 0.500000 0.500000
vt 0.500000 0.500000
vt 0.500000 0.500000
vt 0.500000 0.500000
vt 0.500000 0.500000
vt 0.500000 0.500000
vt 0.500000 0.500000
vt 0.500000 0.500000
vt 0.500000 0.500000
vt 0.500000 0.500000
vt 0.500000 0.500000
vt 0.500000 0.500000
vt 0.500000 0.500000
vt 0.500000 0.500000
vt 0.500000 0.500000
vt 0.500000 0.500000
vt 0.500000 0.500000
vt 0.500000 0.500000
vt 0.500000 0.500000
vt 0.500000 0.500000
vt 0.500000 0.500000
vt 0.500000 0.500000
vt 0.500000 0.500000
vt 0.500000 0.500000
vt 0.500000 0.500000
vt 0.500000 0.500000
vt 0.500000 0.500000
vt 0.500000 0.500000
vt 0.500000 0.500000
vt 0.500000 0.500000
vt 0.500000 0.500000
vt 0.500000 0.500000
vt 0.500000 0.500000
vt 0.500000 0.500000
vt 0.500000 0.500000
vt 0.500000 0.500000
vt 0.500000 0.500000
vt 0.500000 0.500000
vt 0.500000 0.500000
vt 0.500000 0.500000
vt 0.500000 0.500000
vt 0.500000 0.500000
vt 0.500000 0.500000
vt 0.500000 0.500000
vt 0.500000 0.500000
vt 0.500000 0.500000
vt 0.500000 0.500000
vt 0.500000 0.500000
vt 0.500000 0.500000
vt 0.500000 0.500000
vt 0.500000 0.500000
vt 0.500000 0.500000
vt 0.500000 0.500000
vt 0.500000 0.500000
vt 0.500000 0.500000
vt 0.500000 0.500000
vt 0.500000 0.500000
vt 0.500000 0.500000
vt 0.500000 0.500000
vt 0.500000 0.500000
vt 0.500000 0.500000
vt 0.500000 0.500000
vt 0.500000 0.500000
vt 0.500000 0.500000
vt 0.500000 0.500000
vt 0.500000 0.500000
vt 0.500000 0.500000
vt 0.500000 0.500000
vt 0.500000 0.500000
vt 0.500000 0.500000
vt 0.500000 0.500000
vt 0.500000 0.500000
vt 0.500000 0.500000
vt 0.500000 0.500000
vt 0.500000 0.500000
vt 0.500000 0.500000
vt 0.500000 0.500000
vt 0.500000 0.500000
vt 0.500000 0.500000
vt 0.500000 0.500000
vt 0.500000 0.500000
vt 0.500000 0.500000
vt 0.500000 0.500000
vt 0.500000 0.500000
vt 0.500000 0.500000
vt 0.500000 0.500000
vt 0.500000 0.500000
vt 0.500000 0.500000
vt 0.500000 0.500000
vt 0.500000 0.500000
vt 0.500000 0.500000
vt 0.500000 0.500000
vt 0.500000 0.500000
vt 0.500000 0.500000
vt 0.500000 0.500000
vt 0.500000 0.500000
vt 0.500000 0.500000
vt 0.500000 0.500000
vt 0.500000 0.500000
vt 0.500000 0.500000
vt 0.500000 0.500000
vt 0.500000 0.500000
vt 0.500000 0.500000
vt 0.500000 0.500000
vt 0.500000 0.500000
vt 0.500000 0.500000
vt 0.500000 0.500000
vt 0.500000 0.500000
vt 0.500000 0.500000
vt 0.500000 0.500000
vt 0.500000 0.500000
vt 0.500000 0.500000
vt 0.500000 0.500000
vt 0.500000 0.500000
vt 0.500000 0.500000
vt 0.500000 0.500000
vt 0.500000 0.500000
vt 0.500000 0.500000
vt 0.500000 0.500000
vt 0.500000 0.500000
vt 0.500000 0.500000
vt 0.500000 0.500000
vt 0.500000 0.500000
vt 0.500000 0.500000
vt 0.500000 0.500000
vt 0.500000 0.500000
vt 0.500000 0.500000
vt 0.500000 0.500000
vt 0.500000 0.500000
vt 0.500000 0.500000
vt 0.500000 0.500000
vt 0.500000 0.500000
vt 0.500000 0.500000
vt 0.500000 0.500000
vt 0.500000 0.500000
vt 0.500000 0.500000
vt 0.500000 0.500000
vt 0.500000 0.500000
vt 0.500000 0.500000
vt 0.500000 0.500000
vt 0.500000 0.500000
vt 0.500000 0.500000
vt 0.500000 0.500000
vt 0.500000 0.500000
vt 0.500000 0.500000
vt 0.500000 0.500000
vt 0.500000 0.500000
vt 0.500000 0.500000
vt 0.500000 0.500000
vt 0.500000 0.500000
vt 0.500000 0.500000
vt 0.500000 0.500000
vt 0.500000 0.500000
vt 0.500000 0.500000
vt 0.500000 0.500000
vt 0.500000 0.500000
vt 0.500000 0.500000
vt 0.500000 0.500000
vt 0.500000 0.500000
vt 0.500000 0.500000
vt 0.500000 0.500000
vt 0.500000 0.500000
vt 0.500000 0.500000
vt 0.500000 0.500000
vt 0.500000 0.500000
vt 0.500000 0.500000
vt 0.500000 0.500000
vt 0.500000 0.500000
vt 0.500000 0.500000
vt 0.500000 0.500000
vt 0.500000 0.500000
vt 0.500000 0.500000
vt 0.500000 0.500000
vt 0.500000 0.500000
vt 0.500000 0.500000
vt 0.500000 0.500000
vt 0.500000 0.500000
vt 0.500000 0.500000
vt 0.500000 0.500000
vt 0.500000 0.500000
vt 0.500000 0.500000
vt 0.500000 0.500000
vt 0.500000 0.500000
vt 0.500000 0.500000
vt 0.500000 0.500000
vt 0.500000 0.500000
vt 0.500000 0.500000
vt 0.500000 0.500000
vt 0.500000 0.500000
vt 0.500000 0.500000
vt 0.500000 0.500000
vt 0.500000 0.500000
vt 0.500000 0.500000
vt 0.500000 0.500000
vt 0.500000 0.500000
vt 0.500000 0.500000
vt 0.500000 0.500000
vt 0.500000 0.500000
vt 0.500000 0.500000
vt 0.500000 0.500000
vt 0.500000 0.500000
vt 0.500000 0.500000
vt 0.500000 0.500000
vt 0.500000 0.500000
vt 0.500000 0.500000
vt 0.500000 0.500000
vt 0.500000 0.500000
vt 0.500000 0.500000
vt 0.500000 0.500000
vt 0.500000 0.500000
vt 0.500000 0.500000
vt 0.500000 0.500000
vt 0.500000 0.500000
vt 0.500000 0.500000
vt 0.500000 0.500000
vt 0.500000 0.500000
vt 0.500000 0.500000
vt 0.500000 0.500000
vt 0.500000 0.500000
vt 0.500000 0.500000
vt 0.500000 0.500000
vt 0.500000 0.500000
vt 0.500000 0.500000
vt 0.500000 0.500000
vt 0.500000 0.500000
vt 0.500000 0.500000
vt 0.500000 0.500000
vt 0.500000 0.500000
vt 0.500000 0.500000
vt 0.500000 0.500000
vt 0.500000 0.500000
vt 0.500000 0.500000
vt 0.500000 0.500000
vt 0.500000 0.500000
vt 0.500000 0.500000
vt 0.500000 0.500000
vt 0.500000 0.500000
vt 0.500000 0.500000
vt 0.500000 0.500000
vt 0.500000 0.500000
vt 0.500000 0.500000
vt 0.500000 0.500000
vt 0.500000 0.500000
vt 0.500000 0.500000
vt 0.500000 0.500000
vt 0.500000 0.500000
vt 0.500000 0.500000
vt 0.500000 0.500000
vt 0.500000 0.500000
vt 0.500000 0.500000
vt 0.500000 0.500000
vt 0.500000 0.500000
vt 0.500000 0.500000
vt 0.500000 0.500000
vt 0.500000 0.500000
vt 0.500000 0.500000
vt 0.500000 0.500000
vt 0.500000 0.500000
vt 0.500000 0.500000
vt 0.500000 0.500000
vt 0.500000 0.500000
vt 0.500000 0.500000
vt 0.500000 0.500000
vt 0.500000 0.500000
vt 0.500000 0.500000
vt 0.500000 0.500000
vt 0.500000 0.500000
vt 0.500000 0.500000
vt 0.500000 0.500000
vt 0.500000 0.500000
vt 0.500000 0.500000
vt 0.500000 0.500000
vt 0.500000 0.500000
vt 0.500000 0.500000
vt 0.500000 0.500000
vt 0.500000 0.500000
vt 0.500000 0.500000
vt 0.500000 0.500000
vt 0.500000 0.500000
vt 0.500000 0.500000
vt 0.500000 0.500000
vt 0.500000 0.500000
vt 0.500000 0.500000
vt 0.500000 0.500000
vt 0.500000 0.500000
vt 0.500000 0.500000
vt 0.500000 0.500000
vt 0.500000 0.500000
vt 0.500000 0.500000
vt 0.500000 0.500000
vt 0.500000 0.500000
vt 0.500000 0.500000
vt 0.500000 0.500000
vt 0.500000 0.500000
vt 0.500000 0.500000
vt 0.500000 0.500000
vt 0.500000 0.500000
vt 0.500000 0.500000
vt 0.500000 0.500000
vt 0.500000 0.500000
vt 0.500000 0.500000
vt 0.500000 0.500000
vt 0.500000 0.500000
vt 0.500000 0.500000
vt 0.500000 0.500000
vt 0.500000 0.500000
vt 0.500000 0.500000
vt 0.500000 0.500000
vt 0.500000 0.500000
vt 0.500000 0.500000
vt 0.500000 0.500000
vt 0.500000 0.500000
vt 0.500000 0.500000
vt 0.500000 0.500000
vt 0.500000 0.500000
vt 0.500000 0.500000
vt 0.500000 0.500000
vt 0.500000 0.500000
vt 0.500000 0.500000
vt 0.500000 0.500000
vt 0.500000 0.500000
vt 0.500000 0.500000
vt 0.500000 0.500000
vt 0.500000 0.500000
vt 0.500000 0.500000
vt 0.500000 0.500000
vt 0.500000 0.500000
vt 0.500000 0.500000
vt 0.500000 0.500000
vt 0.500000 0.500000
vt 0.500000 0.500000
vt 0.500000 0.500000
vt 0.500000 0.500000
vt 0.500000 0.500000
vt 0.500000 0.500000
vt 0.500000 0.500000
vt 0.500000 0.500000
vt 0.500000 0.500000
vt 0.500000 0.500000
vt 0.500000 0.500000
vt 0.500000 0.500000
vt 0.500000 0.500000
vt 0.500000 0.500000
vt 0.500000 0.500000
vt 0.500000 0.500000
vt 0.500000 0.500000
vt 0.500000 0.500000
vt 0.500000 0.500000
vt 0.500000 0.500000
vt 0.500000 0.500000
vt 0.500000 0.500000
vt 0.500000 0.500000
vt 0.500000 0.500000
vt 0.500000 0.500000
vt 0.500000 0.500000
vt 0.500000 0.500000
vt 0.500000 0.500000
vt 0.500000 0.500000
vt 0.500000 0.500000
vt 0.500000 0.500000
vt 0.500000 0.500000
vt 0.500000 0.500000
vt 0.500000 0.500000
vt 0.500000 0.500000
vt 0.500000 0.500000
vt 0.500000 0.500000
vt 0.500000 0.500000
vt 0.500000 0.500000
vt 0.500000 0.500000
vt 0.500000 0.500000
vt 0.500000 0.500000
vt 0.500000 0.500000
vt 0.500000 0.500000
vt 0.500000 0.500000
vt 0.500000 0.500000
vt 0.500000 0.500000
vt 0.500000 0.500000
vt 0.500000 0.500000
vt 0.500000 0.500000
vt 0.500000 0.500000
vt 0.500000 0.500000
vt 0.500000 0.500000
vt 0.500000 0.500000
vt 0.500000 0.500000
vt 0.500000 0.500000
vt 0.500000 0.500000
vt 0.500000 0.500000
vt 0.500000 0.500000
vt 0.500000 0.500000
vt 0.500000 0.500000
vt 0.500000 0.500000
vt 0.500000 0.500000
vt 0.500000 0.500000
vt 0.500000 0.500000
vt 0.500000 0.500000
vt 0.500000 0.500000
vt 0.500000 0.500000
vt 0.500000 0.500000
vt 0.500000 0.500000
vt 0.500000 0.500000
vt 0.500000 0.500000
vt 0.500000 0.500000
vt 0.500000 0.500000
vt 0.500000 0.500000
vt 0.500000 0.500000
vt 0.500000 0.500000
vt 0.500000 0.500000
vt 0.500000 0.500000
vt 0.500000 0.500000
vt 0.500000 0.500000
vt 0.500000 0.500000
vt 0.500000 0.500000
vt 0.500000 0.500000
vt 0.500000 0.500000
vt 0.500000 0.500000
vt 0.500000 0.500000
vt 0.500000 0.500000
vt 0.500000 0.500000
vt 0.500000 0.500000
vt 0.500000 0.500000
vt 0.500000 0.500000
vt 0.500000 0.500000
vt 0.500000 0.500000
vt 0.500000 0.500000
vt 0.500000 0.500000
vt 0.500000 0.500000
vt 0.500000 0.500000
vt 0.500000 0.500000
vt 0.500000 0.500000
vt 0.500000 0.500000
vt 0.500000 0.500000
vt 0.500000 0.500000
vt 0.500000 0.500000
vt 0.500000 0.500000
vt 0.500000 0.500000
vt 0.500000 0.500000
vt 0.500000 0.500000
vt 0.500000 0.500000
vt 0.500000 0.500000
vt 0.500000 0.500000
vt 0.500000 0.500000
vt 0.500000 0.500000
vt 0.500000 0.500000
vt 0.500000 0.500000
vt 0.500000 0.500000
vt 0.500000 0.500000
vt 0.500000 0.500000
vt 0.500000 0.500000
vt 0.500000 0.500000
vt 0.500000 0.500000
vt 0.500000 0.500000
vt 0.500000 0.500000
vt 0.500000 0.500000
vt 0.500000 0.500000
vt 0.500000 0.500000
vt 0.500000 0.500000
vt 0.500000 0.500000
vt 0.500000 0.500000
vt 0.500000 0.500000
vt 0.500000 0.500000
vt 0.500000 0.500000
vt 0.500000 0.500000
vt 0.500000 0.500000
vt 0.500000 0.500000
vt 0.500000 0.500000
vt 0.500000 0.500000
vt 0.500000 0.500000
vt 0.500000 0.500000
vt 0.500000 0.500000
vt 0.500000 0.500000
vt 0.500000 0.500000
vt 0.500000 0.500000
vt 0.500000 0.500000
vt 0.500000 0.500000
vt 0.500000 0.500000
vt 0.500000 0.500000
vt 0.500000 0.500000
vt 0.500000 0.500000
vt 0.500000 0.500000
vt 0.500000 0.500000
vt 0.500000 0.500000
vt 0.500000 0.500000
vt 0.500000 0.500000
vt 0.500000 0.500000
vt 0.500000 0.500000
vt 0.500000 0.500000
vt 0.500000 0.500000
vt 0.500000 0.500000
vt 0.500000 0.500000
vt 0.500000 0.500000
vt 0.500000 0.500000
vt 0.500000 0.500000
vt 0.500000 0.500000
vt 0.500000 0.500000
vt 0.500000 0.500000
vt 0.500000 0.500000
vt 0.500000 0.500000
vt 0.500000 0.500000
vt 0.500000 0.500000
vt 0.500000 0.500000
vt 0.500000 0.500000
vt 0.500000 0.500000
vt 0.500000 0.500000
vt 0.500000 0.500000
vt 0.500000 0.500000
vt 0.500000 0.500000
vt 0.500000 0.500000
vt 0.500000 0.500000
vt 0.500000 0.500000
vt 0.500000 0.500000
vt 0.500000 0.500000
vt 0.500000 0.500000
vt 0.500000 0.500000
vt 0.500000 0.500000
vt 0.500000 0.500000
vt 0.500000 0.500000
vt 0.500000 0.500000
vt 0.500000 0.500000
vt 0.500000 0.500000
vt 0.500000 0.500000
vt 0.500000 0.500000
vt 0.500000 0.500000
vt 0.500000 0.500000
vt 0.500000 0.500000
vt 0.500000 0.500000
vt 0.500000 0.500000
vt 0.500000 0.500000
vt 0.500000 0.500000
vt 0.500000 0.500000
vt 0.500000 0.500000
vt 0.500000 0.500000
vt 0.500000 0.500000
vt 0.500000 0.500000
vt 0.500000 0.500000
vt 0.500000 0.500000
vt 0.500000 0.500000
vt 0.500000 0.500000
vt 0.500000 0.500000
vt 0.500000 0.500000
vt 0.500000 0.500000
vt 0.500000 0.500000
vt 0.500000 0.500000
vt 0.500000 0.500000
vt 0.500000 0.500000
vt 0.500000 0.500000
vt 0.500000 0.500000
vt 0.500000 0.500000
vt 0.500000 0.500000
vt 0.500000 0.500000
vt 0.500000 0.500000
vt 0.500000 0.500000
vt 0.500000 0.500000
vt 0.500000 0.500000
vt 0.500000 0.500000
vt 0.500000 0.500000
vt 0.500000 0.500000
vt 0.500000 0.500000
vt 0.500000 0.500000
vt 0.500000 0.500000
vt 0.500000 0.500000
vt 0.500000 0.500000
vt 0.500000 0.500000
vt 0.500000 0.500000
vt 0.500000 0.500000
vt 0.500000 0.500000
vt 0.500000 0.500000
vt 0.500000 0.500000
vt 0.500000 0.500000
vt 0.500000 0.500000
vt 0.500000 0.500000
vt 0.500000 0.500000
vt 0.500000 0.500000
vt 0.500000 0.500000
vt 0.500000 0.500000
vt 0.500000 0.500000
vt 0.500000 0.500000
vt 0.500000 0.500000
vt 0.500000 0.500000
vt 0.500000 0.500000
vt 0.500000 0.500000
vt 0.500000 0.500000
vt 0.500000 0.500000
vt 0.500000 0.500000
vt 0.500000 0.500000
vt 0.500000 0.500000
vt 0.500000 0.500000
vt 0.500000 0.500000
vt 0.500000 0.500000
vt 0.500000 0.500000
vt 0.500000 0.500000
vt 0.500000 0.500000
vt 0.500000 0.500000
vt 0.500000 0.500000
vt 0.500000 0.500000
vt 0.500000 0.500000
vt 0.500000 0.500000
vt 0.500000 0.500000
vt 0.500000 0.500000
vt 0.500000 0.500000
vt 0.500000 0.500000
vt 0.500000 0.500000
vt 0.500000 0.500000
vt 0.500000 0.500000
vt 0.500000 0.500000
vt 0.500000 0.500000
vt 0.500000 0.500000
vt 0.500000 0.500000
vt 0.500000 0.500000
vt 0.500000 0.500000
vt 0.500000 0.500000
vt 0.500000 0.500000
vt 0.500000 0.500000
vt 0.500000 0.500000
vt 0.500000 0.500000
vt 0.500000 0.500000
vt 0.500000 0.500000
vt 0.500000 0.500000
vt 0.500000 0.500000
vt 0.500000 0.500000
vt 0.500000 0.500000
vt 0.500000 0.500000
vt 0.500000 0.500000
vt 0.500000 0.500000
vt 0.500000 0.500000
vt 0.500000 0.500000
vt 0.500000 0.500000
vt 0.500000 0.500000
vt 0.500000 0.500000
vt 0.500000 0.500000
vt 0.500000 0.500000
vt 0.500000 0.500000
vt 0.500000 0.500000
vt 0.500000 0.500000
vt 0.500000 0.500000
vt 0.500000 0.500000
vt 0.500000 0.500000
vt 0.500000 0.500000
vt 0.500000 0.500000
vt 0.500000 0.500000
vt 0.500000 0.500000
vt 0.500000 0.500000
vt 0.500000 0.500000
vt 0.500000 0.500000
vt 0.500000 0.500000
vt 0.500000 0.500000
vt 0.500000 0.500000
vt 0.500000 0.500000
vt 0.500000 0.500000
vt 0.500000 0.500000
vt 0.500000 0.500000
vt 0.500000 0.500000
vt 0.500000 0.500000
vt 0.500000 0.500000
vt 0.500000 0.500000
vt 0.500000 0.500000
vt 0.500000 0.500000
vt 0.500000 0.500000
vt 0.500000 0.500000
vt 0.500000 0.500000
vt 0.500000 0.500000
vt 0.500000 0.500000
vt 0.500000 0.500000
vt 0.500000 0.500000
vt 0.500000 0.500000
vt 0.500000 0.500000
vt 0.500000 0.500000
vt 0.500000 0.500000
vt 0.500000 0.500000
vt 0.500000 0.500000
vt 0.500000 0.500000
vt 0.500000 0.500000
vt 0.500000 0.500000
vt 0.500000 0.500000
vt 0.500000 0.500000
vt 0.500000 0.500000
vt 0.500000 0.500000
vt 0.500000 0.500000
vt 0.500000 0.500000
vt 0.500000 0.500000
vt 0.500000 0.500000
vt 0.500000 0.500000
vt 0.500000 0.500000
vt 0.500000 0.500000
vt 0.500000 0.500000
vt 0.500000 0.500000
vt 0.500000 0.500000
vt 0.500000 0.500000
vt 0.500000 0.500000
vt 0.500000 0.500000
vt 0.500000 0.500000
vt 0.500000 0.500000
vt 0.500000 0.500000
vt 0.500000 0.500000
vt 0.500000 0.500000
vt 0.500000 0.500000
vt 0.500000 0.500000
vt 0.500000 0.500000
vt 0.500000 0.500000
vt 0.500000 0.500000
vt 0.500000 0.500000
vt 0.500000 0.500000
vt 0.500000 0.500000
vt 0.500000 0.500000
vt 0.500000 0.500000
vt 0.500000 0.500000
vt 0.500000 0.500000
vt 0.500000 0.500000
vt 0.500000 0.500000
vt 0.500000 0.500000
vt 0.500000 0.500000
vt 0.500000 0.500000
vt 0.500000 0.500000
vt 0.500000 0.500000
vt 0.500000 0.500000
vt 0.500000 0.500000
vt 0.500000 0.500000
vt 0.500000 0.500000
vt 0.500000 0.500000
vt 0.500000 0.500000
vt 0.500000 0.500000
vt 0.500000 0.500000
vt 0.500000 0.500000
vt 0.500000 0.500000
vt 0.500000 0.500000
vt 0.500000 0.500000
vt 0.500000 0.500000
vt 0.500000 0.500000
vt 0.500000 0.500000
vt 0.500000 0.500000
vt 0.500000 0.500000
vt 0.500000 0.500000
vt 0.500000 0.500000
vt 0.500000 0.500000
vt 0.500000 0.500000
vt 0.500000 0.500000
vt 0.500000 0.500000
vt 0.500000 0.500000
vt 0.500000 0.500000
vt 0.500000 0.500000
vt 0.500000 0.500000
vt 0.500000 0.500000
vt 0.500000 0.500000
vt 0.500000 0.500000
vt 0.500000 0.500000
vt 0.500000 0.500000
vt 0.500000 0.500000
vt 0.500000 0.500000
vt 0.500000 0.500000
vt 0.500000 0.500000
vt 0.500000 0.500000
vt 0.500000 0.500000
vt 0.500000 0.500000
vt 0.500000 0.500000
vt 0.500000 0.500000
vt 0.500000 0.500000
vt 0.500000 0.500000
vt 0.500000 0.500000
vt 0.500000 0.500000
vt 0.500000 0.500000
vt 0.500000 0.500000
vt 0.500000 0.500000
vt 0.500000 0.500000
vt 0.500000 0.500000
vt 0.500000 0.500000
vt 0.500000 0.500000
vt 0.500000 0.500000
vt 0.500000 0.500000
vt 0.500000 0.500000
vt 0.500000 0.500000
vt 0.500000 0.500000
vt 0.500000 0.500000
vt 0.500000 0.500000
vt 0.500000 0.500000
vt 0.500000 0.500000
vt 0.500000 0.500000
vt 0.500000 0.500000
vt 0.500000 0.500000
vt 0.500000 0.500000
vt 0.500000 0.500000
vt 0.500000 0.500000
vt 0.500000 0.500000
vt 0.500000 0.500000
vt 0.500000 0.500000
vt 0.500000 0.500000
vt 0.500000 0.500000
vt 0.500000 0.500000
vt 0.500000 0.500000
vt 0.500000 0.500000
vt 0.500000 0.500000
vt 0.500000 0.500000
vt 0.500000 0.500000
vt 0.500000 0.500000
vt 0.500000 0.500000
vt 0.500000 0.500000
vt 0.500000 0.500000
vt 0.500000 0.500000
vt 0.500000 0.500000
vt 0.500000 0.500000
vt 0.500000 0.500000
vt 0.500000 0.500000
vt 0.500000 0.500000
vt 0.500000 0.500000
vt 0.500000 0.500000
vt 0.500000 0.500000
vt 0.500000 0.500000
vt 0.500000 0.500000
vt 0.500000 0.500000
vt 0.500000 0.500000
vt 0.500000 0.500000
vt 0.500000 0.500000
vt 0.500000 0.500000
vt 0.500000 0.500000
vt 0.500000 0.500000
vt 0.500000 0.500000
vt 0.500000 0.500000
vt 0.500000 0.500000
vt 0.500000 0.500000
vt 0.500000 0.500000
vt 0.500000 0.500000
vt 0.500000 0.500000
vt 0.500000 0.500000
vt 0.500000 0.500000
vt 0.500000 0.500000
vt 0.500000 0.500000
vt 0.500000 0.500000
vt 0.500000 0.500000
vt 0.500000 0.500000
vt 0.500000 0.500000
vt 0.500000 0.500000
vt 0.500000 0.500000
vt 0.500000 0.500000
vt 0.500000 0.500000
vt 0.500000 0.500000
vt 0.500000 0.500000
vt 0.500000 0.500000
vt 0.500000 0.500000
vt 0.500000 0.500000
vt 0.500000 0.500000
vt 0.500000 0.500000
vt 0.500000 0.500000
vt 0.500000 0.500000
vt 0.500000 0.500000
vt 0.500000 0.500000
vt 0.500000 0.500000
vt 0.500000 0.500000
vt 0.500000 0.500000
vt 0.500000 0.500000
vt 0.500000 0.500000
vt 0.500000 0.500000
vt 0.500000 0.500000
vt 0.500000 0.500000
vt 0.500000 0.500000
vt 0.500000 0.500000
vt 0.500000 0.500000
vt 0.500000 0.500000
vt 0.500000 0.500000
vt 0.500000 0.500000
vt 0.500000 0.500000
vt 0.500000 0.500000
vt 0.500000 0.500000
vt 0.500000 0.500000
vt 0.500000 0.500000
vt 0.500000 0.500000
vt 0.500000 0.500000
vt 0.500000 0.500000
vt 0.500000 0.500000
vt 0.500000 0.500000
vt 0.500000 0.500000
vt 0.500000 0.500000
vt 0.500000 0.500000
vt 0.500000 0.500000
vt 0.500000 0.500000
vt 0.500000 0.500000
vt 0.500000 0.500000
vt 0.500000 0.500000
vt 0.500000 0.500000
vt 0.500000 0.500000
vt 0.500000 0.500000
vt 0.500000 0.500000
vt 0.500000 0.500000
vt 0.500000 0.500000
vt 0.500000 0.500000
vt 0.500000 0.500000
vt 0.500000 0.500000
vt 0.500000 0.500000
vt 0.500000 0.500000
vt 0.500000 0.500000
vt 0.500000 0.500000
vt 0.500000 0.500000
vt 0.500000 0.500000
vt 0.500000 0.500000
vt 0.500000 0.500000
vt 0.500000 0.500000
vt 0.500000 0.500000
vt 0.500000 0.500000
vt 0.500000 0.500000
vt 0.500000 0.500000
vt 0.500000 0.500000
vt 0.500000 0.500000
vt 0.500000 0.500000
vt 0.500000 0.500000
vt 0.500000 0.500000
vt 0.500000 0.500000
vt 0.500000 0.500000
vt 0.500000 0.500000
vt 0.500000 0.500000
vt 0.500000 0.500000
vt 0.500000 0.500000
vt 0.500000 0.500000
vt 0.500000 0.500000
vt 0.500000 0.500000
vt 0.500000 0.500000
vt 0.500000 0.500000
vt 0.500000 0.500000
vt 0.500000 0.500000
vt 0.500000 0.500000
vt 0.500000 0.500000
vt 0.500000 0.500000
vt 0.500000 0.500000
vt 0.500000 0.500000
vt 0.500000 0.500000
vt 0.500000 0.500000
vt 0.500000 0.500000
vt 0.500000 0.500000
vt 0.500000 0.500000
vt 0.500000 0.500000
vt 0.500000 0.500000
vt 0.500000 0.500000
vt 0.500000 0.500000
vt 0.500000 0.500000
vt 0.500000 0.500000
vt 0.500000 0.500000
vt 0.500000 0.500000
vt 0.500000 0.500000
vt 0.500000 0.500000
vt 0.500000 0.500000
vt 0.500000 0.500000
vt 0.500000 0.500000
vt 0.500000 0.500000
vt 0.500000 0.500000
vt 0.500000 0.500000
vt 0.500000 0.500000
vt 0.500000 0.500000
vt 0.500000 0.500000
vt 0.500000 0.500000
vt 0.500000 0.500000
vt 0.500000 0.500000
vt 0.500000 0.500000
vt 0.500000 0.500000
vt 0.500000 0.500000
vt 0.500000 0.500000
vt 0.500000 0.500000
vt 0.500000 0.500000
vt 0.500000 0.500000
vt 0.500000 0.500000
vt 0.500000 0.500000
vt 0.500000 0.500000
vt 0.500000 0.500000
vt 0.500000 0.500000
vt 0.500000 0.500000
vt 0.500000 0.500000
vt 0.500000 0.500000
vt 0.500000 0.500000
vt 0.500000 0.500000
vt 0.500000 0.500000
vt 0.500000 0.500000
vt 0.500000 0.500000
vt 0.500000 0.500000
vt 0.500000 0.500000
vt 0.500000 0.500000
vt 0.500000 0.500000
vt 0.500000 0.500000
vt 0.500000 0.500000
vt 0.500000 0.500000
vt 0.500000 0.500000
vt 0.500000 0.500000
vt 0.500000 0.500000
vt 0.500000 0.500000
vt 0.500000 0.500000
vt 0.500000 0.500000
vt 0.500000 0.500000
vt 0.500000 0.500000
vt 0.500000 0.500000
vt 0.500000 0.500000
vt 0.500000 0.500000
vt 0.500000 0.500000
vt 0.500000 0.500000
vt 0.500000 0.500000
vt 0.500000 0.500000
vt 0.500000 0.500000
vt 0.500000 0.500000
vt 0.500000 0.500000
vt 0.500000 0.500000
vt 0.500000 0.500000
vt 0.500000 0.500000
vt 0.500000 0.500000
vt 0.500000 0.500000
vt 0.500000 0.500000
vt 0.500000 0.500000
vt 0.500000 0.500000
vt 0.500000 0.500000
vt 0.500000 0.500000
vt 0.500000 0.500000
vt 0.500000 0.500000
vt 0.500000 0.500000
vt 0.500000 0.500000
vt 0.500000 0.500000
vt 0.500000 0.500000
vt 0.500000 0.500000
vt 0.500000 0.500000
vt 0.500000 0.500000
vt 0.500000 0.500000
vt 0.500000 0.500000
vt 0.500000 0.500000
vt 0.500000 0.500000
vt 0.500000 0.500000
vt 0.500000 0.500000
vt 0.500000 0.500000
vt 0.500000 0.500000
vt 0.500000 0.500000
vt 0.500000 0.500000
vt 0.500000 0.500000
vt 0.500000 0.500000
vt 0.500000 0.500000
vt 0.500000 0.500000
vt 0.500000 0.500000
vt 0.500000 0.500000
vt 0.500000 0.500000
vt 0.500000 0.500000
vt 0.500000 0.500000
vt 0.500000 0.500000
vt 0.500000 0.500000
vt 0.500000 0.500000
vt 0.500000 0.500000
vt 0.500000 0.500000
vt 0.500000 0.500000
vt 0.500000 0.500000
vt 0.500000 0.500000
vt 0.500000 0.500000
vt 0.500000 0.500000
vt 0.500000 0.500000
vt 0.500000 0.500000
vt 0.500000 0.500000
vt 0.500000 0.500000
vt 0.500000 0.500000
vt 0.500000 0.500000
vt 0.500000 0.500000
vt 0.500000 0.500000
vt 0.500000 0.500000
vt 0.500000 0.500000
vt 0.500000 0.500000
vt 0.500000 0.500000
vt 0.500000 0.500000
vt 0.500000 0.500000
vt 0.500000 0.500000
vt 0.500000 0.500000
vt 0.500000 0.500000
vt 0.500000 0.500000
vt 0.500000 0.500000
vt 0.500000 0.500000
vt 0.500000 0.500000
vt 0.500000 0.500000
vt 0.500000 0.500000
vt 0.500000 0.500000
vt 0.500000 0.500000
vt 0.500000 0.500000
vt 0.500000 0.500000
vt 0.500000 0.500000
vt 0.500000 0.500000
vt 0.500000 0.500000
vt 0.500000 0.500000
vt 0.500000 0.500000
vt 0.500000 0.500000
vt 0.500000 0.500000
vt 0.500000 0.500000
vt 0.500000 0.500000
vt 0.500000 0.500000
vt 0.500000 0.500000
vt 0.500000 0.500000
vt 0.500000 0.500000
vt 0.500000 0.500000
vt 0.500000 0.500000
vt 0.500000 0.500000
vt 0.500000 0.500000
vt 0.500000 0.500000
vt 0.500000 0.500000
vt 0.500000 0.500000
vt 0.500000 0.500000
vt 0.500000 0.500000
vt 0.500000 0.500000
vt 0.500000 0.500000
vt 0.500000 0.500000
vt 0.500000 0.500000
vt 0.500000 0.500000
vt 0.500000 0.500000
vt 0.500000 0.500000
vt 0.500000 0.500000
vt 0.500000 0.500000
vt 0.500000 0.500000
vt 0.500000 0.500000
vt 0.500000 0.500000
vt 0.500000 0.500000
vt 0.500000 0.500000
vt 0.500000 0.500000
vt 0.500000 0.500000
vt 0.500000 0.500000
vt 0.500000 0.500000
vt 0.500000 0.500000
vt 0.500000 0.500000
vt 0.500000 0.500000
vt 0.500000 0.500000
vt 0.500000 0.500000
vt 0.500000 0.500000
vt 0.500000 0.500000
vt 0.500000 0.500000
vt 0.500000 0.500000
vt 0.500000 0.500000
vt 0.500000 0.500000
vt 0.500000 0.500000
vt 0.500000 0.500000
vt 0.500000 0.500000
vt 0.500000 0.500000
vt 0.500000 0.500000
vt 0.500000 0.500000
vt 0.500000 0.500000
vt 0.500000 0.500000
vt 0.500000 0.500000
vt 0.500000 0.500000
vt 0.500000 0.500000
vt 0.500000 0.500000
vt 0.500000 0.500000
vt 0.500000 0.500000
vt 0.500000 0.500000
vt 0.500000 0.500000
vt 0.500000 0.500000
vt 0.500000 0.500000
vt 0.500000 0.500000
vt 0.500000 0.500000
vt 0.500000 0.500000
vt 0.500000 0.500000
vt 0.500000 0.500000
vt 0.500000 0.500000
vt 0.500000 0.500000
vt 0.500000 0.500000
vt 0.500000 0.500000
vt 0.500000 0.500000
vt 0.500000 0.500000
vt 0.500000 0.500000
vt 0.500000 0.500000
vt 0.500000 0.500000
vt 0.500000 0.500000
vt 0.500000 0.500000
vt 0.500000 0.500000
vt 0.500000 0.500000
vt 0.500000 0.500000
vt 0.500000 0.500000
vt 0.500000 0.500000
vt 0.500000 0.500000
vt 0.500000 0.500000
vt 0.500000 0.500000
vt 0.500000 0.500000
vt 0.500000 0.500000
vt 0.500000 0.500000
vt 0.500000 0.500000
vt 0.500000 0.500000
vt 0.500000 0.500000
vt 0.500000 0.500000
vt 0.500000 0.500000
vt 0.500000 0.500000
vt 0.500000 0.500000
vt 0.500000 0.500000
vt 0.500000 0.500000
vt 0.500000 0.500000
vt 0.500000 0.500000
vt 0.500000 0.500000
vt 0.500000 0.500000
vt 0.500000 0.500000
vt 0.500000 0.500000
vt 0.500000 0.500000
vt 0.500000 0.500000
vt 0.500000 0.500000
vt 0.500000 0.500000
vt 0.500000 0.500000
vt 0.500000 0.500000
vt 0.500000 0.500000
vt 0.500000 0.500000
vt 0.500000 0.500000
vt 0.500000 0.500000
vt 0.500000 0.500000
vt 0.500000 0.500000
vt 0.500000 0.500000
vt 0.500000 0.500000
vt 0.500000 0.500000
vt 0.500000 0.500000
vt 0.500000 0.500000
vt 0.500000 0.500000
vt 0.500000 0.500000
vt 0.500000 0.500000
vt 0.500000 0.500000
vt 0.500000 0.500000
vt 0.500000 0.500000
vt 0.500000 0.500000
vt 0.500000 0.500000
vt 0.500000 0.500000
vt 0.500000 0.500000
vt 0.500000 0.500000
vt 0.500000 0.500000
vt 0.500000 0.500000
vt 0.500000 0.500000
vt 0.500000 0.500000
vt 0.500000 0.500000
vt 0.500000 0.500000
vt 0.500000 0.500000
vt 0.500000 0.500000
vt 0.500000 0.500000
vt 0.500000 0.500000
vt 0.500000 0.500000
vt 0.500000 0.500000
vt 0.500000 0.500000
vt 0.500000 0.500000
vt 0.500000 0.500000
vt 0.500000 0.500000
vt 0.500000 0.500000
vt 0.500000 0.500000
vt 0.500000 0.500000
vt 0.500000 0.500000
vt 0.500000 0.500000
vt 0.500000 0.500000
vt 0.500000 0.500000
vt 0.500000 0.500000
vt 0.500000 0.500000
vt 0.500000 0.500000
vt 0.500000 0.500000
vt 0.500000 0.500000
vt 0.500000 0.500000
vt 0.500000 0.500000
vt 0.500000 0.500000
vt 0.500000 0.500000
vt 0.500000 0.500000
vt 0.500000 0.500000
vt 0.500000 0.500000
vt 0.500000 0.500000
vt 0.500000 0.500000
vt 0.500000 0.500000
vt 0.500000 0.500000
vt 0.500000 0.500000
vt 0.500000 0.500000
vt 0.500000 0.500000
vt 0.500000 0.500000
vt 0.500000 0.500000
vt 0.500000 0.500000
vt 0.500000 0.500000
vt 0.500000 0.500000
vt 0.500000 0.500000
vt 0.500000 0.500000
vt 0.500000 0.500000
vt 0.500000 0.500000
vt 0.500000 0.500000
vt 0.500000 0.500000
vt 0.500000 0.500000
vt 0.500000 0.500000
vt 0.500000 0.500000
vt 0.500000 0.500000
vt 0.500000 0.500000
vt 0.500000 0.500000
vt 0.500000 0.500000
vt 0.500000 0.500000
vt 0.500000 0.500000
vt 0.500000 0.500000
vt 0.500000 0.500000
vt 0.500000 0.500000
vt 0.500000 0.500000
vt 0.500000 0.500000
vt 0.500000 0.500000
vt 0.500000 0.500000
vt 0.500000 0.500000
vt 0.500000 0.500000
vt 0.500000 0.500000
vt 0.500000 0.500000
vt 0.500000 0.500000
vt 0.500000 0.500000
vt 0.500000 0.500000
vt 0.500000 0.500000
vt 0.500000 0.500000
vt 0.500000 0.500000
vt 0.500000 0.500000
vt 0.500000 0.500000
vt 0.500000 0.500000
vt 0.500000 0.500000
vt 0.500000 0.500000
vt 0.500000 0.500000
vt 0.500000 0.500000
vt 0.500000 0.500000
vt 0.500000 0.500000
vt 0.500000 0.500000
vt 0.500000 0.500000
vt 0.500000 0.500000
vt 0.500000 0.500000
vt 0.500000 0.500000
vt 0.500000 0.500000
vt 0.500000 0.500000
vt 0.500000 0.500000
vt 0.500000 0.500000
vt 0.500000 0.500000
vt 0.500000 0.500000
vt 0.500000 0.500000
vt 0.500000 0.500000
vt 0.500000 0.500000
vt 0.500000 0.500000
vt 0.500000 0.500000
vt 0.500000 0.500000
vt 0.500000 0.500000
vt 0.500000 0.500000
vt 0.500000 0.500000
vt 0.500000 0.500000
vt 0.500000 0.500000
vt 0.500000 0.500000
vt 0.500000 0.500000
vt 0.500000 0.500000
vt 0.500000 0.500000
vt 0.500000 0.500000
vt 0.500000 0.500000
vt 0.500000 0.500000
vt 0.500000 0.500000
vt 0.500000 0.500000
vt 0.500000 0.500000
vt 0.500000 0.500000
vt 0.500000 0.500000
vt 0.500000 0.500000
vt 0.500000 0.500000
vt 0.500000 0.500000
vt 0.500000 0.500000
vt 0.500000 0.500000
vt 0.500000 0.500000
vt 0.500000 0.500000
vt 0.500000 0.500000
vt 0.500000 0.500000
vt 0.500000 0.500000
vt 0.500000 0.500000
vt 0.500000 0.500000
vt 0.500000 0.500000
vt 0.500000 0.500000
vt 0.500000 0.500000
vt 0.500000 0.500000
vt 0.500000 0.500000
vt 0.500000 0.500000
vt 0.500000 0.500000
vt 0.500000 0.500000
vt 0.500000 0.500000
vt 0.500000 0.500000
vt 0.500000 0.500000
vt 0.500000 0.500000
vt 0.500000 0.500000
vt 0.500000 0.500000
vt 0.500000 0.500000
vt 0.500000 0.500000
vt 0.500000 0.500000
vt 0.500000 0.500000
vt 0.500000 0.500000
vt 0.500000 0.500000
vt 0.500000 0.500000
vt 0.500000 0.500000
vt 0.500000 0.500000
vt 0.500000 0.500000
vt 0.500000 0.500000
vt 0.500000 0.500000
vt 0.500000 0.500000
vt 0.500000 0.500000
vt 0.500000 0.500000
vt 0.500000 0.500000
vt 0.500000 0.500000
vt 0.500000 0.500000
vt 0.500000 0.500000
vt 0.500000 0.500000
vt 0.500000 0.500000
vt 0.500000 0.500000
vt 0.500000 0.500000
vt 0.500000 0.500000
vt 0.500000 0.500000
vt 0.500000 0.500000
vt 0.500000 0.500000
vt 0.500000 0.500000
vt 0.500000 0.500000
vt 0.500000 0.500000
vt 0.500000 0.500000
vt 0.500000 0.500000
vt 0.500000 0.500000
vt 0.500000 0.500000
vt 0.500000 0.500000
vt 0.500000 0.500000
vt 0.500000 0.500000
vt 0.500000 0.500000
vt 0.500000 0.500000
vt 0.500000 0.500000
vt 0.500000 0.500000
vt 0.500000 0.500000
vt 0.500000 0.500000
vt 0.500000 0.500000
vt 0.500000 0.500000
vt 0.500000 0.500000
vt 0.500000 0.500000
vt 0.500000 0.500000
vt 0.500000 0.500000
vt 0.500000 0.500000
vt 0.500000 0.500000
vt 0.500000 0.500000
vt 0.500000 0.500000
vt 0.500000 0.500000
vt 0.500000 0.500000
vt 0.500000 0.500000
vt 0.500000 0.500000
vt 0.500000 0.500000
vt 0.500000 0.500000
vt 0.500000 0.500000
vt 0.500000 0.500000
vt 0.500000 0.500000
vt 0.500000 0.500000
vt 0.500000 0.500000
vt 0.500000 0.500000
vt 0.500000 0.500000
vt 0.500000 0.500000
vt 0.500000 0.500000
vt 0.500000 0.500000
vt 0.500000 0.500000
vt 0.500000 0.500000
vt 0.500000 0.500000
vt 0.500000 0.500000
vt 0.500000 0.500000
vt 0.500000 0.500000
vt 0.500000 0.500000
vt 0.500000 0.500000
vt 0.500000 0.500000
vt 0.500000 0.500000
vt 0.500000 0.500000
vt 0.500000 0.500000
vt 0.500000 0.500000
vt 0.500000 0.500000
vt 0.500000 0.500000
vt 0.500000 0.500000
vt 0.500000 0.500000
vt 0.500000 0.500000
vt 0.500000 0.500000
vt 0.500000 0.500000
vt 0.500000 0.500000
vt 0.500000 0.500000
vt 0.500000 0.500000
vt 0.500000 0.500000
vt 0.500000 0.500000
vt 0.500000 0.500000
vt 0.500000 0.500000
vt 0.500000 0.500000
vt 0.500000 0.500000
vt 0.500000 0.500000
vt 0.500000 0.500000
vt 0.500000 0.500000
vt 0.500000 0.500000
vt 0.500000 0.500000
vt 0.500000 0.500000
vt 0.500000 0.500000
vt 0.500000 0.500000
vt 0.500000 0.500000
vt 0.500000 0.500000
vt 0.500000 0.500000
vt 0.500000 0.500000
vt 0.500000 0.500000
vt 0.500000 0.500000
vt 0.500000 0.500000
vt 0.500000 0.500000
vt 0.500000 0.500000
vt 0.500000 0.500000
vt 0.500000 0.500000
vt 0.500000 0.500000
vt 0.500000 0.500000
vt 0.500000 0.500000
vt 0.500000 0.500000
vt 0.500000 0.500000
vt 0.500000 0.500000
vt 0.500000 0.500000
vt 0.500000 0.500000
vt 0.500000 0.500000
vt 0.500000 0.500000
vt 0.500000 0.500000
vt 0.500000 0.500000
vt 0.500000 0.500000
vt 0.500000 0.500000
vt 0.500000 0.500000
vt 0.500000 0.500000
vt 0.500000 0.500000
vt 0.500000 0.500000
vt 0.500000 0.500000
vt 0.500000 0.500000
vt 0.500000 0.500000
vt 0.500000 0.500000
vt 0.500000 0.500000
vt 0.500000 0.500000
vt 0.500000 0.500000
vt 0.500000 0.500000
vt 0.500000 0.500000
vt 0.500000 0.500000
vt 0.500000 0.500000
vt 0.500000 0.500000
vt 0.500000 0.500000
vt 0.500000 0.500000
vt 0.500000 0.500000
vt 0.500000 0.500000
vt 0.500000 0.500000
vt 0.500000 0.500000
vt 0.500000 0.500000
vt 0.500000 0.500000
vt 0.500000 0.500000
vt 0.500000 0.500000
vt 0.500000 0.500000
vt 0.500000 0.500000
vt 0.500000 0.500000
vt 0.500000 0.500000
vt 0.500000 0.500000
vt 0.500000 0.500000
vt 0.500000 0.500000
vt 0.500000 0.500000
vt 0.500000 0.500000
vt 0.500000 0.500000
vt 0.500000 0.500000
vt 0.500000 0.500000
vt 0.500000 0.500000
vt 0.500000 0.500000
vt 0.500000 0.500000
vt 0.500000 0.500000
vt 0.500000 0.500000
vt 0.500000 0.500000
vt 0.500000 0.500000
vt 0.500000 0.500000
vt 0.500000 0.500000
vt 0.500000 0.500000
vt 0.500000 0.500000
vt 0.500000 0.500000
vt 0.500000 0.500000
vt 0.500000 0.500000
vt 0.500000 0.500000
vt 0.500000 0.500000
vt 0.500000 0.500000
vt 0.500000 0.500000
vt 0.500000 0.500000
vt 0.500000 0.500000
vt 0.500000 0.500000
vt 0.500000 0.500000
vt 0.500000 0.500000
vt 0.500000 0.500000
vt 0.500000 0.500000
vt 0.500000 0.500000
vt 0.500000 0.500000
vt 0.500000 0.500000
vt 0.500000 0.500000
vt 0.500000 0.500000
vt 0.500000 0.500000
vt 0.500000 0.500000
vt 0.500000 0.500000
vt 0.500000 0.500000
vt 0.500000 0.500000
vt 0.500000 0.500000
vt 0.500000 0.500000
vt 0.500000 0.500000
vt 0.500000 0.500000
vt 0.500000 0.500000
vt 0.500000 0.500000
vt 0.500000 0.500000
vt 0.500000 0.500000
vt 0.500000 0.500000
vt 0.500000 0.500000
vt 0.500000 0.500000
vt 0.500000 0.500000
vt 0.500000 0.500000
vt 0.500000 0.500000
vt 0.500000 0.500000
vt 0.500000 0.500000
vt 0.500000 0.500000
vt 0.500000 0.500000
vt 0.500000 0.500000
vt 0.500000 0.500000
vt 0.500000 0.500000
vt 0.500000 0.500000
vt 0.500000 0.500000
vt 0.500000 0.500000
vt 0.500000 0.500000
vt 0.500000 0.500000
vt 0.500000 0.500000
vt 0.500000 0.500000
vt 0.500000 0.500000
vt 0.500000 0.500000
vt 0.500000 0.500000
vt 0.500000 0.500000
vt 0.500000 0.500000
vt 0.500000 0.500000
vt 0.500000 0.500000
vt 0.500000 0.500000
vt 0.500000 0.500000
vt 0.500000 0.500000
vt 0.500000 0.500000
vt 0.500000 0.500000
vt 0.500000 0.500000
vt 0.500000 0.500000
vt 0.500000 0.500000
vt 0.500000 0.500000
vt 0.500000 0.500000
vt 0.500000 0.500000
vt 0.500000 0.500000
vt 0.500000 0.500000
vt 0.500000 0.500000
vt 0.500000 0.500000
vt 0.500000 0.500000
vt 0.500000 0.500000
vt 0.500000 0.500000
vt 0.500000 0.500000
vt 0.500000 0.500000
vt 0.500000 0.500000
vt 0.500000 0.500000
vt 0.500000 0.500000
vt 0.500000 0.500000
vt 0.500000 0.500000
vt 0.500000 0.500000
vt 0.500000 0.500000
vt 0.500000 0.500000
vt 0.500000 0.500000
vt 0.500000 0.500000
vt 0.500000 0.500000
vt 0.500000 0.500000
vt 0.500000 0.500000
vt 0.500000 0.500000
vt 0.500000 0.500000
vt 0.500000 0.500000
vt 0.500000 0.500000
vt 0.500000 0.500000
vt 0.500000 0.500000
vt 0.500000 0.500000
vt 0.500000 0.500000
vt 0.500000 0.500000
vt 0.500000 0.500000
vt 0.500000 0.500000
vt 0.500000 0.500000
vt 0.500000 0.500000
vt 0.500000 0.500000
vt 0.500000 0.500000
vt 0.500000 0.500000
vt 0.500000 0.500000
vt 0.500000 0.500000
vt 0.500000 0.500000
vt 0.500000 0.500000
vt 0.500000 0.500000
vt 0.500000 0.500000
vt 0.500000 0.500000
vt 0.500000 0.500000
vt 0.500000 0.500000
vt 0.500000 0.500000
vt 0.500000 0.500000
vt 0.500000 0.500000
vt 0.500000 0.500000
vt 0.500000 0.500000
vt 0.500000 0.500000
vt 0.500000 0.500000
vt 0.500000 0.500000
vt 0.500000 0.500000
vt 0.500000 0.500000
vt 0.500000 0.500000
vt 0.500000 0.500000
vt 0.500000 0.500000
vt 0.500000 0.500000
vt 0.500000 0.500000
vt 0.500000 0.500000
vt 0.500000 0.500000
vt 0.500000 0.500000
vt 0.500000 0.500000
vt 0.500000 0.500000
vt 0.500000 0.500000
vt 0.500000 0.500000
vt 0.500000 0.500000
vt 0.500000 0.500000
vt 0.500000 0.500000
vt 0.500000 0.500000
vt 0.500000 0.500000
vt 0.500000 0.500000
vt 0.500000 0.500000
vt 0.500000 0.500000
vt 0.500000 0.500000
vt 0.500000 0.500000
vt 0.500000 0.500000
vt 0.500000 0.500000
vt 0.500000 0.500000
vt 0.500000 0.500000
vt 0.500000 0.500000
vt 0.500000 0.500000
vt 0.500000 0.500000
vt 0.500000 0.500000
vt 0.500000 0.500000
vt 0.500000 0.500000
vt 0.500000 0.500000
vt 0.500000 0.500000
vt 0.500000 0.500000
vt 0.500000 0.500000
vt 0.500000 0.500000
vt 0.500000 0.500000
vt 0.500000 0.500000
vt 0.500000 0.500000
vt 0.500000 0.500000
vt 0.500000 0.500000
vt 0.500000 0.500000
vt 0.500000 0.500000
vt 0.500000 0.500000
vt 0.500000 0.500000
vt 0.500000 0.500000
vt 0.500000 0.500000
vt 0.500000 0.500000
vt 0.500000 0.500000
vt 0.500000 0.500000
vt 0.500000 0.500000
vt 0.500000 0.500000
vt 0.500000 0.500000
vt 0.500000 0.500000
vt 0.500000 0.500000
vt 0.500000 0.500000
vt 0.500000 0.500000
vt 0.500000 0.500000
vt 0.500000 0.500000
vt 0.500000 0.500000
vt 0.500000 0.500000
vt 0.500000 0.500000
vt 0.500000 0.500000
vt 0.500000 0.500000
vt 0.500000 0.500000
vt 0.500000 0.500000
vt 0.500000 0.500000
vt 0.500000 0.500000
vt 0.500000 0.500000
vt 0.500000 0.500000
vt 0.500000 0.500000
vt 0.500000 0.500000
vt 0.500000 0.500000
vt 0.500000 0.500000
vt 0.500000 0.500000
vt 0.500000 0.500000
vt 0.500000 0.500000
vt 0.500000 0.500000
vt 0.500000 0.500000
vt 0.500000 1.000000
vt 0.500000 1.000000
vt 0.519030 1.000000
vt 0.500000 0.500000
vt 0.500000 0.500000
vt 0.500000 0.500000
vt 0.500000 0.500000
vt 0.500000 0.500000
vt 0.500000 0.500000
vt 0.500000 0.500000
vt 0.500000 0.500000
vt 0.500000 0.500000
vt 0.500000 0.500000
vt 0.500000 0.500000
vt 0.500000 0.500000
vt 0.500000 0.500000
vt 0.500000 0.500000
vt 0.500000 0.500000
vt 0.500000 0.500000
vt 0.500000 0.500000
vt 0.500000 0.500000
vt 0.500000 0.500000
vt 0.500000 0.500000
vt 0.500000 0.500000
vt 0.500000 0.500000
vt 0.500000 0.500000
vt 0.500000 0.500000
vt 0.500000 0.500000
vt 0.500000 0.500000
vt 0.500000 0.500000
vt 0.500000 0.500000
vt 0.500000 0.500000
vt 0.500000 0.500000
vt 0.500000 0.500000
vt 0.500000 0.500000
vt 0.500000 0.500000
vt 0.500000 0.500000
vt 0.500000 0.500000
vt 0.500000 0.500000
vt 0.500000 0.500000
vt 0.500000 0.500000
vt 0.500000 0.500000
vt 0.500000 0.500000
vt 0.500000 0.500000
vt 0.500000 0.500000
vt 0.500000 0.500000
vt 0.500000 0.500000
vt 0.500000 0.500000
vt 0.500000 0.500000
vt 0.500000 0.500000
vt 0.500000 0.500000
vt 0.500000 0.500000
vt 0.500000 0.500000
vt 0.500000 0.500000
vt 0.500000 0.500000
vt 0.500000 0.500000
vt 0.500000 0.500000
vt 0.500000 0.500000
vt 0.500000 0.500000
vt 0.500000 0.500000
vt 0.500000 0.500000
vt 0.500000 0.500000
vt 0.500000 0.500000
vt 0.500000 0.500000
vt 0.500000 0.500000
vt 0.500000 0.500000
vt 0.500000 0.500000
vt 0.500000 0.500000
vt 0.500000 0.500000
vt 0.500000 0.500000
vt 0.519030 1.000000
vt 0.500000 1.000000
vt 0.537329 1.000000
vt 0.500000 0.500000
vt 0.500000 0.500000
vt 0.500000 0.500000
vt 0.500000 0.500000
vt 0.500000 0.500000
vt 0.500000 0.500000
vt 0.500000 0.500000
vt 0.500000 0.500000
vt 0.500000 0.500000
vt 0.500000 0.500000
vt 0.500000 0.500000
vt 0.500000 0.500000
vt 0.500000 0.500000
vt 0.500000 0.500000
vt 0.500000 0.500000
vt 0.500000 0.500000
vt 0.500000 0.500000
vt 0.500000 0.500000
vt 0.500000 0.500000
vt 0.500000 0.500000
vt 0.500000 0.500000
vt 0.500000 0.500000
vt 0.500000 0.500000
vt 0.500000 0.500000
vt 0.500000 0.500000
vt 0.500000 0.500000
vt 0.500000 0.500000
vt 0.500000 0.500000
vt 0.500000 0.500000
vt 0.500000 0.500000
vt 0.500000 0.500000
vt 0.500000 0.500000
vt 0.500000 0.500000
vt 0.500000 0.500000
vt 0.500000 0.500000
vt 0.500000 0.500000
vt 0.500000 0.500000
vt 0.500000 0.500000
vt 0.500000 0.500000
vt 0.500000 0.500000
vt 0.500000 0.500000
vt 0.500000 0.500000
vt 0.500000 0.500000
vt 0.500000 0.500000
vt 0.500000 0.500000
vt 0.500000 0.500000
vt 0.500000 0.500000
vt 0.500000 0.500000
vt 0.500000 0.500000
vt 0.500000 0.500000
vt 0.500000 0.500000
vt 0.500000 0.500000
vt 0.500000 0.500000
vt 0.500000 0.500000
vt 0.500000 0.500000
vt 0.500000 0.500000
vt 0.500000 0.500000
vt 0.500000 0.500000
vt 0.500000 0.500000
vt 0.500000 0.500000
vt 0.500000 0.500000
vt 0.500000 0.500000
vt 0.500000 0.500000
vt 0.500000 0.500000
vt 0.500000 0.500000
vt 0.500000 0.500000
vt 0.500000 0.500000
vt 0.500000 0.500000
vt 0.500000 0.500000
vt 0.500000 0.500000
vt 0.500000 0.500000
vt 0.500000 0.500000
vt 0.500000 0.500000
vt 0.500000 0.500000
vt 0.500000 0.500000
vt 0.500000 0.500000
vt 0.500000 0.500000
vt 0.500000 0.500000
vt 0.500000 0.500000
vt 0.500000 0.500000
vt 0.500000 0.500000
vt 0.500000 0.500000
vt 0.500000 0.500000
vt 0.500000 0.500000
vt 0.500000 0.500000
vt 0.500000 0.500000
vt 0.500000 0.500000
vt 0.537329 1.000000
vt 0.500000 1.000000
vt 0.554193 1.000000
vt 0.500000 0.500000
vt 0.500000 0.500000
vt 0.500000 0.500000
vt 0.500000 0.500000
vt 0.500000 0.500000
vt 0.500000 0.500000
vt 0.500000 0.500000
vt 0.500000 0.500000
vt 0.500000 0.500000
vt 0.500000 0.500000
vt 0.500000 0.500000
vt 0.500000 0.500000
vt 0.500000 0.500000
vt 0.500000 0.500000
vt 0.500000 0.500000
vt 0.500000 0.500000
vt 0.500000 0.500000
vt 0.500000 0.500000
vt 0.500000 0.500000
vt 0.500000 0.500000
vt 0.500000 0.500000
vt 0.500000 0.500000
vt 0.500000 0.500000
vt 0.500000 0.500000
vt 0.500000 0.500000
vt 0.500000 0.500000
vt 0.500000 0.500000
vt 0.554193 1.000000
vt 0.500000 1.000000
vt 0.568975 1.000000
vt 0.500000 0.500000
vt 0.500000 0.500000
vt 0.500000 0.500000
vt 0.500000 0.500000
vt 0.500000 0.500000
vt 0.500000 0.500000
vt 0.500000 0.500000
vt 0.500000 0.500000
vt 0.500000 0.500000
vt 0.500000 0.500000
vt 0.500000 0.500000
vt 0.500000 0.500000
vt 0.500000 0.500000
vt 0.500000 0.500000
vt 0.500000 0.500000
vt 0.500000 0.500000
vt 0.500000 0.500000
vt 0.500000 0.500000
vt 0.500000 0.500000
vt 0.500000 0.500000
vt 0.500000 0.500000
vt 0.500000 0.500000
vt 0.500000 0.500000
vt 0.500000 0.500000
vt 0.500000 0.500000
vt 0.500000 0.500000
vt 0.500000 0.500000
vt 0.500000 0.500000
vt 0.500000 0.500000
vt 0.500000 0.500000
vt 0.500000 0.500000
vt 0.500000 0.500000
vt 0.500000 0.500000
vt 0.500000 0.500000
vt 0.500000 0.500000
vt 0.500000 0.500000
vt 0.500000 0.500000
vt 0.500000 0.500000
vt 0.500000 0.500000
vt 0.500000 0.500000
vt 0.500000 0.500000
vt 0.500000 0.500000
vt 0.500000 0.500000
vt 0.500000 0.500000
vt 0.500000 0.500000
vt 0.500000 0.500000
vt 0.500000 0.500000
vt 0.500000 0.500000
vt 0.500000 0.500000
vt 0.500000 0.500000
vt 0.500000 0.500000
vt 0.500000 0.500000
vt 0.500000 0.500000
vt 0.500000 0.500000
vt 0.500000 0.500000
vt 0.500000 0.500000
vt 0.500000 0.500000
vt 0.500000 0.500000
vt 0.500000 0.500000
vt 0.500000 0.500000
vt 0.500000 0.500000
vt 0.500000 0.500000
vt 0.500000 0.500000
vt 0.500000 0.500000
vt 0.500000 0.500000
vt 0.500000 0.500000
vt 0.500000 0.500000
vt 0.500000 0.500000
vt 0.500000 0.500000
vt 0.500000 0.500000
vt 0.500000 0.500000
vt 0.500000 0.500000
vt 0.500000 0.500000
vt 0.500000 0.500000
vt 0.500000 0.500000
vt 0.500000 0.500000
vt 0.500000 0.500000
vt 0.500000 0.500000
vt 0.500000 0.500000
vt 0.500000 0.500000
vt 0.500000 0.500000
vt 0.500000 0.500000
vt 0.500000 0.500000
vt 0.500000 0.500000
vt 0.500000 0.500000
vt 0.500000 0.500000
vt 0.500000 0.500000
vt 0.568975 1.000000
vt 0.500000 1.000000
vt 0.581106 1.000000
vt 0.500000 0.500000
vt 0.500000 0.500000
vt 0.500000 0.500000
vt 0.500000 0.500000
vt 0.500000 0.500000
vt 0.500000 0.500000
vt 0.500000 0.500000
vt 0.500000 0.500000
vt 0.500000 0.500000
vt 0.500000 0.500000
vt 0.500000 0.500000
vt 0.500000 0.500000
vt 0.500000 0.500000
vt 0.500000 0.500000
vt 0.500000 0.500000
vt 0.500000 0.500000
vt 0.500000 0.500000
vt 0.500000 0.500000
vt 0.500000 0.500000
vt 0.500000 0.500000
vt 0.500000 0.500000
vt 0.500000 0.500000
vt 0.500000 0.500000
vt 0.500000 0.500000
vt 0.500000 0.500000
vt 0.500000 0.500000
vt 0.500000 0.500000
vt 0.581106 1.000000
vt 0.500000 1.000000
vt 0.590120 1.000000
vt 0.500000 0.500000
vt 0.500000 0.500000
vt 0.500000 0.500000
vt 0.500000 0.500000
vt 0.500000 0.500000
vt 0.500000 0.500000
vt 0.500000 0.500000
vt 0.659095 1.000000
vt 0.581106 1.000000
vt 0.590120 1.000000
vt 0.676776 1.000000
vt 0.500000 0.500000
vt 0.500000 0.500000
vt 0.500000 0.500000
vt 0.500000 0.500000
vt 0.500000 0.500000
vt 0.500000 0.500000
vt 0.500000 0.500000
vt 0.500000 0.500000
vt 0.500000 0.500000
vt 0.500000 0.500000
vt 0.500000 0.500000
vt 0.500000 0.500000
vt 0.500000 0.500000
vt 0.500000 0.500000
vt 0.500000 0.500000
vt 0.500000 0.500000
vt 0.500000 0.500000
vt 0.500000 0.500000
vt 0.500000 0.500000
vt 0.500000 0.500000
vt 0.500000 0.500000
vt 0.500000 0.500000
vt 0.500000 0.500000
vt 0.500000 0.500000
vt 0.500000 0.500000
vt 0.500000 0.500000
vt 0.500000 0.500000
vt 0.500000 0.500000
vt 0.500000 0.500000
vt 0.500000 0.500000
vt 0.500000 0.500000
vt 0.500000 0.500000
vt 0.756640 1.000000
vt 0.676776 1.000000
vt 0.687665 1.000000
vt 0.772448 1.000000
vt 0.500000 0.500000
vt 0.500000 0.500000
vt 0.500000 0.500000
vt 0.500000 0.500000
vt 0.500000 0.500000
vt 0.500000 0.500000
vt 0.500000 0.500000
vt 0.500000 0.500000
vt 0.500000 0.500000
vt 0.500000 0.500000
vt 0.500000 0.500000
vt 0.500000 0.500000
vt 0.500000 0.500000
vt 0.500000 0.500000
vt 0.500000 0.500000
vt 0.500000 0.500000
vt 0.500000 0.500000
vt 0.500000 0.500000
vt 0.500000 0.500000
vt 0.500000 0.500000
vt 0.500000 0.500000
vt 0.500000 0.500000
vt 0.500000 0.500000
vt 0.500000 0.500000
vt 0.500000 0.500000
vt 0.500000 0.500000
vt 0.500000 0.500000
vt 0.500000 0.500000
vt 0.500000 0.500000
vt 0.500000 0.500000
vt 0.500000 0.500000
vt 0.500000 0.500000
vt 0.500000 0.500000
vt 0.500000 0.500000
vt 0.500000 0.500000
vt 0.500000 0.500000
vt 0.500000 0.500000
vt 0.500000 0.500000
vt 0.500000 0.500000
vt 0.500000 0.500000
vt 0.590120 1.000000
vt 0.500000 1.000000
vt 0.595671 1.000000
vt 0.500000 0.500000
vt 0.500000 0.500000
vt 0.500000 0.500000
vt 0.500000 0.500000
vt 0.500000 0.500000
vt 0.500000 0.500000
vt 0.500000 0.500000
vt 0.676776 1.000000
vt 0.590120 1.000000
vt 0.595671 1.000000
vt 0.687665 1.000000
vt 0.500000 0.500000
vt 0.500000 0.500000
vt 0.500000 0.500000
vt 0.500000 0.500000
vt 0.980970 0.596727
vt 0.953064 0.721789
vt 0.961940 0.721789
vt 0.990393 0.596727
vt 0.500000 0.500000
vt 0.500000 0.500000
vt 0.500000 0.500000
vt 0.500000 0.500000
vt 0.990393 0.466667
vt 0.980970 0.596727
vt 0.990393 0.596727
vt 1.000000 0.466667
vt 0.595671 1.000000
vt 0.500000 1.000000
vt 0.597545 1.000000
vt 0.500000 0.500000
vt 0.500000 0.500000
vt 0.500000 0.500000
vt 0.980970 0.336607
vt 0.990393 0.466667
vt 1.000000 0.466667
vt 0.990393 0.336607
vt 0.687665 1.000000
vt 0.595671 1.000000
vt 0.597545 1.000000
vt 0.691341 1.000000
vt 0.953064 0.211544
vt 0.980970 0.336607
vt 0.990393 0.336607
vt 0.961940 0.211544
vt 0.772448 1.000000
vt 0.687665 1.000000
vt 0.691341 1.000000
vt 0.777785 1.000000
vt 0.907746 0.096287
vt 0.953064 0.211544
vt 0.961940 0.211544
vt 0.915735 0.096287
vt 0.846760 0.938071
vt 0.772448 1.000000
vt 0.777785 1.000000
vt 0.853554 0.938071
vt 0.846760 0.000000
vt 0.907746 0.096287
vt 0.915735 0.096287
vt 0.853554 0.000000
vt 0.907746 0.837047
vt 0.846760 0.938071
vt 0.853554 0.938071
vt 0.915735 0.837047
vt 0.500000 0.500000
vt 0.500000 0.500000
vt 0.500000 0.500000
vt 0.500000 0.500000
vt 0.953064 0.721789
vt 0.907746 0.837047
vt 0.915735 0.837047
vt 0.961940 0.721789
vt 0.915735 0.096287
vt 0.961940 0.211544
vt 0.953064 0.211544
vt 0.907746 0.096287
vt 0.853554 0.938071
vt 0.777785 1.000000
vt 0.772447 1.000000
vt 0.846760 0.938071
vt 0.853554 0.000000
vt 0.915735 0.096287
vt 0.907746 0.096287
vt 0.846760 0.000000
vt 0.915735 0.837047
vt 0.853554 0.938071
vt 0.846760 0.938071
vt 0.907746 0.837047
vt 0.500000 0.500000
vt 0.500000 0.500000
vt 0.500000 0.500000
vt 0.500000 0.500000
vt 0.961940 0.721789
vt 0.915735 0.837047
vt 0.907746 0.837047
vt 0.953064 0.721789
vt 0.500000 0.500000
vt 0.500000 0.500000
vt 0.500000 0.500000
vt 0.500000 0.500000
vt 0.990393 0.596727
vt 0.961940 0.721789
vt 0.953064 0.721789
vt 0.980970 0.596727
vt 0.500000 0.500000
vt 0.500000 0.500000
vt 0.500000 0.500000
vt 0.500000 0.500000
vt 1.000000 0.466667
vt 0.990393 0.596727
vt 0.980970 0.596727
vt 0.990392 0.466667
vt 0.597545 1.000000
vt 0.500000 1.000000
vt 0.595671 1.000000
vt 0.500000 0.500000
vt 0.500000 0.500000
vt 0.500000 0.500000
vt 0.990393 0.336607
vt 1.000000 0.466667
vt 0.990392 0.466667
vt 0.980970 0.336607
vt 0.691341 1.000000
vt 0.597545 1.000000
vt 0.595671 1.000000
vt 0.687665 1.000000
vt 0.961940 0.211544
vt 0.990393 0.336607
vt 0.980970 0.336607
vt 0.953064 0.211544
vt 0.777785 1.000000
vt 0.691341 1.000000
vt 0.687665 1.000000
vt 0.772447 1.000000
vt 0.500000 0.500000
vt 0.500000 0.500000
vt 0.500000 0.500000
vt 0.500000 0.500000
vt 0.990392 0.466667
vt 0.980970 0.596727
vt 0.953064 0.596727
vt 0.961939 0.466667
vt 0.595671 1.000000
vt 0.500000 1.000000
vt 0.590120 1.000000
vt 0.500000 0.500000
vt 0.500000 0.500000
vt 0.500000 0.500000
vt 0.980970 0.336607
vt 0.990392 0.466667
vt 0.961939 0.466667
vt 0.953064 0.336607
vt 0.687665 1.000000
vt 0.595671 1.000000
vt 0.590120 1.000000
vt 0.676776 1.000000
vt 0.953064 0.211544
vt 0.980970 0.336607
vt 0.953064 0.336607
vt 0.926776 0.211544
vt 0.772447 1.000000
vt 0.687665 1.000000
vt 0.676776 1.000000
vt 0.756640 1.000000
vt 0.907746 0.096287
vt 0.953064 0.211544
vt 0.926776 0.211544
vt 0.884089 0.096287
vt 0.846760 0.938071
vt 0.772447 1.000000
vt 0.756640 1.000000
vt 0.826641 0.938071
vt 0.846760 0.000000
vt 0.907746 0.096287
vt 0.884089 0.096287
vt 0.826641 0.000000
vt 0.907746 0.837047
vt 0.846760 0.938071
vt 0.826641 0.938071
vt 0.884089 0.837047
vt 0.500000 0.500000
vt 0.500000 0.500000
vt 0.500000 0.500000
vt 0.500000 0.500000
vt 0.953064 0.721789
vt 0.907746 0.837047
vt 0.884089 0.837047
vt 0.926776 0.721789
vt 0.500000 0.500000
vt 0.500000 0.500000
vt 0.500000 0.500000
vt 0.500000 0.500000
vt 0.980970 0.596727
vt 0.953064 0.721789
vt 0.926776 0.721789
vt 0.953064 0.596727
vt 0.826641 0.938071
vt 0.756640 1.000000
vt 0.730970 1.000000
vt 0.793969 0.938071
vt 0.826641 0.000000
vt 0.884089 0.096287
vt 0.845671 0.096287
vt 0.793969 0.000000
vt 0.884089 0.837047
vt 0.826641 0.938071
vt 0.793969 0.938071
vt 0.845671 0.837047
vt 0.500000 0.500000
vt 0.500000 0.500000
vt 0.500000 0.500000
vt 0.500000 0.500000
vt 0.926776 0.721789
vt 0.884089 0.837047
vt 0.845671 0.837047
vt 0.884089 0.721789
vt 0.500000 0.500000
vt 0.500000 0.500000
vt 0.500000 0.500000
vt 0.500000 0.500000
vt 0.953064 0.596727
vt 0.926776 0.721789
vt 0.884089 0.721789
vt 0.907746 0.596727
vt 0.500000 0.500000
vt 0.500000 0.500000
vt 0.500000 0.500000
vt 0.500000 0.500000
vt 0.961939 0.466667
vt 0.953064 0.596727
vt 0.907746 0.596727
vt 0.915734 0.466667
vt 0.590120 1.000000
vt 0.500000 1.000000
vt 0.581106 1.000000
vt 0.500000 0.500000
vt 0.500000 0.500000
vt 0.500000 0.500000
vt 0.953064 0.336607
vt 0.961939 0.466667
vt 0.915734 0.466667
vt 0.907746 0.336607
vt 0.676776 1.000000
vt 0.590120 1.000000
vt 0.581106 1.000000
vt 0.659095 1.000000
vt 0.926776 0.211544
vt 0.953064 0.336607
vt 0.907746 0.336607
vt 0.884089 0.211544
vt 0.756640 1.000000
vt 0.676776 1.000000
vt 0.659095 1.000000
vt 0.730970 1.000000
vt 0.884089 0.096287
vt 0.926776 0.211544
vt 0.884089 0.211544
vt 0.845671 0.096287
vt 0.915734 0.466667
vt 0.907746 0.596727
vt 0.846760 0.596727
vt 0.853553 0.466667
vt 0.581106 1.000000
vt 0.500000 1.000000
vt 0.568975 1.000000
vt 0.500000 0.500000
vt 0.500000 0.500000
vt 0.500000 0.500000
vt 0.907746 0.336607
vt 0.915734 0.466667
vt 0.853553 0.466667
vt 0.846760 0.336607
vt 0.659095 1.000000
vt 0.581106 1.000000
vt 0.568975 1.000000
vt 0.635299 1.000000
vt 0.884089 0.211544
vt 0.907746 0.336607
vt 0.846760 0.336607
vt 0.826641 0.211544
vt 0.730970 1.000000
vt 0.659095 1.000000
vt 0.635299 1.000000
vt 0.696424 1.000000
vt 0.845671 0.096287
vt 0.884089 0.211544
vt 0.826641 0.211544
vt 0.793969 0.096287
vt 0.793969 0.938071
vt 0.730970 1.000000
vt 0.696424 1.000000
vt 0.750000 0.938071
vt 0.793969 0.000000
vt 0.845671 0.096287
vt 0.793969 0.096287
vt 0.750000 0.000000
vt 0.845671 0.837047
vt 0.793969 0.938071
vt 0.750000 0.938071
vt 0.793969 0.837047
vt 0.500000 0.500000
vt 0.500000 0.500000
vt 0.500000 0.500000
vt 0.500000 0.500000
vt 0.884089 0.721789
vt 0.845671 0.837047
vt 0.793969 0.837047
vt 0.826641 0.721789
vt 0.500000 0.500000
vt 0.500000 0.500000
vt 0.500000 0.500000
vt 0.500000 0.500000
vt 0.907746 0.596727
vt 0.884089 0.721789
vt 0.826641 0.721789
vt 0.846760 0.596727
vt 0.500000 0.500000
vt 0.500000 0.500000
vt 0.500000 0.500000
vt 0.500000 0.500000
vt 0.750000 0.000000
vt 0.793969 0.096287
vt 0.730970 0.096287
vt 0.696424 0.000000
vt 0.793969 0.837047
vt 0.750000 0.938071
vt 0.696424 0.938071
vt 0.730970 0.837047
vt 0.500000 0.500000
vt 0.500000 0.500000
vt 0.500000 0.500000
vt 0.500000 0.500000
vt 0.826641 0.721789
vt 0.793969 0.837047
vt 0.730970 0.837047
vt 0.756640 0.721789
vt 0.500000 0.500000
vt 0.500000 0.500000
vt 0.500000 0.500000
vt 0.500000 0.500000
vt 0.846760 0.596727
vt 0.826641 0.721789
vt 0.756640 0.721789
vt 0.772447 0.596727
vt 0.500000 0.500000
vt 0.500000 0.500000
vt 0.500000 0.500000
vt 0.500000 0.500000
vt 0.853553 0.466667
vt 0.846760 0.596727
vt 0.772447 0.596727
vt 0.777785 0.466667
vt 0.568975 1.000000
vt 0.500000 1.000000
vt 0.554193 1.000000
vt 0.500000 0.500000
vt 0.500000 0.500000
vt 0.500000 0.500000
vt 0.846760 0.336607
vt 0.853553 0.466667
vt 0.777785 0.466667
vt 0.772447 0.336607
vt 0.635299 1.000000
vt 0.568975 1.000000
vt 0.554193 1.000000
vt 0.606304 1.000000
vt 0.826641 0.211544
vt 0.846760 0.336607
vt 0.772447 0.336607
vt 0.756640 0.211544
vt 0.696424 1.000000
vt 0.635299 1.000000
vt 0.606304 1.000000
vt 0.654329 1.000000
vt 0.793969 0.096287
vt 0.826641 0.211544
vt 0.756640 0.211544
vt 0.730970 0.096287
vt 0.750000 0.938071
vt 0.696424 1.000000
vt 0.654329 1.000000
vt 0.696424 0.938071
vt 0.554193 1.000000
vt 0.500000 1.000000
vt 0.537329 1.000000
vt 0.500000 0.500000
vt 0.500000 0.500000
vt 0.500000 0.500000
vt 0.772447 0.336607
vt 0.777785 0.466667
vt 0.691341 0.466667
vt 0.687665 0.336607
vt 0.606304 1.000000
vt 0.554193 1.000000
vt 0.537329 1.000000
vt 0.573224 1.000000
vt 0.756640 0.211544
vt 0.772447 0.336607
vt 0.687665 0.336607
vt 0.676776 0.211544
vt 0.654329 1.000000
vt 0.606304 1.000000
vt 0.573224 1.000000
vt 0.606304 1.000000
vt 0.730970 0.096287
vt 0.756640 0.211544
vt 0.676776 0.211544
vt 0.659095 0.096287
vt 0.696424 0.938071
vt 0.654329 1.000000
vt 0.606304 1.000000
vt 0.635299 0.938071
vt 0.696424 0.000000
vt 0.730970 0.096287
vt 0.659095 0.096287
vt 0.635299 0.000000
vt 0.730970 0.837047
vt 0.696424 0.938071
vt 0.635299 0.938071
vt 0.659095 0.837047
vt 0.500000 0.500000
vt 0.500000 0.500000
vt 0.500000 0.500000
vt 0.500000 0.500000
vt 0.756640 0.721789
vt 0.730970 0.837047
vt 0.659095 0.837047
vt 0.676776 0.721789
vt 0.500000 0.500000
vt 0.500000 0.500000
vt 0.500000 0.500000
vt 0.500000 0.500000
vt 0.772447 0.596727
vt 0.756640 0.721789
vt 0.676776 0.721789
vt 0.687665 0.596727
vt 0.500000 0.500000
vt 0.500000 0.500000
vt 0.500000 0.500000
vt 0.500000 0.500000
vt 0.777785 0.466667
vt 0.772447 0.596727
vt 0.687665 0.596727
vt 0.691341 0.466667
vt 0.659095 0.837047
vt 0.635299 0.938071
vt 0.568975 0.938071
vt 0.581106 0.837047
vt 0.500000 0.500000
vt 0.500000 0.500000
vt 0.500000 0.500000
vt 0.500000 0.500000
vt 0.676776 0.721789
vt 0.659095 0.837047
vt 0.581106 0.837047
vt 0.590120 0.721789
vt 0.500000 0.500000
vt 0.500000 0.500000
vt 0.500000 0.500000
vt 0.500000 0.500000
vt 0.687665 0.596727
vt 0.676776 0.721789
vt 0.590120 0.721789
vt 0.595671 0.596727
vt 0.500000 0.500000
vt 0.500000 0.500000
vt 0.500000 0.500000
vt 0.500000 0.500000
vt 0.691341 0.466667
vt 0.687665 0.596727
vt 0.595671 0.596727
vt 0.597545 0.466667
vt 0.537329 1.000000
vt 0.500000 1.000000
vt 0.519030 1.000000
vt 0.500000 0.500000
vt 0.500000 0.500000
vt 0.500000 0.500000
vt 0.687665 0.336607
vt 0.691341 0.466667
vt 0.597545 0.466667
vt 0.595671 0.336607
vt 0.573224 1.000000
vt 0.537329 1.000000
vt 0.519030 1.000000
vt 0.537329 1.000000
vt 0.676776 0.211544
vt 0.687665 0.336607
vt 0.595671 0.336607
vt 0.590120 0.211544
vt 0.606304 1.000000
vt 0.573224 1.000000
vt 0.537329 1.000000
vt 0.554193 1.000000
vt 0.659095 0.096287
vt 0.676776 0.211544
vt 0.590120 0.211544
vt 0.581106 0.096287
vt 0.635299 0.938071
vt 0.606304 1.000000
vt 0.554193 1.000000
vt 0.568975 0.938071
vt 0.635299 0.000000
vt 0.659095 0.096287
vt 0.581106 0.096287
vt 0.568975 0.000000
vt 0.595671 0.336607
vt 0.597545 0.466667
vt 0.500000 0.466667
vt 0.500000 0.336607
vt 0.537329 1.000000
vt 0.519030 1.000000
vt 0.500000 1.000000
vt 0.500000 1.000000
vt 0.590120 0.211544
vt 0.595671 0.336607
vt 0.500000 0.336607
vt 0.500000 0.211544
vt 0.554193 1.000000
vt 0.537329 1.000000
vt 0.500000 1.000000
vt 0.500000 1.000000
vt 0.581106 0.096287
vt 0.590120 0.211544
vt 0.500000 0.211544
vt 0.500000 0.096287
vt 0.568975 0.938071
vt 0.554193 1.000000
vt 0.500000 1.000000
vt 0.500000 0.938071
vt 0.568975 0.000000
vt 0.581106 0.096287
vt 0.500000 0.096287
vt 0.500000 0.000000
vt 0.581106 0.837047
vt 0.568975 0.938071
vt 0.500000 0.938071
vt 0.500000 0.837047
vt 0.500000 0.500000
vt 0.500000 0.500000
vt 0.500000 0.500000
vt 0.500000 0.500000
vt 0.590120 0.721789
vt 0.581106 0.837047
vt 0.500000 0.837047
vt 0.500000 0.721789
vt 0.500000 0.500000
vt 0.500000 0.500000
vt 0.500000 0.500000
vt 0.500000 0.500000
vt 0.595671 0.596727
vt 0.590120 0.721789
vt 0.500000 0.721789
vt 0.500000 0.596727
vt 0.500000 0.500000
vt 0.500000 0.500000
vt 0.500000 0.500000
vt 0.500000 0.500000
vt 0.597545 0.466667
vt 0.595671 0.596727
vt 0.500000 0.596727
vt 0.500000 0.466667
vt 0.519030 1.000000
vt 0.500000 1.000000
vt 0.500000 1.000000
vt 0.500000 0.500000
vt 0.500000 0.500000
vt 0.500000 0.500000
vt 0.500000 0.500000
vt 0.500000 0.500000
vt 0.500000 0.500000
vt 0.500000 0.500000
vt 0.500000 0.721789
vt 0.500000 0.837047
vt 0.418894 0.837047
vt 0.409880 0.721789
vt 0.500000 0.500000
vt 0.500000 0.500000
vt 0.500000 0.500000
vt 0.500000 0.500000
vt 0.500000 0.596727
vt 0.500000 0.721789
vt 0.409880 0.721789
vt 0.404329 0.596727
vt 0.500000 0.500000
vt 0.500000 0.500000
vt 0.500000 0.500000
vt 0.500000 0.500000
vt 0.500000 0.466667
vt 0.500000 0.596727
vt 0.404329 0.596727
vt 0.402455 0.466667
vt 0.500000 1.000000
vt 0.500000 1.000000
vt 0.480970 1.000000
vt 0.500000 0.500000
vt 0.500000 0.500000
vt 0.500000 0.500000
vt 0.500000 0.336607
vt 0.500000 0.466667
vt 0.402455 0.466667
vt 0.404329 0.336607
vt 0.500000 1.000000
vt 0.500000 1.000000
vt 0.480970 1.000000
vt 0.462671 1.000000
vt 0.500000 0.211544
vt 0.500000 0.336607
vt 0.404329 0.336607
vt 0.409880 0.211544
vt 0.500000 1.000000
vt 0.500000 1.000000
vt 0.462671 1.000000
vt 0.445807 1.000000
vt 0.500000 0.096287
vt 0.500000 0.211544
vt 0.409880 0.211544
vt 0.418894 0.096287
vt 0.500000 0.938071
vt 0.500000 1.000000
vt 0.445807 1.000000
vt 0.431025 0.938071
vt 0.500000 0.000000
vt 0.500000 0.096287
vt 0.418894 0.096287
vt 0.431025 0.000000
vt 0.500000 0.837047
vt 0.500000 0.938071
vt 0.431025 0.938071
vt 0.418894 0.837047
vt 0.409880 0.211544
vt 0.404329 0.336607
vt 0.312335 0.336607
vt 0.323224 0.211544
vt 0.445807 1.000000
vt 0.462671 1.000000
vt 0.426776 1.000000
vt 0.393696 1.000000
vt 0.418894 0.096287
vt 0.409880 0.211544
vt 0.323224 0.211544
vt 0.340905 0.096287
vt 0.431025 0.938071
vt 0.445807 1.000000
vt 0.393696 1.000000
vt 0.364701 0.938071
vt 0.431025 0.000000
vt 0.418894 0.096287
vt 0.340905 0.096287
vt 0.364701 0.000000
vt 0.418894 0.837047
vt 0.431025 0.938071
vt 0.364701 0.938071
vt 0.340905 0.837047
vt 0.500000 0.500000
vt 0.500000 0.500000
vt 0.500000 0.500000
vt 0.500000 0.500000
vt 0.409880 0.721789
vt 0.418894 0.837047
vt 0.340905 0.837047
vt 0.323224 0.721789
vt 0.500000 0.500000
vt 0.500000 0.500000
vt 0.500000 0.500000
vt 0.500000 0.500000
vt 0.404329 0.596727
vt 0.409880 0.721789
vt 0.323224 0.721789
vt 0.312335 0.596727
vt 0.500000 0.500000
vt 0.500000 0.500000
vt 0.500000 0.500000
vt 0.500000 0.500000
vt 0.402455 0.466667
vt 0.404329 0.596727
vt 0.312335 0.596727
vt 0.308659 0.466667
vt 0.480970 1.000000
vt 0.500000 1.000000
vt 0.462671 1.000000
vt 0.500000 0.500000
vt 0.500000 0.500000
vt 0.500000 0.500000
vt 0.404329 0.336607
vt 0.402455 0.466667
vt 0.308659 0.466667
vt 0.312335 0.336607
vt 0.462671 1.000000
vt 0.480970 1.000000
vt 0.462671 1.000000
vt 0.426776 1.000000
vt 0.500000 0.500000
vt 0.500000 0.500000
vt 0.500000 0.500000
vt 0.500000 0.500000
vt 0.312335 0.596727
vt 0.323224 0.721789
vt 0.243360 0.721789
vt 0.227552 0.596727
vt 0.500000 0.500000
vt 0.500000 0.500000
vt 0.500000 0.500000
vt 0.500000 0.500000
vt 0.308659 0.466667
vt 0.312335 0.596727
vt 0.227552 0.596727
vt 0.222215 0.466667
vt 0.462671 1.000000
vt 0.500000 1.000000
vt 0.445807 1.000000
vt 0.500000 0.500000
vt 0.500000 0.500000
vt 0.500000 0.500000
vt 0.312335 0.336607
vt 0.308659 0.466667
vt 0.222215 0.466667
vt 0.227552 0.336607
vt 0.426776 1.000000
vt 0.462671 1.000000
vt 0.445807 1.000000
vt 0.393696 1.000000
vt 0.323224 0.211544
vt 0.312335 0.336607
vt 0.227552 0.336607
vt 0.243360 0.211544
vt 0.393696 1.000000
vt 0.426776 1.000000
vt 0.393696 1.000000
vt 0.345671 1.000000
vt 0.340905 0.096287
vt 0.323224 0.211544
vt 0.243360 0.211544
vt 0.269030 0.096287
vt 0.364701 0.938071
vt 0.393696 1.000000
vt 0.345671 1.000000
vt 0.303576 0.938071
vt 0.364701 0.000000
vt 0.340905 0.096287
vt 0.269030 0.096287
vt 0.303576 0.000000
vt 0.340905 0.837047
vt 0.364701 0.938071
vt 0.303576 0.938071
vt 0.269030 0.837047
vt 0.500000 0.500000
vt 0.500000 0.500000
vt 0.500000 0.500000
vt 0.500000 0.500000
vt 0.323224 0.721789
vt 0.340905 0.837047
vt 0.269030 0.837047
vt 0.243360 0.721789
vt 0.345671 1.000000
vt 0.393696 1.000000
vt 0.364701 1.000000
vt 0.303576 1.000000
vt 0.269030 0.096287
vt 0.243360 0.211544
vt 0.173359 0.211544
vt 0.206031 0.096287
vt 0.303576 0.938071
vt 0.345671 1.000000
vt 0.303576 1.000000
vt 0.250000 0.938071
vt 0.303576 0.000000
vt 0.269030 0.096287
vt 0.206031 0.096287
vt 0.250000 0.000000
vt 0.269030 0.837047
vt 0.303576 0.938071
vt 0.250000 0.938071
vt 0.206031 0.837047
vt 0.500000 0.500000
vt 0.500000 0.500000
vt 0.500000 0.500000
vt 0.500000 0.500000
vt 0.243360 0.721789
vt 0.269030 0.837047
vt 0.206031 0.837047
vt 0.173359 0.721789
vt 0.500000 0.500000
vt 0.500000 0.500000
vt 0.500000 0.500000
vt 0.500000 0.500000
vt 0.227552 0.596727
vt 0.243360 0.721789
vt 0.173359 0.721789
vt 0.153240 0.596727
vt 0.500000 0.500000
vt 0.500000 0.500000
vt 0.500000 0.500000
vt 0.500000 0.500000
vt 0.222215 0.466667
vt 0.227552 0.596727
vt 0.153240 0.596727
vt 0.146446 0.466667
vt 0.445807 1.000000
vt 0.500000 1.000000
vt 0.431025 1.000000
vt 0.500000 0.500000
vt 0.500000 0.500000
vt 0.500000 0.500000
vt 0.227552 0.336607
vt 0.222215 0.466667
vt 0.146446 0.466667
vt 0.153240 0.336607
vt 0.393696 1.000000
vt 0.445807 1.000000
vt 0.431025 1.000000
vt 0.364701 1.000000
vt 0.243360 0.211544
vt 0.227552 0.336607
vt 0.153240 0.336607
vt 0.173359 0.211544
vt 0.153240 0.596727
vt 0.173359 0.721789
vt 0.115911 0.721789
vt 0.092254 0.596727
vt 0.500000 0.500000
vt 0.500000 0.500000
vt 0.500000 0.500000
vt 0.500000 0.500000
vt 0.146446 0.466667
vt 0.153240 0.596727
vt 0.092254 0.596727
vt 0.084266 0.466667
vt 0.431025 1.000000
vt 0.500000 1.000000
vt 0.418894 1.000000
vt 0.500000 0.500000
vt 0.500000 0.500000
vt 0.500000 0.500000
vt 0.153240 0.336607
vt 0.146446 0.466667
vt 0.084266 0.466667
vt 0.092254 0.336607
vt 0.364701 1.000000
vt 0.431025 1.000000
vt 0.418894 1.000000
vt 0.340905 1.000000
vt 0.173359 0.211544
vt 0.153240 0.336607
vt 0.092254 0.336607
vt 0.115911 0.211544
vt 0.303576 1.000000
vt 0.364701 1.000000
vt 0.340905 1.000000
vt 0.269030 1.000000
vt 0.206031 0.096287
vt 0.173359 0.211544
vt 0.115911 0.211544
vt 0.154329 0.096287
vt 0.250000 0.938071
vt 0.303576 1.000000
vt 0.269030 1.000000
vt 0.206031 0.938071
vt 0.250000 0.000000
vt 0.206031 0.096287
vt 0.154329 0.096287
vt 0.206031 0.000000
vt 0.206031 0.837047
vt 0.250000 0.938071
vt 0.206031 0.938071
vt 0.154329 0.837047
vt 0.500000 0.500000
vt 0.500000 0.500000
vt 0.500000 0.500000
vt 0.500000 0.500000
vt 0.173359 0.721789
vt 0.206031 0.837047
vt 0.154329 0.837047
vt 0.115911 0.721789
vt 0.500000 0.500000
vt 0.500000 0.500000
vt 0.500000 0.500000
vt 0.500000 0.500000
vt 0.154329 0.096287
vt 0.115911 0.211544
vt 0.073224 0.211544
vt 0.115911 0.096287
vt 0.206031 0.938071
vt 0.269030 1.000000
vt 0.243360 1.000000
vt 0.173359 0.938071
vt 0.206031 0.000000
vt 0.154329 0.096287
vt 0.115911 0.096287
vt 0.173359 0.000000
vt 0.154329 0.837047
vt 0.206031 0.938071
vt 0.173359 0.938071
vt 0.115911 0.837047
vt 0.500000 0.500000
vt 0.500000 0.500000
vt 0.500000 0.500000
vt 0.500000 0.500000
vt 0.115911 0.721789
vt 0.154329 0.837047
vt 0.115911 0.837047
vt 0.073224 0.721789
vt 0.500000 0.500000
vt 0.500000 0.500000
vt 0.500000 0.500000
vt 0.500000 0.500000
vt 0.092254 0.596727
vt 0.115911 0.721789
vt 0.073224 0.721789
vt 0.046936 0.596727
vt 0.500000 0.500000
vt 0.500000 0.500000
vt 0.500000 0.500000
vt 0.500000 0.500000
vt 0.084266 0.466667
vt 0.092254 0.596727
vt 0.046936 0.596727
vt 0.038061 0.466667
vt 0.418894 1.000000
vt 0.500000 1.000000
vt 0.409880 1.000000
vt 0.500000 0.500000
vt 0.500000 0.500000
vt 0.500000 0.500000
vt 0.092254 0.336607
vt 0.084266 0.466667
vt 0.038061 0.466667
vt 0.046936 0.336607
vt 0.340905 1.000000
vt 0.418894 1.000000
vt 0.409880 1.000000
vt 0.323224 1.000000
vt 0.115911 0.211544
vt 0.092254 0.336607
vt 0.046936 0.336607
vt 0.073224 0.211544
vt 0.269030 1.000000
vt 0.340905 1.000000
vt 0.323224 1.000000
vt 0.243360 1.000000
vt 0.500000 0.500000
vt 0.500000 0.500000
vt 0.500000 0.500000
vt 0.500000 0.500000
vt 0.038061 0.466667
vt 0.046936 0.596727
vt 0.019030 0.596727
vt 0.009608 0.466667
vt 0.409880 1.000000
vt 0.500000 1.000000
vt 0.404329 1.000000
vt 0.500000 0.500000
vt 0.500000 0.500000
vt 0.500000 0.500000
vt 0.046936 0.336607
vt 0.038061 0.466667
vt 0.009608 0.466667
vt 0.019030 0.336607
vt 0.323224 1.000000
vt 0.409880 1.000000
vt 0.404329 1.000000
vt 0.312335 1.000000
vt 0.073224 0.211544
vt 0.046936 0.336607
vt 0.019030 0.336607
vt 0.046936 0.211544
vt 0.243360 1.000000
vt 0.323224 1.000000
vt 0.312335 1.000000
vt 0.227553 1.000000
vt 0.115911 0.096287
vt 0.073224 0.211544
vt 0.046936 0.211544
vt 0.092254 0.096287
vt 0.173359 0.938071
vt 0.243360 1.000000
vt 0.227553 1.000000
vt 0.153240 0.938071
vt 0.173359 0.000000
vt 0.115911 0.096287
vt 0.092254 0.096287
vt 0.153240 0.000000
vt 0.115911 0.837047
vt 0.173359 0.938071
vt 0.153240 0.938071
vt 0.092254 0.837047
vt 0.500000 0.500000
vt 0.500000 0.500000
vt 0.500000 0.500000
vt 0.500000 0.500000
vt 0.073224 0.721789
vt 0.115911 0.837047
vt 0.092254 0.837047
vt 0.046936 0.721789
vt 0.500000 0.500000
vt 0.500000 0.500000
vt 0.500000 0.500000
vt 0.500000 0.500000
vt 0.046936 0.596727
vt 0.073224 0.721789
vt 0.046936 0.721789
vt 0.019030 0.596727
vt 0.153240 0.938071
vt 0.227553 1.000000
vt 0.222215 1.000000
vt 0.146446 0.938071
vt 0.153240 0.000000
vt 0.092254 0.096287
vt 0.084266 0.096287
vt 0.146446 0.000000
vt 0.092254 0.837047
vt 0.153240 0.938071
vt 0.146446 0.938071
vt 0.084266 0.837047
vt 0.500000 0.500000
vt 0.500000 0.500000
vt 0.500000 0.500000
vt 0.500000 0.500000
vt 0.046936 0.721789
vt 0.092254 0.837047
vt 0.084266 0.837047
vt 0.038061 0.721789
vt 0.500000 0.500000
vt 0.500000 0.500000
vt 0.500000 0.500000
vt 0.500000 0.500000
vt 0.019030 0.596727
vt 0.046936 0.721789
vt 0.038061 0.721789
vt 0.009608 0.596727
vt 0.500000 0.500000
vt 0.500000 0.500000
vt 0.500000 0.500000
vt 0.500000 0.500000
vt 0.009608 0.466667
vt 0.019030 0.596727
vt 0.009608 0.596727
vt 0.000001 0.466667
vt 0.404329 1.000000
vt 0.500000 1.000000
vt 0.402455 1.000000
vt 0.500000 0.500000
vt 0.500000 0.500000
vt 0.500000 0.500000
vt 0.019030 0.336607
vt 0.009608 0.466667
vt 0.000001 0.466667
vt 0.009608 0.336607
vt 0.312335 1.000000
vt 0.404329 1.000000
vt 0.402455 1.000000
vt 0.308659 1.000000
vt 0.046936 0.211544
vt 0.019030 0.336607
vt 0.009608 0.336607
vt 0.038061 0.211544
vt 0.227553 1.000000
vt 0.312335 1.000000
vt 0.308659 1.000000
vt 0.222215 1.000000
vt 0.092254 0.096287
vt 0.046936 0.211544
vt 0.038061 0.211544
vt 0.084266 0.096287
vt 0.000001 0.466667
vt 0.009608 0.596727
vt 0.019031 0.596727
vt 0.009608 0.466667
vt 0.402455 1.000000
vt 0.500000 1.000000
vt 0.404329 1.000000
vt 0.500000 0.500000
vt 0.500000 0.500000
vt 0.500000 0.500000
vt 0.009608 0.336607
vt 0.000001 0.466667
vt 0.009608 0.466667
vt 0.019031 0.336607
vt 0.308659 1.000000
vt 0.402455 1.000000
vt 0.404329 1.000000
vt 0.312335 1.000000
vt 0.038061 0.211544
vt 0.009608 0.336607
vt 0.019031 0.336607
vt 0.046936 0.211544
vt 0.222215 1.000000
vt 0.308659 1.000000
vt 0.312335 1.000000
vt 0.227553 1.000000
vt 0.084266 0.096287
vt 0.038061 0.211544
vt 0.046936 0.211544
vt 0.092254 0.096287
vt 0.146446 0.938071
vt 0.222215 1.000000
vt 0.227553 1.000000
vt 0.153240 0.938071
vt 0.146446 0.000000
vt 0.084266 0.096287
vt 0.092254 0.096287
vt 0.153240 0.000000
vt 0.084266 0.837047
vt 0.146446 0.938071
vt 0.153240 0.938071
vt 0.092254 0.837047
vt 0.500000 0.500000
vt 0.500000 0.500000
vt 0.500000 0.500000
vt 0.500000 0.500000
vt 0.038061 0.721789
vt 0.084266 0.837047
vt 0.092254 0.837047
vt 0.046936 0.721789
vt 0.500000 0.500000
vt 0.500000 0.500000
vt 0.500000 0.500000
vt 0.500000 0.500000
vt 0.009608 0.596727
vt 0.038061 0.721789
vt 0.046936 0.721789
vt 0.019031 0.596727
vt 0.500000 0.500000
vt 0.500000 0.500000
vt 0.500000 0.500000
vt 0.500000 0.500000
vt 0.500000 0.500000
vt 0.500000 0.500000
vt 0.500000 0.500000
vt 0.500000 0.500000
vt 0.500000 0.500000
vt 0.500000 0.500000
vt 0.500000 0.500000
vt 0.500000 0.500000
vt 0.500000 0.500000
vt 0.500000 0.500000
vt 0.500000 0.500000
vt 0.500000 0.500000
vt 0.500000 0.500000
vt 0.500000 0.500000
vt 0.500000 0.500000
vt 0.500000 0.500000
vt 0.500000 0.500000
vt 0.500000 0.500000
vt 0.500000 0.500000
vt 0.500000 0.500000
vt 0.500000 0.500000
vt 0.500000 0.500000
vt 0.500000 0.500000
vt 0.500000 0.500000
vt 0.500000 0.500000
vt 0.500000 0.500000
vt 0.500000 0.500000
vt 0.500000 0.500000
vt 0.500000 0.500000
vt 0.500000 0.500000
vt 0.500000 0.500000
vt 0.500000 0.500000
vt 0.404329 1.000000
vt 0.500000 1.000000
vt 0.409880 1.000000
vt 0.500000 0.500000
vt 0.500000 0.500000
vt 0.500000 0.500000
vt 0.500000 0.500000
vt 0.500000 0.500000
vt 0.500000 0.500000
vt 0.500000 0.500000
vt 0.312335 1.000000
vt 0.404329 1.000000
vt 0.409880 1.000000
vt 0.323224 1.000000
vt 0.500000 0.500000
vt 0.500000 0.500000
vt 0.500000 0.500000
vt 0.500000 0.500000
vt 0.227553 1.000000
vt 0.312335 1.000000
vt 0.323224 1.000000
vt 0.243360 1.000000
vt 0.500000 0.500000
vt 0.500000 0.500000
vt 0.500000 0.500000
vt 0.500000 0.500000
vt 0.500000 0.500000
vt 0.500000 0.500000
vt 0.500000 0.500000
vt 0.500000 0.500000
vt 0.500000 0.500000
vt 0.500000 0.500000
vt 0.500000 0.500000
vt 0.500000 0.500000
vt 0.500000 0.500000
vt 0.500000 0.500000
vt 0.500000 0.500000
vt 0.323224 1.000000
vt 0.409880 1.000000
vt 0.418894 1.000000
vt 0.340905 1.000000
vt 0.500000 0.500000
vt 0.500000 0.500000
vt 0.500000 0.500000
vt 0.500000 0.500000
vt 0.500000 0.500000
vt 0.500000 0.500000
vt 0.500000 0.500000
vt 0.500000 0.500000
vt 0.500000 0.500000
vt 0.500000 0.500000
vt 0.500000 0.500000
vt 0.500000 0.500000
vt 0.500000 0.500000
vt 0.500000 0.500000
vt 0.500000 0.500000
vt 0.500000 0.500000
vt 0.500000 0.500000
vt 0.500000 0.500000
vt 0.500000 0.500000
vt 0.500000 0.500000
vt 0.500000 0.500000
vt 0.500000 0.500000
vt 0.500000 0.500000
vt 0.500000 0.500000
vt 0.500000 0.500000
vt 0.500000 0.500000
vt 0.500000 0.500000
vt 0.500000 0.500000
vt 0.500000 0.500000
vt 0.500000 0.500000
vt 0.500000 0.500000
vt 0.500000 0.500000
vt 0.500000 0.500000
vt 0.500000 0.500000
vt 0.500000 0.500000
vt 0.500000 0.500000
vt 0.500000 0.500000
vt 0.500000 0.500000
vt 0.500000 0.500000
vt 0.500000 0.500000
vt 0.500000 0.500000
vt 0.500000 0.500000
vt 0.500000 0.500000
vt 0.500000 0.500000
vt 0.500000 0.500000
vt 0.500000 0.500000
vt 0.500000 0.500000
vt 0.500000 0.500000
vt 0.409880 1.000000
vt 0.500000 1.000000
vt 0.418894 1.000000
vt 0.500000 0.500000
vt 0.500000 0.500000
vt 0.500000 0.500000
vt 0.500000 0.500000
vt 0.500000 0.500000
vt 0.500000 0.500000
vt 0.500000 0.500000
vt 0.500000 0.500000
vt 0.500000 0.500000
vt 0.500000 0.500000
vt 0.500000 0.500000
vt 0.500000 0.500000
vt 0.500000 0.500000
vt 0.500000 0.500000
vt 0.500000 0.500000
vt 0.500000 0.500000
vt 0.500000 0.500000
vt 0.500000 0.500000
vt 0.500000 0.500000
vt 0.500000 0.500000
vt 0.500000 0.500000
vt 0.500000 0.500000
vt 0.500000 0.500000
vt 0.500000 0.500000
vt 0.418894 1.000000
vt 0.500000 1.000000
vt 0.431025 1.000000
vt 0.500000 0.500000
vt 0.500000 0.500000
vt 0.500000 0.500000
vt 0.500000 0.500000
vt 0.500000 0.500000
vt 0.500000 0.500000
vt 0.500000 0.500000
vt 0.500000 0.500000
vt 0.500000 0.500000
vt 0.500000 0.500000
vt 0.500000 0.500000
vt 0.500000 0.500000
vt 0.500000 0.500000
vt 0.500000 0.500000
vt 0.500000 0.500000
vt 0.500000 0.500000
vt 0.500000 0.500000
vt 0.500000 0.500000
vt 0.500000 0.500000
vt 0.500000 0.500000
vt 0.500000 0.500000
vt 0.500000 0.500000
vt 0.500000 0.500000
vt 0.500000 0.500000
vt 0.500000 0.500000
vt 0.500000 0.500000
vt 0.500000 0.500000
vt 0.500000 0.500000
vt 0.500000 0.500000
vt 0.500000 0.500000
vt 0.500000 0.500000
vt 0.500000 0.500000
vt 0.500000 0.500000
vt 0.500000 0.500000
vt 0.500000 0.500000
vt 0.500000 0.500000
vt 0.500000 0.500000
vt 0.500000 0.500000
vt 0.500000 0.500000
vt 0.500000 0.500000
vt 0.500000 0.500000
vt 0.500000 0.500000
vt 0.500000 0.500000
vt 0.500000 0.500000
vt 0.500000 0.500000
vt 0.500000 0.500000
vt 0.500000 0.500000
vt 0.500000 0.500000
vt 0.500000 0.500000
vt 0.500000 0.500000
vt 0.500000 0.500000
vt 0.500000 0.500000
vt 0.500000 0.500000
vt 0.500000 0.500000
vt 0.500000 0.500000
vt 0.500000 0.500000
vt 0.500000 0.500000
vt 0.500000 0.500000
vt 0.500000 0.500000
vt 0.500000 0.500000
vt 0.500000 0.500000
vt 0.500000 0.500000
vt 0.500000 0.500000
vt 0.500000 0.500000
vt 0.500000 0.500000
vt 0.500000 0.500000
vt 0.500000 0.500000
vt 0.500000 0.500000
vt 0.500000 0.500000
vt 0.500000 0.500000
vt 0.500000 0.500000
vt 0.500000 0.500000
vt 0.500000 0.500000
vt 0.500000 0.500000
vt 0.500000 0.500000
vt 0.500000 0.500000
vt 0.500000 0.500000
vt 0.500000 0.500000
vt 0.500000 0.500000
vt 0.500000 0.500000
vt 0.500000 0.500000
vt 0.500000 0.500000
vt 0.500000 0.500000
vt 0.500000 0.500000
vt 0.500000 0.500000
vt 0.500000 0.500000
vt 0.500000 0.500000
vt 0.431025 1.000000
vt 0.500000 1.000000
vt 0.445807 1.000000
vt 0.500000 0.500000
vt 0.500000 0.500000
vt 0.500000 0.500000
vt 0.500000 0.500000
vt 0.500000 0.500000
vt 0.500000 0.500000
vt 0.500000 0.500000
vt 0.500000 0.500000
vt 0.500000 0.500000
vt 0.500000 0.500000
vt 0.500000 0.500000
vt 0.500000 0.500000
vt 0.500000 0.500000
vt 0.500000 0.500000
vt 0.500000 0.500000
vt 0.500000 0.500000
vt 0.500000 0.500000
vt 0.500000 0.500000
vt 0.500000 0.500000
vt 0.500000 0.500000
vt 0.500000 0.500000
vt 0.500000 0.500000
vt 0.500000 0.500000
vt 0.500000 0.500000
vt 0.500000 0.500000
vt 0.500000 0.500000
vt 0.500000 0.500000
vt 0.445807 1.000000
vt 0.500000 1.000000
vt 0.462671 1.000000
vt 0.500000 0.500000
vt 0.500000 0.500000
vt 0.500000 0.500000
vt 0.500000 0.500000
vt 0.500000 0.500000
vt 0.500000 0.500000
vt 0.500000 0.500000
vt 0.500000 0.500000
vt 0.500000 0.500000
vt 0.500000 0.500000
vt 0.500000 0.500000
vt 0.500000 0.500000
vt 0.500000 0.500000
vt 0.500000 0.500000
vt 0.500000 0.500000
vt 0.500000 0.500000
vt 0.500000 0.500000
vt 0.500000 0.500000
vt 0.500000 0.500000
vt 0.500000 0.500000
vt 0.500000 0.500000
vt 0.500000 0.500000
vt 0.500000 0.500000
vt 0.500000 0.500000
vt 0.500000 0.500000
vt 0.500000 0.500000
vt 0.500000 0.500000
vt 0.500000 0.500000
vt 0.500000 0.500000
vt 0.500000 0.500000
vt 0.500000 0.500000
vt 0.500000 0.500000
vt 0.500000 0.500000
vt 0.500000 0.500000
vt 0.500000 0.500000
vt 0.500000 0.500000
vt 0.500000 0.500000
vt 0.500000 0.500000
vt 0.500000 0.500000
vt 0.500000 0.500000
vt 0.500000 0.500000
vt 0.500000 0.500000
vt 0.500000 0.500000
vt 0.500000 0.500000
vt 0.500000 0.500000
vt 0.500000 0.500000
vt 0.500000 0.500000
vt 0.500000 0.500000
vt 0.500000 0.500000
vt 0.500000 0.500000
vt 0.500000 0.500000
vt 0.500000 0.500000
vt 0.500000 0.500000
vt 0.500000 0.500000
vt 0.500000 0.500000
vt 0.500000 0.500000
vt 0.500000 0.500000
vt 0.500000 0.500000
vt 0.500000 0.500000
vt 0.500000 0.500000
vt 0.500000 0.500000
vt 0.500000 0.500000
vt 0.500000 0.500000
vt 0.500000 0.500000
vt 0.500000 0.500000
vt 0.500000 0.500000
vt 0.500000 0.500000
vt 0.500000 0.500000
vt 0.500000 0.500000
vt 0.500000 0.500000
vt 0.500000 0.500000
vt 0.500000 0.500000
vt 0.500000 0.500000
vt 0.500000 0.500000
vt 0.500000 0.500000
vt 0.500000 0.500000
vt 0.500000 0.500000
vt 0.500000 0.500000
vt 0.500000 0.500000
vt 0.500000 0.500000
vt 0.500000 0.500000
vt 0.500000 0.500000
vt 0.500000 0.500000
vt 0.500000 0.500000
vt 0.500000 0.500000
vt 0.500000 0.500000
vt 0.500000 0.500000
vt 0.462671 1.000000
vt 0.500000 1.000000
vt 0.480970 1.000000
vt 0.500000 0.500000
vt 0.500000 0.500000
vt 0.500000 0.500000
vt 0.500000 0.500000
vt 0.500000 0.500000
vt 0.500000 0.500000
vt 0.500000 0.500000
vt 0.500000 0.500000
vt 0.500000 0.500000
vt 0.500000 0.500000
vt 0.500000 0.500000
vt 0.500000 0.500000
vt 0.500000 0.500000
vt 0.500000 0.500000
vt 0.500000 0.500000
vt 0.500000 0.500000
vt 0.500000 0.500000
vt 0.500000 0.500000
vt 0.500000 0.500000
vt 0.500000 0.500000
vt 0.500000 0.500000
vt 0.500000 0.500000
vt 0.500000 0.500000
vt 0.500000 0.500000
vt 0.500000 0.500000
vt 0.500000 0.500000
vt 0.500000 0.500000
vt 0.480970 1.000000
vt 0.500000 1.000000
vt 0.500000 1.000000
vt 0.500000 0.500000
vt 0.500000 0.500000
vt 0.500000 0.500000
vt 0.500000 0.500000
vt 0.500000 0.500000
vt 0.500000 0.500000
vt 0.500000 0.500000
vt 0.500000 0.500000
vt 0.500000 0.500000
vt 0.500000 0.500000
vt 0.500000 0.500000
vt 0.500000 0.500000
vt 0.500000 0.500000
vt 0.500000 0.500000
vt 0.500000 0.500000
vt 0.500000 0.500000
vt 0.500000 0.500000
vt 0.500000 0.500000
vt 0.500000 0.500000
vt 0.500000 0.500000
vt 0.500000 0.500000
vt 0.500000 0.500000
vt 0.500000 0.500000
vt 0.500000 0.500000
vt 0.500000 0.500000
vt 0.500000 0.500000
vt 0.500000 0.500000
vt 0.500000 0.500000
vt 0.500000 0.500000
vt 0.500000 0.500000
vt 0.500000 0.500000
vt 0.500000 0.500000
vt 0.500000 0.500000
vt 0.500000 0.500000
vt 0.500000 0.500000
vt 0.500000 0.500000
vt 0.500000 0.500000
vt 0.500000 0.500000
vt 0.500000 0.500000
vt 0.500000 0.500000
vt 0.500000 0.500000
vt 0.500000 0.500000
vt 0.500000 0.500000
vt 0.500000 0.500000
vt 0.500000 0.500000
vt 0.500000 0.500000
vt 0.500000 0.500000
vt 0.500000 0.500000
vt 0.500000 0.500000
vt 0.500000 0.500000
vt 0.500000 0.500000
vt 0.500000 0.500000
vt 0.500000 0.500000
vt 0.500000 0.500000
vt 0.500000 0.500000
vt 0.500000 0.500000
vt 0.500000 0.500000
vt 0.500000 0.500000
vt 0.500000 0.500000
vt 0.500000 0.500000
vt 0.500000 0.500000
vt 0.500000 0.500000
vt 0.500000 0.500000
vt 0.500000 0.500000
vt 0.500000 0.500000
vt 0.500000 0.500000
vt 0.500000 0.500000
vt 0.500000 0.500000
vt 0.500000 0.500000
vt 0.500000 0.500000
vt 0.500000 0.500000
vt 0.500000 0.500000
vt 0.500000 0.500000
vt 0.500000 0.500000
vt 0.500000 0.500000
vt 0.500000 0.500000
vt 0.500000 0.500000
vt 0.500000 0.500000
vt 0.500000 0.500000
vt 0.500000 0.500000
vt 0.500000 0.500000
vt 0.500000 0.500000
vt 0.500000 0.500000
vt 0.500000 0.500000
vt 0.500000 0.500000
vt 0.500000 0.500000
vt 0.500000 0.500000
vt 0.500000 0.500000
vt 0.500000 0.500000
vt 0.500000 0.500000
vt 0.500000 0.500000
vt 0.500000 0.500000
vt 0.500000 0.500000
vt 0.500000 0.500000
vt 0.500000 0.500000
vt 0.500000 0.500000
vt 0.500000 0.500000
vt 0.500000 0.500000
vt 0.500000 0.500000
vt 0.500000 0.500000
vt 0.500000 0.500000
vt 0.500000 0.500000
vt 0.500000 0.500000
vt 0.500000 0.500000
vt 0.500000 0.500000
vt 0.500000 0.500000
vt 0.500000 0.500000
vt 0.500000 0.500000
vt 0.500000 0.500000
vt 0.500000 0.500000
vt 0.500000 0.500000
vt 0.500000 0.500000
vt 0.500000 0.500000
vt 0.500000 0.500000
vt 0.500000 0.500000
vt 0.500000 0.500000
vt 0.500000 0.500000
vt 0.500000 0.500000
vt 0.500000 0.500000
vt 0.500000 0.500000
vt 0.500000 0.500000
vt 0.500000 0.500000
vt 0.500000 0.500000
vt 0.500000 0.500000
vt 0.500000 0.500000
vt 0.500000 0.500000
vt 0.500000 0.500000
vt 0.500000 0.500000
vt 0.500000 0.500000
vt 0.500000 0.500000
vt 0.500000 0.500000
vt 0.500000 0.500000
vt 0.500000 0.500000
vt 0.500000 0.500000
vt 0.500000 0.500000
vt 0.500000 0.500000
vt 0.500000 0.500000
vt 0.500000 0.500000
vt 0.500000 0.500000
vt 0.500000 0.500000
vt 0.500000 0.500000
vt 0.500000 0.500000
vt 0.500000 0.500000
vt 0.500000 0.500000
vt 0.500000 0.500000
vt 0.500000 0.500000
vt 0.500000 0.500000
vt 0.500000 0.500000
vt 0.500000 0.500000
vt 0.500000 0.500000
vt 0.500000 0.500000
vt 0.500000 0.500000
vt 0.500000 0.500000
vt 0.500000 0.500000
vt 0.500000 0.500000
vt 0.500000 0.500000
vt 0.500000 0.500000
vt 0.500000 0.500000
vt 0.500000 0.500000
vt 0.500000 0.500000
vt 0.500000 0.500000
vt 0.500000 0.500000
vt 0.500000 0.500000
vt 0.500000 0.500000
vt 0.500000 0.500000
vt 0.500000 0.500000
vt 0.500000 0.500000
vt 0.500000 0.500000
vt 0.500000 0.500000
vt 0.500000 0.500000
vt 0.500000 0.500000
vt 0.500000 0.500000
vt 0.500000 0.500000
vt 0.500000 0.500000
vt 0.500000 0.500000
vt 0.500000 0.500000
vt 0.500000 0.500000
vt 0.500000 0.500000
vt 0.500000 0.500000
vt 0.500000 0.500000
vt 0.500000 0.500000
vt 0.500000 0.500000
vt 0.500000 0.500000
vt 0.500000 0.500000
vt 0.500000 0.500000
vt 0.500000 0.500000
vt 0.500000 0.500000
vt 0.500000 0.500000
vt 0.500000 0.500000
vt 0.500000 0.500000
vt 0.500000 0.500000
vt 0.500000 0.500000
vt 0.500000 0.500000
vt 0.500000 0.500000
vt 0.500000 0.500000
vt 0.500000 0.500000
vt 0.500000 0.500000
vt 0.500000 0.500000
vt 0.500000 0.500000
vt 0.500000 0.500000
vt 0.500000 0.500000
vt 0.500000 0.500000
vt 0.500000 0.500000
vt 0.500000 0.500000
vt 0.500000 0.500000
vt 0.500000 0.500000
vt 0.500000 0.500000
vt 0.500000 0.500000
vt 0.500000 0.500000
vt 0.500000 0.500000
vt 0.500000 0.500000
vt 0.500000 0.500000
vt 0.500000 0.500000
vt 0.500000 0.500000
vt 0.500000 0.500000
vt 0.500000 0.500000
vt 0.500000 0.500000
vt 0.500000 0.500000
vt 0.500000 0.500000
vt 0.500000 0.500000
vt 0.500000 0.500000
vt 0.500000 0.500000
vt 0.500000 0.500000
vt 0.500000 0.500000
vt 0.500000 0.500000
vt 0.500000 0.500000
vt 0.500000 0.500000
vt 0.500000 0.500000
vt 0.500000 0.500000
vt 0.500000 0.500000
vt 0.500000 0.500000
vt 0.500000 0.500000
vt 0.500000 0.500000
vt 0.500000 0.500000
vt 0.500000 0.500000
vt 0.500000 0.500000
vt 0.500000 0.500000
vt 0.500000 0.500000
vt 0.500000 0.500000
vt 0.500000 0.500000
vt 0.500000 0.500000
vt 0.500000 0.500000
vt 0.500000 0.500000
vt 0.500000 0.500000
vt 0.500000 0.500000
vt 0.500000 0.500000
vt 0.500000 0.500000
vt 0.500000 0.500000
vt 0.500000 0.500000
vt 0.500000 0.500000
vt 0.500000 0.500000
vt 0.500000 0.500000
vt 0.500000 0.500000
vt 0.500000 0.500000
vt 0.500000 0.500000
vt 0.500000 0.500000
vt 0.500000 0.500000
vt 0.500000 0.500000
vt 0.500000 0.500000
vt 0.500000 0.500000
vt 0.500000 0.500000
vt 0.500000 0.500000
vt 0.500000 0.500000
vt 0.500000 0.500000
vt 0.500000 0.500000
vt 0.500000 0.500000
vt 0.500000 0.500000
vt 0.500000 0.500000
vt 0.500000 0.500000
vt 0.500000 0.500000
vt 0.500000 0.500000
vt 0.500000 0.500000
vt 0.500000 0.500000
vt 0.500000 0.500000
vt 0.500000 0.500000
vt 0.500000 0.500000
vt 0.500000 0.500000
vt 0.500000 0.500000
vt 0.500000 0.500000
vt 0.500000 0.500000
vt 0.500000 0.500000
vt 0.500000 0.500000
vt 0.500000 0.500000
vt 0.500000 0.500000
vt 0.500000 0.500000
vt 0.500000 0.500000
vt 0.500000 0.500000
vt 0.500000 0.500000
vt 0.500000 0.500000
vt 0.500000 0.500000
vt 0.500000 0.500000
vt 0.500000 0.500000
vt 0.500000 0.500000
vt 0.500000 0.500000
vt 0.500000 0.500000
vt 0.500000 0.500000
vt 0.500000 0.500000
vt 0.500000 0.500000
vt 0.500000 0.500000
vt 0.500000 0.500000
vt 0.500000 0.500000
vt 0.500000 0.500000
vt 0.500000 0.500000
vt 0.500000 0.500000
vt 0.500000 0.500000
vt 0.500000 0.500000
vt 0.500000 0.500000
vt 0.500000 0.500000
vt 0.500000 0.500000
vt 0.500000 0.500000
vt 0.500000 0.500000
vt 0.500000 0.500000
vt 0.500000 0.500000
vt 0.500000 0.500000
vt 0.500000 0.500000
vt 0.500000 0.500000
vt 0.500000 0.500000
vt 0.500000 0.500000
vt 0.500000 0.500000
vt 0.500000 0.500000
vt 0.500000 0.500000
vt 0.500000 0.500000
vt 0.500000 0.500000
vt 0.500000 0.500000
vt 0.500000 0.500000
vt 0.500000 0.500000
vt 0.500000 0.500000
vt 0.500000 0.500000
vt 0.500000 0.500000
vt 0.500000 0.500000
vt 0.500000 0.500000
vt 0.500000 0.500000
vt 0.500000 0.500000
vt 0.500000 0.500000
vt 0.500000 0.500000
vt 0.500000 0.500000
vt 0.500000 0.500000
vt 0.500000 0.500000
vt 0.500000 0.500000
vt 0.500000 0.500000
vt 0.500000 0.500000
vt 0.500000 0.500000
vt 0.500000 0.500000
vt 0.500000 0.500000
vt 0.500000 0.500000
vt 0.500000 0.500000
vt 0.500000 0.500000
vt 0.500000 0.500000
vt 0.500000 0.500000
vt 0.500000 0.500000
vt 0.500000 0.500000
vt 0.500000 0.500000
vt 0.500000 0.500000
vt 0.500000 0.500000
vt 0.500000 0.500000
vt 0.500000 0.500000
vt 0.500000 0.500000
vt 0.500000 0.500000
vt 0.500000 0.500000
vt 0.500000 0.500000
vt 0.500000 0.500000
vt 0.500000 0.500000
vt 0.500000 0.500000
vt 0.500000 0.500000
vt 0.500000 0.500000
vt 0.500000 0.500000
vt 0.500000 0.500000
vt 0.500000 0.500000
vt 0.500000 0.500000
vt 0.500000 0.500000
vt 0.500000 0.500000
vt 0.500000 0.500000
vt 0.500000 0.500000
vt 0.500000 0.500000
vt 0.500000 0.500000
vt 0.500000 0.500000
vt 0.500000 0.500000
vt 0.500000 0.500000
vt 0.500000 0.500000
vt 0.500000 0.500000
vt 0.500000 0.500000
vt 0.500000 0.500000
vt 0.500000 0.500000
vt 0.500000 0.500000
vt 0.500000 0.500000
vt 0.500000 0.500000
vt 0.500000 0.500000
vt 0.500000 0.500000
vt 0.500000 0.500000
vt 0.500000 0.500000
vt 0.500000 0.500000
vt 0.500000 0.500000
vt 0.500000 0.500000
vt 0.500000 0.500000
vt 0.500000 0.500000
vt 0.500000 0.500000
vt 0.500000 0.500000
vt 0.500000 0.500000
vt 0.500000 0.500000
vt 0.500000 0.500000
vt 0.500000 0.500000
vt 0.500000 0.500000
vt 0.500000 0.500000
vt 0.500000 0.500000
vt 0.500000 0.500000
vt 0.500000 0.500000
vt 0.500000 0.500000
vt 0.500000 0.500000
vt 0.500000 0.500000
vt 0.500000 0.500000
vt 0.500000 0.500000
vt 0.500000 0.500000
vt 0.500000 0.500000
vt 0.500000 0.500000
vt 0.500000 0.500000
vt 0.500000 0.500000
vt 0.500000 0.500000
vt 0.500000 0.500000
vt 0.500000 0.500000
vt 0.500000 0.500000
vt 0.500000 0.500000
vt 0.500000 0.500000
vt 0.500000 0.500000
vt 0.500000 0.500000
vt 0.500000 0.500000
vt 0.500000 0.500000
vt 0.500000 0.500000
vt 0.500000 0.500000
vt 0.500000 0.500000
vt 0.500000 0.500000
vt 0.500000 0.500000
vt 0.500000 0.500000
vt 0.500000 0.500000
vt 0.500000 0.500000
vt 0.500000 0.500000
vt 0.500000 0.500000
vt 0.500000 0.500000
vt 0.500000 0.500000
vt 0.500000 0.500000
vt 0.500000 0.500000
vt 0.500000 0.500000
vt 0.500000 0.500000
vt 0.500000 0.500000
vt 0.500000 0.500000
vt 0.500000 0.500000
vt 0.500000 0.500000
vt 0.500000 0.500000
vt 0.500000 0.500000
vt 0.500000 0.500000
vt 0.500000 0.500000
vt 0.500000 0.500000
vt 0.500000 0.500000
vt 0.500000 0.500000
vt 0.500000 0.500000
vt 0.500000 0.500000
vt 0.500000 0.500000
vt 0.500000 0.500000
vt 0.500000 0.500000
vt 0.500000 0.500000
vt 0.500000 0.500000
vt 0.500000 0.500000
vt 0.500000 0.500000
vt 0.500000 0.500000
vt 0.500000 0.500000
vt 0.500000 0.500000
vt 0.500000 0.500000
vt 0.500000 0.500000
vt 0.500000 0.500000
vt 0.500000 0.500000
vt 0.500000 0.500000
vt 0.500000 0.500000
vt 0.500000 0.500000
vt 0.500000 0.500000
vt 0.500000 0.500000
vt 0.500000 0.500000
vt 0.500000 0.500000
vt 0.500000 0.500000
vt 0.500000 0.500000
vt 0.500000 0.500000
vt 0.500000 0.500000
vt 0.500000 0.500000
vt 0.500000 0.500000
vt 0.500000 0.500000
vt 0.500000 0.500000
vt 0.500000 0.500000
vt 0.500000 0.500000
vt 0.500000 0.500000
vt 0.500000 0.500000
vt 0.500000 0.500000
vt 0.500000 0.500000
vt 0.500000 0.500000
vt 0.500000 0.500000
vt 0.500000 0.500000
vt 0.500000 0.500000
vt 0.500000 0.500000
vt 0.500000 0.500000
vt 0.500000 0.500000
vt 0.500000 0.500000
vt 0.500000 0.500000
vt 0.500000 0.500000
vt 0.500000 0.500000
vt 0.500000 0.500000
vt 0.500000 0.500000
vt 0.500000 0.500000
vt 0.500000 0.500000
vt 0.500000 0.500000
vt 0.500000 0.500000
vt 0.500000 0.500000
vt 0.500000 0.500000
vt 0.500000 0.500000
vt 0.500000 0.500000
vt 0.500000 0.500000
vt 0.500000 0.500000
vt 0.500000 0.500000
vt 0.500000 0.500000
vt 0.500000 0.500000
vt 0.500000 0.500000
vt 0.500000 0.500000
vt 0.500000 0.500000
vt 0.500000 0.500000
vt 0.500000 0.500000
vt 0.500000 0.500000
vt 0.500000 0.500000
vt 0.500000 0.500000
vt 0.500000 0.500000
vt 0.500000 0.500000
vt 0.500000 0.500000
vt 0.500000 0.500000
vt 0.500000 0.500000
vt 0.500000 0.500000
vt 0.500000 0.500000
vt 0.500000 0.500000
vt 0.500000 0.500000
vt 0.500000 0.500000
vt 0.500000 0.500000
vt 0.500000 0.500000
vt 0.500000 0.500000
vt 0.500000 0.500000
vt 0.500000 0.500000
vt 0.500000 0.500000
vt 0.500000 0.500000
vt 0.500000 0.500000
vt 0.500000 0.500000
vt 0.500000 0.500000
vt 0.500000 0.500000
vt 0.500000 0.500000
vt 0.500000 0.500000
vt 0.500000 0.500000
vt 0.500000 0.500000
vt 0.500000 0.500000
vt 0.500000 0.500000
vt 0.500000 0.500000
vt 0.500000 0.500000
vt 0.500000 0.500000
vt 0.500000 0.500000
vt 0.500000 0.500000
vt 0.500000 0.500000
vt 0.500000 0.500000
vt 0.500000 0.500000
vt 0.500000 0.500000
vt 0.500000 0.500000
vt 0.500000 0.500000
vt 0.500000 0.500000
vt 0.500000 0.500000
vt 0.500000 0.500000
vt 0.500000 0.500000
vt 0.500000 0.500000
vt 0.500000 0.500000
vt 0.500000 0.500000
vt 0.500000 0.500000
vt 0.500000 0.500000
vt 0.500000 0.500000
vt 0.500000 0.500000
vt 0.500000 0.500000
vt 0.500000 0.500000
vt 0.500000 0.500000
vt 0.500000 0.500000
vt 0.500000 0.500000
vt 0.500000 0.500000
vt 0.500000 0.500000
vt 0.500000 0.500000
vt 0.500000 0.500000
vt 0.500000 0.500000
vt 0.500000 0.500000
vt 0.500000 0.500000
vt 0.500000 0.500000
vt 0.500000 0.500000
vt 0.500000 0.500000
vt 0.500000 0.500000
vt 0.500000 0.500000
vt 0.500000 0.500000
vt 0.500000 0.500000
vt 0.500000 0.500000
vt 0.500000 0.500000
vt 0.500000 0.500000
vt 0.500000 0.500000
vt 0.500000 0.500000
vt 0.500000 0.500000
vt 0.500000 0.500000
vt 0.500000 0.500000
vt 0.500000 0.500000
vt 0.500000 0.500000
vt 0.500000 0.500000
vt 0.500000 0.500000
vt 0.500000 0.500000
vt 0.500000 0.500000
vt 0.500000 0.500000
vt 0.500000 0.500000
vt 0.500000 0.500000
vt 0.500000 0.500000
vt 0.500000 0.500000
vt 0.500000 0.500000
vt 0.500000 0.500000
vt 0.500000 0.500000
vt 0.500000 0.500000
vt 0.500000 0.500000
vt 0.500000 0.500000
vt 0.500000 0.500000
vt 0.500000 0.500000
vt 0.500000 0.500000
vt 0.500000 0.500000
vt 0.500000 0.500000
vt 0.500000 0.500000
vt 0.500000 0.500000
vt 0.500000 0.500000
vt 0.500000 0.500000
vt 0.500000 0.500000
vt 0.500000 0.500000
vt 0.500000 0.500000
vt 0.500000 0.500000
vt 0.500000 0.500000
vt 0.500000 0.500000
vt 0.500000 0.500000
vt 0.500000 0.500000
vt 0.500000 0.500000
vt 0.500000 0.500000
vt 0.500000 0.500000
vt 0.500000 0.500000
vt 0.500000 0.500000
vt 0.500000 0.500000
vt 0.500000 0.500000
vt 0.500000 0.500000
vt 0.500000 0.500000
vt 0.500000 0.500000
vt 0.500000 0.500000
vt 0.500000 0.500000
vt 0.500000 0.500000
vt 0.500000 0.500000
vt 0.500000 0.500000
vt 0.500000 0.500000
vt 0.500000 0.500000
vt 0.500000 0.500000
vt 0.500000 0.500000
vt 0.500000 0.500000
vt 0.500000 0.500000
vt 0.500000 0.500000
vt 0.500000 0.500000
vt 0.500000 0.500000
vt 0.500000 0.500000
vt 0.500000 0.500000
vt 0.500000 0.500000
vt 0.500000 0.500000
vt 0.500000 0.500000
vt 0.500000 0.500000
vt 0.500000 0.500000
vt 0.500000 0.500000
vt 0.500000 0.500000
vt 0.500000 0.500000
vt 0.500000 0.500000
vt 0.500000 0.500000
vt 0.500000 0.500000
vt 0.500000 0.500000
vt 0.500000 0.500000
vt 0.500000 0.500000
vt 0.500000 0.500000
vt 0.500000 0.500000
vt 0.500000 0.500000
vt 0.500000 0.500000
vt 0.500000 0.500000
vt 0.500000 0.500000
vt 0.500000 0.500000
vt 0.500000 0.500000
vt 0.500000 0.500000
vt 0.500000 0.500000
vt 0.500000 0.500000
vt 0.500000 0.500000
vt 0.500000 0.500000
vt 0.500000 0.500000
vt 0.500000 0.500000
vt 0.500000 0.500000
vt 0.500000 0.500000
vt 0.500000 0.500000
vt 0.500000 0.500000
vt 0.500000 0.500000
vt 0.500000 0.500000
vt 0.500000 0.500000
vt 0.500000 0.500000
vt 0.500000 0.500000
vt 0.500000 0.500000
vt 0.500000 0.500000
vt 0.500000 0.500000
vt 0.500000 0.500000
vt 0.500000 0.500000
vt 0.500000 0.500000
vt 0.500000 0.500000
vt 0.500000 0.500000
vt 0.500000 0.500000
vt 0.500000 0.500000
vt 0.500000 0.500000
vt 0.500000 0.500000
vt 0.500000 0.500000
vt 0.500000 0.500000
vt 0.500000 0.500000
vt 0.500000 0.500000
vt 0.500000 0.500000
vt 0.500000 0.500000
vt 0.500000 0.500000
vt 0.500000 0.500000
vt 0.500000 0.500000
vt 0.500000 0.500000
vt 0.500000 0.500000
vt 0.500000 0.500000
vt 0.500000 0.500000
vt 0.500000 0.500000
vt 0.500000 0.500000
vt 0.500000 0.500000
vt 0.500000 0.500000
vt 0.500000 0.500000
vt 0.500000 0.500000
vt 0.500000 0.500000
vt 0.500000 0.500000
vt 0.500000 0.500000
vt 0.500000 0.500000
vt 0.500000 0.500000
vt 0.500000 0.500000
vt 0.500000 0.500000
vt 0.500000 0.500000
vt 0.500000 0.500000
vt 0.500000 0.500000
vt 0.500000 0.500000
vt 0.500000 0.500000
vt 0.500000 0.500000
vt 0.500000 0.500000
vt 0.500000 0.500000
vt 0.500000 0.500000
vt 0.500000 0.500000
vt 0.500000 0.500000
vt 0.500000 0.500000
vt 0.500000 0.500000
vt 0.500000 0.500000
vt 0.500000 0.500000
vt 0.500000 0.500000
vt 0.500000 0.500000
vt 0.500000 0.500000
vt 0.500000 0.500000
vt 0.500000 0.500000
vt 0.500000 0.500000
vt 0.500000 0.500000
vt 0.500000 0.500000
vt 0.500000 0.500000
vt 0.500000 0.500000
vt 0.500000 0.500000
vt 0.500000 0.500000
vt 0.500000 0.500000
vt 0.500000 0.500000
vt 0.500000 0.500000
vt 0.500000 0.500000
vt 0.500000 0.500000
vt 0.500000 0.500000
vt 0.500000 0.500000
vt 0.500000 0.500000
vt 0.500000 0.500000
vt 0.500000 0.500000
vt 0.500000 0.500000
vt 0.500000 0.500000
vt 0.500000 0.500000
vt 0.500000 0.500000
vt 0.500000 0.500000
vt 0.500000 0.500000
vt 0.500000 0.500000
vt 0.500000 0.500000
vt 0.500000 0.500000
vt 0.500000 0.500000
vt 0.500000 0.500000
vt 0.500000 0.500000
vt 0.500000 0.500000
vt 0.500000 0.500000
vt 0.500000 0.500000
vt 0.500000 0.500000
vt 0.500000 0.500000
vt 0.500000 0.500000
vt 0.500000 0.500000
vt 0.500000 0.500000
vt 0.500000 0.500000
vt 0.500000 0.500000
vt 0.500000 0.500000
vt 0.500000 0.500000
vt 0.500000 0.500000
vt 0.500000 0.500000
vt 0.500000 0.500000
vt 0.500000 0.500000
vt 0.500000 0.500000
vt 0.500000 0.500000
vt 0.500000 0.500000
vt 0.500000 0.500000
vt 0.500000 0.500000
vt 0.500000 0.500000
vt 0.500000 0.500000
vt 0.500000 0.500000
vt 0.500000 0.500000
vt 0.500000 0.500000
vt 0.500000 0.500000
vt 0.500000 0.500000
vt 0.500000 0.500000
vt 0.500000 0.500000
vt 0.500000 0.500000
vt 0.500000 0.500000
vt 0.500000 0.500000
vt 0.500000 0.500000
vt 0.500000 0.500000
vt 0.500000 0.500000
vt 0.500000 0.500000
vt 0.500000 0.500000
vt 0.500000 0.500000
vt 0.500000 0.500000
vt 0.500000 0.500000
vt 0.500000 0.500000
vt 0.500000 0.500000
vt 0.500000 0.500000
vt 0.500000 0.500000
vt 0.500000 0.500000
vt 0.500000 0.500000
vt 0.500000 0.500000
vt 0.500000 0.500000
vt 0.500000 0.500000
vt 0.500000 0.500000
vt 0.500000 0.500000
vt 0.500000 0.500000
vt 0.500000 0.500000
vt 0.500000 0.500000
vt 0.500000 0.500000
vt 0.500000 0.500000
vt 0.500000 0.500000
vt 0.500000 0.500000
vt 0.500000 0.500000
vt 0.500000 0.500000
vt 0.500000 0.500000
vt 0.500000 0.500000
vt 0.500000 0.500000
vt 0.500000 0.500000
vt 0.500000 0.500000
vt 0.500000 0.500000
vt 0.500000 0.500000
vt 0.500000 0.500000
vt 0.500000 0.500000
vt 0.500000 0.500000
vt 0.500000 0.500000
vt 0.500000 0.500000
vt 0.500000 0.500000
vt 0.500000 0.500000
vt 0.500000 0.500000
vt 0.500000 0.500000
vt 0.500000 0.500000
vt 0.500000 0.500000
vt 0.500000 0.500000
vt 0.500000 0.500000
vt 0.500000 0.500000
vt 0.500000 0.500000
vt 0.500000 0.500000
vt 0.500000 0.500000
vt 0.500000 0.500000
vt 0.500000 0.500000
vt 0.500000 0.500000
vt 0.500000 0.500000
vt 0.500000 0.500000
vt 0.500000 0.500000
vt 0.500000 0.500000
vt 0.500000 0.500000
vt 0.500000 0.500000
vt 0.500000 0.500000
vt 0.500000 0.500000
vt 0.500000 0.500000
vt 0.500000 0.500000
vt 0.500000 0.500000
vt 0.500000 0.500000
vt 0.500000 0.500000
vt 0.500000 0.500000
vt 0.500000 0.500000
vt 0.500000 0.500000
vt 0.500000 0.500000
vt 0.500000 0.500000
vt 0.500000 0.500000
vt 0.500000 0.500000
vt 0.500000 0.500000
vt 0.500000 0.500000
vt 0.500000 0.500000
vt 0.500000 0.500000
vt 0.500000 0.500000
vt 0.500000 0.500000
vt 0.500000 0.500000
vt 0.500000 0.500000
vt 0.500000 0.500000
vt 0.500000 0.500000
vt 0.500000 0.500000
vt 0.500000 0.500000
vt 0.500000 0.500000
vt 0.500000 0.500000
vt 0.500000 0.500000
vt 0.500000 0.500000
vt 0.500000 0.500000
vt 0.500000 0.500000
vt 0.500000 0.500000
vt 0.500000 0.500000
vt 0.500000 0.500000
vt 0.500000 0.500000
vt 0.500000 0.500000
vt 0.500000 0.500000
vt 0.500000 0.500000
vt 0.500000 0.500000
vt 0.500000 0.500000
vt 0.500000 0.500000
vt 0.500000 0.500000
vt 0.500000 0.500000
vt 0.500000 0.500000
vt 0.500000 0.500000
vt 0.500000 0.500000
vt 0.500000 0.500000
vt 0.500000 0.500000
vt 0.500000 0.500000
vt 0.500000 0.500000
vt 0.500000 0.500000
vt 0.500000 0.500000
vt 0.500000 0.500000
vt 0.500000 0.500000
vt 0.500000 0.500000
vt 0.500000 0.500000
vt 0.500000 0.500000
vt 0.500000 0.500000
vt 0.500000 0.500000
vt 0.500000 0.500000
vt 0.500000 0.500000
vt 0.500000 0.500000
vt 0.500000 0.500000
vt 0.500000 0.500000
vt 0.500000 0.500000
vt 0.500000 0.500000
vt 0.500000 0.500000
vt 0.500000 0.500000
vt 0.500000 0.500000
vt 0.500000 0.500000
vt 0.500000 0.500000
vt 0.500000 0.500000
vt 0.500000 0.500000
vt 0.500000 0.500000
vt 0.500000 0.500000
vt 0.500000 0.500000
vt 0.500000 0.500000
vt 0.500000 0.500000
vt 0.500000 0.500000
vt 0.500000 0.500000
vt 0.500000 0.500000
vt 0.500000 0.500000
vt 0.500000 0.500000
vt 0.500000 0.500000
vt 0.500000 0.500000
vt 0.500000 0.500000
vt 0.500000 0.500000
vt 0.500000 0.500000
vt 0.500000 0.500000
vt 0.500000 0.500000
vt 0.500000 0.500000
vt 0.500000 0.500000
vt 0.500000 0.500000
vt 0.500000 0.500000
vt 0.500000 0.500000
vt 0.500000 0.500000
vt 0.500000 0.500000
vt 0.500000 0.500000
vt 0.500000 0.500000
vt 0.500000 0.500000
vt 0.500000 0.500000
vt 0.500000 0.500000
vt 0.500000 0.500000
vt 0.500000 0.500000
vt 0.500000 0.500000
vt 0.500000 0.500000
vt 0.500000 0.500000
vt 0.500000 0.500000
vt 0.500000 0.500000
vt 0.500000 0.500000
vt 0.500000 0.500000
vt 0.500000 0.500000
vt 0.500000 0.500000
vt 0.500000 0.500000
vt 0.500000 0.500000
vt 0.500000 0.500000
vt 0.500000 0.500000
vt 0.500000 0.500000
vt 0.500000 0.500000
vt 0.500000 0.500000
vt 0.500000 0.500000
vt 0.500000 0.500000
vt 0.500000 0.500000
vt 0.500000 0.500000
vt 0.500000 0.500000
vt 0.500000 0.500000
vt 0.500000 0.500000
vt 0.500000 0.500000
vt 0.500000 0.500000
vt 0.500000 0.500000
vt 0.500000 0.500000
vt 0.500000 0.500000
vt 0.500000 0.500000
vt 0.500000 0.500000
vt 0.500000 0.500000
vt 0.500000 0.500000
vt 0.500000 0.500000
vt 0.500000 0.500000
vt 0.500000 0.500000
vt 0.500000 0.500000
vt 0.500000 0.500000
vt 0.500000 0.500000
vt 0.500000 0.500000
vt 0.500000 0.500000
vt 0.500000 0.500000
vt 0.500000 0.500000
vt 0.500000 0.500000
vt 0.500000 0.500000
vt 0.500000 0.500000
vt 0.500000 0.500000
vt 0.500000 0.500000
vt 0.500000 0.500000
vt 0.500000 0.500000
vt 0.500000 0.500000
vt 0.500000 0.500000
vt 0.500000 0.500000
vt 0.500000 0.500000
vt 0.500000 0.500000
vt 0.500000 0.500000
vt 0.500000 0.500000
vt 0.500000 0.500000
vt 0.500000 0.500000
vt 0.500000 0.500000
vt 0.500000 0.500000
vt 0.500000 0.500000
vt 0.500000 0.500000
vt 0.500000 0.500000
vt 0.500000 0.500000
vt 0.500000 0.500000
vt 0.500000 0.500000
vt 0.500000 0.500000
vt 0.500000 0.500000
vt 0.500000 0.500000
vt 0.500000 0.500000
vt 0.500000 0.500000
vt 0.500000 0.500000
vt 0.500000 0.500000
vt 0.500000 0.500000
vt 0.500000 0.500000
vt 0.500000 0.500000
vt 0.500000 0.500000
vt 0.500000 0.500000
vt 0.500000 0.500000
vt 0.500000 0.500000
vt 0.500000 0.500000
vt 0.500000 0.500000
vt 0.500000 0.500000
vt 0.500000 0.500000
vt 0.500000 0.500000
vt 0.500000 0.500000
vt 0.500000 0.500000
vt 0.500000 0.500000
vt 0.500000 0.500000
vt 0.500000 0.500000
vt 0.500000 0.500000
vt 0.500000 0.500000
vt 0.500000 0.500000
vt 0.500000 0.500000
vt 0.500000 0.500000
vt 0.500000 0.500000
vt 0.500000 0.500000
vt 0.500000 0.500000
vt 0.500000 0.500000
vt 0.500000 0.500000
vt 0.500000 0.500000
vt 0.500000 0.500000
vt 0.500000 0.500000
vt 0.500000 0.500000
vt 0.500000 0.500000
vt 0.500000 0.500000
vt 0.500000 0.500000
vt 0.500000 0.500000
vt 0.500000 0.500000
vt 0.500000 0.500000
vt 0.500000 0.500000
vt 0.500000 0.500000
vt 0.500000 0.500000
vt 0.500000 0.500000
vt 0.500000 0.500000
vt 0.500000 0.500000
vt 0.500000 0.500000
vt 0.500000 0.500000
vt 0.500000 0.500000
vt 0.500000 0.500000
vt 0.500000 0.500000
vt 0.500000 0.500000
vt 0.500000 0.500000
vt 0.500000 0.500000
vt 0.500000 0.500000
vt 0.500000 0.500000
vt 0.500000 0.500000
vt 0.500000 0.500000
vt 0.500000 0.500000
vt 0.500000 0.500000
vt 0.500000 0.500000
vt 0.500000 0.500000
vt 0.500000 0.500000
vt 0.500000 0.500000
vt 0.500000 0.500000
vt 0.500000 0.500000
vt 0.500000 0.500000
vt 0.500000 0.500000
vt 0.500000 0.500000
vt 0.500000 0.500000
vt 0.500000 0.500000
vt 0.500000 0.500000
vt 0.500000 0.500000
vt 0.500000 0.500000
vt 0.500000 0.500000
vt 0.500000 0.500000
vt 0.500000 0.500000
vt 0.500000 0.500000
vt 0.500000 0.500000
vt 0.500000 0.500000
vt 0.500000 0.500000
vt 0.500000 0.500000
vt 0.500000 0.500000
vt 0.500000 0.500000
vt 0.500000 0.500000
vt 0.500000 0.500000
vt 0.500000 0.500000
vt 0.500000 0.500000
vt 0.500000 0.500000
vt 0.500000 0.500000
vt 0.500000 0.500000
vt 0.500000 0.500000
vt 0.500000 0.500000
vt 0.500000 0.500000
vt 0.500000 0.500000
vt 0.500000 0.500000
vt 0.500000 0.500000
vt 0.500000 0.500000
vt 0.500000 0.500000
vt 0.500000 0.500000
vt 0.500000 0.500000
vt 0.500000 0.500000
vt 0.500000 0.500000
vt 0.500000 0.500000
vt 0.500000 0.500000
vt 0.500000 0.500000
vt 0.500000 0.500000
vt 0.500000 0.500000
vt 0.500000 0.500000
vt 0.500000 0.500000
vt 0.500000 0.500000
vt 0.500000 0.500000
vt 0.500000 0.500000
vt 0.500000 0.500000
vt 0.500000 0.500000
vt 0.500000 0.500000
vt 0.500000 0.500000
vt 0.500000 0.500000
vt 0.500000 0.500000
vt 0.500000 0.500000
vt 0.500000 0.500000
vt 0.500000 0.500000
vt 0.500000 0.500000
vt 0.500000 0.500000
vt 0.500000 0.500000
vt 0.500000 0.500000
vt 0.500000 0.500000
vt 0.500000 0.500000
vt 0.500000 0.500000
vt 0.500000 0.500000
vt 0.500000 0.500000
vt 0.500000 0.500000
vt 0.500000 0.500000
vt 0.500000 0.500000
vt 0.500000 0.500000
vt 0.500000 0.500000
vt 0.500000 0.500000
vt 0.500000 0.500000
vt 0.500000 0.500000
vt 0.500000 0.500000
vt 0.500000 0.500000
vt 0.500000 0.500000
vt 0.500000 0.500000
vt 0.500000 0.500000
vt 0.500000 0.500000
vt 0.500000 0.500000
vt 0.500000 0.500000
vt 0.500000 0.500000
vt 0.500000 0.500000
vt 0.500000 0.500000
vt 0.500000 0.500000
vt 0.500000 0.500000
vt 0.500000 0.500000
vt 0.500000 0.500000
vt 0.500000 0.500000
vt 0.500000 0.500000
vt 0.500000 0.500000
vt 0.500000 0.500000
vt 0.500000 0.500000
vt 0.500000 0.500000
vt 0.500000 0.500000
vt 0.500000 0.500000
vt 0.500000 0.500000
vt 0.500000 0.500000
vt 0.500000 0.500000
vt 0.500000 0.500000
vt 0.500000 0.500000
vt 0.500000 0.500000
vt 0.500000 0.500000
vt 0.500000 0.500000
vt 0.500000 0.500000
vt 0.500000 0.500000
vt 0.500000 0.500000
vt 0.500000 0.500000
vt 0.500000 0.500000
vt 0.500000 0.500000
vt 0.500000 0.500000
vt 0.500000 0.500000
vt 0.500000 0.500000
vt 0.500000 0.500000
vt 0.500000 0.500000
vt 0.500000 0.500000
vt 0.500000 0.500000
vt 0.500000 0.500000
vt 0.500000 0.500000
vt 0.500000 0.500000
vt 0.500000 0.500000
vt 0.500000 0.500000
vt 0.500000 0.500000
vt 0.500000 0.500000
vt 0.500000 0.500000
vt 0.500000 0.500000
vt 0.500000 0.500000
vt 0.500000 0.500000
vt 0.500000 0.500000
vt 0.500000 0.500000
vt 0.500000 0.500000
vt 0.500000 0.500000
vt 0.500000 0.500000
vt 0.500000 0.500000
vt 0.500000 0.500000
vt 0.500000 0.500000
vt 0.500000 0.500000
vt 0.500000 0.500000
vt 0.500000 0.500000
vt 0.500000 0.500000
vt 0.500000 0.500000
vt 0.500000 0.500000
vt 0.500000 0.500000
vt 0.500000 0.500000
vt 0.500000 0.500000
vt 0.500000 0.500000
vt 0.500000 0.500000
vt 0.500000 0.500000
vt 0.500000 0.500000
vt 0.500000 0.500000
vt 0.500000 0.500000
vt 0.500000 0.500000
vt 0.500000 0.500000
vt 0.500000 0.500000
vt 0.500000 0.500000
vt 0.500000 0.500000
vt 0.500000 0.500000
vt 0.500000 0.500000
vt 0.500000 0.500000
vt 0.500000 0.500000
vt 0.500000 0.500000
vt 0.500000 0.500000
vt 0.500000 0.500000
vt 0.500000 0.500000
vt 0.500000 0.500000
vt 0.500000 0.500000
vt 0.500000 0.500000
vt 0.500000 0.500000
vt 0.500000 0.500000
vt 0.500000 0.500000
vt 0.500000 0.500000
vt 0.500000 0.500000
vt 0.500000 0.500000
vt 0.500000 0.500000
vt 0.500000 0.500000
vt 0.500000 0.500000
vt 0.500000 0.500000
vt 0.500000 0.500000
vt 0.500000 0.500000
vt 0.500000 0.500000
vt 0.500000 0.500000
vt 0.500000 0.500000
vt 0.500000 0.500000
vt 0.500000 0.500000
vt 0.500000 0.500000
vt 0.500000 0.500000
vt 0.500000 0.500000
vt 0.500000 0.500000
vt 0.500000 0.500000
vt 0.500000 0.500000
vt 0.500000 0.500000
vt 0.500000 0.500000
vt 0.500000 0.500000
vt 0.500000 0.500000
vt 0.500000 0.500000
vt 0.500000 0.500000
vt 0.500000 0.500000
vt 0.500000 0.500000
vt 0.500000 0.500000
vt 0.500000 0.500000
vt 0.500000 0.500000
vt 0.500000 0.500000
vt 0.500000 0.500000
vt 0.500000 0.500000
vt 0.500000 0.500000
vt 0.500000 0.500000
vt 0.500000 0.500000
vt 0.500000 0.500000
vt 0.500000 0.500000
vt 0.500000 0.500000
vt 0.500000 0.500000
vt 0.500000 0.500000
vt 0.500000 0.500000
vt 0.500000 0.500000
vt 0.500000 0.500000
vt 0.500000 0.500000
vt 0.500000 0.500000
vt 0.500000 0.500000
vt 0.500000 0.500000
vt 0.500000 0.500000
vt 0.500000 0.500000
vt 0.500000 0.500000
vt 0.500000 0.500000
vt 0.500000 0.500000
vt 0.500000 0.500000
vt 0.500000 0.500000
vt 0.500000 0.500000
vt 0.500000 0.500000
vt 0.500000 0.500000
vt 0.500000 0.500000
vt 0.500000 0.500000
vt 0.500000 0.500000
vt 0.500000 0.500000
vt 0.500000 0.500000
vt 0.500000 0.500000
vt 0.500000 0.500000
vt 0.500000 0.500000
vt 0.500000 0.500000
vt 0.500000 0.500000
vt 0.500000 0.500000
vt 0.500000 0.500000
vt 0.500000 0.500000
vt 0.500000 0.500000
vt 0.500000 0.500000
vt 0.500000 0.500000
vt 0.500000 0.500000
vt 0.500000 0.500000
vt 0.500000 0.500000
vt 0.500000 0.500000
vt 0.500000 0.500000
vt 0.500000 0.500000
vt 0.500000 0.500000
vt 0.500000 0.500000
vt 0.500000 0.500000
vt 0.500000 0.500000
vt 0.500000 0.500000
vt 0.500000 0.500000
vt 0.500000 0.500000
vt 0.500000 0.500000
vt 0.500000 0.500000
vt 0.500000 0.500000
vt 0.500000 0.500000
vt 0.500000 0.500000
vt 0.500000 0.500000
vt 0.500000 0.500000
vt 0.500000 0.500000
vt 0.500000 0.500000
vt 0.500000 0.500000
vt 0.500000 0.500000
vt 0.500000 0.500000
vt 0.500000 0.500000
vt 0.500000 0.500000
vt 0.500000 0.500000
vt 0.500000 0.500000
vt 0.500000 0.500000
vt 0.500000 0.500000
vt 0.500000 0.500000
vt 0.500000 0.500000
vt 0.500000 0.500000
vt 0.500000 0.500000
vt 0.500000 0.500000
vt 0.500000 0.500000
vt 0.500000 0.500000
vt 0.500000 0.500000
vt 0.500000 0.500000
vt 0.500000 0.500000
vt 0.500000 0.500000
vt 0.500000 0.500000
vt 0.500000 0.500000
vt 0.500000 0.500000
vt 0.500000 0.500000
vt 0.500000 0.500000
vt 0.500000 0.500000
vt 0.500000 0.500000
vt 0.500000 0.500000
vt 0.500000 0.500000
vt 0.500000 0.500000
vt 0.500000 0.500000
vt 0.500000 0.500000
vt 0.500000 0.500000
vt 0.500000 0.500000
vt 0.500000 0.500000
vt 0.500000 0.500000
vt 0.500000 0.500000
vt 0.500000 0.500000
vt 0.500000 0.500000
vt 0.500000 0.500000
vt 0.500000 0.500000
vt 0.500000 0.500000
vt 0.500000 0.500000
vt 0.500000 0.500000
vt 0.500000 0.500000
vt 0.500000 0.500000
vt 0.500000 0.500000
vt 0.500000 0.500000
vt 0.500000 0.500000
vt 0.500000 0.500000
vt 0.500000 0.500000
vt 0.500000 0.500000
vt 0.500000 0.500000
vt 0.500000 0.500000
vt 0.500000 0.500000
vt 0.500000 0.500000
vt 0.500000 0.500000
vt 0.500000 0.500000
vt 0.500000 0.500000
vt 0.500000 0.500000
vt 0.500000 0.500000
vt 0.500000 0.500000
vt 0.500000 0.500000
vt 0.500000 0.500000
vt 0.500000 0.500000
vt 0.500000 0.500000
vt 0.500000 0.500000
vt 0.500000 0.500000
vt 0.500000 0.500000
vt 0.500000 0.500000
vt 0.500000 0.500000
vt 0.500000 0.500000
vt 0.500000 0.500000
vt 0.500000 0.500000
vt 0.500000 0.500000
vt 0.500000 0.500000
vt 0.500000 0.500000
vt 0.500000 0.500000
vt 0.500000 0.500000
vt 0.500000 0.500000
vt 0.500000 0.500000
vt 0.500000 0.500000
vt 0.500000 0.500000
vt 0.500000 0.500000
vt 0.500000 0.500000
vt 0.500000 0.500000
vt 0.500000 0.500000
vt 0.500000 0.500000
vt 0.500000 0.500000
vt 0.500000 0.500000
vt 0.500000 0.500000
vt 0.500000 0.500000
vt 0.500000 0.500000
vt 0.500000 0.500000
vt 0.500000 0.500000
vt 0.500000 0.500000
vt 0.500000 0.500000
vt 0.500000 0.500000
vt 0.500000 0.500000
vt 0.500000 0.500000
vt 0.500000 0.500000
vt 0.500000 0.500000
vt 0.500000 0.500000
vt 0.500000 0.500000
vt 0.500000 0.500000
vt 0.500000 0.500000
vt 0.500000 0.500000
vt 0.500000 0.500000
vt 0.500000 0.500000
vt 0.500000 0.500000
vt 0.500000 0.500000
vt 0.500000 0.500000
vt 0.500000 0.500000
vt 0.500000 0.500000
vt 0.500000 0.500000
vt 0.500000 0.500000
vt 0.500000 0.500000
vt 0.500000 0.500000
vt 0.500000 0.500000
vt 0.500000 0.500000
vt 0.500000 0.500000
vt 0.500000 0.500000
vt 0.500000 0.500000
vt 0.500000 0.500000
vt 0.500000 0.500000
vt 0.500000 0.500000
vt 0.500000 0.500000
vt 0.500000 0.500000
vt 0.500000 0.500000
vt 0.500000 0.500000
vt 0.500000 0.500000
vt 0.500000 0.500000
vt 0.500000 0.500000
vt 0.500000 0.500000
vt 0.500000 0.500000
vt 0.500000 0.500000
vt 0.500000 0.500000
vt 0.500000 0.500000
vt 0.500000 0.500000
vt 0.500000 0.500000
vt 0.500000 0.500000
vt 0.500000 0.500000
vt 0.500000 0.500000
vt 0.500000 0.500000
vt 0.500000 0.500000
vt 0.500000 0.500000
vt 0.500000 0.500000
vt 0.500000 0.500000
vt 0.500000 0.500000
vt 0.500000 0.500000
vt 0.500000 0.500000
vt 0.500000 0.500000
vt 0.500000 0.500000
vt 0.500000 0.500000
vt 0.500000 0.500000
vt 0.500000 0.500000
vt 0.500000 0.500000
vt 0.500000 0.500000
vt 0.500000 0.500000
vt 0.500000 0.500000
vt 0.500000 0.500000
vt 0.500000 0.500000
vt 0.500000 0.500000
vt 0.500000 0.500000
vt 0.500000 0.500000
vt 0.500000 0.500000
vt 0.500000 0.500000
vt 0.500000 0.500000
vt 0.500000 0.500000
vt 0.500000 0.500000
vt 0.500000 0.500000
vt 0.500000 0.500000
vt 0.500000 0.500000
vt 0.500000 0.500000
vt 0.500000 0.500000
vt 0.500000 0.500000
vt 0.500000 0.500000
vt 0.500000 0.500000
vt 0.500000 0.500000
vt 0.500000 0.500000
vt 0.500000 0.500000
vt 0.500000 0.500000
vt 0.500000 0.500000
vt 0.500000 0.500000
vt 0.500000 0.500000
vt 0.500000 0.500000
vt 0.500000 0.500000
vt 0.500000 0.500000
vt 0.500000 0.500000
vt 0.500000 0.500000
vt 0.500000 0.500000
vt 0.500000 0.500000
vt 0.500000 0.500000
vt 0.500000 0.500000
vt 0.500000 0.500000
vt 0.500000 0.500000
vt 0.500000 0.500000
vt 0.500000 0.500000
vt 0.500000 0.500000
vt 0.500000 0.500000
vt 0.500000 0.500000
vt 0.500000 0.500000
vt 0.500000 0.500000
vt 0.500000 0.500000
vt 0.500000 0.500000
vt 0.500000 0.500000
vt 0.500000 0.500000
vt 0.500000 0.500000
vt 0.500000 0.500000
vt 0.500000 0.500000
vt 0.500000 0.500000
vt 0.500000 0.500000
vt 0.500000 0.500000
vt 0.500000 0.500000
vt 0.500000 0.500000
vt 0.500000 0.500000
vt 0.500000 0.500000
vt 0.500000 0.500000
vt 0.500000 0.500000
vt 0.500000 0.500000
vt 0.500000 0.500000
vt 0.500000 0.500000
vt 0.500000 0.500000
vt 0.500000 0.500000
vt 0.500000 0.500000
vt 0.500000 0.500000
vt 0.500000 0.500000
vt 0.500000 0.500000
vt 0.500000 0.500000
vt 0.500000 0.500000
vt 0.500000 0.500000
vt 0.500000 0.500000
vt 0.500000 0.500000
vt 0.500000 0.500000
vt 0.500000 0.500000
vt 0.500000 0.500000
vt 0.500000 0.500000
vt 0.500000 0.500000
vt 0.500000 0.500000
vt 0.500000 0.500000
vt 0.500000 0.500000
vt 0.500000 0.500000
vt 0.500000 0.500000
vt 0.500000 0.500000
vt 0.500000 0.500000
vt 0.500000 0.500000
vt 0.500000 0.500000
vt 0.500000 0.500000
vt 0.500000 0.500000
vt 0.500000 0.500000
vt 0.500000 0.500000
vt 0.500000 0.500000
vt 0.500000 0.500000
vt 0.500000 0.500000
vt 0.500000 0.500000
vt 0.500000 0.500000
vt 0.500000 0.500000
vt 0.500000 0.500000
vt 0.500000 0.500000
vt 0.500000 0.500000
vt 0.500000 0.500000
vt 0.500000 0.500000
vt 0.500000 0.500000
vt 0.500000 0.500000
vt 0.500000 0.500000
vt 0.500000 0.500000
vt 0.500000 0.500000
vt 0.500000 0.500000
vt 0.500000 0.500000
vt 0.500000 0.500000
vt 0.500000 0.500000
vt 0.500000 0.500000
vt 0.500000 0.500000
vt 0.500000 0.500000
vt 0.500000 0.500000
vt 0.500000 0.500000
vt 0.500000 0.500000
vt 0.500000 0.500000
vt 0.500000 0.500000
vt 0.500000 0.500000
vt 0.500000 0.500000
vt 0.500000 0.500000
vt 0.500000 0.500000
vt 0.500000 0.500000
vt 0.500000 0.500000
vt 0.500000 0.500000
vt 0.500000 0.500000
vt 0.500000 0.500000
vt 0.500000 0.500000
vt 0.500000 0.500000
vt 0.500000 0.500000
vt 0.500000 0.500000
vt 0.500000 0.500000
vt 0.500000 0.500000
vt 0.500000 0.500000
vt 0.500000 0.500000
vt 0.500000 0.500000
vt 0.500000 0.500000
vt 0.500000 0.500000
vt 0.500000 0.500000
vt 0.500000 0.500000
vt 0.500000 0.500000
vt 0.500000 0.500000
vt 0.500000 0.500000
vt 0.500000 0.500000
vt 0.500000 0.500000
vt 0.500000 0.500000
vt 0.500000 0.500000
vt 0.500000 0.500000
vt 0.500000 0.500000
vt 0.500000 0.500000
vt 0.500000 0.500000
vt 0.500000 0.500000
vt 0.500000 0.500000
vt 0.500000 0.500000
vt 0.500000 0.500000
vt 0.500000 0.500000
vt 0.500000 0.500000
vt 0.500000 0.500000
vt 0.500000 0.500000
vt 0.500000 0.500000
vt 0.500000 0.500000
vt 0.500000 0.500000
vt 0.500000 0.500000
vt 0.500000 0.500000
vt 0.500000 0.500000
vt 0.500000 0.500000
vt 0.500000 0.500000
vt 0.500000 0.500000
vt 0.500000 0.500000
vt 0.500000 0.500000
vt 0.500000 0.500000
vt 0.500000 0.500000
vt 0.500000 0.500000
vt 0.500000 0.500000
vt 0.500000 0.500000
vt 0.500000 0.500000
vt 0.500000 0.500000
vt 0.500000 0.500000
vt 0.500000 0.500000
vt 0.500000 0.500000
vt 0.500000 0.500000
vt 0.500000 0.500000
vt 0.500000 0.500000
vt 0.500000 0.500000
vt 0.500000 0.500000
vt 0.500000 0.500000
vt 0.500000 0.500000
vt 0.500000 0.500000
vt 0.500000 0.500000
vt 0.500000 0.500000
vt 0.500000 0.500000
vt 0.500000 0.500000
vt 0.500000 0.500000
vt 0.500000 0.500000
vt 0.500000 0.500000
vt 0.500000 0.500000
vt 0.500000 0.500000
vt 0.500000 0.500000
vt 0.500000 0.500000
vt 0.500000 0.500000
vt 0.500000 0.500000
vt 0.500000 0.500000
vt 0.500000 0.500000
vt 0.500000 0.500000
vt 0.500000 0.500000
vt 0.500000 0.500000
vt 0.500000 0.500000
vt 0.500000 0.500000
vt 0.500000 0.500000
vt 0.500000 0.500000
vt 0.500000 0.500000
vt 0.500000 0.500000
vt 0.500000 0.500000
vt 0.500000 0.500000
vt 0.500000 0.500000
vt 0.500000 0.500000
vt 0.500000 0.500000
vt 0.500000 0.500000
vt 0.500000 0.500000
vt 0.500000 0.500000
vt 0.500000 0.500000
vt 0.500000 0.500000
vt 0.500000 0.500000
vt 0.500000 0.500000
vt 0.500000 0.500000
vt 0.500000 0.500000
vt 0.500000 0.500000
vt 0.500000 0.500000
vt 0.500000 0.500000
vt 0.500000 0.500000
vt 0.500000 0.500000
vt 0.500000 0.500000
vt 0.500000 0.500000
vt 0.500000 0.500000
vt 0.500000 0.500000
vt 0.500000 0.500000
vt 0.500000 0.500000
vt 0.500000 0.500000
vt 0.500000 0.500000
vt 0.500000 0.500000
vt 0.500000 0.500000
vt 0.500000 0.500000
vt 0.500000 0.500000
vt 0.500000 0.500000
vt 0.500000 0.500000
vt 0.500000 0.500000
vt 0.500000 0.500000
vt 0.500000 0.500000
vt 0.500000 0.500000
vt 0.500000 0.500000
vt 0.500000 0.500000
vt 0.500000 0.500000
vt 0.500000 0.500000
vt 0.500000 0.500000
vt 0.500000 0.500000
vt 0.500000 0.500000
vt 0.500000 0.500000
vt 0.500000 0.500000
vt 0.500000 0.500000
vt 0.500000 0.500000
vt 0.500000 0.500000
vt 0.500000 0.500000
vt 0.500000 0.500000
vt 0.500000 0.500000
vt 0.500000 0.500000
vt 0.500000 0.500000
vt 0.500000 0.500000
vt 0.500000 0.500000
vt 0.500000 0.500000
vt 0.500000 0.500000
vt 0.500000 0.500000
vt 0.500000 0.500000
vt 0.500000 0.500000
vt 0.500000 0.500000
vt 0.500000 0.500000
vt 0.500000 0.500000
vt 0.500000 0.500000
vt 0.500000 0.500000
vt 0.500000 0.500000
vt 0.500000 0.500000
vt 0.500000 0.500000
vt 0.500000 0.500000
vt 0.500000 0.500000
vt 0.500000 0.500000
vt 0.500000 0.500000
vt 0.500000 0.500000
vt 0.500000 0.500000
vt 0.500000 0.500000
vt 0.500000 0.500000
vt 0.500000 0.500000
vt 0.500000 0.500000
vt 0.500000 0.500000
vt 0.500000 0.500000
vt 0.500000 0.500000
vt 0.500000 0.500000
vt 0.500000 0.500000
vt 0.500000 0.500000
vt 0.500000 0.500000
vt 0.500000 0.500000
vt 0.500000 0.500000
vt 0.500000 0.500000
vt 0.500000 0.500000
vt 0.500000 0.500000
vt 0.500000 0.500000
vt 0.500000 0.500000
vt 0.500000 0.500000
vt 0.500000 0.500000
vt 0.500000 0.500000
vt 0.500000 0.500000
vt 0.500000 0.500000
vt 0.500000 0.500000
vt 0.500000 0.500000
vt 0.500000 0.500000
vt 0.500000 0.500000
vt 0.500000 0.500000
vt 0.500000 0.500000
vt 0.500000 0.500000
vt 0.500000 0.500000
vt 0.500000 0.500000
vt 0.500000 0.500000
vt 0.500000 0.500000
vt 0.500000 0.500000
vt 0.500000 0.500000
vt 0.500000 0.500000
vt 0.500000 0.500000
vt 0.500000 0.500000
vt 0.500000 0.500000
vt 0.500000 0.500000
vt 0.500000 0.500000
vt 0.500000 0.500000
vt 0.500000 0.500000
vt 0.500000 0.500000
vt 0.500000 0.500000
vt 0.500000 0.500000
vt 0.500000 0.500000
vt 0.500000 0.500000
vt 0.500000 0.500000
vt 0.500000 0.500000
vt 0.500000 0.500000
vt 0.500000 0.500000
vt 0.500000 0.500000
vt 0.500000 0.500000
vt 0.500000 0.500000
vt 0.500000 0.500000
vt 0.500000 0.500000
vt 0.500000 0.500000
vt 0.500000 0.500000
vt 0.500000 0.500000
vt 0.500000 0.500000
vt 0.500000 0.500000
vt 0.500000 0.500000
vt 0.500000 0.500000
vt 0.500000 0.500000
vt 0.500000 0.500000
vt 0.500000 0.500000
vt 0.500000 0.500000
vt 0.500000 0.500000
vt 0.500000 0.500000
vt 0.500000 0.500000
vt 0.500000 0.500000
vt 0.500000 0.500000
vt 0.500000 0.500000
vt 0.500000 0.500000
vt 0.500000 0.500000
vt 0.500000 0.500000
vt 0.500000 0.500000
vt 0.500000 0.500000
vt 0.500000 0.500000
vt 0.500000 0.500000
vt 0.500000 0.500000
vt 0.500000 0.500000
vt 0.500000 0.500000
vt 0.500000 0.500000
vt 0.500000 0.500000
vt 0.500000 0.500000
vt 0.500000 0.500000
vt 0.500000 0.500000
vt 0.500000 0.500000
vt 0.500000 0.500000
vt 0.500000 0.500000
vt 0.500000 0.500000
vt 0.500000 0.500000
vt 0.500000 0.500000
vt 0.500000 0.500000
vt 0.500000 0.500000
vt 0.500000 0.500000
vt 0.500000 0.500000
vt 0.500000 0.500000
vt 0.500000 0.500000
vt 0.500000 0.500000
vt 0.500000 0.500000
vt 0.500000 0.500000
vt 0.500000 0.500000
vt 0.500000 0.500000
vt 0.500000 0.500000
vt 0.500000 0.500000
vt 0.500000 0.500000
vt 0.500000 0.500000
vt 0.500000 0.500000
vt 0.500000 0.500000
vt 0.500000 0.500000
vt 0.500000 0.500000
vt 0.500000 0.500000
vt 0.500000 0.500000
vt 0.500000 0.500000
vt 0.500000 0.500000
vt 0.500000 0.500000
vt 0.500000 0.500000
vt 0.500000 0.500000
vt 0.500000 0.500000
vt 0.500000 0.500000
vt 0.500000 0.500000
vt 0.500000 0.500000
vt 0.500000 0.500000
vt 0.500000 0.500000
vt 0.500000 0.500000
vt 0.500000 0.500000
vt 0.500000 0.500000
vt 0.500000 0.500000
vt 0.500000 0.500000
vt 0.500000 0.500000
vt 0.500000 0.500000
vt 0.500000 0.500000
vt 0.500000 0.500000
vt 0.500000 0.500000
vt 0.500000 0.500000
vt 0.500000 0.500000
vt 0.500000 0.500000
vt 0.500000 0.500000
vt 0.500000 0.500000
vt 0.500000 0.500000
vt 0.500000 0.500000
vt 0.500000 0.500000
vt 0.500000 0.500000
vt 0.500000 0.500000
vt 0.500000 0.500000
vt 0.500000 0.500000
vt 0.500000 0.500000
vt 0.500000 0.500000
vt 0.500000 0.500000
vt 0.500000 0.500000
vt 0.500000 0.500000
vt 0.500000 0.500000
vt 0.500000 0.500000
vt 0.500000 0.500000
vt 0.500000 0.500000
vt 0.500000 0.500000
vt 0.500000 0.500000
vt 0.500000 0.500000
vt 0.500000 0.500000
vt 0.500000 0.500000
vt 0.500000 0.500000
vt 0.500000 0.500000
vt 0.500000 0.500000
vt 0.500000 0.500000
vt 0.500000 0.500000
vt 0.500000 0.500000
vt 0.500000 0.500000
vt 0.500000 0.500000
vt 0.500000 0.500000
vt 0.500000 0.500000
vt 0.500000 0.500000
vt 0.500000 0.500000
vt 0.500000 0.500000
vt 0.500000 0.500000
vt 0.500000 0.500000
vt 0.500000 0.500000
vt 0.500000 0.500000
vt 0.500000 0.500000
vt 0.500000 0.500000
vt 0.500000 0.500000
vt 0.500000 0.500000
vt 0.500000 0.500000
vt 0.500000 0.500000
vt 0.500000 0.500000
vt 0.500000 0.500000
vt 0.500000 0.500000
vt 0.500000 0.500000
vt 0.500000 0.500000
vn 0.0518 -0.9832 -0.1752
vn 0.2135 0.6575 -0.7225
vn 0.0297 -0.9945 -0.1006
vn 0.2726 0.2726 -0.9227
vn 0.0097 0.9994 -0.0328
vn 0.0097 -0.9994 -0.0328
vn 0.2726 -0.2726 -0.9227
vn 0.0297 0.9945 -0.1006
vn 0.2135 -0.6575 -0.7225
vn 0.0518 0.9832 -0.1752
vn 0.1545 -0.8383 -0.5228
vn 0.0777 0.9616 -0.2631
vn 0.1105 -0.9208 -0.3740
vn 0.1105 0.9208 -0.3740
vn 0.0777 -0.9616 -0.2631
vn 0.1545 0.8383 -0.5228
vn 0.2255 -0.9422 -0.2478
vn 0.4239 0.7768 -0.4658
vn 0.1519 -0.9742 -0.1669
vn 0.5514 0.5734 -0.6059
vn 0.0877 -0.9915 -0.0964
vn 0.6563 0.2216 -0.7212
vn 0.0287 0.9991 -0.0315
vn 0.0287 -0.9991 -0.0315
vn 0.6563 -0.2216 -0.7212
vn 0.0877 0.9915 -0.0964
vn 0.5514 -0.5734 -0.6059
vn 0.1519 0.9742 -0.1669
vn 0.4239 -0.7768 -0.4658
vn 0.2255 0.9422 -0.2478
vn 0.3143 -0.8843 -0.3454
vn 0.3143 0.8843 -0.3454
vn 0.1417 0.9860 -0.0883
vn 0.7456 -0.4775 -0.4649
vn 0.2426 0.9583 -0.1513
vn 0.6129 -0.6916 -0.3822
vn 0.3534 0.9091 -0.2204
vn 0.4772 -0.8268 -0.2976
vn 0.4772 0.8268 -0.2976
vn 0.3534 -0.9091 -0.2204
vn 0.6129 0.6916 -0.3822
vn 0.2426 -0.9583 -0.1513
vn 0.7456 0.4775 -0.4649
vn 0.1417 -0.9860 -0.0883
vn 0.8356 0.1737 -0.5211
vn 0.0466 0.9985 -0.0291
vn 0.0466 -0.9985 -0.0291
vn 0.8356 -0.1737 -0.5211
vn 0.7317 0.6135 -0.2972
vn 0.3198 -0.9385 -0.1299
vn 0.8478 0.4034 -0.3443
vn 0.1893 -0.9789 -0.0769
vn 0.9171 0.1417 -0.3725
vn 0.0626 0.9977 -0.0254
vn 0.0626 -0.9977 -0.0254
vn 0.9171 -0.1417 -0.3725
vn 0.1893 0.9789 -0.0769
vn 0.8478 -0.4034 -0.3443
vn 0.3198 0.9385 -0.1299
vn 0.7317 -0.6135 -0.2972
vn 0.4555 0.8708 -0.1850
vn 0.5952 -0.7663 -0.2418
vn 0.5952 0.7663 -0.2418
vn 0.4555 -0.8708 -0.1850
vn 0.9026 -0.3525 -0.2469
vn 0.3814 0.9185 -0.1043
vn 0.8036 -0.5530 -0.2198
vn 0.5318 0.8343 -0.1455
vn 0.6756 -0.7138 -0.1848
vn 0.6756 0.7138 -0.1848
vn 0.5318 -0.8343 -0.1455
vn 0.8036 0.5530 -0.2198
vn 0.3814 -0.9185 -0.1043
vn 0.9026 0.3525 -0.2469
vn 0.2289 -0.9714 -0.0626
vn 0.9574 0.1214 -0.2619
vn 0.0763 0.9969 -0.0209
vn 0.0763 -0.9969 -0.0209
vn 0.9574 -0.1214 -0.2619
vn 0.2289 0.9714 -0.0626
vn 0.4268 -0.9011 -0.0761
vn 0.9329 0.3194 -0.1662
vn 0.2593 -0.9647 -0.0462
vn 0.9787 0.1088 -0.1744
vn 0.0869 0.9961 -0.0155
vn 0.0869 -0.9961 -0.0155
vn 0.9787 -0.1088 -0.1744
vn 0.2593 0.9647 -0.0462
vn 0.9329 -0.3194 -0.1662
vn 0.4268 0.9011 -0.0761
vn 0.8465 -0.5106 -0.1508
vn 0.5850 0.8043 -0.1042
vn 0.7275 -0.6737 -0.1296
vn 0.7275 0.6737 -0.1296
vn 0.5850 -0.8043 -0.1042
vn 0.8465 0.5106 -0.1508
vn 0.4566 0.8885 -0.0462
vn 0.8706 -0.4840 -0.0880
vn 0.6183 0.7835 -0.0625
vn 0.7584 -0.6473 -0.0767
vn 0.7584 0.6473 -0.0767
vn 0.6183 -0.7835 -0.0625
vn 0.8706 0.4840 -0.0880
vn 0.4566 -0.8885 -0.0462
vn 0.9493 0.2995 -0.0960
vn 0.2799 -0.9596 -0.0283
vn 0.9898 0.1014 -0.1001
vn 0.0943 0.9955 -0.0095
vn 0.0943 -0.9955 -0.0095
vn 0.9898 -0.1014 -0.1001
vn 0.2799 0.9596 -0.0283
vn 0.9493 -0.2995 -0.0960
vn 0.9565 0.2901 -0.0314
vn 0.2903 -0.9569 -0.0095
vn 0.9947 0.0980 -0.0327
vn 0.0980 0.9952 -0.0032
vn 0.0980 -0.9952 -0.0032
vn 0.9947 -0.0980 -0.0327
vn 0.2903 0.9569 -0.0095
vn 0.9565 -0.2901 -0.0314
vn 0.4713 0.8818 -0.0155
vn 0.8816 -0.4712 -0.0289
vn 0.6343 0.7728 -0.0208
vn 0.7728 -0.6342 -0.0254
vn 0.7728 0.6342 -0.0254
vn 0.6343 -0.7728 -0.0208
vn 0.8816 0.4712 -0.0289
vn 0.4713 -0.8818 -0.0155
vn 0.8816 -0.4712 0.0289
vn 0.6343 0.7728 0.0208
vn 0.7728 -0.6342 0.0254
vn 0.7728 0.6342 0.0254
vn 0.6343 -0.7728 0.0208
vn 0.8816 0.4712 0.0289
vn 0.4713 -0.8818 0.0155
vn 0.9565 0.2901 0.0314
vn 0.2903 -0.9569 0.0095
vn 0.9947 0.0980 0.0327
vn 0.0980 0.9952 0.0032
vn 0.0980 -0.9952 0.0032
vn 0.9947 -0.0980 0.0327
vn 0.2903 0.9569 0.0095
vn 0.9565 -0.2901 0.0314
vn 0.4713 0.8818 0.0155
vn 0.2799 -0.9596 0.0283
vn 0.9898 0.1014 0.1001
vn 0.0943 0.9955 0.0095
vn 0.0943 -0.9955 0.0095
vn 0.9898 -0.1014 0.1001
vn 0.2799 0.9596 0.0283
vn 0.9493 -0.2995 0.0960
vn 0.4566 0.8885 0.0462
vn 0.8706 -0.4840 0.0880
vn 0.6183 0.7835 0.0625
vn 0.7584 -0.6473 0.0767
vn 0.7584 0.6473 0.0767
vn 0.6183 -0.7835 0.0625
vn 0.8706 0.4840 0.0880
vn 0.4566 -0.8885 0.0462
vn 0.9493 0.2995 0.0960
vn 0.7275 -0.6737 0.1296
vn 0.7275 0.6737 0.1296
vn 0.5850 -0.8043 0.1042
vn 0.8465 0.5106 0.1508
vn 0.4268 -0.9011 0.0761
vn 0.9329 0.3194 0.1662
vn 0.2593 -0.9647 0.0462
vn 0.9787 0.1088 0.1744
vn 0.0869 0.9961 0.0155
vn 0.0869 -0.9961 0.0155
vn 0.9787 -0.1088 0.1744
vn 0.2593 0.9647 0.0462
vn 0.9329 -0.3194 0.1662
vn 0.4268 0.9011 0.0761
vn 0.8465 -0.5106 0.1508
vn 0.5850 0.8043 0.1042
vn 0.0763 0.9969 0.0209
vn 0.0763 -0.9969 0.0209
vn 0.9574 -0.1214 0.2619
vn 0.2289 0.9714 0.0626
vn 0.9026 -0.3525 0.2469
vn 0.3814 0.9185 0.1043
vn 0.8036 -0.5530 0.2198
vn 0.5318 0.8343 0.1455
vn 0.6756 -0.7138 0.1848
vn 0.6756 0.7138 0.1848
vn 0.5318 -0.8343 0.1455
vn 0.8036 0.5530 0.2198
vn 0.3814 -0.9185 0.1043
vn 0.9026 0.3525 0.2469
vn 0.2289 -0.9714 0.0626
vn 0.9574 0.1214 0.2619
vn 0.5952 0.7663 0.2418
vn 0.4555 -0.8708 0.1850
vn 0.7317 0.6135 0.2972
vn 0.3198 -0.9385 0.1299
vn 0.8478 0.4034 0.3443
vn 0.1893 -0.9789 0.0769
vn 0.9171 0.1417 0.3725
vn 0.0626 0.9977 0.0254
vn 0.0626 -0.9977 0.0254
vn 0.9171 -0.1417 0.3725
vn 0.1893 0.9789 0.0769
vn 0.8478 -0.4034 0.3443
vn 0.3198 0.9385 0.1299
vn 0.7317 -0.6135 0.2972
vn 0.4555 0.8708 0.1850
vn 0.5952 -0.7663 0.2418
vn 0.8356 -0.1737 0.5211
vn 0.1417 0.9860 0.0883
vn 0.7456 -0.4775 0.4649
vn 0.2426 0.9583 0.1513
vn 0.6129 -0.6916 0.3822
vn 0.3534 0.9091 0.2204
vn 0.4772 -0.8268 0.2976
vn 0.4772 0.8268 0.2976
vn 0.3534 -0.9091 0.2204
vn 0.6129 0.6916 0.3822
vn 0.2426 -0.9583 0.1513
vn 0.7456 0.4775 0.4649
vn 0.1417 -0.9860 0.0883
vn 0.8356 0.1737 0.5211
vn 0.0466 0.9985 0.0291
vn 0.0466 -0.9985 0.0291
vn 0.2255 -0.9422 0.2478
vn 0.4239 0.7768 0.4658
vn 0.1519 -0.9742 0.1669
vn 0.5514 0.5734 0.6059
vn 0.0877 -0.9915 0.0964
vn 0.6563 0.2216 0.7212
vn 0.0287 0.9991 0.0315
vn 0.0287 -0.9991 0.0315
vn 0.6563 -0.2216 0.7212
vn 0.0877 0.9915 0.0964
vn 0.5514 -0.5734 0.6059
vn 0.1519 0.9742 0.1669
vn 0.4239 -0.7768 0.4658
vn 0.2255 0.9422 0.2478
vn 0.3143 -0.8843 0.3454
vn 0.3143 0.8843 0.3454
vn 0.0297 0.9945 0.1006
vn 0.2135 -0.6575 0.7225
vn 0.0518 0.9832 0.1752
vn 0.1545 -0.8383 0.5228
vn 0.0777 0.9616 0.2631
vn 0.1105 -0.9208 0.3740
vn 0.1105 0.9208 0.3740
vn 0.0777 -0.9616 0.2631
vn 0.1545 0.8383 0.5228
vn 0.0518 -0.9832 0.1752
vn 0.2135 0.6575 0.7225
vn 0.0297 -0.9945 0.1006
vn 0.2726 0.2726 0.9227
vn 0.0097 0.9994 0.0328
vn 0.0097 -0.9994 0.0328
vn 0.2726 -0.2726 0.9227
vn -0.1545 0.8383 0.5228
vn -0.0518 -0.9832 0.1752
vn -0.2135 0.6575 0.7225
vn -0.0297 -0.9945 0.1006
vn -0.2726 0.2726 0.9227
vn -0.0097 0.9994 0.0328
vn -0.0097 -0.9994 0.0328
vn -0.2726 -0.2726 0.9227
vn -0.0297 0.9945 0.1006
vn -0.2135 -0.6575 0.7225
vn -0.0518 0.9832 0.1752
vn -0.1545 -0.8383 0.5228
vn -0.0777 0.9616 0.2631
vn -0.1105 -0.9208 0.3740
vn -0.1105 0.9208 0.3740
vn -0.0777 -0.9616 0.2631
vn -0.5514 -0.5734 0.6059
vn -0.1519 0.9742 0.1669
vn -0.4239 -0.7768 0.4658
vn -0.2255 0.9422 0.2478
vn -0.3143 -0.8843 0.3454
vn -0.3143 0.8843 0.3454
vn -0.2255 -0.9422 0.2478
vn -0.4239 0.7768 0.4658
vn -0.1519 -0.9742 0.1669
vn -0.5514 0.5734 0.6059
vn -0.0877 -0.9915 0.0964
vn -0.6563 0.2216 0.7212
vn -0.0287 0.9991 0.0315
vn -0.0287 -0.9991 0.0315
vn -0.6563 -0.2216 0.7212
vn -0.0877 0.9915 0.0964
vn -0.2426 -0.9583 0.1513
vn -0.7456 0.4775 0.4649
vn -0.1417 -0.9860 0.0883
vn -0.8356 0.1737 0.5211
vn -0.0466 0.9985 0.0291
vn -0.0466 -0.9985 0.0291
vn -0.8356 -0.1737 0.5211
vn -0.1417 0.9860 0.0883
vn -0.7456 -0.4775 0.4649
vn -0.2426 0.9583 0.1513
vn -0.6129 -0.6916 0.3822
vn -0.3534 0.9091 0.2204
vn -0.4772 -0.8268 0.2976
vn -0.4772 0.8268 0.2976
vn -0.3534 -0.9091 0.2204
vn -0.6129 0.6916 0.3822
vn -0.7317 -0.6135 0.2972
vn -0.4555 0.8708 0.1850
vn -0.5952 -0.7663 0.2418
vn -0.5952 0.7663 0.2418
vn -0.4555 -0.8708 0.1850
vn -0.7317 0.6135 0.2972
vn -0.3198 -0.9385 0.1299
vn -0.8478 0.4034 0.3443
vn -0.1893 -0.9789 0.0769
vn -0.9171 0.1417 0.3725
vn -0.0626 0.9977 0.0254
vn -0.0626 -0.9977 0.0254
vn -0.9171 -0.1417 0.3725
vn -0.1893 0.9789 0.0769
vn -0.8478 -0.4034 0.3443
vn -0.3198 0.9385 0.1299
vn -0.2289 -0.9714 0.0626
vn -0.9574 0.1214 0.2619
vn -0.0763 0.9969 0.0209
vn -0.0763 -0.9969 0.0209
vn -0.9574 -0.1214 0.2619
vn -0.2289 0.9714 0.0626
vn -0.9026 -0.3525 0.2469
vn -0.3814 0.9185 0.1043
vn -0.8036 -0.5530 0.2198
vn -0.5318 0.8343 0.1455
vn -0.6756 -0.7138 0.1848
vn -0.6756 0.7138 0.1848
vn -0.5318 -0.8343 0.1455
vn -0.8036 0.5530 0.2198
vn -0.3814 -0.9185 0.1043
vn -0.9026 0.3525 0.2469
vn -0.5850 0.8043 0.1042
vn -0.7275 -0.6737 0.1296
vn -0.7275 0.6737 0.1296
vn -0.5850 -0.8043 0.1042
vn -0.8465 0.5106 0.1508
vn -0.4268 -0.9011 0.0761
vn -0.9329 0.3194 0.1662
vn -0.2593 -0.9647 0.0462
vn -0.9787 0.1088 0.1744
vn -0.0869 0.9961 0.0155
vn -0.0869 -0.9961 0.0155
vn -0.9787 -0.1088 0.1744
vn -0.2593 0.9647 0.0462
vn -0.9329 -0.3194 0.1662
vn -0.4268 0.9011 0.0761
vn -0.8465 -0.5106 0.1508
vn -0.9898 0.1014 0.1001
vn -0.0943 0.9955 0.0095
vn -0.0943 -0.9955 0.0095
vn -0.9898 -0.1014 0.1001
vn -0.2799 0.9596 0.0283
vn -0.9493 -0.2995 0.0960
vn -0.4566 0.8885 0.0462
vn -0.8706 -0.4840 0.0880
vn -0.6183 0.7835 0.0625
vn -0.7584 -0.6473 0.0767
vn -0.7584 0.6473 0.0767
vn -0.6183 -0.7835 0.0625
vn -0.8706 0.4840 0.0880
vn -0.4566 -0.8885 0.0462
vn -0.9493 0.2995 0.0960
vn -0.2799 -0.9596 0.0283
vn -0.7728 -0.6342 0.0254
vn -0.7728 0.6342 0.0254
vn -0.6343 -0.7728 0.0208
vn -0.8816 0.4712 0.0289
vn -0.4713 -0.8818 0.0155
vn -0.9565 0.2901 0.0314
vn -0.2903 -0.9569 0.0095
vn -0.9947 0.0980 0.0327
vn -0.0980 0.9952 0.0032
vn -0.0980 -0.9952 0.0032
vn -0.9947 -0.0980 0.0327
vn -0.2903 0.9569 0.0095
vn -0.9565 -0.2901 0.0314
vn -0.4713 0.8818 0.0155
vn -0.8816 -0.4712 0.0289
vn -0.6343 0.7728 0.0208
vn -0.0980 0.9952 -0.0032
vn -0.0980 -0.9952 -0.0032
vn -0.9947 -0.0980 -0.0327
vn -0.2903 0.9569 -0.0095
vn -0.9565 -0.2901 -0.0314
vn -0.4713 0.8818 -0.0155
vn -0.8816 -0.4712 -0.0289
vn -0.6343 0.7728 -0.0208
vn -0.7728 -0.6342 -0.0254
vn -0.7728 0.6342 -0.0254
vn -0.6343 -0.7728 -0.0208
vn -0.8816 0.4712 -0.0289
vn -0.4713 -0.8818 -0.0155
vn -0.9565 0.2901 -0.0314
vn -0.2903 -0.9569 -0.0095
vn -0.9947 0.0980 -0.0327
vn -0.7584 0.6473 -0.0767
vn -0.6183 -0.7835 -0.0625
vn -0.8706 0.4840 -0.0880
vn -0.4566 -0.8885 -0.0462
vn -0.9493 0.2995 -0.0960
vn -0.2799 -0.9596 -0.0283
vn -0.9898 0.1014 -0.1001
vn -0.0943 0.9955 -0.0095
vn -0.0943 -0.9955 -0.0095
vn -0.9898 -0.1014 -0.1001
vn -0.2799 0.9596 -0.0283
vn -0.9493 -0.2995 -0.0960
vn -0.4566 0.8885 -0.0462
vn -0.8706 -0.4840 -0.0880
vn -0.6183 0.7835 -0.0625
vn -0.7584 -0.6473 -0.0767
vn -0.9787 -0.1088 -0.1744
vn -0.2593 0.9647 -0.0462
vn -0.9329 -0.3194 -0.1662
vn -0.4268 0.9011 -0.0761
vn -0.8465 -0.5106 -0.1508
vn -0.5850 0.8043 -0.1042
vn -0.7275 -0.6737 -0.1296
vn -0.7275 0.6737 -0.1296
vn -0.5850 -0.8043 -0.1042
vn -0.8465 0.5106 -0.1508
vn -0.4268 -0.9011 -0.0761
vn -0.9329 0.3194 -0.1662
vn -0.2593 -0.9647 -0.0462
vn -0.9787 0.1088 -0.1744
vn -0.0869 0.9961 -0.0155
vn -0.0869 -0.9961 -0.0155
vn -0.5318 -0.8343 -0.1455
vn -0.8036 0.5530 -0.2198
vn -0.3814 -0.9185 -0.1043
vn -0.9026 0.3525 -0.2469
vn -0.2289 -0.9714 -0.0626
vn -0.9574 0.1214 -0.2619
vn -0.0763 0.9969 -0.0209
vn -0.0763 -0.9969 -0.0209
vn -0.9574 -0.1214 -0.2619
vn -0.2289 0.9714 -0.0626
vn -0.9026 -0.3525 -0.2469
vn -0.3814 0.9185 -0.1043
vn -0.8036 -0.5530 -0.2198
vn -0.5318 0.8343 -0.1455
vn -0.6756 -0.7138 -0.1848
vn -0.6756 0.7138 -0.1848
vn -0.8478 -0.4034 -0.3443
vn -0.3198 0.9385 -0.1299
vn -0.7317 -0.6135 -0.2972
vn -0.4555 0.8708 -0.1850
vn -0.5952 -0.7663 -0.2418
vn -0.5952 0.7663 -0.2418
vn -0.4555 -0.8708 -0.1850
vn -0.7317 0.6135 -0.2972
vn -0.3198 -0.9385 -0.1299
vn -0.8478 0.4034 -0.3443
vn -0.1893 -0.9789 -0.0769
vn -0.9171 0.1417 -0.3725
vn -0.0626 0.9977 -0.0254
vn -0.0626 -0.9977 -0.0254
vn -0.9171 -0.1417 -0.3725
vn -0.1893 0.9789 -0.0769
vn -0.2426 -0.9583 -0.1513
vn -0.7456 0.4775 -0.4649
vn -0.1417 -0.9860 -0.0883
vn -0.8356 0.1737 -0.5211
vn -0.0466 0.9985 -0.0291
vn -0.0466 -0.9985 -0.0291
vn -0.8356 -0.1737 -0.5211
vn -0.1417 0.9860 -0.0883
vn -0.7456 -0.4775 -0.4649
vn -0.2426 0.9583 -0.1513
vn -0.6129 -0.6916 -0.3822
vn -0.3534 0.9091 -0.2204
vn -0.4772 -0.8268 -0.2976
vn -0.4772 0.8268 -0.2976
vn -0.3534 -0.9091 -0.2204
vn -0.6129 0.6916 -0.3822
vn -0.1519 0.9742 -0.1669
vn -0.4239 -0.7768 -0.4658
vn -0.2255 0.9422 -0.2478
vn -0.3143 -0.8843 -0.3454
vn -0.3143 0.8843 -0.3454
vn -0.2255 -0.9422 -0.2478
vn -0.4239 0.7768 -0.4658
vn -0.1519 -0.9742 -0.1669
vn -0.5514 0.5734 -0.6059
vn -0.0877 -0.9915 -0.0964
vn -0.6563 0.2216 -0.7212
vn -0.0287 0.9991 -0.0315
vn -0.0287 -0.9991 -0.0315
vn -0.6563 -0.2216 -0.7212
vn -0.0877 0.9915 -0.0964
vn -0.5514 -0.5734 -0.6059
vn -0.2135 0.6575 -0.7225
vn -0.0297 -0.9945 -0.1006
vn -0.2726 0.2726 -0.9227
vn -0.0097 0.9994 -0.0328
vn -0.0097 -0.9994 -0.0328
vn -0.2726 -0.2726 -0.9227
vn -0.0297 0.9945 -0.1006
vn -0.2135 -0.6575 -0.7225
vn -0.0518 0.9832 -0.1752
vn -0.1545 -0.8383 -0.5228
vn -0.0777 0.9616 -0.2631
vn -0.1105 -0.9208 -0.3740
vn -0.1105 0.9208 -0.3740
vn -0.0777 -0.9616 -0.2631
vn -0.1545 0.8383 -0.5228
vn -0.0518 -0.9832 -0.1752
vn 0.0004 -0.9991 -0.0420
vn 0.0075 0.5796 -0.8148
vn 0.0001 0.9999 -0.0136
vn 0.0001 -0.9999 -0.0136
vn 0.0075 -0.5796 -0.8148
vn 0.0004 0.9991 -0.0420
vn 0.0038 -0.9097 -0.4152
vn 0.0007 0.9973 -0.0738
vn 0.0023 -0.9680 -0.2508
vn 0.0010 0.9936 -0.1129
vn 0.0015 -0.9861 -0.1664
vn 0.0015 0.9861 -0.1664
vn 0.0010 -0.9936 -0.1129
vn 0.0023 0.9680 -0.2508
vn 0.0007 -0.9973 -0.0738
vn 0.0038 0.9097 -0.4152
vn 0.0068 0.9703 -0.2417
vn 0.0020 -0.9975 -0.0710
vn 0.0113 0.9156 -0.4019
vn 0.0011 -0.9992 -0.0404
vn 0.0226 0.5946 -0.8037
vn 0.0004 0.9999 -0.0131
vn 0.0004 -0.9999 -0.0131
vn 0.0226 -0.5946 -0.8037
vn 0.0011 0.9992 -0.0404
vn 0.0113 -0.9156 -0.4019
vn 0.0020 0.9975 -0.0710
vn 0.0068 -0.9703 -0.2417
vn 0.0031 0.9941 -0.1086
vn 0.0045 -0.9871 -0.1601
vn 0.0045 0.9871 -0.1601
vn 0.0031 -0.9941 -0.1086
vn 0.0186 -0.9269 -0.3749
vn 0.0032 0.9979 -0.0654
vn 0.0111 -0.9746 -0.2237
vn 0.0050 0.9950 -0.1002
vn 0.0073 -0.9890 -0.1479
vn 0.0073 0.9890 -0.1479
vn 0.0050 -0.9950 -0.1002
vn 0.0111 0.9746 -0.2237
vn 0.0032 -0.9979 -0.0654
vn 0.0186 0.9269 -0.3749
vn 0.0018 -0.9993 -0.0372
vn 0.0387 0.6255 -0.7793
vn 0.0006 0.9999 -0.0121
vn 0.0006 -0.9999 -0.0121
vn 0.0387 -0.6255 -0.7793
vn 0.0018 0.9993 -0.0372
vn 0.0044 -0.9983 -0.0574
vn 0.0255 0.9422 -0.3341
vn 0.0025 -0.9995 -0.0326
vn 0.0561 0.6743 -0.7363
vn 0.0008 0.9999 -0.0106
vn 0.0008 -0.9999 -0.0106
vn 0.0561 -0.6743 -0.7363
vn 0.0025 0.9995 -0.0326
vn 0.0255 -0.9422 -0.3341
vn 0.0044 0.9983 -0.0574
vn 0.0150 -0.9802 -0.1972
vn 0.0067 0.9961 -0.0879
vn 0.0099 -0.9915 -0.1299
vn 0.0099 0.9915 -0.1299
vn 0.0067 -0.9961 -0.0879
vn 0.0150 0.9802 -0.1972
vn 0.0184 -0.9865 -0.1629
vn 0.0082 0.9974 -0.0722
vn 0.0121 -0.9942 -0.1069
vn 0.0121 0.9942 -0.1069
vn 0.0082 -0.9974 -0.0722
vn 0.0184 0.9865 -0.1629
vn 0.0053 -0.9989 -0.0471
vn 0.0316 0.9597 -0.2792
vn 0.0030 -0.9996 -0.0268
vn 0.0753 0.7426 -0.6655
vn 0.0010 1.0000 -0.0087
vn 0.0010 -1.0000 -0.0087
vn 0.0753 -0.7426 -0.6655
vn 0.0030 0.9996 -0.0268
vn 0.0316 -0.9597 -0.2792
vn 0.0053 0.9989 -0.0471
vn 0.0035 -0.9998 -0.0199
vn 0.0958 0.8285 -0.5517
vn 0.0011 1.0000 -0.0065
vn 0.0011 -1.0000 -0.0065
vn 0.0958 -0.8285 -0.5517
vn 0.0035 0.9998 -0.0199
vn 0.0367 -0.9768 -0.2112
vn 0.0061 0.9994 -0.0350
vn 0.0212 -0.9923 -0.1218
vn 0.0093 0.9985 -0.0537
vn 0.0138 -0.9967 -0.0797
vn 0.0138 0.9967 -0.0797
vn 0.0093 -0.9985 -0.0537
vn 0.0212 0.9923 -0.1218
vn 0.0061 -0.9994 -0.0350
vn 0.0367 0.9768 -0.2112
vn 0.0101 0.9994 -0.0331
vn 0.0150 -0.9987 -0.0491
vn 0.0150 0.9987 -0.0491
vn 0.0101 -0.9994 -0.0331
vn 0.0231 0.9969 -0.0753
vn 0.0066 -0.9997 -0.0216
vn 0.0404 0.9904 -0.1319
vn 0.0037 -0.9999 -0.0123
vn 0.1154 0.9191 -0.3769
vn 0.0012 1.0000 -0.0040
vn 0.0012 -1.0000 -0.0040
vn 0.1154 -0.9191 -0.3769
vn 0.0037 0.9999 -0.0123
vn 0.0404 -0.9904 -0.1319
vn 0.0066 0.9997 -0.0216
vn 0.0231 -0.9969 -0.0753
vn 0.1282 0.9824 -0.1360
vn 0.0013 1.0000 -0.0013
vn 0.0013 -1.0000 -0.0013
vn 0.1282 -0.9824 -0.1360
vn 0.0039 1.0000 -0.0041
vn 0.0423 -0.9981 -0.0449
vn 0.0069 0.9999 -0.0073
vn 0.0240 -0.9994 -0.0255
vn 0.0106 0.9999 -0.0112
vn 0.0157 -0.9997 -0.0166
vn 0.0157 0.9997 -0.0166
vn 0.0106 -0.9999 -0.0112
vn 0.0240 0.9994 -0.0255
vn 0.0069 -0.9999 -0.0073
vn 0.0423 0.9981 -0.0449
vn 0.0039 -1.0000 -0.0041
vn 0.0157 -0.9997 0.0166
vn 0.0157 0.9997 0.0166
vn 0.0106 -0.9999 0.0112
vn 0.0240 0.9994 0.0255
vn 0.0069 -0.9999 0.0073
vn 0.0423 0.9981 0.0449
vn 0.0039 -1.0000 0.0041
vn 0.1282 0.9824 0.1360
vn 0.0013 1.0000 0.0013
vn 0.0013 -1.0000 0.0013
vn 0.1282 -0.9824 0.1360
vn 0.0039 1.0000 0.0041
vn 0.0423 -0.9981 0.0449
vn 0.0069 0.9999 0.0073
vn 0.0240 -0.9994 0.0255
vn 0.0106 0.9999 0.0112
vn 0.0012 1.0000 0.0040
vn 0.0012 -1.0000 0.0040
vn 0.1154 -0.9191 0.3769
vn 0.0037 0.9999 0.0123
vn 0.0404 -0.9904 0.1319
vn 0.0066 0.9997 0.0216
vn 0.0231 -0.9969 0.0753
vn 0.0101 0.9994 0.0331
vn 0.0150 -0.9987 0.0491
vn 0.0150 0.9987 0.0491
vn 0.0101 -0.9994 0.0331
vn 0.0231 0.9969 0.0753
vn 0.0066 -0.9997 0.0216
vn 0.0404 0.9904 0.1319
vn 0.0037 -0.9999 0.0123
vn 0.1154 0.9191 0.3769
vn 0.0138 0.9967 0.0797
vn 0.0093 -0.9985 0.0537
vn 0.0212 0.9923 0.1218
vn 0.0061 -0.9994 0.0350
vn 0.0367 0.9768 0.2112
vn 0.0035 -0.9998 0.0199
vn 0.0958 0.8285 0.5517
vn 0.0011 1.0000 0.0065
vn 0.0011 -1.0000 0.0065
vn 0.0958 -0.8285 0.5517
vn 0.0035 0.9998 0.0199
vn 0.0367 -0.9768 0.2112
vn 0.0061 0.9994 0.0350
vn 0.0212 -0.9923 0.1218
vn 0.0093 0.9985 0.0537
vn 0.0138 -0.9967 0.0797
vn 0.0753 -0.7426 0.6655
vn 0.0030 0.9996 0.0268
vn 0.0316 -0.9597 0.2792
vn 0.0053 0.9989 0.0471
vn 0.0184 -0.9865 0.1629
vn 0.0082 0.9974 0.0722
vn 0.0121 -0.9942 0.1069
vn 0.0121 0.9942 0.1069
vn 0.0082 -0.9974 0.0722
vn 0.0184 0.9865 0.1629
vn 0.0053 -0.9989 0.0471
vn 0.0316 0.9597 0.2792
vn 0.0030 -0.9996 0.0268
vn 0.0753 0.7426 0.6655
vn 0.0010 1.0000 0.0087
vn 0.0010 -1.0000 0.0087
vn 0.0067 -0.9961 0.0879
vn 0.0150 0.9802 0.1972
vn 0.0044 -0.9983 0.0574
vn 0.0255 0.9422 0.3341
vn 0.0025 -0.9995 0.0326
vn 0.0561 0.6743 0.7363
vn 0.0008 0.9999 0.0106
vn 0.0008 -0.9999 0.0106
vn 0.0561 -0.6743 0.7363
vn 0.0025 0.9995 0.0326
vn 0.0255 -0.9422 0.3341
vn 0.0044 0.9983 0.0574
vn 0.0150 -0.9802 0.1972
vn 0.0067 0.9961 0.0879
vn 0.0099 -0.9915 0.1299
vn 0.0099 0.9915 0.1299
vn 0.0186 -0.9269 0.3749
vn 0.0032 0.9979 0.0654
vn 0.0111 -0.9746 0.2237
vn 0.0050 0.9950 0.1002
vn 0.0073 -0.9890 0.1479
vn 0.0073 0.9890 0.1479
vn 0.0050 -0.9950 0.1002
vn 0.0111 0.9746 0.2237
vn 0.0032 -0.9979 0.0654
vn 0.0186 0.9269 0.3749
vn 0.0018 -0.9993 0.0372
vn 0.0387 0.6255 0.7793
vn 0.0006 0.9999 0.0121
vn 0.0006 -0.9999 0.0121
vn 0.0387 -0.6255 0.7793
vn 0.0018 0.9993 0.0372
vn 0.0020 -0.9975 0.0710
vn 0.0113 0.9156 0.4019
vn 0.0011 -0.9992 0.0404
vn 0.0226 0.5946 0.8037
vn 0.0004 0.9999 0.0131
vn 0.0004 -0.9999 0.0131
vn 0.0226 -0.5946 0.8037
vn 0.0011 0.9992 0.0404
vn 0.0113 -0.9156 0.4019
vn 0.0020 0.9975 0.0710
vn 0.0068 -0.9703 0.2417
vn 0.0031 0.9941 0.1086
vn 0.0045 -0.9871 0.1601
vn 0.0045 0.9871 0.1601
vn 0.0031 -0.9941 0.1086
vn 0.0068 0.9703 0.2417
vn 0.0007 0.9973 0.0738
vn 0.0023 -0.9680 0.2508
vn 0.0010 0.9936 0.1129
vn 0.0015 -0.9861 0.1664
vn 0.0015 0.9861 0.1664
vn 0.0010 -0.9936 0.1129
vn 0.0023 0.9680 0.2508
vn 0.0007 -0.9973 0.0738
vn 0.0038 0.9097 0.4152
vn 0.0004 -0.9991 0.0420
vn 0.0075 0.5796 0.8149
vn 0.0001 0.9999 0.0136
vn 0.0001 -0.9999 0.0136
vn 0.0075 -0.5796 0.8149
vn 0.0004 0.9991 0.0420
vn 0.0038 -0.9097 0.4152
vn -0.0038 0.9097 0.4152
vn -0.0004 -0.9991 0.0420
vn -0.0075 0.5796 0.8149
vn -0.0001 0.9999 0.0136
vn -0.0001 -0.9999 0.0136
vn -0.0075 -0.5796 0.8149
vn -0.0004 0.9991 0.0420
vn -0.0038 -0.9097 0.4152
vn -0.0007 0.9973 0.0738
vn -0.0023 -0.9680 0.2508
vn -0.0010 0.9936 0.1129
vn -0.0015 -0.9861 0.1664
vn -0.0015 0.9861 0.1664
vn -0.0010 -0.9936 0.1129
vn -0.0023 0.9680 0.2508
vn -0.0007 -0.9973 0.0738
vn -0.0068 -0.9703 0.2417
vn -0.0031 0.9941 0.1086
vn -0.0045 -0.9871 0.1601
vn -0.0045 0.9871 0.1601
vn -0.0031 -0.9941 0.1086
vn -0.0068 0.9703 0.2417
vn -0.0020 -0.9975 0.0710
vn -0.0113 0.9156 0.4019
vn -0.0011 -0.9992 0.0404
vn -0.0226 0.5946 0.8037
vn -0.0004 0.9999 0.0131
vn -0.0004 -0.9999 0.0131
vn -0.0226 -0.5946 0.8037
vn -0.0011 0.9992 0.0404
vn -0.0113 -0.9156 0.4019
vn -0.0020 0.9975 0.0710
vn -0.0018 -0.9993 0.0372
vn -0.0387 0.6255 0.7793
vn -0.0006 0.9999 0.0121
vn -0.0006 -0.9999 0.0121
vn -0.0387 -0.6255 0.7793
vn -0.0018 0.9993 0.0372
vn -0.0186 -0.9269 0.3749
vn -0.0032 0.9979 0.0654
vn -0.0111 -0.9746 0.2237
vn -0.0050 0.9950 0.1002
vn -0.0073 -0.9890 0.1479
vn -0.0073 0.9890 0.1479
vn -0.0050 -0.9950 0.1002
vn -0.0111 0.9746 0.2237
vn -0.0032 -0.9979 0.0654
vn -0.0186 0.9269 0.3749
vn -0.0067 0.9961 0.0879
vn -0.0099 -0.9915 0.1299
vn -0.0099 0.9915 0.1299
vn -0.0067 -0.9961 0.0879
vn -0.0150 0.9802 0.1972
vn -0.0044 -0.9983 0.0574
vn -0.0255 0.9422 0.3341
vn -0.0025 -0.9995 0.0326
vn -0.0561 0.6743 0.7363
vn -0.0008 0.9999 0.0106
vn -0.0008 -0.9999 0.0106
vn -0.0561 -0.6743 0.7363
vn -0.0025 0.9995 0.0326
vn -0.0255 -0.9422 0.3341
vn -0.0044 0.9983 0.0574
vn -0.0150 -0.9802 0.1972
vn -0.0753 0.7426 0.6655
vn -0.0010 1.0000 0.0087
vn -0.0010 -1.0000 0.0087
vn -0.0753 -0.7426 0.6655
vn -0.0030 0.9996 0.0268
vn -0.0316 -0.9597 0.2792
vn -0.0053 0.9989 0.0471
vn -0.0184 -0.9865 0.1629
vn -0.0082 0.9974 0.0722
vn -0.0121 -0.9942 0.1069
vn -0.0121 0.9942 0.1069
vn -0.0082 -0.9974 0.0722
vn -0.0184 0.9865 0.1629
vn -0.0053 -0.9989 0.0471
vn -0.0316 0.9597 0.2792
vn -0.0030 -0.9996 0.0268
vn -0.0138 -0.9967 0.0797
vn -0.0138 0.9967 0.0797
vn -0.0093 -0.9985 0.0537
vn -0.0212 0.9923 0.1218
vn -0.0061 -0.9994 0.0350
vn -0.0367 0.9768 0.2112
vn -0.0035 -0.9998 0.0199
vn -0.0958 0.8285 0.5517
vn -0.0011 1.0000 0.0065
vn -0.0011 -1.0000 0.0065
vn -0.0958 -0.8285 0.5517
vn -0.0035 0.9998 0.0199
vn -0.0367 -0.9768 0.2112
vn -0.0061 0.9994 0.0350
vn -0.0212 -0.9923 0.1218
vn -0.0093 0.9985 0.0537
vn -0.0012 -1.0000 0.0040
vn -0.1154 -0.9191 0.3769
vn -0.0037 0.9999 0.0123
vn -0.0404 -0.9904 0.1319
vn -0.0066 0.9997 0.0216
vn -0.0231 -0.9969 0.0753
vn -0.0101 0.9994 0.0331
vn -0.0150 -0.9987 0.0491
vn -0.0150 0.9987 0.0491
vn -0.0101 -0.9994 0.0331
vn -0.0231 0.9969 0.0753
vn -0.0066 -0.9997 0.0216
vn -0.0404 0.9904 0.1319
vn -0.0037 -0.9999 0.0123
vn -0.1154 0.9191 0.3769
vn -0.0012 1.0000 0.0040
vn -0.0106 -0.9999 0.0112
vn -0.0240 0.9994 0.0255
vn -0.0069 -0.9999 0.0073
vn -0.0423 0.9981 0.0449
vn -0.0039 -1.0000 0.0041
vn -0.1282 0.9824 0.1360
vn -0.0013 1.0000 0.0013
vn -0.0013 -1.0000 0.0013
vn -0.1282 -0.9824 0.1360
vn -0.0039 1.0000 0.0041
vn -0.0423 -0.9981 0.0449
vn -0.0069 0.9999 0.0073
vn -0.0240 -0.9994 0.0255
vn -0.0106 0.9999 0.0112
vn -0.0157 -0.9997 0.0166
vn -0.0157 0.9997 0.0166
vn -0.0039 1.0000 -0.0041
vn -0.0423 -0.9981 -0.0449
vn -0.0069 0.9999 -0.0073
vn -0.0240 -0.9994 -0.0255
vn -0.0106 0.9999 -0.0112
vn -0.0157 -0.9997 -0.0166
vn -0.0157 0.9997 -0.0166
vn -0.0106 -0.9999 -0.0112
vn -0.0240 0.9994 -0.0255
vn -0.0069 -0.9999 -0.0073
vn -0.0423 0.9981 -0.0449
vn -0.0039 -1.0000 -0.0041
vn -0.1282 0.9824 -0.1360
vn -0.0013 1.0000 -0.0013
vn -0.0013 -1.0000 -0.0013
vn -0.1282 -0.9824 -0.1360
vn -0.0231 0.9969 -0.0753
vn -0.0066 -0.9997 -0.0216
vn -0.0404 0.9904 -0.1319
vn -0.0037 -0.9999 -0.0123
vn -0.1154 0.9190 -0.3769
vn -0.0012 1.0000 -0.0040
vn -0.0012 -1.0000 -0.0040
vn -0.1154 -0.9191 -0.3769
vn -0.0037 0.9999 -0.0123
vn -0.0404 -0.9904 -0.1319
vn -0.0066 0.9997 -0.0216
vn -0.0231 -0.9969 -0.0753
vn -0.0101 0.9994 -0.0331
vn -0.0150 -0.9987 -0.0491
vn -0.0150 0.9987 -0.0491
vn -0.0101 -0.9994 -0.0331
vn -0.0367 -0.9768 -0.2112
vn -0.0061 0.9994 -0.0350
vn -0.0212 -0.9923 -0.1218
vn -0.0093 0.9985 -0.0537
vn -0.0138 -0.9967 -0.0797
vn -0.0138 0.9967 -0.0797
vn -0.0093 -0.9985 -0.0537
vn -0.0212 0.9923 -0.1218
vn -0.0061 -0.9994 -0.0350
vn -0.0367 0.9768 -0.2112
vn -0.0035 -0.9998 -0.0199
vn -0.0958 0.8285 -0.5517
vn -0.0011 1.0000 -0.0065
vn -0.0011 -1.0000 -0.0065
vn -0.0958 -0.8285 -0.5517
vn -0.0035 0.9998 -0.0199
vn -0.0053 -0.9989 -0.0471
vn -0.0316 0.9597 -0.2792
vn -0.0030 -0.9996 -0.0268
vn -0.0753 0.7426 -0.6655
vn -0.0010 1.0000 -0.0087
vn -0.0010 -1.0000 -0.0087
vn -0.0753 -0.7426 -0.6655
vn -0.0030 0.9996 -0.0268
vn -0.0316 -0.9597 -0.2792
vn -0.0053 0.9989 -0.0471
vn -0.0184 -0.9865 -0.1629
vn -0.0082 0.9974 -0.0722
vn -0.0121 -0.9942 -0.1069
vn -0.0121 0.9942 -0.1069
vn -0.0082 -0.9974 -0.0722
vn -0.0184 0.9865 -0.1629
vn -0.0044 0.9983 -0.0574
vn -0.0150 -0.9802 -0.1972
vn -0.0067 0.9961 -0.0879
vn -0.0099 -0.9915 -0.1299
vn -0.0099 0.9915 -0.1299
vn -0.0067 -0.9961 -0.0879
vn -0.0150 0.9802 -0.1972
vn -0.0044 -0.9983 -0.0574
vn -0.0255 0.9422 -0.3341
vn -0.0025 -0.9995 -0.0326
vn -0.0561 0.6743 -0.7363
vn -0.0008 0.9999 -0.0106
vn -0.0008 -0.9999 -0.0106
vn -0.0561 -0.6743 -0.7363
vn -0.0025 0.9995 -0.0326
vn -0.0255 -0.9422 -0.3341
vn -0.0186 0.9269 -0.3749
vn -0.0018 -0.9993 -0.0372
vn -0.0387 0.6255 -0.7793
vn -0.0006 0.9999 -0.0121
vn -0.0006 -0.9999 -0.0121
vn -0.0387 -0.6255 -0.7793
vn -0.0018 0.9993 -0.0372
vn -0.0186 -0.9269 -0.3749
vn -0.0032 0.9979 -0.0654
vn -0.0111 -0.9746 -0.2237
vn -0.0050 0.9950 -0.1002
vn -0.0073 -0.9890 -0.1479
vn -0.0073 0.9890 -0.1479
vn -0.0050 -0.9950 -0.1002
vn -0.0111 0.9746 -0.2237
vn -0.0032 -0.9979 -0.0654
vn -0.0068 -0.9703 -0.2417
vn -0.0031 0.9941 -0.1086
vn -0.0045 -0.9871 -0.1601
vn -0.0045 0.9871 -0.1601
vn -0.0031 -0.9941 -0.1086
vn -0.0068 0.9703 -0.2417
vn -0.0020 -0.9975 -0.0710
vn -0.0113 0.9156 -0.4019
vn -0.0011 -0.9992 -0.0404
vn -0.0226 0.5946 -0.8037
vn -0.0004 0.9999 -0.0131
vn -0.0004 -0.9999 -0.0131
vn -0.0226 -0.5946 -0.8037
vn -0.0011 0.9992 -0.0404
vn -0.0113 -0.9156 -0.4019
vn -0.0020 0.9975 -0.0710
vn -0.0004 -0.9991 -0.0420
vn -0.0075 0.5796 -0.8149
vn -0.0001 0.9999 -0.0136
vn -0.0001 -0.9999 -0.0136
vn -0.0075 -0.5796 -0.8149
vn -0.0004 0.9991 -0.0420
vn -0.0038 -0.9097 -0.4152
vn -0.0007 0.9973 -0.0738
vn -0.0023 -0.9680 -0.2508
vn -0.0010 0.9936 -0.1129
vn -0.0015 -0.9861 -0.1664
vn -0.0015 0.9861 -0.1664
vn -0.0010 -0.9936 -0.1129
vn -0.0023 0.9680 -0.2508
vn -0.0007 -0.9973 -0.0738
vn -0.0038 0.9097 -0.4152
vn 0.0115 0.8844 -0.4665
vn 0.0012 -0.9988 -0.0485
vn 0.0210 0.5241 -0.8514
vn 0.0004 0.9999 -0.0158
vn 0.0004 -0.9999 -0.0158
vn 0.0210 -0.5241 -0.8514
vn 0.0012 0.9988 -0.0485
vn 0.0115 -0.8844 -0.4665
vn 0.0021 0.9964 -0.0852
vn 0.0071 -0.9580 -0.2868
vn 0.0032 0.9915 -0.1302
vn 0.0047 -0.9815 -0.1914
vn 0.0047 0.9815 -0.1914
vn 0.0032 -0.9915 -0.1302
vn 0.0071 0.9580 -0.2868
vn 0.0021 -0.9964 -0.0852
vn 0.0095 -0.9921 -0.1253
vn 0.0210 0.9608 -0.2765
vn 0.0062 -0.9966 -0.0820
vn 0.0343 0.8913 -0.4521
vn 0.0035 -0.9989 -0.0466
vn 0.0637 0.5381 -0.8405
vn 0.0011 0.9999 -0.0152
vn 0.0011 -0.9999 -0.0152
vn 0.0637 -0.5381 -0.8405
vn 0.0035 0.9989 -0.0466
vn 0.0343 -0.8913 -0.4521
vn 0.0062 0.9966 -0.0820
vn 0.0210 -0.9608 -0.2765
vn 0.0095 0.9921 -0.1253
vn 0.0140 -0.9828 -0.1842
vn 0.0140 0.9828 -0.1842
vn 0.0565 -0.9045 -0.4228
vn 0.0101 0.9971 -0.0756
vn 0.0342 -0.9660 -0.2563
vn 0.0154 0.9932 -0.1156
vn 0.0227 -0.9851 -0.1702
vn 0.0227 0.9851 -0.1702
vn 0.0154 -0.9932 -0.1156
vn 0.0342 0.9660 -0.2563
vn 0.0101 -0.9971 -0.0756
vn 0.0565 0.9045 -0.4228
vn 0.0057 -0.9991 -0.0430
vn 0.1091 0.5671 -0.8164
vn 0.0019 0.9999 -0.0140
vn 0.0019 -0.9999 -0.0140
vn 0.1091 -0.5671 -0.8164
vn 0.0057 0.9991 -0.0430
vn 0.0136 -0.9977 -0.0663
vn 0.0775 0.9226 -0.3780
vn 0.0077 -0.9993 -0.0377
vn 0.1588 0.6132 -0.7738
vn 0.0025 0.9999 -0.0122
vn 0.0025 -0.9999 -0.0122
vn 0.1588 -0.6132 -0.7738
vn 0.0077 0.9993 -0.0377
vn 0.0775 -0.9226 -0.3780
vn 0.0136 0.9977 -0.0663
vn 0.0464 -0.9730 -0.2262
vn 0.0208 0.9946 -0.1014
vn 0.0307 -0.9883 -0.1497
vn 0.0307 0.9883 -0.1497
vn 0.0208 -0.9946 -0.1014
vn 0.0464 0.9730 -0.2262
vn 0.0166 0.9984 -0.0544
vn 0.0570 -0.9807 -0.1871
vn 0.0254 0.9962 -0.0834
vn 0.0375 -0.9917 -0.1232
vn 0.0375 0.9917 -0.1232
vn 0.0254 -0.9962 -0.0834
vn 0.0570 0.9807 -0.1871
vn 0.0166 -0.9984 -0.0544
vn 0.0966 0.9434 -0.3172
vn 0.0094 -0.9995 -0.0309
vn 0.2141 0.6785 -0.7027
vn 0.0031 0.9999 -0.0100
vn 0.0031 -0.9999 -0.0100
vn 0.2141 -0.6785 -0.7027
vn 0.0094 0.9995 -0.0309
vn 0.0966 -0.9434 -0.3172
vn 0.1126 0.9640 -0.2408
vn 0.0107 -0.9997 -0.0230
vn 0.2743 0.7621 -0.5865
vn 0.0035 1.0000 -0.0075
vn 0.0035 -1.0000 -0.0075
vn 0.2743 -0.7621 -0.5865
vn 0.0107 0.9997 -0.0230
vn 0.1126 -0.9640 -0.2408
vn 0.0189 0.9990 -0.0405
vn 0.0655 -0.9880 -0.1401
vn 0.0290 0.9977 -0.0621
vn 0.0430 -0.9948 -0.0919
vn 0.0430 0.9948 -0.0919
vn 0.0290 -0.9977 -0.0621
vn 0.0655 0.9880 -0.1401
vn 0.0189 -0.9990 -0.0405
vn 0.0715 -0.9937 -0.0868
vn 0.0315 0.9988 -0.0383
vn 0.0467 -0.9973 -0.0567
vn 0.0467 0.9973 -0.0567
vn 0.0315 -0.9988 -0.0383
vn 0.0715 0.9937 -0.0868
vn 0.0205 -0.9995 -0.0249
vn 0.1243 0.9807 -0.1509
vn 0.0117 -0.9998 -0.0142
vn 0.3328 0.8522 -0.4038
vn 0.0038 1.0000 -0.0046
vn 0.0038 -1.0000 -0.0046
vn 0.3328 -0.8522 -0.4038
vn 0.0117 0.9998 -0.0142
vn 0.1243 -0.9807 -0.1509
vn 0.0205 0.9995 -0.0249
vn 0.0121 -0.9999 -0.0048
vn 0.3722 0.9165 -0.1466
vn 0.0039 1.0000 -0.0016
vn 0.0039 -1.0000 -0.0016
vn 0.3722 -0.9165 -0.1466
vn 0.0121 0.9999 -0.0048
vn 0.1306 -0.9901 -0.0514
vn 0.0214 0.9997 -0.0084
vn 0.0746 -0.9968 -0.0294
vn 0.0328 0.9994 -0.0129
vn 0.0487 -0.9986 -0.0192
vn 0.0487 0.9986 -0.0192
vn 0.0328 -0.9994 -0.0129
vn 0.0746 0.9968 -0.0294
vn 0.0214 -0.9997 -0.0084
vn 0.1306 0.9901 -0.0514
vn 0.0328 0.9994 0.0129
vn 0.0487 -0.9986 0.0192
vn 0.0487 0.9986 0.0192
vn 0.0328 -0.9994 0.0129
vn 0.0746 0.9968 0.0294
vn 0.0214 -0.9997 0.0084
vn 0.1306 0.9901 0.0514
vn 0.0121 -0.9999 0.0048
vn 0.3722 0.9165 0.1466
vn 0.0039 1.0000 0.0016
vn 0.0039 -1.0000 0.0016
vn 0.3722 -0.9165 0.1466
vn 0.0121 0.9999 0.0048
vn 0.1306 -0.9901 0.0514
vn 0.0214 0.9997 0.0084
vn 0.0746 -0.9968 0.0294
vn 0.3328 0.8522 0.4038
vn 0.0038 1.0000 0.0046
vn 0.0038 -1.0000 0.0046
vn 0.3328 -0.8522 0.4038
vn 0.0117 0.9998 0.0142
vn 0.1243 -0.9807 0.1509
vn 0.0205 0.9995 0.0249
vn 0.0715 -0.9937 0.0868
vn 0.0315 0.9988 0.0383
vn 0.0467 -0.9973 0.0567
vn 0.0467 0.9973 0.0567
vn 0.0315 -0.9988 0.0383
vn 0.0715 0.9937 0.0868
vn 0.0205 -0.9995 0.0249
vn 0.1243 0.9807 0.1509
vn 0.0117 -0.9998 0.0142
vn 0.0430 -0.9948 0.0919
vn 0.0430 0.9948 0.0919
vn 0.0290 -0.9977 0.0621
vn 0.0655 0.9880 0.1401
vn 0.0189 -0.9990 0.0405
vn 0.1126 0.9640 0.2408
vn 0.0107 -0.9997 0.0230
vn 0.2743 0.7621 0.5865
vn 0.0035 1.0000 0.0075
vn 0.0035 -1.0000 0.0075
vn 0.2743 -0.7621 0.5865
vn 0.0107 0.9997 0.0230
vn 0.1126 -0.9640 0.2408
vn 0.0189 0.9990 0.0405
vn 0.0655 -0.9880 0.1401
vn 0.0290 0.9977 0.0621
vn 0.0031 -0.9999 0.0100
vn 0.2141 -0.6785 0.7027
vn 0.0094 0.9995 0.0309
vn 0.0966 -0.9434 0.3172
vn 0.0166 0.9984 0.0544
vn 0.0570 -0.9807 0.1871
vn 0.0254 0.9962 0.0834
vn 0.0375 -0.9917 0.1232
vn 0.0375 0.9917 0.1232
vn 0.0254 -0.9962 0.0834
vn 0.0570 0.9807 0.1871
vn 0.0166 -0.9984 0.0544
vn 0.0966 0.9434 0.3172
vn 0.0094 -0.9995 0.0309
vn 0.2141 0.6785 0.7027
vn 0.0031 0.9999 0.0100
vn 0.0208 -0.9946 0.1014
vn 0.0464 0.9730 0.2262
vn 0.0136 -0.9977 0.0663
vn 0.0775 0.9226 0.3780
vn 0.0077 -0.9993 0.0377
vn 0.1588 0.6132 0.7738
vn 0.0025 0.9999 0.0122
vn 0.0025 -0.9999 0.0122
vn 0.1588 -0.6132 0.7738
vn 0.0077 0.9993 0.0377
vn 0.0775 -0.9226 0.3780
vn 0.0136 0.9977 0.0663
vn 0.0464 -0.9730 0.2262
vn 0.0208 0.9946 0.1014
vn 0.0307 -0.9883 0.1497
vn 0.0307 0.9883 0.1497
vn 0.0057 0.9991 0.0430
vn 0.0565 -0.9045 0.4228
vn 0.0101 0.9971 0.0756
vn 0.0342 -0.9660 0.2563
vn 0.0154 0.9932 0.1156
vn 0.0227 -0.9851 0.1702
vn 0.0227 0.9851 0.1702
vn 0.0154 -0.9932 0.1156
vn 0.0342 0.9660 0.2563
vn 0.0101 -0.9971 0.0756
vn 0.0565 0.9045 0.4228
vn 0.0057 -0.9991 0.0430
vn 0.1091 0.5671 0.8164
vn 0.0019 0.9999 0.0140
vn 0.0019 -0.9999 0.0140
vn 0.1091 -0.5671 0.8164
vn 0.0210 0.9608 0.2765
vn 0.0062 -0.9966 0.0820
vn 0.0343 0.8913 0.4521
vn 0.0035 -0.9989 0.0466
vn 0.0637 0.5381 0.8405
vn 0.0011 0.9999 0.0152
vn 0.0011 -0.9999 0.0152
vn 0.0637 -0.5381 0.8405
vn 0.0035 0.9989 0.0466
vn 0.0343 -0.8913 0.4521
vn 0.0062 0.9966 0.0820
vn 0.0210 -0.9608 0.2765
vn 0.0095 0.9921 0.1253
vn 0.0140 -0.9828 0.1842
vn 0.0140 0.9828 0.1842
vn 0.0095 -0.9921 0.1253
vn 0.0115 -0.8844 0.4665
vn 0.0021 0.9964 0.0852
vn 0.0071 -0.9580 0.2868
vn 0.0032 0.9915 0.1302
vn 0.0047 -0.9815 0.1914
vn 0.0047 0.9815 0.1914
vn 0.0032 -0.9915 0.1302
vn 0.0071 0.9580 0.2868
vn 0.0021 -0.9964 0.0852
vn 0.0115 0.8844 0.4665
vn 0.0012 -0.9988 0.0485
vn 0.0210 0.5241 0.8514
vn 0.0004 0.9999 0.0158
vn 0.0004 -0.9999 0.0158
vn 0.0210 -0.5241 0.8514
vn 0.0012 0.9988 0.0485
vn -0.0021 -0.9964 0.0852
vn -0.0115 0.8844 0.4665
vn -0.0012 -0.9988 0.0485
vn -0.0210 0.5241 0.8514
vn -0.0004 0.9999 0.0158
vn -0.0004 -0.9999 0.0158
vn -0.0210 -0.5241 0.8514
vn -0.0012 0.9988 0.0485
vn -0.0115 -0.8844 0.4665
vn -0.0021 0.9964 0.0852
vn -0.0071 -0.9580 0.2868
vn -0.0032 0.9915 0.1302
vn -0.0047 -0.9815 0.1914
vn -0.0047 0.9815 0.1914
vn -0.0032 -0.9915 0.1302
vn -0.0071 0.9580 0.2868
vn -0.0062 0.9966 0.0820
vn -0.0210 -0.9608 0.2765
vn -0.0095 0.9921 0.1253
vn -0.0140 -0.9828 0.1842
vn -0.0140 0.9828 0.1842
vn -0.0095 -0.9921 0.1253
vn -0.0210 0.9608 0.2765
vn -0.0062 -0.9966 0.0820
vn -0.0343 0.8913 0.4521
vn -0.0035 -0.9989 0.0466
vn -0.0637 0.5381 0.8405
vn -0.0011 0.9999 0.0152
vn -0.0011 -0.9999 0.0152
vn -0.0637 -0.5381 0.8405
vn -0.0035 0.9989 0.0466
vn -0.0343 -0.8913 0.4521
vn -0.0565 0.9045 0.4228
vn -0.0057 -0.9991 0.0430
vn -0.1091 0.5671 0.8164
vn -0.0019 0.9999 0.0140
vn -0.0019 -0.9999 0.0140
vn -0.1091 -0.5671 0.8164
vn -0.0057 0.9991 0.0430
vn -0.0565 -0.9045 0.4228
vn -0.0101 0.9971 0.0756
vn -0.0342 -0.9660 0.2563
vn -0.0154 0.9932 0.1156
vn -0.0227 -0.9851 0.1702
vn -0.0227 0.9851 0.1702
vn -0.0154 -0.9932 0.1156
vn -0.0342 0.9660 0.2563
vn -0.0101 -0.9971 0.0756
vn -0.0464 -0.9730 0.2262
vn -0.0208 0.9946 0.1014
vn -0.0307 -0.9883 0.1497
vn -0.0307 0.9883 0.1497
vn -0.0208 -0.9946 0.1014
vn -0.0464 0.9730 0.2262
vn -0.0136 -0.9977 0.0663
vn -0.0775 0.9226 0.3780
vn -0.0077 -0.9993 0.0377
vn -0.1588 0.6132 0.7738
vn -0.0025 0.9999 0.0122
vn -0.0025 -0.9999 0.0122
vn -0.1588 -0.6132 0.7738
vn -0.0077 0.9993 0.0377
vn -0.0775 -0.9226 0.3780
vn -0.0136 0.9977 0.0663
vn -0.0094 -0.9995 0.0309
vn -0.2141 0.6785 0.7027
vn -0.0031 0.9999 0.0100
vn -0.0031 -0.9999 0.0100
vn -0.2141 -0.6785 0.7027
vn -0.0094 0.9995 0.0309
vn -0.0966 -0.9434 0.3172
vn -0.0166 0.9984 0.0544
vn -0.0570 -0.9807 0.1871
vn -0.0254 0.9962 0.0834
vn -0.0375 -0.9917 0.1232
vn -0.0375 0.9917 0.1232
vn -0.0254 -0.9962 0.0834
vn -0.0570 0.9807 0.1871
vn -0.0166 -0.9984 0.0544
vn -0.0966 0.9434 0.3172
vn -0.0430 -0.9948 0.0919
vn -0.0430 0.9948 0.0919
vn -0.0290 -0.9977 0.0621
vn -0.0655 0.9880 0.1401
vn -0.0189 -0.9990 0.0405
vn -0.1126 0.9640 0.2408
vn -0.0107 -0.9997 0.0230
vn -0.2743 0.7621 0.5865
vn -0.0035 1.0000 0.0075
vn -0.0035 -1.0000 0.0075
vn -0.2743 -0.7621 0.5865
vn -0.0107 0.9997 0.0230
vn -0.1126 -0.9640 0.2408
vn -0.0189 0.9990 0.0405
vn -0.0655 -0.9880 0.1401
vn -0.0290 0.9977 0.0621
vn -0.0038 1.0000 0.0046
vn -0.0038 -1.0000 0.0046
vn -0.3328 -0.8522 0.4038
vn -0.0117 0.9998 0.0142
vn -0.1243 -0.9807 0.1509
vn -0.0205 0.9995 0.0249
vn -0.0715 -0.9937 0.0868
vn -0.0315 0.9988 0.0383
vn -0.0467 -0.9973 0.0567
vn -0.0467 0.9973 0.0567
vn -0.0315 -0.9988 0.0383
vn -0.0715 0.9937 0.0868
vn -0.0205 -0.9995 0.0249
vn -0.1243 0.9807 0.1509
vn -0.0117 -0.9998 0.0142
vn -0.3328 0.8522 0.4038
vn -0.0487 0.9986 0.0192
vn -0.0328 -0.9994 0.0129
vn -0.0746 0.9968 0.0294
vn -0.0214 -0.9997 0.0084
vn -0.1306 0.9901 0.0514
vn -0.0121 -0.9999 0.0048
vn -0.3722 0.9165 0.1466
vn -0.0039 1.0000 0.0016
vn -0.0039 -1.0000 0.0016
vn -0.3722 -0.9165 0.1466
vn -0.0121 0.9999 0.0048
vn -0.1306 -0.9901 0.0514
vn -0.0214 0.9997 0.0084
vn -0.0746 -0.9968 0.0294
vn -0.0328 0.9994 0.0129
vn -0.0487 -0.9986 0.0192
vn -0.3722 -0.9165 -0.1466
vn -0.0121 0.9999 -0.0048
vn -0.1306 -0.9901 -0.0514
vn -0.0214 0.9997 -0.0084
vn -0.0746 -0.9968 -0.0294
vn -0.0328 0.9994 -0.0129
vn -0.0487 -0.9986 -0.0192
vn -0.0487 0.9986 -0.0192
vn -0.0328 -0.9994 -0.0129
vn -0.0746 0.9968 -0.0294
vn -0.0214 -0.9997 -0.0084
vn -0.1306 0.9901 -0.0514
vn -0.0121 -0.9999 -0.0048
vn -0.3722 0.9165 -0.1466
vn -0.0039 1.0000 -0.0016
vn -0.0039 -1.0000 -0.0016
vn -0.0315 -0.9988 -0.0383
vn -0.0715 0.9937 -0.0868
vn -0.0205 -0.9995 -0.0249
vn -0.1243 0.9807 -0.1509
vn -0.0117 -0.9998 -0.0142
vn -0.3328 0.8522 -0.4038
vn -0.0038 1.0000 -0.0046
vn -0.0038 -1.0000 -0.0046
vn -0.3328 -0.8522 -0.4038
vn -0.0117 0.9998 -0.0142
vn -0.1243 -0.9807 -0.1509
vn -0.0205 0.9995 -0.0249
vn -0.0715 -0.9937 -0.0868
vn -0.0315 0.9988 -0.0383
vn -0.0467 -0.9973 -0.0567
vn -0.0467 0.9973 -0.0567
vn -0.0107 0.9997 -0.0230
vn -0.1126 -0.9640 -0.2408
vn -0.0189 0.9990 -0.0405
vn -0.0655 -0.9880 -0.1401
vn -0.0290 0.9977 -0.0621
vn -0.0430 -0.9948 -0.0919
vn -0.0430 0.9948 -0.0919
vn -0.0290 -0.9977 -0.0621
vn -0.0655 0.9880 -0.1401
vn -0.0189 -0.9990 -0.0405
vn -0.1126 0.9640 -0.2408
vn -0.0107 -0.9997 -0.0230
vn -0.2743 0.7621 -0.5865
vn -0.0035 1.0000 -0.0075
vn -0.0035 -1.0000 -0.0075
vn -0.2743 -0.7621 -0.5865
vn -0.0570 0.9807 -0.1871
vn -0.0166 -0.9984 -0.0544
vn -0.0966 0.9434 -0.3172
vn -0.0094 -0.9995 -0.0309
vn -0.2141 0.6785 -0.7027
vn -0.0031 0.9999 -0.0100
vn -0.0031 -0.9999 -0.0100
vn -0.2141 -0.6785 -0.7027
vn -0.0094 0.9995 -0.0309
vn -0.0966 -0.9434 -0.3172
vn -0.0166 0.9984 -0.0544
vn -0.0570 -0.9807 -0.1871
vn -0.0254 0.9962 -0.0834
vn -0.0375 -0.9917 -0.1232
vn -0.0375 0.9917 -0.1232
vn -0.0254 -0.9962 -0.0834
vn -0.0775 -0.9226 -0.3780
vn -0.0136 0.9977 -0.0663
vn -0.0464 -0.9730 -0.2262
vn -0.0208 0.9946 -0.1014
vn -0.0307 -0.9883 -0.1497
vn -0.0307 0.9883 -0.1497
vn -0.0208 -0.9946 -0.1014
vn -0.0464 0.9730 -0.2262
vn -0.0136 -0.9977 -0.0663
vn -0.0775 0.9226 -0.3780
vn -0.0077 -0.9993 -0.0377
vn -0.1588 0.6132 -0.7738
vn -0.0025 0.9999 -0.0122
vn -0.0025 -0.9999 -0.0122
vn -0.1588 -0.6132 -0.7738
vn -0.0077 0.9993 -0.0377
vn -0.0101 -0.9971 -0.0756
vn -0.0565 0.9045 -0.4228
vn -0.0057 -0.9991 -0.0430
vn -0.1091 0.5671 -0.8164
vn -0.0019 0.9999 -0.0140
vn -0.0019 -0.9999 -0.0140
vn -0.1091 -0.5671 -0.8164
vn -0.0057 0.9991 -0.0430
vn -0.0565 -0.9045 -0.4228
vn -0.0101 0.9971 -0.0756
vn -0.0342 -0.9660 -0.2563
vn -0.0154 0.9932 -0.1156
vn -0.0227 -0.9851 -0.1702
vn -0.0227 0.9851 -0.1702
vn -0.0154 -0.9932 -0.1156
vn -0.0342 0.9660 -0.2563
vn -0.0210 -0.9608 -0.2765
vn -0.0095 0.9921 -0.1253
vn -0.0140 -0.9828 -0.1842
vn -0.0140 0.9828 -0.1842
vn -0.0095 -0.9921 -0.1253
vn -0.0210 0.9608 -0.2765
vn -0.0062 -0.9966 -0.0820
vn -0.0343 0.8913 -0.4521
vn -0.0035 -0.9989 -0.0466
vn -0.0637 0.5380 -0.8405
vn -0.0011 0.9999 -0.0152
vn -0.0011 -0.9999 -0.0152
vn -0.0637 -0.5380 -0.8405
vn -0.0035 0.9989 -0.0466
vn -0.0343 -0.8913 -0.4521
vn -0.0062 0.9966 -0.0820
vn -0.0012 -0.9988 -0.0485
vn -0.0210 0.5241 -0.8514
vn -0.0004 0.9999 -0.0158
vn -0.0004 -0.9999 -0.0158
vn -0.0210 -0.5241 -0.8514
vn -0.0012 0.9988 -0.0485
vn -0.0115 -0.8844 -0.4665
vn -0.0021 0.9964 -0.0852
vn -0.0071 -0.9580 -0.2868
vn -0.0032 0.9915 -0.1302
vn -0.0047 -0.9815 -0.1914
vn -0.0047 0.9815 -0.1914
vn -0.0032 -0.9915 -0.1302
vn -0.0071 0.9580 -0.2868
vn -0.0021 -0.9964 -0.0852
vn -0.0115 0.8844 -0.4665
vn 0.5667 0.0567 -0.8220
vn 0.0956 0.9857 -0.1387
vn 0.0956 -0.9857 -0.1387
vn 0.5667 -0.0567 -0.8220
vn 0.2644 0.8849 -0.3835
vn 0.5591 -0.1722 -0.8110
vn 0.3860 0.7332 -0.5599
vn 0.5425 -0.2944 -0.7868
vn 0.4645 0.5747 -0.6738
vn 0.5131 -0.4276 -0.7443
vn 0.5131 0.4276 -0.7443
vn 0.4645 -0.5747 -0.6738
vn 0.5425 0.2944 -0.7868
vn 0.3860 -0.7332 -0.5599
vn 0.5591 0.1722 -0.8110
vn 0.2644 -0.8849 -0.3835
vn 0.7825 -0.5019 -0.3685
vn 0.9007 0.0937 -0.4242
vn 0.6326 -0.7149 -0.2979
vn 0.9043 0.0305 -0.4259
vn 0.2738 0.9531 -0.1289
vn 0.2738 -0.9531 -0.1289
vn 0.9043 -0.0305 -0.4259
vn 0.6326 0.7149 -0.2979
vn 0.9007 -0.0937 -0.4242
vn 0.7825 0.5019 -0.3685
vn 0.8925 -0.1636 -0.4203
vn 0.8463 0.3535 -0.3985
vn 0.8767 -0.2467 -0.4129
vn 0.8767 0.2467 -0.4129
vn 0.8463 -0.3535 -0.3985
vn 0.8925 0.1636 -0.4203
vn 0.9604 -0.1084 -0.2567
vn 0.9376 0.2412 -0.2506
vn 0.9528 -0.1651 -0.2547
vn 0.9528 0.1651 -0.2547
vn 0.9376 -0.2412 -0.2506
vn 0.9604 0.1084 -0.2567
vn 0.9026 -0.3565 -0.2412
vn 0.9642 0.0618 -0.2577
vn 0.8017 -0.5580 -0.2143
vn 0.9659 0.0201 -0.2582
vn 0.4201 0.9005 -0.1123
vn 0.4201 -0.9005 -0.1123
vn 0.9659 -0.0201 -0.2582
vn 0.8017 0.5580 -0.2143
vn 0.9642 -0.0618 -0.2577
vn 0.9026 0.3565 -0.2412
vn 0.8778 -0.4540 -0.1528
vn 0.9851 0.0152 -0.1715
vn 0.5295 0.8433 -0.0922
vn 0.5295 -0.8433 -0.0922
vn 0.9851 -0.0152 -0.1715
vn 0.8778 0.4540 -0.1528
vn 0.9841 -0.0468 -0.1713
vn 0.9464 0.2778 -0.1647
vn 0.9818 -0.0823 -0.1709
vn 0.9682 0.1851 -0.1685
vn 0.9774 -0.1258 -0.1701
vn 0.9774 0.1258 -0.1701
vn 0.9682 -0.1851 -0.1685
vn 0.9818 0.0823 -0.1709
vn 0.9464 -0.2778 -0.1647
vn 0.9841 0.0468 -0.1713
vn 0.9814 0.1539 -0.1151
vn 0.9878 -0.1044 -0.1158
vn 0.9878 0.1044 -0.1158
vn 0.9814 -0.1539 -0.1151
vn 0.9909 0.0682 -0.1162
vn 0.9659 -0.2327 -0.1132
vn 0.9925 0.0388 -0.1164
vn 0.9152 -0.3884 -0.1073
vn 0.9931 0.0126 -0.1164
vn 0.6061 0.7922 -0.0711
vn 0.6061 -0.7922 -0.0711
vn 0.9931 -0.0126 -0.1164
vn 0.9152 0.3884 -0.1073
vn 0.9925 -0.0388 -0.1164
vn 0.9659 0.2327 -0.1132
vn 0.9909 -0.0682 -0.1162
vn 0.9970 0.0111 -0.0761
vn 0.6567 0.7524 -0.0501
vn 0.6567 -0.7524 -0.0501
vn 0.9970 -0.0111 -0.0761
vn 0.9349 0.3478 -0.0714
vn 0.9965 -0.0341 -0.0761
vn 0.9757 0.2060 -0.0745
vn 0.9953 -0.0600 -0.0760
vn 0.9879 0.1358 -0.0754
vn 0.9929 -0.0919 -0.0758
vn 0.9929 0.0919 -0.0758
vn 0.9879 -0.1358 -0.0754
vn 0.9953 0.0600 -0.0760
vn 0.9757 -0.2060 -0.0745
vn 0.9965 0.0341 -0.0761
vn 0.9349 -0.3478 -0.0714
vn 0.9955 -0.0850 -0.0431
vn 0.9955 0.0850 -0.0431
vn 0.9912 -0.1256 -0.0430
vn 0.9975 0.0554 -0.0432
vn 0.9807 -0.1908 -0.0425
vn 0.9986 0.0315 -0.0433
vn 0.9452 -0.3240 -0.0410
vn 0.9990 0.0102 -0.0433
vn 0.6873 0.7257 -0.0298
vn 0.6873 -0.7257 -0.0298
vn 0.9990 -0.0102 -0.0433
vn 0.9452 0.3240 -0.0410
vn 0.9986 -0.0315 -0.0433
vn 0.9807 0.1908 -0.0425
vn 0.9975 -0.0554 -0.0432
vn 0.9912 0.1256 -0.0430
vn 0.7017 0.7124 -0.0099
vn 0.7017 -0.7124 -0.0099
vn 0.9999 -0.0098 -0.0141
vn 0.9496 0.3131 -0.0134
vn 0.9994 -0.0303 -0.0141
vn 0.9829 0.1839 -0.0138
vn 0.9985 -0.0534 -0.0140
vn 0.9926 0.1209 -0.0140
vn 0.9966 -0.0818 -0.0140
vn 0.9966 0.0818 -0.0140
vn 0.9926 -0.1209 -0.0140
vn 0.9985 0.0534 -0.0140
vn 0.9829 -0.1839 -0.0138
vn 0.9994 0.0303 -0.0141
vn 0.9496 -0.3131 -0.0134
vn 0.9999 0.0098 -0.0141
vn 0.9966 0.0818 0.0140
vn 0.9926 -0.1209 0.0140
vn 0.9985 0.0534 0.0140
vn 0.9829 -0.1839 0.0138
vn 0.9994 0.0303 0.0141
vn 0.9496 -0.3131 0.0134
vn 0.9999 0.0098 0.0141
vn 0.7017 0.7124 0.0099
vn 0.7017 -0.7124 0.0099
vn 0.9999 -0.0098 0.0141
vn 0.9496 0.3131 0.0134
vn 0.9994 -0.0303 0.0141
vn 0.9829 0.1839 0.0138
vn 0.9985 -0.0534 0.0140
vn 0.9926 0.1209 0.0140
vn 0.9966 -0.0818 0.0140
vn 0.9990 -0.0102 0.0433
vn 0.9452 0.3240 0.0410
vn 0.9986 -0.0315 0.0433
vn 0.9807 0.1908 0.0425
vn 0.9975 -0.0554 0.0432
vn 0.9912 0.1256 0.0430
vn 0.9955 -0.0850 0.0431
vn 0.9955 0.0850 0.0431
vn 0.9912 -0.1256 0.0430
vn 0.9975 0.0554 0.0432
vn 0.9807 -0.1908 0.0425
vn 0.9986 0.0315 0.0433
vn 0.9452 -0.3240 0.0410
vn 0.9990 0.0102 0.0433
vn 0.6873 0.7257 0.0298
vn 0.6873 -0.7257 0.0298
vn 0.9879 -0.1358 0.0754
vn 0.9953 0.0600 0.0760
vn 0.9757 -0.2060 0.0745
vn 0.9965 0.0341 0.0761
vn 0.9349 -0.3478 0.0714
vn 0.9970 0.0111 0.0761
vn 0.6567 0.7524 0.0501
vn 0.6567 -0.7524 0.0501
vn 0.9970 -0.0111 0.0761
vn 0.9349 0.3478 0.0714
vn 0.9965 -0.0341 0.0761
vn 0.9757 0.2060 0.0745
vn 0.9953 -0.0600 0.0760
vn 0.9879 0.1358 0.0754
vn 0.9929 -0.0919 0.0758
vn 0.9929 0.0919 0.0758
vn 0.9925 -0.0388 0.1164
vn 0.9659 0.2327 0.1132
vn 0.9909 -0.0682 0.1162
vn 0.9814 0.1539 0.1151
vn 0.9878 -0.1044 0.1158
vn 0.9878 0.1044 0.1158
vn 0.9814 -0.1539 0.1151
vn 0.9909 0.0682 0.1162
vn 0.9659 -0.2327 0.1132
vn 0.9925 0.0388 0.1164
vn 0.9152 -0.3884 0.1073
vn 0.9931 0.0126 0.1164
vn 0.6061 0.7922 0.0711
vn 0.6061 -0.7922 0.0711
vn 0.9931 -0.0126 0.1164
vn 0.9152 0.3884 0.1073
vn 0.9464 -0.2778 0.1647
vn 0.9841 0.0468 0.1713
vn 0.8778 -0.4540 0.1528
vn 0.9851 0.0152 0.1715
vn 0.5295 0.8433 0.0922
vn 0.5295 -0.8433 0.0922
vn 0.9851 -0.0152 0.1715
vn 0.8778 0.4540 0.1528
vn 0.9841 -0.0468 0.1713
vn 0.9464 0.2778 0.1647
vn 0.9818 -0.0823 0.1709
vn 0.9682 0.1851 0.1685
vn 0.9774 -0.1258 0.1701
vn 0.9774 0.1258 0.1701
vn 0.9682 -0.1851 0.1685
vn 0.9818 0.0823 0.1709
vn 0.9026 0.3565 0.2412
vn 0.9604 -0.1084 0.2567
vn 0.9376 0.2412 0.2506
vn 0.9528 -0.1651 0.2547
vn 0.9528 0.1651 0.2547
vn 0.9376 -0.2412 0.2506
vn 0.9604 0.1084 0.2567
vn 0.9026 -0.3565 0.2412
vn 0.9642 0.0618 0.2577
vn 0.8017 -0.5580 0.2143
vn 0.9659 0.0201 0.2582
vn 0.4201 0.9005 0.1123
vn 0.4201 -0.9005 0.1123
vn 0.9659 -0.0201 0.2582
vn 0.8017 0.5580 0.2143
vn 0.9642 -0.0618 0.2577
vn 0.9007 0.0937 0.4242
vn 0.6326 -0.7149 0.2979
vn 0.9043 0.0305 0.4259
vn 0.2738 0.9531 0.1290
vn 0.2738 -0.9531 0.1290
vn 0.9043 -0.0305 0.4259
vn 0.6326 0.7149 0.2979
vn 0.9007 -0.0937 0.4242
vn 0.7825 0.5019 0.3685
vn 0.8925 -0.1636 0.4203
vn 0.8463 0.3535 0.3985
vn 0.8767 -0.2467 0.4129
vn 0.8767 0.2467 0.4129
vn 0.8463 -0.3535 0.3985
vn 0.8925 0.1636 0.4203
vn 0.7825 -0.5019 0.3685
vn 0.5425 -0.2944 0.7868
vn 0.4645 0.5747 0.6738
vn 0.5131 -0.4276 0.7443
vn 0.5131 0.4276 0.7443
vn 0.4645 -0.5747 0.6738
vn 0.5425 0.2944 0.7868
vn 0.3860 -0.7332 0.5599
vn 0.5591 0.1722 0.8110
vn 0.2644 -0.8849 0.3835
vn 0.5667 0.0567 0.8220
vn 0.0957 0.9857 0.1387
vn 0.0957 -0.9857 0.1387
vn 0.5667 -0.0567 0.8220
vn 0.2644 0.8849 0.3835
vn 0.5591 -0.1722 0.8110
vn 0.3860 0.7332 0.5599
vn -0.2644 -0.8849 0.3835
vn -0.5667 0.0567 0.8220
vn -0.0957 0.9857 0.1387
vn -0.0957 -0.9857 0.1387
vn -0.5667 -0.0567 0.8220
vn -0.2644 0.8849 0.3835
vn -0.5591 -0.1722 0.8110
vn -0.3860 0.7332 0.5599
vn -0.5425 -0.2944 0.7868
vn -0.4645 0.5747 0.6738
vn -0.5131 -0.4276 0.7443
vn -0.5131 0.4276 0.7443
vn -0.4645 -0.5747 0.6738
vn -0.5425 0.2944 0.7868
vn -0.3860 -0.7332 0.5599
vn -0.5591 0.1722 0.8110
vn -0.8463 0.3535 0.3985
vn -0.8767 -0.2467 0.4129
vn -0.8767 0.2467 0.4129
vn -0.8463 -0.3535 0.3985
vn -0.8925 0.1636 0.4203
vn -0.7825 -0.5019 0.3685
vn -0.9007 0.0937 0.4242
vn -0.6326 -0.7149 0.2979
vn -0.9043 0.0305 0.4259
vn -0.2738 0.9531 0.1289
vn -0.2738 -0.9531 0.1290
vn -0.9043 -0.0305 0.4259
vn -0.6326 0.7149 0.2979
vn -0.9007 -0.0937 0.4242
vn -0.7825 0.5019 0.3685
vn -0.8925 -0.1636 0.4203
vn -0.9659 0.0201 0.2582
vn -0.4201 0.9005 0.1123
vn -0.4201 -0.9005 0.1123
vn -0.9659 -0.0201 0.2582
vn -0.8017 0.5580 0.2143
vn -0.9642 -0.0618 0.2577
vn -0.9026 0.3565 0.2412
vn -0.9604 -0.1084 0.2567
vn -0.9376 0.2412 0.2506
vn -0.9528 -0.1651 0.2547
vn -0.9528 0.1651 0.2547
vn -0.9376 -0.2412 0.2506
vn -0.9604 0.1084 0.2567
vn -0.9026 -0.3565 0.2412
vn -0.9642 0.0618 0.2577
vn -0.8017 -0.5580 0.2143
vn -0.9774 -0.1258 0.1701
vn -0.9774 0.1258 0.1701
vn -0.9682 -0.1851 0.1685
vn -0.9818 0.0823 0.1709
vn -0.9464 -0.2778 0.1647
vn -0.9841 0.0468 0.1713
vn -0.8778 -0.4540 0.1528
vn -0.9851 0.0152 0.1715
vn -0.5295 0.8433 0.0922
vn -0.5295 -0.8433 0.0922
vn -0.9851 -0.0152 0.1715
vn -0.8778 0.4540 0.1528
vn -0.9841 -0.0468 0.1713
vn -0.9464 0.2778 0.1647
vn -0.9818 -0.0823 0.1709
vn -0.9682 0.1851 0.1685
vn -0.6061 -0.7922 0.0711
vn -0.9931 -0.0126 0.1164
vn -0.9152 0.3884 0.1073
vn -0.9925 -0.0388 0.1164
vn -0.9659 0.2327 0.1132
vn -0.9909 -0.0682 0.1162
vn -0.9814 0.1539 0.1151
vn -0.9878 -0.1044 0.1158
vn -0.9878 0.1044 0.1158
vn -0.9814 -0.1539 0.1151
vn -0.9909 0.0682 0.1162
vn -0.9659 -0.2327 0.1132
vn -0.9925 0.0388 0.1164
vn -0.9152 -0.3884 0.1073
vn -0.9931 0.0126 0.1164
vn -0.6061 0.7922 0.0711
vn -0.9879 -0.1358 0.0754
vn -0.9953 0.0600 0.0760
vn -0.9757 -0.2060 0.0745
vn -0.9965 0.0341 0.0761
vn -0.9349 -0.3478 0.0714
vn -0.9970 0.0111 0.0761
vn -0.6567 0.7524 0.0501
vn -0.6567 -0.7524 0.0501
vn -0.9970 -0.0111 0.0761
vn -0.9349 0.3478 0.0714
vn -0.9965 -0.0341 0.0761
vn -0.9757 0.2060 0.0745
vn -0.9953 -0.0600 0.0760
vn -0.9879 0.1358 0.0754
vn -0.9929 -0.0919 0.0758
vn -0.9929 0.0919 0.0758
vn -0.9452 0.3240 0.0410
vn -0.9986 -0.0315 0.0433
vn -0.9807 0.1908 0.0425
vn -0.9975 -0.0554 0.0432
vn -0.9912 0.1256 0.0430
vn -0.9955 -0.0850 0.0431
vn -0.9955 0.0850 0.0431
vn -0.9912 -0.1256 0.0430
vn -0.9975 0.0554 0.0432
vn -0.9807 -0.1908 0.0425
vn -0.9986 0.0315 0.0433
vn -0.9452 -0.3240 0.0410
vn -0.9990 0.0102 0.0433
vn -0.6873 0.7257 0.0298
vn -0.6873 -0.7257 0.0298
vn -0.9990 -0.0102 0.0433
vn -0.9985 0.0534 0.0140
vn -0.9829 -0.1839 0.0138
vn -0.9994 0.0303 0.0141
vn -0.9496 -0.3131 0.0134
vn -0.9999 0.0098 0.0141
vn -0.7017 0.7124 0.0099
vn -0.7017 -0.7124 0.0099
vn -0.9999 -0.0098 0.0141
vn -0.9496 0.3131 0.0134
vn -0.9994 -0.0303 0.0141
vn -0.9829 0.1839 0.0138
vn -0.9985 -0.0534 0.0140
vn -0.9926 0.1209 0.0140
vn -0.9966 -0.0818 0.0140
vn -0.9966 0.0818 0.0140
vn -0.9926 -0.1209 0.0140
vn -0.9994 -0.0303 -0.0141
vn -0.9829 0.1839 -0.0138
vn -0.9985 -0.0534 -0.0140
vn -0.9926 0.1209 -0.0140
vn -0.9966 -0.0818 -0.0140
vn -0.9966 0.0818 -0.0140
vn -0.9926 -0.1209 -0.0140
vn -0.9985 0.0534 -0.0140
vn -0.9829 -0.1839 -0.0138
vn -0.9994 0.0303 -0.0141
vn -0.9496 -0.3131 -0.0134
vn -0.9999 0.0098 -0.0141
vn -0.7017 0.7124 -0.0099
vn -0.7017 -0.7124 -0.0099
vn -0.9999 -0.0098 -0.0141
vn -0.9496 0.3131 -0.0134
vn -0.9807 -0.1908 -0.0425
vn -0.9986 0.0315 -0.0433
vn -0.9452 -0.3240 -0.0410
vn -0.9990 0.0102 -0.0433
vn -0.6873 0.7257 -0.0298
vn -0.6873 -0.7257 -0.0298
vn -0.9990 -0.0102 -0.0433
vn -0.9452 0.3240 -0.0410
vn -0.9986 -0.0315 -0.0433
vn -0.9807 0.1908 -0.0425
vn -0.9975 -0.0554 -0.0432
vn -0.9912 0.1256 -0.0430
vn -0.9955 -0.0850 -0.0431
vn -0.9955 0.0850 -0.0431
vn -0.9912 -0.1256 -0.0430
vn -0.9975 0.0554 -0.0432
vn -0.9757 0.2060 -0.0745
vn -0.9953 -0.0600 -0.0760
vn -0.9879 0.1358 -0.0754
vn -0.9929 -0.0919 -0.0758
vn -0.9929 0.0919 -0.0758
vn -0.9879 -0.1358 -0.0754
vn -0.9953 0.0600 -0.0760
vn -0.9757 -0.2060 -0.0745
vn -0.9965 0.0341 -0.0761
vn -0.9349 -0.3478 -0.0714
vn -0.9970 0.0111 -0.0761
vn -0.6567 0.7524 -0.0501
vn -0.6567 -0.7524 -0.0501
vn -0.9970 -0.0111 -0.0761
vn -0.9349 0.3478 -0.0714
vn -0.9965 -0.0341 -0.0761
vn -0.9925 0.0388 -0.1164
vn -0.9152 -0.3884 -0.1073
vn -0.9931 0.0126 -0.1164
vn -0.6061 0.7922 -0.0711
vn -0.6061 -0.7922 -0.0711
vn -0.9931 -0.0126 -0.1164
vn -0.9152 0.3884 -0.1073
vn -0.9925 -0.0388 -0.1164
vn -0.9659 0.2327 -0.1132
vn -0.9909 -0.0682 -0.1162
vn -0.9814 0.1539 -0.1151
vn -0.9878 -0.1044 -0.1158
vn -0.9878 0.1044 -0.1158
vn -0.9814 -0.1539 -0.1151
vn -0.9909 0.0682 -0.1162
vn -0.9659 -0.2327 -0.1132
vn -0.9818 -0.0823 -0.1709
vn -0.9682 0.1851 -0.1685
vn -0.9774 -0.1258 -0.1701
vn -0.9774 0.1258 -0.1701
vn -0.9682 -0.1851 -0.1685
vn -0.9818 0.0823 -0.1709
vn -0.9464 -0.2778 -0.1647
vn -0.9841 0.0468 -0.1713
vn -0.8778 -0.4540 -0.1528
vn -0.9851 0.0152 -0.1715
vn -0.5295 0.8433 -0.0922
vn -0.5295 -0.8433 -0.0922
vn -0.9851 -0.0152 -0.1715
vn -0.8778 0.4540 -0.1528
vn -0.9841 -0.0468 -0.1713
vn -0.9464 0.2778 -0.1647
vn -0.8017 -0.5580 -0.2143
vn -0.9659 0.0201 -0.2582
vn -0.4201 0.9005 -0.1123
vn -0.4201 -0.9005 -0.1123
vn -0.9659 -0.0201 -0.2582
vn -0.8017 0.5580 -0.2143
vn -0.9642 -0.0618 -0.2577
vn -0.9026 0.3565 -0.2412
vn -0.9604 -0.1084 -0.2567
vn -0.9376 0.2412 -0.2506
vn -0.9528 -0.1651 -0.2547
vn -0.9528 0.1651 -0.2547
vn -0.9376 -0.2412 -0.2506
vn -0.9604 0.1084 -0.2567
vn -0.9026 -0.3565 -0.2412
vn -0.9642 0.0618 -0.2577
vn -0.8767 -0.2467 -0.4129
vn -0.8767 0.2467 -0.4129
vn -0.8463 -0.3535 -0.3985
vn -0.8925 0.1636 -0.4203
vn -0.7825 -0.5019 -0.3685
vn -0.9007 0.0937 -0.4242
vn -0.6326 -0.7149 -0.2979
vn -0.9043 0.0305 -0.4259
vn -0.2738 0.9531 -0.1290
vn -0.2738 -0.9531 -0.1290
vn -0.9043 -0.0305 -0.4259
vn -0.6326 0.7149 -0.2979
vn -0.9007 -0.0937 -0.4242
vn -0.7825 0.5019 -0.3685
vn -0.8925 -0.1636 -0.4203
vn -0.8463 0.3535 -0.3985
vn -0.0957 0.9857 -0.1387
vn -0.0957 -0.9857 -0.1387
vn -0.5667 -0.0567 -0.8220
vn -0.2644 0.8849 -0.3835
vn -0.5591 -0.1722 -0.8110
vn -0.3860 0.7332 -0.5599
vn -0.5425 -0.2944 -0.7868
vn -0.4645 0.5747 -0.6738
vn -0.5131 -0.4276 -0.7442
vn -0.5131 0.4276 -0.7442
vn -0.4645 -0.5747 -0.6738
vn -0.5425 0.2944 -0.7868
vn -0.3860 -0.7332 -0.5599
vn -0.5591 0.1722 -0.8110
vn -0.2644 -0.8849 -0.3835
vn -0.5667 0.0567 -0.8220
vn 0.0909 0.6905 -0.7176
vn 0.0360 -0.9580 -0.2845
vn 0.1105 0.4763 -0.8723
vn 0.0210 -0.9859 -0.1661
vn 0.1237 0.1732 -0.9771
vn 0.0069 0.9985 -0.0546
vn 0.0069 -0.9985 -0.0546
vn 0.1237 -0.1732 -0.9771
vn 0.0210 0.9859 -0.1661
vn 0.1105 -0.4763 -0.8723
vn 0.0360 0.9580 -0.2845
vn 0.0909 -0.6905 -0.7176
vn 0.0525 0.9086 -0.4143
vn 0.0708 -0.8260 -0.5592
vn 0.0708 0.8260 -0.5592
vn 0.0525 -0.9086 -0.4143
vn 0.2081 0.8197 -0.5336
vn 0.1547 -0.9048 -0.3967
vn 0.2658 0.6819 -0.6815
vn 0.1065 -0.9561 -0.2730
vn 0.3212 0.4676 -0.8235
vn 0.0623 -0.9852 -0.1597
vn 0.3581 0.1693 -0.9182
vn 0.0205 0.9984 -0.0525
vn 0.0205 -0.9984 -0.0525
vn 0.3581 -0.1693 -0.9182
vn 0.0623 0.9852 -0.1597
vn 0.3212 -0.4676 -0.8235
vn 0.1065 0.9561 -0.2730
vn 0.2658 -0.6819 -0.6815
vn 0.1547 0.9048 -0.3967
vn 0.2081 -0.8197 -0.5336
vn 0.5588 -0.1627 -0.8132
vn 0.1010 0.9840 -0.1470
vn 0.5050 -0.4528 -0.7348
vn 0.1723 0.9526 -0.2507
vn 0.4221 -0.6668 -0.6142
vn 0.2493 0.8979 -0.3628
vn 0.3333 -0.8085 -0.4850
vn 0.3333 0.8085 -0.4850
vn 0.2493 -0.8979 -0.3628
vn 0.4221 0.6668 -0.6142
vn 0.1723 -0.9526 -0.2507
vn 0.5050 0.4528 -0.7348
vn 0.1010 -0.9840 -0.1470
vn 0.5588 0.1627 -0.8132
vn 0.0333 0.9983 -0.0484
vn 0.0333 -0.9983 -0.0484
vn 0.3322 -0.8891 -0.3149
vn 0.5525 0.6486 -0.5236
vn 0.2308 -0.9481 -0.2187
vn 0.6534 0.4353 -0.6193
vn 0.1357 -0.9824 -0.1286
vn 0.7170 0.1551 -0.6796
vn 0.0448 0.9981 -0.0424
vn 0.0448 -0.9981 -0.0424
vn 0.7170 -0.1551 -0.6796
vn 0.1357 0.9824 -0.1286
vn 0.6534 -0.4353 -0.6193
vn 0.2308 0.9481 -0.2187
vn 0.5525 -0.6486 -0.5236
vn 0.3322 0.8891 -0.3149
vn 0.4408 -0.7945 -0.4177
vn 0.4408 0.7945 -0.4177
vn 0.1650 0.9806 -0.1053
vn 0.7655 -0.4186 -0.4886
vn 0.2798 0.9433 -0.1786
vn 0.6543 -0.6304 -0.4177
vn 0.4006 0.8798 -0.2557
vn 0.5274 -0.7801 -0.3366
vn 0.5274 0.7801 -0.3366
vn 0.4006 -0.8798 -0.2557
vn 0.6543 0.6304 -0.4177
vn 0.2798 -0.9433 -0.1786
vn 0.7655 0.4186 -0.4886
vn 0.1650 -0.9806 -0.1053
vn 0.8336 0.1480 -0.5321
vn 0.0545 0.9979 -0.0348
vn 0.0545 -0.9979 -0.0348
vn 0.8336 -0.1480 -0.5321
vn 0.7282 0.6149 -0.3027
vn 0.3177 -0.9390 -0.1321
vn 0.8444 0.4047 -0.3510
vn 0.1880 -0.9791 -0.0782
vn 0.9140 0.1422 -0.3800
vn 0.0622 0.9977 -0.0259
vn 0.0622 -0.9977 -0.0259
vn 0.9140 -0.1422 -0.3800
vn 0.1880 0.9791 -0.0782
vn 0.8444 -0.4047 -0.3510
vn 0.3177 0.9390 -0.1321
vn 0.7282 -0.6149 -0.3027
vn 0.4528 0.8715 -0.1882
vn 0.5920 -0.7675 -0.2461
vn 0.5920 0.7675 -0.2461
vn 0.4528 -0.8715 -0.1882
vn 0.8942 -0.3949 -0.2110
vn 0.3435 0.9357 -0.0810
vn 0.7758 -0.6038 -0.1831
vn 0.4878 0.8654 -0.1151
vn 0.6346 -0.7582 -0.1497
vn 0.6346 0.7582 -0.1497
vn 0.4878 -0.8654 -0.1151
vn 0.7758 0.6038 -0.1831
vn 0.3435 -0.9357 -0.0810
vn 0.8942 0.3949 -0.2110
vn 0.2037 -0.9778 -0.0481
vn 0.9639 0.1382 -0.2274
vn 0.0675 0.9976 -0.0159
vn 0.0675 -0.9976 -0.0159
vn 0.9639 -0.1382 -0.2274
vn 0.2037 0.9778 -0.0481
vn 0.3565 -0.9339 -0.0273
vn 0.9182 0.3899 -0.0703
vn 0.2117 -0.9772 -0.0162
vn 0.9878 0.1362 -0.0757
vn 0.0702 0.9975 -0.0054
vn 0.0702 -0.9975 -0.0054
vn 0.9878 -0.1362 -0.0757
vn 0.2117 0.9772 -0.0162
vn 0.9182 -0.3899 -0.0703
vn 0.3565 0.9339 -0.0273
vn 0.7991 -0.5980 -0.0612
vn 0.5053 0.8621 -0.0387
vn 0.6557 -0.7534 -0.0502
vn 0.6557 0.7534 -0.0502
vn 0.5053 -0.8621 -0.0387
vn 0.7991 0.5980 -0.0612
vn 0.7991 -0.5980 0.0612
vn 0.5053 0.8621 0.0387
vn 0.6557 -0.7534 0.0502
vn 0.6557 0.7534 0.0502
vn 0.5053 -0.8621 0.0387
vn 0.7991 0.5980 0.0612
vn 0.3565 -0.9339 0.0273
vn 0.9182 0.3899 0.0703
vn 0.2117 -0.9772 0.0162
vn 0.9878 0.1362 0.0757
vn 0.0702 0.9975 0.0054
vn 0.0702 -0.9975 0.0054
vn 0.9878 -0.1362 0.0757
vn 0.2117 0.9772 0.0162
vn 0.9182 -0.3899 0.0703
vn 0.3565 0.9339 0.0273
vn 0.2037 -0.9778 0.0481
vn 0.9639 0.1382 0.2274
vn 0.0675 0.9976 0.0159
vn 0.0675 -0.9976 0.0159
vn 0.9639 -0.1382 0.2274
vn 0.2037 0.9778 0.0481
vn 0.8942 -0.3949 0.2110
vn 0.3435 0.9357 0.0810
vn 0.7758 -0.6038 0.1831
vn 0.4878 0.8654 0.1151
vn 0.6346 -0.7582 0.1497
vn 0.6346 0.7582 0.1497
vn 0.4878 -0.8654 0.1151
vn 0.7758 0.6038 0.1831
vn 0.3435 -0.9357 0.0810
vn 0.8942 0.3949 0.2110
vn 0.4528 0.8715 0.1882
vn 0.5920 -0.7675 0.2461
vn 0.5920 0.7675 0.2461
vn 0.4528 -0.8715 0.1882
vn 0.7282 0.6149 0.3027
vn 0.3177 -0.9390 0.1321
vn 0.8444 0.4047 0.3510
vn 0.1880 -0.9791 0.0782
vn 0.9140 0.1422 0.3800
vn 0.0622 0.9977 0.0259
vn 0.0622 -0.9977 0.0259
vn 0.9140 -0.1422 0.3800
vn 0.1880 0.9791 0.0782
vn 0.8444 -0.4047 0.3510
vn 0.3177 0.9390 0.1321
vn 0.7282 -0.6149 0.3027
vn 0.8336 0.1480 0.5321
vn 0.0545 0.9979 0.0348
vn 0.0545 -0.9979 0.0348
vn 0.8336 -0.1480 0.5321
vn 0.1650 0.9806 0.1053
vn 0.7655 -0.4186 0.4886
vn 0.2797 0.9433 0.1786
vn 0.6543 -0.6304 0.4177
vn 0.4006 0.8798 0.2557
vn 0.5274 -0.7801 0.3366
vn 0.5274 0.7801 0.3366
vn 0.4006 -0.8798 0.2557
vn 0.6543 0.6304 0.4177
vn 0.2797 -0.9433 0.1786
vn 0.7655 0.4186 0.4886
vn 0.1650 -0.9806 0.1053
vn 0.4408 -0.7945 0.4177
vn 0.4408 0.7945 0.4177
vn 0.3322 -0.8891 0.3149
vn 0.5525 0.6486 0.5236
vn 0.2308 -0.9481 0.2187
vn 0.6534 0.4353 0.6193
vn 0.1357 -0.9824 0.1286
vn 0.7170 0.1551 0.6796
vn 0.0448 0.9981 0.0424
vn 0.0448 -0.9981 0.0424
vn 0.7170 -0.1551 0.6796
vn 0.1357 0.9824 0.1286
vn 0.6534 -0.4353 0.6193
vn 0.2308 0.9481 0.2187
vn 0.5525 -0.6486 0.5236
vn 0.3322 0.8891 0.3149
vn 0.0333 0.9983 0.0484
vn 0.0333 -0.9983 0.0484
vn 0.5588 -0.1627 0.8132
vn 0.1010 0.9840 0.1470
vn 0.5050 -0.4528 0.7348
vn 0.1723 0.9526 0.2507
vn 0.4221 -0.6668 0.6142
vn 0.2493 0.8979 0.3628
vn 0.3333 -0.8085 0.4850
vn 0.3333 0.8085 0.4850
vn 0.2493 -0.8979 0.3628
vn 0.4221 0.6668 0.6142
vn 0.1723 -0.9526 0.2507
vn 0.5050 0.4528 0.7348
vn 0.1010 -0.9840 0.1470
vn 0.5588 0.1627 0.8132
vn 0.2081 0.8197 0.5336
vn 0.1547 -0.9048 0.3967
vn 0.2658 0.6819 0.6815
vn 0.1065 -0.9561 0.2730
vn 0.3212 0.4676 0.8235
vn 0.0623 -0.9852 0.1597
vn 0.3581 0.1693 0.9182
vn 0.0205 0.9984 0.0525
vn 0.0205 -0.9984 0.0525
vn 0.3581 -0.1693 0.9182
vn 0.0623 0.9852 0.1597
vn 0.3212 -0.4676 0.8235
vn 0.1065 0.9561 0.2730
vn 0.2658 -0.6819 0.6815
vn 0.1547 0.9048 0.3967
vn 0.2081 -0.8197 0.5336
vn 0.1237 -0.1732 0.9771
vn 0.0210 0.9859 0.1661
vn 0.1105 -0.4763 0.8723
vn 0.0360 0.9580 0.2845
vn 0.0909 -0.6905 0.7176
vn 0.0525 0.9086 0.4143
vn 0.0708 -0.8260 0.5592
vn 0.0708 0.8260 0.5592
vn 0.0525 -0.9086 0.4143
vn 0.0909 0.6905 0.7176
vn 0.0360 -0.9580 0.2845
vn 0.1105 0.4763 0.8723
vn 0.0210 -0.9859 0.1661
vn 0.1237 0.1732 0.9771
vn 0.0069 0.9985 0.0546
vn 0.0069 -0.9985 0.0546
vn -0.0525 -0.9086 0.4143
vn -0.0909 0.6905 0.7176
vn -0.0360 -0.9580 0.2845
vn -0.1105 0.4763 0.8723
vn -0.0210 -0.9859 0.1661
vn -0.1237 0.1732 0.9771
vn -0.0069 0.9985 0.0546
vn -0.0069 -0.9985 0.0546
vn -0.1237 -0.1732 0.9771
vn -0.0210 0.9859 0.1661
vn -0.1105 -0.4763 0.8723
vn -0.0360 0.9580 0.2845
vn -0.0909 -0.6905 0.7176
vn -0.0525 0.9086 0.4143
vn -0.0708 -0.8260 0.5592
vn -0.0708 0.8260 0.5592
vn -0.3212 -0.4676 0.8235
vn -0.1065 0.9561 0.2730
vn -0.2658 -0.6819 0.6815
vn -0.1547 0.9048 0.3967
vn -0.2081 -0.8197 0.5336
vn -0.2081 0.8197 0.5336
vn -0.1547 -0.9048 0.3967
vn -0.2658 0.6819 0.6815
vn -0.1065 -0.9561 0.2730
vn -0.3212 0.4676 0.8235
vn -0.0623 -0.9852 0.1597
vn -0.3581 0.1693 0.9182
vn -0.0205 0.9984 0.0525
vn -0.0205 -0.9984 0.0525
vn -0.3581 -0.1693 0.9182
vn -0.0623 0.9852 0.1597
vn -0.1723 -0.9526 0.2507
vn -0.5050 0.4528 0.7348
vn -0.1010 -0.9840 0.1470
vn -0.5588 0.1627 0.8132
vn -0.0333 0.9983 0.0484
vn -0.0333 -0.9983 0.0484
vn -0.5588 -0.1627 0.8132
vn -0.1010 0.9840 0.1470
vn -0.5050 -0.4528 0.7348
vn -0.1723 0.9526 0.2507
vn -0.4221 -0.6668 0.6142
vn -0.2493 0.8979 0.3628
vn -0.3333 -0.8085 0.4850
vn -0.3333 0.8085 0.4850
vn -0.2493 -0.8979 0.3628
vn -0.4221 0.6668 0.6142
vn -0.2308 0.9481 0.2187
vn -0.5525 -0.6486 0.5236
vn -0.3322 0.8891 0.3149
vn -0.4408 -0.7945 0.4177
vn -0.4408 0.7945 0.4177
vn -0.3322 -0.8891 0.3149
vn -0.5525 0.6486 0.5236
vn -0.2308 -0.9481 0.2187
vn -0.6534 0.4353 0.6193
vn -0.1357 -0.9824 0.1286
vn -0.7170 0.1551 0.6796
vn -0.0448 0.9981 0.0424
vn -0.0448 -0.9981 0.0424
vn -0.7170 -0.1551 0.6796
vn -0.1357 0.9824 0.1286
vn -0.6534 -0.4353 0.6193
vn -0.7655 0.4186 0.4886
vn -0.1650 -0.9806 0.1053
vn -0.8336 0.1480 0.5321
vn -0.0545 0.9979 0.0348
vn -0.0545 -0.9979 0.0348
vn -0.8336 -0.1480 0.5321
vn -0.1650 0.9806 0.1053
vn -0.7655 -0.4186 0.4886
vn -0.2798 0.9433 0.1786
vn -0.6543 -0.6304 0.4177
vn -0.4006 0.8798 0.2557
vn -0.5274 -0.7801 0.3366
vn -0.5274 0.7801 0.3366
vn -0.4006 -0.8798 0.2557
vn -0.6543 0.6304 0.4177
vn -0.2798 -0.9433 0.1786
vn -0.7282 -0.6149 0.3027
vn -0.4528 0.8715 0.1882
vn -0.5920 -0.7675 0.2461
vn -0.5920 0.7675 0.2461
vn -0.4528 -0.8715 0.1882
vn -0.7282 0.6149 0.3027
vn -0.3177 -0.9390 0.1321
vn -0.8444 0.4047 0.3510
vn -0.1880 -0.9791 0.0782
vn -0.9140 0.1422 0.3800
vn -0.0622 0.9977 0.0259
vn -0.0622 -0.9977 0.0259
vn -0.9140 -0.1422 0.3800
vn -0.1880 0.9791 0.0782
vn -0.8444 -0.4047 0.3510
vn -0.3177 0.9390 0.1321
vn -0.2037 -0.9778 0.0481
vn -0.9639 0.1382 0.2274
vn -0.0675 0.9976 0.0159
vn -0.0675 -0.9976 0.0159
vn -0.9639 -0.1382 0.2274
vn -0.2037 0.9778 0.0481
vn -0.8942 -0.3949 0.2110
vn -0.3435 0.9357 0.0810
vn -0.7758 -0.6038 0.1831
vn -0.4878 0.8654 0.1151
vn -0.6346 -0.7582 0.1497
vn -0.6346 0.7582 0.1497
vn -0.4878 -0.8654 0.1151
vn -0.7758 0.6038 0.1831
vn -0.3435 -0.9357 0.0810
vn -0.8942 0.3949 0.2110
vn -0.5053 0.8621 0.0387
vn -0.6557 -0.7534 0.0502
vn -0.6557 0.7534 0.0502
vn -0.5053 -0.8621 0.0387
vn -0.7991 0.5980 0.0612
vn -0.3565 -0.9339 0.0273
vn -0.9182 0.3899 0.0703
vn -0.2117 -0.9772 0.0162
vn -0.9878 0.1362 0.0757
vn -0.0702 0.9975 0.0054
vn -0.0702 -0.9975 0.0054
vn -0.9878 -0.1362 0.0757
vn -0.2117 0.9772 0.0162
vn -0.9182 -0.3899 0.0703
vn -0.3565 0.9339 0.0273
vn -0.7991 -0.5980 0.0612
vn -0.9878 0.1362 -0.0757
vn -0.0702 0.9975 -0.0054
vn -0.0702 -0.9975 -0.0054
vn -0.9878 -0.1362 -0.0757
vn -0.2117 0.9772 -0.0162
vn -0.9182 -0.3899 -0.0703
vn -0.3565 0.9339 -0.0273
vn -0.7991 -0.5980 -0.0612
vn -0.5053 0.8621 -0.0387
vn -0.6557 -0.7534 -0.0502
vn -0.6557 0.7534 -0.0502
vn -0.5053 -0.8621 -0.0387
vn -0.7991 0.5980 -0.0612
vn -0.3565 -0.9339 -0.0273
vn -0.9182 0.3899 -0.0703
vn -0.2117 -0.9772 -0.0162
vn -0.6346 -0.7582 -0.1497
vn -0.6346 0.7582 -0.1497
vn -0.4878 -0.8654 -0.1151
vn -0.7758 0.6038 -0.1831
vn -0.3435 -0.9357 -0.0810
vn -0.8942 0.3949 -0.2110
vn -0.2037 -0.9778 -0.0481
vn -0.9639 0.1382 -0.2274
vn -0.0675 0.9976 -0.0159
vn -0.0675 -0.9976 -0.0159
vn -0.9639 -0.1382 -0.2274
vn -0.2037 0.9778 -0.0481
vn -0.8942 -0.3949 -0.2110
vn -0.3435 0.9357 -0.0810
vn -0.7758 -0.6038 -0.1831
vn -0.4878 0.8654 -0.1151
vn -0.0622 -0.9977 -0.0259
vn -0.9140 -0.1422 -0.3800
vn -0.1880 0.9791 -0.0782
vn -0.8444 -0.4047 -0.3510
vn -0.3177 0.9390 -0.1321
vn -0.7282 -0.6149 -0.3027
vn -0.4528 0.8715 -0.1882
vn -0.5920 -0.7675 -0.2461
vn -0.5920 0.7675 -0.2461
vn -0.4528 -0.8715 -0.1882
vn -0.7282 0.6149 -0.3027
vn -0.3177 -0.9390 -0.1321
vn -0.8444 0.4047 -0.3510
vn -0.1880 -0.9791 -0.0782
vn -0.9140 0.1422 -0.3800
vn -0.0622 0.9977 -0.0259
vn -0.4006 -0.8798 -0.2557
vn -0.6543 0.6304 -0.4177
vn -0.2798 -0.9433 -0.1786
vn -0.7655 0.4186 -0.4886
vn -0.1650 -0.9806 -0.1053
vn -0.8336 0.1480 -0.5321
vn -0.0545 0.9979 -0.0348
vn -0.0545 -0.9979 -0.0348
vn -0.8336 -0.1480 -0.5321
vn -0.1650 0.9806 -0.1053
vn -0.7655 -0.4186 -0.4886
vn -0.2798 0.9433 -0.1786
vn -0.6543 -0.6304 -0.4177
vn -0.4006 0.8798 -0.2557
vn -0.5274 -0.7801 -0.3366
vn -0.5274 0.7801 -0.3366
vn -0.1357 0.9824 -0.1286
vn -0.6534 -0.4353 -0.6193
vn -0.2308 0.9481 -0.2187
vn -0.5525 -0.6486 -0.5236
vn -0.3322 0.8891 -0.3149
vn -0.4408 -0.7945 -0.4178
vn -0.4408 0.7945 -0.4178
vn -0.3322 -0.8891 -0.3149
vn -0.5525 0.6486 -0.5236
vn -0.2308 -0.9481 -0.2187
vn -0.6534 0.4353 -0.6193
vn -0.1357 -0.9824 -0.1286
vn -0.7170 0.1551 -0.6796
vn -0.0448 0.9981 -0.0424
vn -0.0448 -0.9981 -0.0424
vn -0.7170 -0.1551 -0.6796
vn -0.4221 0.6668 -0.6142
vn -0.1723 -0.9526 -0.2507
vn -0.5050 0.4528 -0.7348
vn -0.1010 -0.9840 -0.1470
vn -0.5588 0.1627 -0.8132
vn -0.0333 0.9983 -0.0484
vn -0.0333 -0.9983 -0.0484
vn -0.5588 -0.1627 -0.8132
vn -0.1010 0.9840 -0.1470
vn -0.5050 -0.4528 -0.7348
vn -0.1723 0.9526 -0.2507
vn -0.4221 -0.6668 -0.6142
vn -0.2493 0.8979 -0.3628
vn -0.3333 -0.8085 -0.4850
vn -0.3333 0.8085 -0.4850
vn -0.2493 -0.8979 -0.3628
vn -0.3212 -0.4676 -0.8235
vn -0.1065 0.9561 -0.2730
vn -0.2658 -0.6819 -0.6815
vn -0.1547 0.9048 -0.3967
vn -0.2081 -0.8197 -0.5336
vn -0.2081 0.8197 -0.5336
vn -0.1547 -0.9048 -0.3967
vn -0.2658 0.6819 -0.6815
vn -0.1065 -0.9561 -0.2730
vn -0.3212 0.4676 -0.8235
vn -0.0623 -0.9852 -0.1597
vn -0.3581 0.1693 -0.9182
vn -0.0205 0.9984 -0.0525
vn -0.0205 -0.9984 -0.0525
vn -0.3581 -0.1693 -0.9182
vn -0.0623 0.9852 -0.1597
vn -0.0360 -0.9580 -0.2845
vn -0.1105 0.4763 -0.8723
vn -0.0210 -0.9859 -0.1661
vn -0.1237 0.1732 -0.9771
vn -0.0069 0.9985 -0.0546
vn -0.0069 -0.9985 -0.0546
vn -0.1237 -0.1732 -0.9771
vn -0.0210 0.9859 -0.1661
vn -0.1105 -0.4763 -0.8723
vn -0.0360 0.9580 -0.2845
vn -0.0909 -0.6905 -0.7176
vn -0.0525 0.9086 -0.4143
vn -0.0708 -0.8260 -0.5592
vn -0.0708 0.8260 -0.5592
vn -0.0525 -0.9086 -0.4143
vn -0.0909 0.6905 -0.7176
vn 0.0975 -0.1029 -0.9899
vn 0.0980 0.0168 -0.9950
vn 0.0964 -0.1793 -0.9791
vn 0.0980 0.0054 -0.9952
vn 0.0855 0.4895 -0.8678
vn 0.0855 -0.4895 -0.8678
vn 0.0980 -0.0054 -0.9952
vn 0.0964 0.1793 -0.9791
vn 0.0980 -0.0168 -0.9950
vn 0.0975 0.1029 -0.9899
vn 0.0980 -0.0295 -0.9948
vn 0.0978 0.0672 -0.9929
vn 0.0979 -0.0453 -0.9942
vn 0.0979 0.0453 -0.9942
vn 0.0978 -0.0672 -0.9929
vn 0.0980 0.0295 -0.9948
vn 0.2896 -0.0672 -0.9548
vn 0.2902 0.0295 -0.9565
vn 0.2887 -0.1029 -0.9519
vn 0.2902 0.0168 -0.9568
vn 0.2856 -0.1793 -0.9414
vn 0.2903 0.0054 -0.9569
vn 0.2531 0.4895 -0.8345
vn 0.2531 -0.4895 -0.8345
vn 0.2903 -0.0054 -0.9569
vn 0.2856 0.1793 -0.9414
vn 0.2902 -0.0168 -0.9568
vn 0.2887 0.1029 -0.9519
vn 0.2902 -0.0295 -0.9565
vn 0.2896 0.0672 -0.9548
vn 0.2900 -0.0453 -0.9560
vn 0.2900 0.0453 -0.9560
vn 0.4638 0.1793 -0.8676
vn 0.4713 -0.0168 -0.8818
vn 0.4689 0.1029 -0.8772
vn 0.4712 -0.0295 -0.8815
vn 0.4703 0.0672 -0.8799
vn 0.4709 -0.0453 -0.8810
vn 0.4709 0.0453 -0.8810
vn 0.4703 -0.0672 -0.8799
vn 0.4712 0.0295 -0.8815
vn 0.4689 -0.1029 -0.8772
vn 0.4713 0.0168 -0.8818
vn 0.4638 -0.1793 -0.8676
vn 0.4714 0.0054 -0.8819
vn 0.4110 0.4895 -0.7690
vn 0.4110 -0.4895 -0.7690
vn 0.4714 -0.0054 -0.8819
vn 0.6341 0.0295 -0.7727
vn 0.6310 -0.1029 -0.7689
vn 0.6343 0.0168 -0.7729
vn 0.6241 -0.1793 -0.7605
vn 0.6344 0.0054 -0.7730
vn 0.5532 0.4895 -0.6741
vn 0.5532 -0.4895 -0.6741
vn 0.6344 -0.0054 -0.7730
vn 0.6241 0.1793 -0.7605
vn 0.6343 -0.0168 -0.7729
vn 0.6310 0.1029 -0.7689
vn 0.6341 -0.0295 -0.7727
vn 0.6330 0.0672 -0.7713
vn 0.6337 -0.0453 -0.7722
vn 0.6337 0.0453 -0.7722
vn 0.6330 -0.0672 -0.7713
vn 0.7729 -0.0168 -0.6343
vn 0.7689 0.1029 -0.6310
vn 0.7727 -0.0295 -0.6341
vn 0.7713 0.0672 -0.6330
vn 0.7722 -0.0453 -0.6337
vn 0.7722 0.0453 -0.6337
vn 0.7713 -0.0672 -0.6330
vn 0.7727 0.0295 -0.6341
vn 0.7689 -0.1029 -0.6310
vn 0.7729 0.0168 -0.6343
vn 0.7605 -0.1793 -0.6241
vn 0.7730 0.0054 -0.6344
vn 0.6741 0.4895 -0.5532
vn 0.6741 -0.4895 -0.5532
vn 0.7730 -0.0054 -0.6344
vn 0.7605 0.1793 -0.6241
vn 0.8772 -0.1029 -0.4689
vn 0.8818 0.0168 -0.4713
vn 0.8676 -0.1793 -0.4638
vn 0.8819 0.0054 -0.4714
vn 0.7690 0.4895 -0.4111
vn 0.7690 -0.4895 -0.4111
vn 0.8819 -0.0054 -0.4714
vn 0.8676 0.1793 -0.4638
vn 0.8818 -0.0168 -0.4713
vn 0.8772 0.1029 -0.4689
vn 0.8815 -0.0295 -0.4712
vn 0.8799 0.0672 -0.4703
vn 0.8810 -0.0453 -0.4709
vn 0.8810 0.0453 -0.4709
vn 0.8799 -0.0672 -0.4703
vn 0.8815 0.0295 -0.4712
vn 0.9519 0.1029 -0.2887
vn 0.9565 -0.0295 -0.2902
vn 0.9548 0.0672 -0.2896
vn 0.9560 -0.0453 -0.2900
vn 0.9560 0.0453 -0.2900
vn 0.9548 -0.0672 -0.2896
vn 0.9565 0.0295 -0.2902
vn 0.9519 -0.1029 -0.2887
vn 0.9568 0.0168 -0.2902
vn 0.9414 -0.1793 -0.2856
vn 0.9569 0.0054 -0.2903
vn 0.8345 0.4895 -0.2531
vn 0.8345 -0.4895 -0.2531
vn 0.9569 -0.0054 -0.2903
vn 0.9414 0.1793 -0.2856
vn 0.9568 -0.0168 -0.2902
vn 0.9950 0.0168 -0.0980
vn 0.9791 -0.1793 -0.0964
vn 0.9952 0.0054 -0.0980
vn 0.8678 0.4895 -0.0855
vn 0.8678 -0.4895 -0.0855
vn 0.9952 -0.0054 -0.0980
vn 0.9791 0.1793 -0.0964
vn 0.9950 -0.0168 -0.0980
vn 0.9899 0.1029 -0.0975
vn 0.9948 -0.0295 -0.0980
vn 0.9929 0.0672 -0.0978
vn 0.9942 -0.0453 -0.0979
vn 0.9942 0.0453 -0.0979
vn 0.9929 -0.0672 -0.0978
vn 0.9948 0.0295 -0.0980
vn 0.9899 -0.1029 -0.0975
vn 0.9948 -0.0295 0.0980
vn 0.9929 0.0672 0.0978
vn 0.9942 -0.0453 0.0979
vn 0.9942 0.0453 0.0979
vn 0.9929 -0.0672 0.0978
vn 0.9948 0.0295 0.0980
vn 0.9899 -0.1029 0.0975
vn 0.9950 0.0168 0.0980
vn 0.9791 -0.1793 0.0964
vn 0.9952 0.0054 0.0980
vn 0.8678 0.4895 0.0855
vn 0.8678 -0.4895 0.0855
vn 0.9952 -0.0054 0.0980
vn 0.9791 0.1793 0.0964
vn 0.9950 -0.0168 0.0980
vn 0.9899 0.1029 0.0975
vn 0.9414 -0.1793 0.2856
vn 0.9569 0.0054 0.2903
vn 0.8345 0.4895 0.2531
vn 0.8345 -0.4895 0.2531
vn 0.9569 -0.0054 0.2903
vn 0.9414 0.1793 0.2856
vn 0.9568 -0.0168 0.2902
vn 0.9519 0.1029 0.2887
vn 0.9565 -0.0295 0.2902
vn 0.9548 0.0672 0.2896
vn 0.9560 -0.0453 0.2900
vn 0.9560 0.0453 0.2900
vn 0.9548 -0.0672 0.2896
vn 0.9565 0.0295 0.2902
vn 0.9519 -0.1029 0.2887
vn 0.9568 0.0168 0.2902
vn 0.8810 -0.0453 0.4709
vn 0.8810 0.0453 0.4709
vn 0.8799 -0.0672 0.4703
vn 0.8815 0.0295 0.4712
vn 0.8772 -0.1029 0.4689
vn 0.8818 0.0168 0.4713
vn 0.8676 -0.1793 0.4638
vn 0.8819 0.0054 0.4714
vn 0.7690 0.4895 0.4111
vn 0.7690 -0.4895 0.4111
vn 0.8819 -0.0054 0.4714
vn 0.8676 0.1793 0.4638
vn 0.8818 -0.0168 0.4713
vn 0.8772 0.1029 0.4689
vn 0.8815 -0.0295 0.4712
vn 0.8799 0.0672 0.4703
vn 0.6741 0.4895 0.5532
vn 0.6741 -0.4895 0.5532
vn 0.7730 -0.0054 0.6344
vn 0.7605 0.1793 0.6241
vn 0.7729 -0.0168 0.6343
vn 0.7689 0.1029 0.6310
vn 0.7727 -0.0295 0.6341
vn 0.7713 0.0672 0.6330
vn 0.7722 -0.0453 0.6337
vn 0.7722 0.0453 0.6337
vn 0.7713 -0.0672 0.6330
vn 0.7727 0.0295 0.6341
vn 0.7689 -0.1029 0.6310
vn 0.7729 0.0168 0.6343
vn 0.7605 -0.1793 0.6241
vn 0.7730 0.0054 0.6344
vn 0.6337 0.0453 0.7722
vn 0.6330 -0.0672 0.7713
vn 0.6341 0.0295 0.7727
vn 0.6310 -0.1029 0.7689
vn 0.6343 0.0168 0.7729
vn 0.6241 -0.1793 0.7605
vn 0.6344 0.0054 0.7730
vn 0.5532 0.4895 0.6741
vn 0.5532 -0.4895 0.6741
vn 0.6344 -0.0054 0.7730
vn 0.6241 0.1793 0.7605
vn 0.6343 -0.0168 0.7729
vn 0.6310 0.1029 0.7689
vn 0.6341 -0.0295 0.7727
vn 0.6330 0.0672 0.7713
vn 0.6337 -0.0453 0.7722
vn 0.4714 -0.0054 0.8819
vn 0.4638 0.1793 0.8676
vn 0.4713 -0.0168 0.8818
vn 0.4689 0.1029 0.8772
vn 0.4712 -0.0295 0.8815
vn 0.4703 0.0672 0.8799
vn 0.4709 -0.0453 0.8810
vn 0.4709 0.0453 0.8810
vn 0.4703 -0.0672 0.8799
vn 0.4712 0.0295 0.8815
vn 0.4689 -0.1029 0.8772
vn 0.4713 0.0168 0.8818
vn 0.4638 -0.1793 0.8676
vn 0.4714 0.0054 0.8819
vn 0.4110 0.4895 0.7690
vn 0.4110 -0.4895 0.7690
vn 0.2896 -0.0672 0.9548
vn 0.2902 0.0295 0.9565
vn 0.2887 -0.1029 0.9519
vn 0.2902 0.0168 0.9568
vn 0.2856 -0.1793 0.9414
vn 0.2903 0.0054 0.9569
vn 0.2531 0.4895 0.8345
vn 0.2531 -0.4895 0.8345
vn 0.2903 -0.0054 0.9569
vn 0.2856 0.1793 0.9414
vn 0.2902 -0.0168 0.9568
vn 0.2887 0.1029 0.9519
vn 0.2902 -0.0295 0.9565
vn 0.2896 0.0672 0.9548
vn 0.2900 -0.0453 0.9560
vn 0.2900 0.0453 0.9560
vn 0.0964 0.1793 0.9791
vn 0.0980 -0.0168 0.9950
vn 0.0975 0.1029 0.9899
vn 0.0980 -0.0295 0.9948
vn 0.0978 0.0672 0.9929
vn 0.0979 -0.0453 0.9942
vn 0.0979 0.0453 0.9942
vn 0.0978 -0.0672 0.9929
vn 0.0980 0.0295 0.9948
vn 0.0975 -0.1029 0.9899
vn 0.0980 0.0168 0.9950
vn 0.0964 -0.1793 0.9791
vn 0.0980 0.0054 0.9952
vn 0.0855 0.4895 0.8678
vn 0.0855 -0.4895 0.8678
vn 0.0980 -0.0054 0.9952
vn -0.0980 0.0295 0.9948
vn -0.0975 -0.1029 0.9899
vn -0.0980 0.0168 0.9950
vn -0.0964 -0.1793 0.9791
vn -0.0980 0.0054 0.9952
vn -0.0855 0.4895 0.8678
vn -0.0855 -0.4895 0.8678
vn -0.0980 -0.0054 0.9952
vn -0.0964 0.1793 0.9791
vn -0.0980 -0.0168 0.9950
vn -0.0975 0.1029 0.9899
vn -0.0980 -0.0295 0.9948
vn -0.0978 0.0672 0.9929
vn -0.0979 -0.0453 0.9942
vn -0.0979 0.0453 0.9942
vn -0.0978 -0.0672 0.9929
vn -0.2902 -0.0168 0.9568
vn -0.2887 0.1029 0.9519
vn -0.2902 -0.0295 0.9565
vn -0.2896 0.0672 0.9548
vn -0.2900 -0.0453 0.9560
vn -0.2900 0.0453 0.9560
vn -0.2896 -0.0672 0.9548
vn -0.2902 0.0295 0.9565
vn -0.2887 -0.1029 0.9519
vn -0.2902 0.0168 0.9568
vn -0.2856 -0.1793 0.9414
vn -0.2903 0.0054 0.9569
vn -0.2531 0.4895 0.8345
vn -0.2531 -0.4895 0.8345
vn -0.2903 -0.0054 0.9569
vn -0.2856 0.1793 0.9414
vn -0.4689 -0.1029 0.8772
vn -0.4713 0.0168 0.8818
vn -0.4638 -0.1793 0.8676
vn -0.4714 0.0054 0.8819
vn -0.4110 0.4895 0.7690
vn -0.4110 -0.4895 0.7690
vn -0.4714 -0.0054 0.8819
vn -0.4638 0.1793 0.8676
vn -0.4713 -0.0168 0.8818
vn -0.4689 0.1029 0.8772
vn -0.4712 -0.0295 0.8815
vn -0.4703 0.0672 0.8799
vn -0.4709 -0.0453 0.8810
vn -0.4709 0.0453 0.8810
vn -0.4703 -0.0672 0.8799
vn -0.4712 0.0295 0.8815
vn -0.6341 -0.0295 0.7727
vn -0.6330 0.0672 0.7713
vn -0.6337 -0.0453 0.7722
vn -0.6337 0.0453 0.7722
vn -0.6330 -0.0672 0.7713
vn -0.6341 0.0295 0.7727
vn -0.6310 -0.1029 0.7689
vn -0.6343 0.0168 0.7729
vn -0.6241 -0.1793 0.7605
vn -0.6344 0.0054 0.7730
vn -0.5532 0.4895 0.6741
vn -0.5532 -0.4895 0.6741
vn -0.6344 -0.0054 0.7730
vn -0.6241 0.1793 0.7605
vn -0.6343 -0.0168 0.7729
vn -0.6310 0.1029 0.7689
vn -0.7605 -0.1793 0.6241
vn -0.7730 0.0054 0.6344
vn -0.6741 0.4895 0.5532
vn -0.6741 -0.4895 0.5532
vn -0.7730 -0.0054 0.6344
vn -0.7605 0.1793 0.6241
vn -0.7729 -0.0168 0.6343
vn -0.7689 0.1029 0.6310
vn -0.7727 -0.0295 0.6341
vn -0.7713 0.0672 0.6330
vn -0.7722 -0.0453 0.6337
vn -0.7722 0.0453 0.6337
vn -0.7713 -0.0672 0.6330
vn -0.7727 0.0295 0.6341
vn -0.7689 -0.1029 0.6310
vn -0.7729 0.0168 0.6343
vn -0.8799 0.0672 0.4703
vn -0.8810 -0.0453 0.4709
vn -0.8810 0.0453 0.4709
vn -0.8799 -0.0672 0.4703
vn -0.8815 0.0295 0.4712
vn -0.8772 -0.1029 0.4689
vn -0.8818 0.0168 0.4713
vn -0.8676 -0.1793 0.4638
vn -0.8819 0.0054 0.4714
vn -0.7690 0.4895 0.4111
vn -0.7690 -0.4895 0.4111
vn -0.8819 -0.0054 0.4714
vn -0.8676 0.1793 0.4638
vn -0.8818 -0.0168 0.4713
vn -0.8772 0.1029 0.4689
vn -0.8815 -0.0295 0.4712
vn -0.9569 0.0054 0.2903
vn -0.8345 0.4895 0.2531
vn -0.8345 -0.4895 0.2531
vn -0.9569 -0.0054 0.2903
vn -0.9414 0.1793 0.2856
vn -0.9568 -0.0168 0.2902
vn -0.9519 0.1029 0.2887
vn -0.9565 -0.0295 0.2902
vn -0.9548 0.0672 0.2896
vn -0.9560 -0.0453 0.2900
vn -0.9560 0.0453 0.2900
vn -0.9548 -0.0672 0.2896
vn -0.9565 0.0295 0.2902
vn -0.9519 -0.1029 0.2887
vn -0.9568 0.0168 0.2902
vn -0.9414 -0.1793 0.2856
vn -0.9942 -0.0453 0.0979
vn -0.9942 0.0453 0.0979
vn -0.9929 -0.0672 0.0978
vn -0.9948 0.0295 0.0980
vn -0.9899 -0.1029 0.0975
vn -0.9950 0.0168 0.0980
vn -0.9791 -0.1793 0.0964
vn -0.9952 0.0054 0.0980
vn -0.8678 0.4895 0.0855
vn -0.8678 -0.4895 0.0855
vn -0.9952 -0.0054 0.0980
vn -0.9791 0.1793 0.0964
vn -0.9950 -0.0168 0.0980
vn -0.9899 0.1029 0.0975
vn -0.9948 -0.0295 0.0980
vn -0.9929 0.0672 0.0978
vn -0.8678 0.4895 -0.0855
vn -0.8678 -0.4895 -0.0855
vn -0.9952 -0.0054 -0.0980
vn -0.9791 0.1793 -0.0964
vn -0.9950 -0.0168 -0.0980
vn -0.9899 0.1029 -0.0975
vn -0.9948 -0.0295 -0.0980
vn -0.9929 0.0672 -0.0978
vn -0.9942 -0.0453 -0.0979
vn -0.9942 0.0453 -0.0979
vn -0.9929 -0.0672 -0.0978
vn -0.9948 0.0295 -0.0980
vn -0.9899 -0.1029 -0.0975
vn -0.9950 0.0168 -0.0980
vn -0.9791 -0.1793 -0.0964
vn -0.9952 0.0054 -0.0980
vn -0.9560 0.0453 -0.2900
vn -0.9548 -0.0672 -0.2896
vn -0.9565 0.0295 -0.2902
vn -0.9519 -0.1029 -0.2887
vn -0.9568 0.0168 -0.2902
vn -0.9414 -0.1793 -0.2856
vn -0.9569 0.0054 -0.2903
vn -0.8345 0.4895 -0.2531
vn -0.8345 -0.4895 -0.2531
vn -0.9569 -0.0054 -0.2903
vn -0.9414 0.1793 -0.2856
vn -0.9568 -0.0168 -0.2902
vn -0.9519 0.1029 -0.2887
vn -0.9565 -0.0295 -0.2902
vn -0.9548 0.0672 -0.2896
vn -0.9560 -0.0453 -0.2900
vn -0.8819 -0.0054 -0.4714
vn -0.8676 0.1793 -0.4638
vn -0.8818 -0.0168 -0.4713
vn -0.8772 0.1029 -0.4689
vn -0.8815 -0.0295 -0.4712
vn -0.8799 0.0672 -0.4703
vn -0.8810 -0.0453 -0.4709
vn -0.8810 0.0453 -0.4709
vn -0.8799 -0.0672 -0.4703
vn -0.8815 0.0295 -0.4712
vn -0.8772 -0.1029 -0.4689
vn -0.8818 0.0168 -0.4713
vn -0.8676 -0.1793 -0.4638
vn -0.8819 0.0054 -0.4714
vn -0.7690 0.4895 -0.4111
vn -0.7690 -0.4895 -0.4111
vn -0.7713 -0.0672 -0.6330
vn -0.7727 0.0295 -0.6341
vn -0.7689 -0.1029 -0.6310
vn -0.7729 0.0168 -0.6343
vn -0.7605 -0.1793 -0.6241
vn -0.7730 0.0054 -0.6344
vn -0.6741 0.4895 -0.5532
vn -0.6741 -0.4895 -0.5532
vn -0.7730 -0.0054 -0.6344
vn -0.7605 0.1793 -0.6241
vn -0.7729 -0.0168 -0.6343
vn -0.7689 0.1029 -0.6310
vn -0.7727 -0.0295 -0.6341
vn -0.7713 0.0672 -0.6330
vn -0.7722 -0.0453 -0.6337
vn -0.7722 0.0453 -0.6337
vn -0.6343 -0.0168 -0.7729
vn -0.6310 0.1029 -0.7689
vn -0.6341 -0.0295 -0.7727
vn -0.6330 0.0672 -0.7713
vn -0.6337 -0.0453 -0.7722
vn -0.6337 0.0453 -0.7722
vn -0.6330 -0.0672 -0.7713
vn -0.6341 0.0295 -0.7727
vn -0.6310 -0.1029 -0.7689
vn -0.6343 0.0168 -0.7729
vn -0.6241 -0.1793 -0.7605
vn -0.6344 0.0054 -0.7730
vn -0.5532 0.4895 -0.6741
vn -0.5532 -0.4895 -0.6741
vn -0.6344 -0.0054 -0.7730
vn -0.6241 0.1793 -0.7605
vn -0.4689 -0.1029 -0.8772
vn -0.4713 0.0168 -0.8818
vn -0.4638 -0.1793 -0.8676
vn -0.4714 0.0054 -0.8819
vn -0.4110 0.4895 -0.7690
vn -0.4110 -0.4895 -0.7690
vn -0.4714 -0.0054 -0.8819
vn -0.4638 0.1793 -0.8676
vn -0.4713 -0.0168 -0.8818
vn -0.4689 0.1029 -0.8772
vn -0.4712 -0.0295 -0.8815
vn -0.4703 0.0672 -0.8799
vn -0.4709 -0.0453 -0.8810
vn -0.4709 0.0453 -0.8810
vn -0.4703 -0.0672 -0.8799
vn -0.4712 0.0295 -0.8815
vn -0.2887 0.1029 -0.9519
vn -0.2902 -0.0295 -0.9565
vn -0.2896 0.0672 -0.9548
vn -0.2900 -0.0453 -0.9560
vn -0.2900 0.0453 -0.9560
vn -0.2896 -0.0672 -0.9548
vn -0.2902 0.0295 -0.9565
vn -0.2887 -0.1029 -0.9519
vn -0.2902 0.0168 -0.9568
vn -0.2856 -0.1793 -0.9414
vn -0.2903 0.0054 -0.9569
vn -0.2531 0.4895 -0.8345
vn -0.2531 -0.4895 -0.8345
vn -0.2903 -0.0054 -0.9569
vn -0.2856 0.1793 -0.9414
vn -0.2902 -0.0168 -0.9568
vn -0.0980 0.0168 -0.9950
vn -0.0964 -0.1793 -0.9791
vn -0.0980 0.0054 -0.9952
vn -0.0855 0.4895 -0.8678
vn -0.0855 -0.4895 -0.8678
vn -0.0980 -0.0054 -0.9952
vn -0.0964 0.1793 -0.9791
vn -0.0980 -0.0168 -0.9950
vn -0.0975 0.1029 -0.9899
vn -0.0980 -0.0295 -0.9948
vn -0.0978 0.0672 -0.9929
vn -0.0979 -0.0453 -0.9942
vn -0.0979 0.0453 -0.9942
vn -0.0978 -0.0672 -0.9929
vn -0.0980 0.0295 -0.9948
vn -0.0975 -0.1029 -0.9899
o Fuselaje
usemtl verde6
f 481/1/1 480/2/1 21/3/1 22/4/1
usemtl verde7
f 4/5/2 477/6/2 14/7/2 15/8/2
usemtl verde6
f 482/9/3 481/10/3 22/11/3 23/12/3
usemtl verde6
f 5/13/4 4/14/4 15/15/4 16/16/4
usemtl verde9
f 474/17/5 1/18/5 9/19/5
usemtl verde6
f 8/20/6 482/21/6 23/22/6
usemtl verde6
f 6/23/7 5/24/7 16/25/7 17/26/7
usemtl verde9
f 475/27/8 474/28/8 9/29/8 10/30/8
usemtl verde6
f 478/31/9 6/32/9 17/33/9 18/34/9
usemtl verde9
f 2/35/10 475/36/10 10/37/10 11/38/10
usemtl verde6
f 7/39/11 478/40/11 18/41/11 19/42/11
usemtl verde9
f 476/43/12 2/44/12 11/45/12 12/46/12
usemtl verde6
f 479/47/13 7/48/13 19/49/13 20/50/13
usemtl verde9
f 3/51/14 476/52/14 12/53/14 13/54/14
usemtl verde6
f 480/55/15 479/56/15 20/57/15 21/58/15
usemtl verde8
f 477/59/16 3/60/16 13/61/16 14/62/16
usemtl verde6
f 21/63/17 20/64/17 35/65/17 36/66/17
usemtl verde8
f 14/67/18 13/68/18 28/69/18 29/70/18
usemtl verde6
f 22/71/19 21/72/19 36/73/19 37/74/19
usemtl verde8
f 15/75/20 14/76/20 29/77/20 30/78/20
usemtl verde6
f 23/79/21 22/80/21 37/81/21 38/82/21
usemtl verde7
f 16/83/22 15/84/22 30/85/22 31/86/22
usemtl verde9
f 9/87/23 1/88/23 24/89/23
usemtl verde6
f 8/90/24 23/91/24 38/92/24
usemtl verde6
f 17/93/25 16/94/25 31/95/25 32/96/25
usemtl verde9
f 10/97/26 9/98/26 24/99/26 25/100/26
usemtl verde6
f 18/101/27 17/102/27 32/103/27 33/104/27
usemtl verde9
f 11/105/28 10/106/28 25/107/28 26/108/28
usemtl verde6
f 19/109/29 18/110/29 33/111/29 34/112/29
usemtl verde9
f 12/113/30 11/114/30 26/115/30 27/116/30
usemtl verde6
f 20/117/31 19/118/31 34/119/31 35/120/31
usemtl verde9
f 13/121/32 12/122/32 27/123/32 28/124/32
usemtl verde9
f 25/125/33 24/126/33 39/127/33 40/128/33
usemtl verde6
f 33/129/34 32/130/34 47/131/34 48/132/34
usemtl verde9
f 26/133/35 25/134/35 40/135/35 41/136/35
usemtl verde6
f 34/137/36 33/138/36 48/139/36 49/140/36
usemtl verde9
f 27/141/37 26/142/37 41/143/37 42/144/37
usemtl verde6
f 35/145/38 34/146/38 49/147/38 50/148/38
usemtl verde9
f 28/149/39 27/150/39 42/151/39 43/152/39
usemtl verde6
f 36/153/40 35/154/40 50/155/40 51/156/40
usemtl verde8
f 29/157/41 28/158/41 43/159/41 44/160/41
usemtl verde6
f 37/161/42 36/162/42 51/163/42 52/164/42
usemtl verde8
f 30/165/43 29/166/43 44/167/43 45/168/43
usemtl verde6
f 38/169/44 37/170/44 52/171/44 53/172/44
usemtl verde7
f 31/173/45 30/174/45 45/175/45 46/176/45
usemtl verde9
f 24/177/46 1/178/46 39/179/46
usemtl verde6
f 8/180/47 38/181/47 53/182/47
usemtl verde6
f 32/183/48 31/184/48 46/185/48 47/186/48
usemtl verde8
f 44/187/49 43/188/49 58/189/49 59/190/49
usemtl verde6
f 52/191/50 51/192/50 66/193/50 67/194/50
usemtl verde8
f 45/195/51 44/196/51 59/197/51 60/198/51
usemtl verde6
f 53/199/52 52/200/52 67/201/52 68/202/52
usemtl verde7
f 46/203/53 45/204/53 60/205/53 61/206/53
usemtl verde9
f 39/207/54 1/208/54 54/209/54
usemtl verde6
f 8/210/55 53/211/55 68/212/55
usemtl verde6
f 47/213/56 46/214/56 61/215/56 62/216/56
usemtl verde9
f 40/217/57 39/218/57 54/219/57 55/220/57
usemtl verde6
f 48/221/58 47/222/58 62/223/58 63/224/58
usemtl verde9
f 41/225/59 40/226/59 55/227/59 56/228/59
usemtl verde6
f 49/229/60 48/230/60 63/231/60 64/232/60
usemtl verde9
f 42/233/61 41/234/61 56/235/61 57/236/61
usemtl verde6
f 50/237/62 49/238/62 64/239/62 65/240/62
usemtl verde9
f 43/241/63 42/242/63 57/243/63 58/244/63
usemtl verde6
f 51/245/64 50/246/64 65/247/64 66/248/64
usemtl verde6
f 63/249/65 62/250/65 77/251/65 78/252/65
usemtl verde9
f 56/253/66 55/254/66 70/255/66 71/256/66
usemtl verde6
f 64/257/67 63/258/67 78/259/67 79/260/67
usemtl verde9
f 57/261/68 56/262/68 71/263/68 72/264/68
usemtl verde6
f 65/265/69 64/266/69 79/267/69 80/268/69
usemtl verde9
f 58/269/70 57/270/70 72/271/70 73/272/70
usemtl verde6
f 66/273/71 65/274/71 80/275/71 81/276/71
usemtl verde9
f 59/277/72 58/278/72 73/279/72 74/280/72
usemtl verde6
f 67/281/73 66/282/73 81/283/73 82/284/73
usemtl verde8
f 60/285/74 59/286/74 74/287/74 75/288/74
usemtl verde6
f 68/289/75 67/290/75 82/291/75 83/292/75
usemtl verde7
f 61/293/76 60/294/76 75/295/76 76/296/76
usemtl verde9
f 54/297/77 1/298/77 69/299/77
usemtl verde6
f 8/300/78 68/301/78 83/302/78
usemtl verde7
f 62/303/79 61/304/79 76/305/79 77/306/79
usemtl verde9
f 55/307/80 54/308/80 69/309/80 70/310/80
usemtl verde6
f 82/311/81 81/312/81 96/313/81 97/314/81
usemtl verde8
f 75/315/82 74/316/82 89/317/82 90/318/82
usemtl verde6
f 83/319/83 82/320/83 97/321/83 98/322/83
usemtl verde8
f 76/323/84 75/324/84 90/325/84 91/326/84
usemtl verde9
f 69/327/85 1/328/85 84/329/85
usemtl verde6
f 8/330/86 83/331/86 98/332/86
usemtl verde7
f 77/333/87 76/334/87 91/335/87 92/336/87
usemtl verde9
f 70/337/88 69/338/88 84/339/88 85/340/88
usemtl verde6
f 78/341/89 77/342/89 92/343/89 93/344/89
usemtl verde9
f 71/345/90 70/346/90 85/347/90 86/348/90
usemtl verde6
f 79/349/91 78/350/91 93/351/91 94/352/91
usemtl verde9
f 72/353/92 71/354/92 86/355/92 87/356/92
usemtl verde6
f 80/357/93 79/358/93 94/359/93 95/360/93
usemtl verde9
f 73/361/94 72/362/94 87/363/94 88/364/94
usemtl verde6
f 81/365/95 80/366/95 95/367/95 96/368/95
usemtl verde9
f 74/369/96 73/370/96 88/371/96 89/372/96
usemtl verde9
f 86/373/97 85/374/97 100/375/97 101/376/97
usemtl verde6
f 94/377/98 93/378/98 108/379/98 109/380/98
usemtl verde9
f 87/381/99 86/382/99 101/383/99 102/384/99
usemtl verde6
f 95/385/100 94/386/100 109/387/100 110/388/100
usemtl verde9
f 88/389/101 87/390/101 102/391/101 103/392/101
usemtl verde6
f 96/393/102 95/394/102 110/395/102 111/396/102
usemtl verde9
f 89/397/103 88/398/103 103/399/103 104/400/103
usemtl verde6
f 97/401/104 96/402/104 111/403/104 112/404/104
usemtl verde8
f 90/405/105 89/406/105 104/407/105 105/408/105
usemtl verde6
f 98/409/106 97/410/106 112/411/106 113/412/106
usemtl verde8
f 91/413/107 90/414/107 105/415/107 106/416/107
usemtl verde9
f 84/417/108 1/418/108 99/419/108
usemtl verde6
f 8/420/109 98/421/109 113/422/109
usemtl verde7
f 92/423/110 91/424/110 106/425/110 107/426/110
usemtl verde9
f 85/427/111 84/428/111 99/429/111 100/430/111
usemtl verde6
f 93/431/112 92/432/112 107/433/112 108/434/112
usemtl verde8
f 105/435/113 104/436/113 119/437/113 120/438/113
usemtl verde6
f 113/439/114 112/440/114 127/441/114 128/442/114
usemtl verde8
f 106/443/115 105/444/115 120/445/115 121/446/115
usemtl verde9
f 99/447/116 1/448/116 114/449/116
usemtl verde6
f 8/450/117 113/451/117 128/452/117
usemtl verde7
f 107/453/118 106/454/118 121/455/118 122/456/118
usemtl verde9
f 100/457/119 99/458/119 114/459/119 115/460/119
usemtl verde7
f 108/461/120 107/462/120 122/463/120 123/464/120
usemtl verde9
f 101/465/121 100/466/121 115/467/121 116/468/121
usemtl verde6
f 109/469/122 108/470/122 123/471/122 124/472/122
usemtl verde9
f 102/473/123 101/474/123 116/475/123 117/476/123
usemtl verde6
f 110/477/124 109/478/124 124/479/124 125/480/124
usemtl verde9
f 103/481/125 102/482/125 117/483/125 118/484/125
usemtl verde6
f 111/485/126 110/486/126 125/487/126 126/488/126
usemtl verde9
f 104/489/127 103/490/127 118/491/127 119/492/127
usemtl verde6
f 112/493/128 111/494/128 126/495/128 127/496/128
usemtl verde6
f 124/497/129 123/498/129 138/499/129 139/500/129
usemtl verde9
f 117/501/130 116/502/130 131/503/130 132/504/130
usemtl verde6
f 125/505/131 124/506/131 139/507/131 140/508/131
usemtl verde9
f 118/509/132 117/510/132 132/511/132 133/512/132
usemtl verde6
f 126/513/133 125/514/133 140/515/133 141/516/133
usemtl verde9
f 119/517/134 118/518/134 133/519/134 134/520/134
usemtl verde6
f 127/521/135 126/522/135 141/523/135 142/524/135
usemtl verde8
f 120/525/136 119/526/136 134/527/136 135/528/136
usemtl verde6
f 128/529/137 127/530/137 142/531/137 143/532/137
usemtl verde8
f 121/533/138 120/534/138 135/535/138 136/536/138
usemtl verde9
f 114/537/139 1/538/139 129/539/139
usemtl verde6
f 8/540/140 128/541/140 143/542/140
usemtl verde7
f 122/543/141 121/544/141 136/545/141 137/546/141
usemtl verde10
f 115/547/142 114/548/142 129/549/142 130/550/142
usemtl verde7
f 123/551/143 122/552/143 137/553/143 138/554/143
usemtl verde9
f 116/555/144 115/556/144 130/557/144 131/558/144
usemtl verde6
f 143/559/145 142/560/145 157/561/145 158/562/145
usemtl verde8
f 136/563/146 135/564/146 150/565/146 151/566/146
usemtl verde9
f 129/567/147 1/568/147 144/569/147
usemtl verde6
f 8/570/148 143/571/148 158/572/148
usemtl verde7
f 137/573/149 136/574/149 151/575/149 152/576/149
usemtl verde10
f 130/577/150 129/578/150 144/579/150 145/580/150
usemtl verde7
f 138/581/151 137/582/151 152/583/151 153/584/151
usemtl verde10
f 131/585/152 130/586/152 145/587/152 146/588/152
usemtl verde6
f 139/589/153 138/590/153 153/591/153 154/592/153
usemtl verde9
f 132/593/154 131/594/154 146/595/154 147/596/154
usemtl verde6
f 140/597/155 139/598/155 154/599/155 155/600/155
usemtl verde9
f 133/601/156 132/602/156 147/603/156 148/604/156
usemtl verde6
f 141/605/157 140/606/157 155/607/157 156/608/157
usemtl verde9
f 134/609/158 133/610/158 148/611/158 149/612/158
usemtl verde6
f 142/613/159 141/614/159 156/615/159 157/616/159
usemtl verde9
f 135/617/160 134/618/160 149/619/160 150/620/160
usemtl verde6
f 155/621/161 154/622/161 169/623/161 170/624/161
usemtl verde9
f 148/625/162 147/626/162 162/627/162 163/628/162
usemtl verde6
f 156/629/163 155/630/163 170/631/163 171/632/163
usemtl verde9
f 149/633/164 148/634/164 163/635/164 164/636/164
usemtl verde6
f 157/637/165 156/638/165 171/639/165 172/640/165
usemtl verde9
f 150/641/166 149/642/166 164/643/166 165/644/166
usemtl verde6
f 158/645/167 157/646/167 172/647/167 173/648/167
usemtl verde8
f 151/649/168 150/650/168 165/651/168 166/652/168
usemtl verde9
f 144/653/169 1/654/169 159/655/169
usemtl verde6
f 8/656/170 158/657/170 173/658/170
usemtl verde8
f 152/659/171 151/660/171 166/661/171 167/662/171
usemtl verde10
f 145/663/172 144/664/172 159/665/172 160/666/172
usemtl verde7
f 153/667/173 152/668/173 167/669/173 168/670/173
usemtl verde10
f 146/671/174 145/672/174 160/673/174 161/674/174
usemtl verde6
f 154/675/175 153/676/175 168/677/175 169/678/175
usemtl verde10
f 147/679/176 146/680/176 161/681/176 162/682/176
usemtl verde9
f 159/683/177 1/684/177 174/685/177
usemtl verde6
f 8/686/178 173/687/178 188/688/178
usemtl cara8
f 167/689/179 166/690/179 181/691/179 182/692/179
usemtl verde10
f 160/693/180 159/694/180 174/695/180 175/696/180
usemtl cara7
f 168/697/181 167/698/181 182/699/181 183/700/181
usemtl verde10
f 161/701/182 160/702/182 175/703/182 176/704/182
usemtl cara6
f 169/705/183 168/706/183 183/707/183 184/708/183
usemtl verde10
f 162/709/184 161/710/184 176/711/184 177/712/184
usemtl verde6
f 170/713/185 169/714/185 184/715/185 185/716/185
usemtl verde10
f 163/717/186 162/718/186 177/719/186 178/720/186
usemtl verde6
f 171/721/187 170/722/187 185/723/187 186/724/187
usemtl cara9
f 164/725/188 163/726/188 178/727/188 179/728/188
usemtl verde6
f 172/729/189 171/730/189 186/731/189 187/732/189
usemtl cara9
f 165/733/190 164/734/190 179/735/190 180/736/190
usemtl verde6
f 173/737/191 172/738/191 187/739/191 188/740/191
usemtl cara8
f 166/741/192 165/742/192 180/743/192 181/744/192
usemtl cara10
f 178/745/193 177/746/193 192/747/193 193/748/193
usemtl verde6
f 186/749/194 185/750/194 200/751/194 201/752/194
usemtl cara10
f 179/753/195 178/754/195 193/755/195 194/756/195
usemtl verde6
f 187/757/196 186/758/196 201/759/196 202/760/196
usemtl cara9
f 180/761/197 179/762/197 194/763/197 195/764/197
usemtl verde6
f 188/765/198 187/766/198 202/767/198 203/768/198
usemtl cara9
f 181/769/199 180/770/199 195/771/199 196/772/199
usemtl verde9
f 174/773/200 1/774/200 189/775/200
usemtl verde6
f 8/776/201 188/777/201 203/778/201
usemtl cara8
f 182/779/202 181/780/202 196/781/202 197/782/202
usemtl verde10
f 175/783/203 174/784/203 189/785/203 190/786/203
usemtl cara7
f 183/787/204 182/788/204 197/789/204 198/790/204
usemtl verde10
f 176/791/205 175/792/205 190/793/205 191/794/205
usemtl cara6
f 184/795/206 183/796/206 198/797/206 199/798/206
usemtl verde10
f 177/799/207 176/800/207 191/801/207 192/802/207
usemtl cara6
f 185/803/208 184/804/208 199/805/208 200/806/208
usemtl cara8
f 197/807/209 196/808/209 211/809/209 212/810/209
usemtl verde10
f 190/811/210 189/812/210 204/813/210 205/814/210
usemtl cara7
f 198/815/211 197/816/211 212/817/211 213/818/211
usemtl verde10
f 191/819/212 190/820/212 205/821/212 206/822/212
usemtl cara6
f 199/823/213 198/824/213 213/825/213 214/826/213
usemtl cara10
f 192/827/214 191/828/214 206/829/214 207/830/214
usemtl cara6
f 200/831/215 199/832/215 214/833/215 215/834/215
usemtl cara10
f 193/835/216 192/836/216 207/837/216 208/838/216
usemtl cara6
f 201/839/217 200/840/217 215/841/217 216/842/217
usemtl cara10
f 194/843/218 193/844/218 208/845/218 209/846/218
usemtl verde6
f 202/847/219 201/848/219 216/849/219 217/850/219
usemtl cara9
f 195/851/220 194/852/220 209/853/220 210/854/220
usemtl verde6
f 203/855/221 202/856/221 217/857/221 218/858/221
usemtl cara9
f 196/859/222 195/860/222 210/861/222 211/862/222
usemtl verde9
f 189/863/223 1/864/223 204/865/223
usemtl verde6
f 8/866/224 203/867/224 218/868/224
usemtl cara6
f 216/869/225 215/870/225 230/871/225 231/872/225
usemtl cara10
f 209/873/226 208/874/226 223/875/226 224/876/226
usemtl verde6
f 217/877/227 216/878/227 231/879/227 232/880/227
usemtl cara10
f 210/881/228 209/882/228 224/883/228 225/884/228
usemtl verde6
f 218/885/229 217/886/229 232/887/229 233/888/229
usemtl cara9
f 211/889/230 210/890/230 225/891/230 226/892/230
usemtl verde9
f 204/893/231 1/894/231 219/895/231
usemtl verde6
f 8/896/232 218/897/232 233/898/232
usemtl cara8
f 212/899/233 211/900/233 226/901/233 227/902/233
usemtl verde10
f 205/903/234 204/904/234 219/905/234 220/906/234
usemtl cara7
f 213/907/235 212/908/235 227/909/235 228/910/235
usemtl verde10
f 206/911/236 205/912/236 220/913/236 221/914/236
usemtl cara6
f 214/915/237 213/916/237 228/917/237 229/918/237
usemtl cara10
f 207/919/238 206/920/238 221/921/238 222/922/238
usemtl cara6
f 215/923/239 214/924/239 229/925/239 230/926/239
usemtl cara10
f 208/927/240 207/928/240 222/929/240 223/930/240
usemtl verde9
f 220/931/241 219/932/241 234/933/241 235/934/241
usemtl cara6
f 228/935/242 227/936/242 242/937/242 243/938/242
usemtl verde10
f 221/939/243 220/940/243 235/941/243 236/942/243
usemtl cara6
f 229/943/244 228/944/244 243/945/244 244/946/244
usemtl cara10
f 222/947/245 221/948/245 236/949/245 237/950/245
usemtl cara6
f 230/951/246 229/952/246 244/953/246 245/954/246
usemtl cara10
f 223/955/247 222/956/247 237/957/247 238/958/247
usemtl cara6
f 231/959/248 230/960/248 245/961/248 246/962/248
usemtl cara10
f 224/963/249 223/964/249 238/965/249 239/966/249
usemtl verde6
f 232/967/250 231/968/250 246/969/250 247/970/250
usemtl cara10
f 225/971/251 224/972/251 239/973/251 240/974/251
usemtl verde6
f 233/975/252 232/976/252 247/977/252 248/978/252
usemtl cara9
f 226/979/253 225/980/253 240/981/253 241/982/253
usemtl verde9
f 219/983/254 1/984/254 234/985/254
usemtl verde6
f 8/986/255 233/987/255 248/988/255
usemtl cara8
f 227/989/256 226/990/256 241/991/256 242/992/256
usemtl cara10
f 239/993/257 238/994/257 253/995/257 254/996/257
usemtl verde6
f 247/997/258 246/998/258 261/999/258 262/1000/258
usemtl cara9
f 240/1001/259 239/1002/259 254/1003/259 255/1004/259
usemtl verde6
f 248/1005/260 247/1006/260 262/1007/260 263/1008/260
usemtl cara9
f 241/1009/261 240/1010/261 255/1011/261 256/1012/261
usemtl verde9
f 234/1013/262 1/1014/262 249/1015/262
usemtl verde6
f 8/1016/263 248/1017/263 263/1018/263
usemtl cara7
f 242/1019/264 241/1020/264 256/1021/264 257/1022/264
usemtl verde9
f 235/1023/265 234/1024/265 249/1025/265 250/1026/265
usemtl cara6
f 243/1027/266 242/1028/266 257/1029/266 258/1030/266
usemtl verde10
f 236/1031/267 235/1032/267 250/1033/267 251/1034/267
usemtl cara6
f 244/1035/268 243/1036/268 258/1037/268 259/1038/268
usemtl cara10
f 237/1039/269 236/1040/269 251/1041/269 252/1042/269
usemtl cara6
f 245/1043/270 244/1044/270 259/1045/270 260/1046/270
usemtl cara10
f 238/1047/271 237/1048/271 252/1049/271 253/1050/271
usemtl cara6
f 246/1051/272 245/1052/272 260/1053/272 261/1054/272
usemtl cara6
f 258/1055/273 257/1056/273 272/1057/273 273/1058/273
usemtl verde9
f 251/1059/274 250/1060/274 265/1061/274 266/1062/274
usemtl cara6
f 259/1063/275 258/1064/275 273/1065/275 274/1066/275
usemtl cara9
f 252/1067/276 251/1068/276 266/1069/276 267/1070/276
usemtl cara6
f 260/1071/277 259/1072/277 274/1073/277 275/1074/277
usemtl cara9
f 253/1075/278 252/1076/278 267/1077/278 268/1078/278
usemtl cara6
f 261/1079/279 260/1080/279 275/1081/279 276/1082/279
usemtl cara9
f 254/1083/280 253/1084/280 268/1085/280 269/1086/280
usemtl verde6
f 262/1087/281 261/1088/281 276/1089/281 277/1090/281
usemtl cara9
f 255/1091/282 254/1092/282 269/1093/282 270/1094/282
usemtl verde6
f 263/1095/283 262/1096/283 277/1097/283 278/1098/283
usemtl cara8
f 256/1099/284 255/1100/284 270/1101/284 271/1102/284
usemtl verde9
f 249/1103/285 1/1104/285 264/1105/285
usemtl verde6
f 8/1106/286 263/1107/286 278/1108/286
usemtl cara6
f 257/1109/287 256/1110/287 271/1111/287 272/1112/287
usemtl verde9
f 250/1113/288 249/1114/288 264/1115/288 265/1116/288
usemtl verde6
f 277/1117/289 276/1118/289 291/1119/289 292/1120/289
usemtl cara8
f 270/1121/290 269/1122/290 284/1123/290 285/1124/290
usemtl verde6
f 278/1125/291 277/1126/291 292/1127/291 293/1128/291
usemtl cara7
f 271/1129/292 270/1130/292 285/1131/292 286/1132/292
usemtl verde9
f 264/1133/293 1/1134/293 279/1135/293
usemtl verde6
f 8/1136/294 278/1137/294 293/1138/294
usemtl cara6
f 272/1139/295 271/1140/295 286/1141/295 287/1142/295
usemtl verde9
f 265/1143/296 264/1144/296 279/1145/296 280/1146/296
usemtl cara6
f 273/1147/297 272/1148/297 287/1149/297 288/1150/297
usemtl verde9
f 266/1151/298 265/1152/298 280/1153/298 281/1154/298
usemtl cara6
f 274/1155/299 273/1156/299 288/1157/299 289/1158/299
usemtl cara9
f 267/1159/300 266/1160/300 281/1161/300 282/1162/300
usemtl cara6
f 275/1163/301 274/1164/301 289/1165/301 290/1166/301
usemtl cara9
f 268/1167/302 267/1168/302 282/1169/302 283/1170/302
usemtl cara6
f 276/1171/303 275/1172/303 290/1173/303 291/1174/303
usemtl cara8
f 269/1175/304 268/1176/304 283/1177/304 284/1178/304
usemtl cara6
f 289/1179/305 288/1180/305 303/1181/305 304/1182/305
usemtl verde9
f 282/1183/306 281/1184/306 296/1185/306 297/1186/306
usemtl cara6
f 290/1187/307 289/1188/307 304/1189/307 305/1190/307
usemtl cara8
f 283/1191/308 282/1192/308 297/1193/308 298/1194/308
usemtl verde6
f 291/1195/309 290/1196/309 305/1197/309 306/1198/309
usemtl cara8
f 284/1199/310 283/1200/310 298/1201/310 299/1202/310
usemtl verde6
f 292/1203/311 291/1204/311 306/1205/311 307/1206/311
usemtl cara7
f 285/1207/312 284/1208/312 299/1209/312 300/1210/312
usemtl verde6
f 293/1211/313 292/1212/313 307/1213/313 308/1214/313
usemtl cara7
f 286/1215/314 285/1216/314 300/1217/314 301/1218/314
usemtl verde9
f 279/1219/315 1/1220/315 294/1221/315
usemtl verde6
f 8/1222/316 293/1223/316 308/1224/316
usemtl cara6
f 287/1225/317 286/1226/317 301/1227/317 302/1228/317
usemtl verde9
f 280/1229/318 279/1230/318 294/1231/318 295/1232/318
usemtl cara6
f 288/1233/319 287/1234/319 302/1235/319 303/1236/319
usemtl verde9
f 281/1237/320 280/1238/320 295/1239/320 296/1240/320
usemtl verde6
f 308/1241/321 307/1242/321 322/1243/321 323/1244/321
usemtl cara6
f 301/1245/322 300/1246/322 315/1247/322 316/1248/322
usemtl verde9
f 294/1249/323 1/1250/323 309/1251/323
usemtl verde6
f 8/1252/324 308/1253/324 323/1254/324
usemtl cara6
f 302/1255/325 301/1256/325 316/1257/325 317/1258/325
usemtl verde9
f 295/1259/326 294/1260/326 309/1261/326 310/1262/326
usemtl cara6
f 303/1263/327 302/1264/327 317/1265/327 318/1266/327
usemtl verde9
f 296/1267/328 295/1268/328 310/1269/328 311/1270/328
usemtl cara6
f 304/1271/329 303/1272/329 318/1273/329 319/1274/329
usemtl verde9
f 297/1275/330 296/1276/330 311/1277/330 312/1278/330
usemtl verde6
f 305/1279/331 304/1280/331 319/1281/331 320/1282/331
usemtl verde8
f 298/1283/332 297/1284/332 312/1285/332 313/1286/332
usemtl verde6
f 306/1287/333 305/1288/333 320/1289/333 321/1290/333
usemtl cara8
f 299/1291/334 298/1292/334 313/1293/334 314/1294/334
usemtl verde6
f 307/1295/335 306/1296/335 321/1297/335 322/1298/335
usemtl cara7
f 300/1299/336 299/1300/336 314/1301/336 315/1302/336
usemtl verde8
f 312/1303/337 311/1304/337 326/1305/337 327/1306/337
usemtl verde6
f 320/1307/338 319/1308/338 334/1309/338 335/1310/338
usemtl verde8
f 313/1311/339 312/1312/339 327/1313/339 328/1314/339
usemtl verde6
f 321/1315/340 320/1316/340 335/1317/340 336/1318/340
usemtl verde7
f 314/1319/341 313/1320/341 328/1321/341 329/1322/341
usemtl verde6
f 322/1323/342 321/1324/342 336/1325/342 337/1326/342
usemtl verde7
f 315/1327/343 314/1328/343 329/1329/343 330/1330/343
usemtl verde6
f 323/1331/344 322/1332/344 337/1333/344 338/1334/344
usemtl verde6
f 316/1335/345 315/1336/345 330/1337/345 331/1338/345
usemtl verde9
f 309/1339/346 1/1340/346 324/1341/346
usemtl verde6
f 8/1342/347 323/1343/347 338/1344/347
usemtl verde6
f 317/1345/348 316/1346/348 331/1347/348 332/1348/348
usemtl verde9
f 310/1349/349 309/1350/349 324/1351/349 325/1352/349
usemtl verde6
f 318/1353/350 317/1354/350 332/1355/350 333/1356/350
usemtl verde9
f 311/1357/351 310/1358/351 325/1359/351 326/1360/351
usemtl verde6
f 319/1361/352 318/1362/352 333/1363/352 334/1364/352
usemtl verde6
f 331/1365/353 330/1366/353 345/1367/353 346/1368/353
usemtl verde9
f 324/1369/354 1/1370/354 339/1371/354
usemtl verde6
f 8/1372/355 338/1373/355 353/1374/355
usemtl verde6
f 332/1375/356 331/1376/356 346/1377/356 347/1378/356
usemtl verde9
f 325/1379/357 324/1380/357 339/1381/357 340/1382/357
usemtl verde6
f 333/1383/358 332/1384/358 347/1385/358 348/1386/358
usemtl verde9
f 326/1387/359 325/1388/359 340/1389/359 341/1390/359
usemtl verde6
f 334/1391/360 333/1392/360 348/1393/360 349/1394/360
usemtl verde8
f 327/1395/361 326/1396/361 341/1397/361 342/1398/361
usemtl verde6
f 335/1399/362 334/1400/362 349/1401/362 350/1402/362
usemtl verde8
f 328/1403/363 327/1404/363 342/1405/363 343/1406/363
usemtl verde6
f 336/1407/364 335/1408/364 350/1409/364 351/1410/364
usemtl verde7
f 329/1411/365 328/1412/365 343/1413/365 344/1414/365
usemtl verde6
f 337/1415/366 336/1416/366 351/1417/366 352/1418/366
usemtl verde7
f 330/1419/367 329/1420/367 344/1421/367 345/1422/367
usemtl verde6
f 338/1423/368 337/1424/368 352/1425/368 353/1426/368
usemtl verde6
f 350/1427/369 349/1428/369 364/1429/369 365/1430/369
usemtl verde8
f 343/1431/370 342/1432/370 357/1433/370 358/1434/370
usemtl verde6
f 351/1435/371 350/1436/371 365/1437/371 366/1438/371
usemtl verde7
f 344/1439/372 343/1440/372 358/1441/372 359/1442/372
usemtl verde6
f 352/1443/373 351/1444/373 366/1445/373 367/1446/373
usemtl verde6
f 345/1447/374 344/1448/374 359/1449/374 360/1450/374
usemtl verde6
f 353/1451/375 352/1452/375 367/1453/375 368/1454/375
usemtl verde6
f 346/1455/376 345/1456/376 360/1457/376 361/1458/376
usemtl verde9
f 339/1459/377 1/1460/377 354/1461/377
usemtl verde6
f 8/1462/378 353/1463/378 368/1464/378
usemtl verde6
f 347/1465/379 346/1466/379 361/1467/379 362/1468/379
usemtl verde9
f 340/1469/380 339/1470/380 354/1471/380 355/1472/380
usemtl verde6
f 348/1473/381 347/1474/381 362/1475/381 363/1476/381
usemtl verde9
f 341/1477/382 340/1478/382 355/1479/382 356/1480/382
usemtl verde6
f 349/1481/383 348/1482/383 363/1483/383 364/1484/383
usemtl verde8
f 342/1485/384 341/1486/384 356/1487/384 357/1488/384
usemtl verde9
f 354/1489/385 1/1490/385 369/1491/385
usemtl verde6
f 8/1492/386 368/1493/386 383/1494/386
usemtl verde6
f 362/1495/387 361/1496/387 376/1497/387 377/1498/387
usemtl verde9
f 355/1499/388 354/1500/388 369/1501/388 370/1502/388
usemtl verde6
f 363/1503/389 362/1504/389 377/1505/389 378/1506/389
usemtl verde8
f 356/1507/390 355/1508/390 370/1509/390 371/1510/390
usemtl verde6
f 364/1511/391 363/1512/391 378/1513/391 379/1514/391
usemtl verde8
f 357/1515/392 356/1516/392 371/1517/392 372/1518/392
usemtl verde6
f 365/1519/393 364/1520/393 379/1521/393 380/1522/393
usemtl verde7
f 358/1523/394 357/1524/394 372/1525/394 373/1526/394
usemtl verde6
f 366/1527/395 365/1528/395 380/1529/395 381/1530/395
usemtl verde7
f 359/1531/396 358/1532/396 373/1533/396 374/1534/396
usemtl verde6
f 367/1535/397 366/1536/397 381/1537/397 382/1538/397
usemtl verde6
f 360/1539/398 359/1540/398 374/1541/398 375/1542/398
usemtl verde6
f 368/1543/399 367/1544/399 382/1545/399 383/1546/399
usemtl verde6
f 361/1547/400 360/1548/400 375/1549/400 376/1550/400
usemtl verde7
f 373/1551/401 372/1552/401 387/1553/401 388/1554/401
usemtl verde6
f 381/1555/402 380/1556/402 395/1557/402 396/1558/402
usemtl verde7
f 374/1559/403 373/1560/403 388/1561/403 389/1562/403
usemtl verde6
f 382/1563/404 381/1564/404 396/1565/404 397/1566/404
usemtl verde6
f 375/1567/405 374/1568/405 389/1569/405 390/1570/405
usemtl verde6
f 383/1571/406 382/1572/406 397/1573/406 398/1574/406
usemtl verde6
f 376/1575/407 375/1576/407 390/1577/407 391/1578/407
usemtl verde9
f 369/1579/408 1/1580/408 384/1581/408
usemtl verde6
f 8/1582/409 383/1583/409 398/1584/409
usemtl verde6
f 377/1585/410 376/1586/410 391/1587/410 392/1588/410
usemtl verde9
f 370/1589/411 369/1590/411 384/1591/411 385/1592/411
usemtl verde6
f 378/1593/412 377/1594/412 392/1595/412 393/1596/412
usemtl verde8
f 371/1597/413 370/1598/413 385/1599/413 386/1600/413
usemtl verde6
f 379/1601/414 378/1602/414 393/1603/414 394/1604/414
usemtl verde8
f 372/1605/415 371/1606/415 386/1607/415 387/1608/415
usemtl verde6
f 380/1609/416 379/1610/416 394/1611/416 395/1612/416
usemtl verde6
f 392/1613/417 391/1614/417 406/1615/417 407/1616/417
usemtl verde9
f 385/1617/418 384/1618/418 399/1619/418 400/1620/418
usemtl verde6
f 393/1621/419 392/1622/419 407/1623/419 408/1624/419
usemtl verde8
f 386/1625/420 385/1626/420 400/1627/420 401/1628/420
usemtl verde6
f 394/1629/421 393/1630/421 408/1631/421 409/1632/421
usemtl verde8
f 387/1633/422 386/1634/422 401/1635/422 402/1636/422
usemtl verde6
f 395/1637/423 394/1638/423 409/1639/423 410/1640/423
usemtl verde7
f 388/1641/424 387/1642/424 402/1643/424 403/1644/424
usemtl verde6
f 396/1645/425 395/1646/425 410/1647/425 411/1648/425
usemtl verde7
f 389/1649/426 388/1650/426 403/1651/426 404/1652/426
usemtl verde6
f 397/1653/427 396/1654/427 411/1655/427 412/1656/427
usemtl verde6
f 390/1657/428 389/1658/428 404/1659/428 405/1660/428
usemtl verde6
f 398/1661/429 397/1662/429 412/1663/429 413/1664/429
usemtl verde6
f 391/1665/430 390/1666/430 405/1667/430 406/1668/430
usemtl verde9
f 384/1669/431 1/1670/431 399/1671/431
usemtl verde6
f 8/1672/432 398/1673/432 413/1674/432
usemtl verde6
f 411/1675/433 410/1676/433 425/1677/433 426/1678/433
usemtl verde7
f 404/1679/434 403/1680/434 418/1681/434 419/1682/434
usemtl verde6
f 412/1683/435 411/1684/435 426/1685/435 427/1686/435
usemtl verde6
f 405/1687/436 404/1688/436 419/1689/436 420/1690/436
usemtl verde6
f 413/1691/437 412/1692/437 427/1693/437 428/1694/437
usemtl verde6
f 406/1695/438 405/1696/438 420/1697/438 421/1698/438
usemtl verde9
f 399/1699/439 1/1700/439 414/1701/439
usemtl verde6
f 8/1702/440 413/1703/440 428/1704/440
usemtl verde6
f 407/1705/441 406/1706/441 421/1707/441 422/1708/441
usemtl verde9
f 400/1709/442 399/1710/442 414/1711/442 415/1712/442
usemtl verde6
f 408/1713/443 407/1714/443 422/1715/443 423/1716/443
usemtl verde8
f 401/1717/444 400/1718/444 415/1719/444 416/1720/444
usemtl verde6
f 409/1721/445 408/1722/445 423/1723/445 424/1724/445
usemtl verde8
f 402/1725/446 401/1726/446 416/1727/446 417/1728/446
usemtl verde6
f 410/1729/447 409/1730/447 424/1731/447 425/1732/447
usemtl verde7
f 403/1733/448 402/1734/448 417/1735/448 418/1736/448
usemtl verde6
f 423/1737/449 422/1738/449 437/1739/449 438/1740/449
usemtl verde9
f 416/1741/450 415/1742/450 430/1743/450 431/1744/450
usemtl verde6
f 424/1745/451 423/1746/451 438/1747/451 439/1748/451
usemtl verde8
f 417/1749/452 416/1750/452 431/1751/452 432/1752/452
usemtl verde6
f 425/1753/453 424/1754/453 439/1755/453 440/1756/453
usemtl verde8
f 418/1757/454 417/1758/454 432/1759/454 433/1760/454
usemtl verde6
f 426/1761/455 425/1762/455 440/1763/455 441/1764/455
usemtl verde7
f 419/1765/456 418/1766/456 433/1767/456 434/1768/456
usemtl verde6
f 427/1769/457 426/1770/457 441/1771/457 442/1772/457
usemtl verde6
f 420/1773/458 419/1774/458 434/1775/458 435/1776/458
usemtl verde6
f 428/1777/459 427/1778/459 442/1779/459 443/1780/459
usemtl verde6
f 421/1781/460 420/1782/460 435/1783/460 436/1784/460
usemtl verde9
f 414/1785/461 1/1786/461 429/1787/461
usemtl verde6
f 8/1788/462 428/1789/462 443/1790/462
usemtl verde6
f 422/1791/463 421/1792/463 436/1793/463 437/1794/463
usemtl verde9
f 415/1795/464 414/1796/464 429/1797/464 430/1798/464
usemtl verde6
f 442/1799/465 441/1800/465 456/1801/465 457/1802/465
usemtl verde6
f 435/1803/466 434/1804/466 449/1805/466 450/1806/466
usemtl verde6
f 443/1807/467 442/1808/467 457/1809/467 458/1810/467
usemtl verde6
f 436/1811/468 435/1812/468 450/1813/468 451/1814/468
usemtl verde9
f 429/1815/469 1/1816/469 444/1817/469
usemtl verde6
f 8/1818/470 443/1819/470 458/1820/470
usemtl verde6
f 437/1821/471 436/1822/471 451/1823/471 452/1824/471
usemtl verde9
f 430/1825/472 429/1826/472 444/1827/472 445/1828/472
usemtl verde6
f 438/1829/473 437/1830/473 452/1831/473 453/1832/473
usemtl verde9
f 431/1833/474 430/1834/474 445/1835/474 446/1836/474
usemtl verde6
f 439/1837/475 438/1838/475 453/1839/475 454/1840/475
usemtl verde8
f 432/1841/476 431/1842/476 446/1843/476 447/1844/476
usemtl verde6
f 440/1845/477 439/1846/477 454/1847/477 455/1848/477
usemtl verde8
f 433/1849/478 432/1850/478 447/1851/478 448/1852/478
usemtl verde6
f 441/1853/479 440/1854/479 455/1855/479 456/1856/479
usemtl verde7
f 434/1857/480 433/1858/480 448/1859/480 449/1860/480
usemtl verde9
f 446/1861/481 445/1862/481 460/1863/481 461/1864/481
usemtl verde6
f 454/1865/482 453/1866/482 468/1867/482 469/1868/482
usemtl verde8
f 447/1869/483 446/1870/483 461/1871/483 462/1872/483
usemtl verde6
f 455/1873/484 454/1874/484 469/1875/484 470/1876/484
usemtl verde8
f 448/1877/485 447/1878/485 462/1879/485 463/1880/485
usemtl verde6
f 456/1881/486 455/1882/486 470/1883/486 471/1884/486
usemtl verde7
f 449/1885/487 448/1886/487 463/1887/487 464/1888/487
usemtl verde6
f 457/1889/488 456/1890/488 471/1891/488 472/1892/488
usemtl verde6
f 450/1893/489 449/1894/489 464/1895/489 465/1896/489
usemtl verde6
f 458/1897/490 457/1898/490 472/1899/490 473/1900/490
usemtl verde6
f 451/1901/491 450/1902/491 465/1903/491 466/1904/491
usemtl verde9
f 444/1905/492 1/1906/492 459/1907/492
usemtl verde6
f 8/1908/493 458/1909/493 473/1910/493
usemtl verde6
f 452/1911/494 451/1912/494 466/1913/494 467/1914/494
usemtl verde9
f 445/1915/495 444/1916/495 459/1917/495 460/1918/495
usemtl verde6
f 453/1919/496 452/1920/496 467/1921/496 468/1922/496
usemtl verde7
f 465/1923/497 464/1924/497 477/1925/497 4/1926/497
usemtl verde6
f 473/1927/498 472/1928/498 481/1929/498 482/1930/498
usemtl verde6
f 466/1931/499 465/1932/499 4/1933/499 5/1934/499
usemtl verde9
f 459/1935/500 1/1936/500 474/1937/500
usemtl verde6
f 8/1938/501 473/1939/501 482/1940/501
usemtl verde6
f 467/1941/502 466/1942/502 5/1943/502 6/1944/502
usemtl verde9
f 460/1945/503 459/1946/503 474/1947/503 475/1948/503
usemtl verde6
f 468/1949/504 467/1950/504 6/1951/504 478/1952/504
usemtl verde9
f 461/1953/505 460/1954/505 475/1955/505 2/1956/505
usemtl verde6
f 469/1957/506 468/1958/506 478/1959/506 7/1960/506
usemtl verde9
f 462/1961/507 461/1962/507 2/1963/507 476/1964/507
usemtl verde6
f 470/1965/508 469/1966/508 7/1967/508 479/1968/508
usemtl verde8
f 463/1969/509 462/1970/509 476/1971/509 3/1972/509
usemtl verde6
f 471/1973/510 470/1974/510 479/1975/510 480/1976/510
usemtl verde8
f 464/1977/511 463/1978/511 3/1979/511 477/1980/511
usemtl verde6
f 472/1981/512 471/1982/512 480/1983/512 481/1984/512
o Alas
usemtl verde6
f 964/1985/513 963/1986/513 504/1987/513 505/1988/513
usemtl verde7
f 487/1989/514 486/1990/514 497/1991/514 498/1992/514
usemtl verde9
f 956/1993/515 483/1994/515 491/1995/515
usemtl verde6
f 490/1996/516 964/1997/516 505/1998/516
usemtl verde6
f 488/1999/517 487/2000/517 498/2001/517 499/2002/517
usemtl verde9
f 957/2003/518 956/2004/518 491/2005/518 492/2006/518
usemtl verde6
f 960/2007/519 488/2008/519 499/2009/519 500/2010/519
usemtl verde9
f 484/2011/520 957/2012/520 492/2013/520 493/2014/520
usemtl verde6
f 489/2015/521 960/2016/521 500/2017/521 501/2018/521
usemtl verde9
f 958/2019/522 484/2020/522 493/2021/522 494/2022/522
usemtl verde6
f 961/2023/523 489/2024/523 501/2025/523 502/2026/523
usemtl verde9
f 485/2027/524 958/2028/524 494/2029/524 495/2030/524
usemtl verde6
f 962/2031/525 961/2032/525 502/2033/525 503/2034/525
usemtl verde9
f 959/2035/526 485/2036/526 495/2037/526 496/2038/526
usemtl verde6
f 963/2039/527 962/2040/527 503/2041/527 504/2042/527
usemtl verde8
f 486/2043/528 959/2044/528 496/2045/528 497/2046/528
usemtl logo9
f 496/2047/529 495/2048/529 510/2049/529 511/2050/529
usemtl verde6
f 504/2051/530 503/2052/530 518/2053/530 519/2054/530
usemtl logo8
f 497/2055/531 496/2056/531 511/2057/531 512/2058/531
usemtl verde6
f 505/2059/532 504/2060/532 519/2061/532 520/2062/532
usemtl logo7
f 498/2063/533 497/2064/533 512/2065/533 513/2066/533
usemtl verde9
f 491/2067/534 483/2068/534 506/2069/534
usemtl verde6
f 490/2070/535 505/2071/535 520/2072/535
usemtl verde6
f 499/2073/536 498/2074/536 513/2075/536 514/2076/536
usemtl verde9
f 492/2077/537 491/2078/537 506/2079/537 507/2080/537
usemtl verde6
f 500/2081/538 499/2082/538 514/2083/538 515/2084/538
usemtl verde9
f 493/2085/539 492/2086/539 507/2087/539 508/2088/539
usemtl verde6
f 501/2089/540 500/2090/540 515/2091/540 516/2092/540
usemtl verde9
f 494/2093/541 493/2094/541 508/2095/541 509/2096/541
usemtl verde6
f 502/2097/542 501/2098/542 516/2099/542 517/2100/542
usemtl verde9
f 495/2101/543 494/2102/543 509/2103/543 510/2104/543
usemtl verde6
f 503/2105/544 502/2106/544 517/2107/544 518/2108/544
usemtl verde6
f 515/2109/545 514/2110/545 529/2111/545 530/2112/545
usemtl verde9
f 508/2113/546 507/2114/546 522/2115/546 523/2116/546
usemtl verde6
f 516/2117/547 515/2118/547 530/2119/547 531/2120/547
usemtl logo9
f 509/2121/548 508/2122/548 523/2123/548 524/2124/548
usemtl verde6
f 517/2125/549 516/2126/549 531/2127/549 532/2128/549
usemtl logo9
f 510/2129/550 509/2130/550 524/2131/550 525/2132/550
usemtl verde6
f 518/2133/551 517/2134/551 532/2135/551 533/2136/551
usemtl logo9
f 511/2137/552 510/2138/552 525/2139/552 526/2140/552
usemtl verde6
f 519/2141/553 518/2142/553 533/2143/553 534/2144/553
usemtl logo8
f 512/2145/554 511/2146/554 526/2147/554 527/2148/554
usemtl verde6
f 520/2149/555 519/2150/555 534/2151/555 535/2152/555
usemtl logo7
f 513/2153/556 512/2154/556 527/2155/556 528/2156/556
usemtl verde9
f 506/2157/557 483/2158/557 521/2159/557
usemtl verde6
f 490/2160/558 520/2161/558 535/2162/558
usemtl verde6
f 514/2163/559 513/2164/559 528/2165/559 529/2166/559
usemtl verde9
f 507/2167/560 506/2168/560 521/2169/560 522/2170/560
usemtl verde6
f 534/2171/561 533/2172/561 548/2173/561 549/2174/561
usemtl logo9
f 527/2175/562 526/2176/562 541/2177/562 542/2178/562
usemtl verde6
f 535/2179/563 534/2180/563 549/2181/563 550/2182/563
usemtl logo7
f 528/2183/564 527/2184/564 542/2185/564 543/2186/564
usemtl verde9
f 521/2187/565 483/2188/565 536/2189/565
usemtl verde6
f 490/2190/566 535/2191/566 550/2192/566
usemtl verde6
f 529/2193/567 528/2194/567 543/2195/567 544/2196/567
usemtl verde9
f 522/2197/568 521/2198/568 536/2199/568 537/2200/568
usemtl verde6
f 530/2201/569 529/2202/569 544/2203/569 545/2204/569
usemtl logo9
f 523/2205/570 522/2206/570 537/2207/570 538/2208/570
usemtl verde6
f 531/2209/571 530/2210/571 545/2211/571 546/2212/571
usemtl logo9
f 524/2213/572 523/2214/572 538/2215/572 539/2216/572
usemtl verde6
f 532/2217/573 531/2218/573 546/2219/573 547/2220/573
usemtl logo9
f 525/2221/574 524/2222/574 539/2223/574 540/2224/574
usemtl verde6
f 533/2225/575 532/2226/575 547/2227/575 548/2228/575
usemtl logo9
f 526/2229/576 525/2230/576 540/2231/576 541/2232/576
usemtl verde6
f 546/2233/577 545/2234/577 560/2235/577 561/2236/577
usemtl logo9
f 539/2237/578 538/2238/578 553/2239/578 554/2240/578
usemtl verde6
f 547/2241/579 546/2242/579 561/2243/579 562/2244/579
usemtl logo9
f 540/2245/580 539/2246/580 554/2247/580 555/2248/580
usemtl verde6
f 548/2249/581 547/2250/581 562/2251/581 563/2252/581
usemtl logo9
f 541/2253/582 540/2254/582 555/2255/582 556/2256/582
usemtl verde6
f 549/2257/583 548/2258/583 563/2259/583 564/2260/583
usemtl logo9
f 542/2261/584 541/2262/584 556/2263/584 557/2264/584
usemtl verde6
f 550/2265/585 549/2266/585 564/2267/585 565/2268/585
usemtl logo7
f 543/2269/586 542/2270/586 557/2271/586 558/2272/586
usemtl verde9
f 536/2273/587 483/2274/587 551/2275/587
usemtl verde6
f 490/2276/588 550/2277/588 565/2278/588
usemtl verde6
f 544/2279/589 543/2280/589 558/2281/589 559/2282/589
usemtl verde9
f 537/2283/590 536/2284/590 551/2285/590 552/2286/590
usemtl verde6
f 545/2287/591 544/2288/591 559/2289/591 560/2290/591
usemtl logo9
f 538/2291/592 537/2292/592 552/2293/592 553/2294/592
usemtl verde6
f 565/2295/593 564/2296/593 579/2297/593 580/2298/593
usemtl verde8
f 558/2299/594 557/2300/594 572/2301/594 573/2302/594
usemtl verde9
f 551/2303/595 483/2304/595 566/2305/595
usemtl verde6
f 490/2306/596 565/2307/596 580/2308/596
usemtl verde6
f 559/2309/597 558/2310/597 573/2311/597 574/2312/597
usemtl logo9
f 552/2313/598 551/2314/598 566/2315/598 567/2316/598
usemtl verde6
f 560/2317/599 559/2318/599 574/2319/599 575/2320/599
usemtl logo9
f 553/2321/600 552/2322/600 567/2323/600 568/2324/600
usemtl verde6
f 561/2325/601 560/2326/601 575/2327/601 576/2328/601
usemtl logo9
f 554/2329/602 553/2330/602 568/2331/602 569/2332/602
usemtl verde6
f 562/2333/603 561/2334/603 576/2335/603 577/2336/603
usemtl logo9
f 555/2337/604 554/2338/604 569/2339/604 570/2340/604
usemtl verde6
f 563/2341/605 562/2342/605 577/2343/605 578/2344/605
usemtl logo9
f 556/2345/606 555/2346/606 570/2347/606 571/2348/606
usemtl verde6
f 564/2349/607 563/2350/607 578/2351/607 579/2352/607
usemtl verde9
f 557/2353/608 556/2354/608 571/2355/608 572/2356/608
usemtl logo9
f 569/2357/609 568/2358/609 583/2359/609 584/2360/609
usemtl verde6
f 577/2361/610 576/2362/610 591/2363/610 592/2364/610
usemtl logo9
f 570/2365/611 569/2366/611 584/2367/611 585/2368/611
usemtl verde6
f 578/2369/612 577/2370/612 592/2371/612 593/2372/612
usemtl verde9
f 571/2373/613 570/2374/613 585/2375/613 586/2376/613
usemtl verde6
f 579/2377/614 578/2378/614 593/2379/614 594/2380/614
usemtl verde9
f 572/2381/615 571/2382/615 586/2383/615 587/2384/615
usemtl verde6
f 580/2385/616 579/2386/616 594/2387/616 595/2388/616
usemtl verde9
f 573/2389/617 572/2390/617 587/2391/617 588/2392/617
usemtl verde9
f 566/2393/618 483/2394/618 581/2395/618
usemtl verde6
f 490/2396/619 580/2397/619 595/2398/619
usemtl verde6
f 574/2399/620 573/2400/620 588/2401/620 589/2402/620
usemtl logo9
f 567/2403/621 566/2404/621 581/2405/621 582/2406/621
usemtl verde6
f 575/2407/622 574/2408/622 589/2409/622 590/2410/622
usemtl logo9
f 568/2411/623 567/2412/623 582/2413/623 583/2414/623
usemtl verde6
f 576/2415/624 575/2416/624 590/2417/624 591/2418/624
usemtl verde9
f 588/2419/625 587/2420/625 602/2421/625 603/2422/625
usemtl verde9
f 581/2423/626 483/2424/626 596/2425/626
usemtl verde6
f 490/2426/627 595/2427/627 610/2428/627
usemtl verde6
f 589/2429/628 588/2430/628 603/2431/628 604/2432/628
usemtl logo9
f 582/2433/629 581/2434/629 596/2435/629 597/2436/629
usemtl verde6
f 590/2437/630 589/2438/630 604/2439/630 605/2440/630
usemtl logo9
f 583/2441/631 582/2442/631 597/2443/631 598/2444/631
usemtl verde6
f 591/2445/632 590/2446/632 605/2447/632 606/2448/632
usemtl logo9
f 584/2449/633 583/2450/633 598/2451/633 599/2452/633
usemtl verde6
f 592/2453/634 591/2454/634 606/2455/634 607/2456/634
usemtl logo9
f 585/2457/635 584/2458/635 599/2459/635 600/2460/635
usemtl verde6
f 593/2461/636 592/2462/636 607/2463/636 608/2464/636
usemtl verde9
f 586/2465/637 585/2466/637 600/2467/637 601/2468/637
usemtl verde6
f 594/2469/638 593/2470/638 608/2471/638 609/2472/638
usemtl verde9
f 587/2473/639 586/2474/639 601/2475/639 602/2476/639
usemtl verde6
f 595/2477/640 594/2478/640 609/2479/640 610/2480/640
usemtl verde6
f 607/2481/641 606/2482/641 621/2483/641 622/2484/641
usemtl logo9
f 600/2485/642 599/2486/642 614/2487/642 615/2488/642
usemtl verde6
f 608/2489/643 607/2490/643 622/2491/643 623/2492/643
usemtl verde9
f 601/2493/644 600/2494/644 615/2495/644 616/2496/644
usemtl verde6
f 609/2497/645 608/2498/645 623/2499/645 624/2500/645
usemtl verde9
f 602/2501/646 601/2502/646 616/2503/646 617/2504/646
usemtl verde6
f 610/2505/647 609/2506/647 624/2507/647 625/2508/647
usemtl verde10
f 603/2509/648 602/2510/648 617/2511/648 618/2512/648
usemtl verde9
f 596/2513/649 483/2514/649 611/2515/649
usemtl verde6
f 490/2516/650 610/2517/650 625/2518/650
usemtl verde6
f 604/2519/651 603/2520/651 618/2521/651 619/2522/651
usemtl logo9
f 597/2523/652 596/2524/652 611/2525/652 612/2526/652
usemtl verde6
f 605/2527/653 604/2528/653 619/2529/653 620/2530/653
usemtl logo9
f 598/2531/654 597/2532/654 612/2533/654 613/2534/654
usemtl verde6
f 606/2535/655 605/2536/655 620/2537/655 621/2538/655
usemtl logo9
f 599/2539/656 598/2540/656 613/2541/656 614/2542/656
usemtl verde9
f 611/2543/657 483/2544/657 626/2545/657
usemtl verde6
f 490/2546/658 625/2547/658 640/2548/658
usemtl verde6
f 619/2549/659 618/2550/659 633/2551/659 634/2552/659
usemtl logo9
f 612/2553/660 611/2554/660 626/2555/660 627/2556/660
usemtl verde6
f 620/2557/661 619/2558/661 634/2559/661 635/2560/661
usemtl logo9
f 613/2561/662 612/2562/662 627/2563/662 628/2564/662
usemtl verde6
f 621/2565/663 620/2566/663 635/2567/663 636/2568/663
usemtl logo9
f 614/2569/664 613/2570/664 628/2571/664 629/2572/664
usemtl verde6
f 622/2573/665 621/2574/665 636/2575/665 637/2576/665
usemtl logo9
f 615/2577/666 614/2578/666 629/2579/666 630/2580/666
usemtl verde6
f 623/2581/667 622/2582/667 637/2583/667 638/2584/667
usemtl verde9
f 616/2585/668 615/2586/668 630/2587/668 631/2588/668
usemtl verde6
f 624/2589/669 623/2590/669 638/2591/669 639/2592/669
usemtl verde10
f 617/2593/670 616/2594/670 631/2595/670 632/2596/670
usemtl verde6
f 625/2597/671 624/2598/671 639/2599/671 640/2600/671
usemtl verde10
f 618/2601/672 617/2602/672 632/2603/672 633/2604/672
usemtl logo9
f 630/2605/673 629/2606/673 644/2607/673 645/2608/673
usemtl verde6
f 638/2609/674 637/2610/674 652/2611/674 653/2612/674
usemtl logo10
f 631/2613/675 630/2614/675 645/2615/675 646/2616/675
usemtl verde6
f 639/2617/676 638/2618/676 653/2619/676 654/2620/676
usemtl verde10
f 632/2621/677 631/2622/677 646/2623/677 647/2624/677
usemtl verde6
f 640/2625/678 639/2626/678 654/2627/678 655/2628/678
usemtl verde10
f 633/2629/679 632/2630/679 647/2631/679 648/2632/679
usemtl verde9
f 626/2633/680 483/2634/680 641/2635/680
usemtl verde6
f 490/2636/681 640/2637/681 655/2638/681
usemtl verde6
f 634/2639/682 633/2640/682 648/2641/682 649/2642/682
usemtl logo9
f 627/2643/683 626/2644/683 641/2645/683 642/2646/683
usemtl verde6
f 635/2647/684 634/2648/684 649/2649/684 650/2650/684
usemtl logo9
f 628/2651/685 627/2652/685 642/2653/685 643/2654/685
usemtl verde6
f 636/2655/686 635/2656/686 650/2657/686 651/2658/686
usemtl logo9
f 629/2659/687 628/2660/687 643/2661/687 644/2662/687
usemtl verde6
f 637/2663/688 636/2664/688 651/2665/688 652/2666/688
usemtl verde6
f 649/2667/689 648/2668/689 663/2669/689 664/2670/689
usemtl verde9
f 642/2671/690 641/2672/690 656/2673/690 657/2674/690
usemtl verde6
f 650/2675/691 649/2676/691 664/2677/691 665/2678/691
usemtl logo9
f 643/2679/692 642/2680/692 657/2681/692 658/2682/692
usemtl verde6
f 651/2683/693 650/2684/693 665/2685/693 666/2686/693
usemtl logo9
f 644/2687/694 643/2688/694 658/2689/694 659/2690/694
usemtl verde6
f 652/2691/695 651/2692/695 666/2693/695 667/2694/695
usemtl logo9
f 645/2695/696 644/2696/696 659/2697/696 660/2698/696
usemtl verde6
f 653/2699/697 652/2700/697 667/2701/697 668/2702/697
usemtl logo10
f 646/2703/698 645/2704/698 660/2705/698 661/2706/698
usemtl verde6
f 654/2707/699 653/2708/699 668/2709/699 669/2710/699
usemtl logo10
f 647/2711/700 646/2712/700 661/2713/700 662/2714/700
usemtl verde6
f 655/2715/701 654/2716/701 669/2717/701 670/2718/701
usemtl logo10
f 648/2719/702 647/2720/702 662/2721/702 663/2722/702
usemtl verde9
f 641/2723/703 483/2724/703 656/2725/703
usemtl verde6
f 490/2726/704 655/2727/704 670/2728/704
usemtl verde6
f 668/2729/705 667/2730/705 682/2731/705 683/2732/705
usemtl logo10
f 661/2733/706 660/2734/706 675/2735/706 676/2736/706
usemtl verde6
f 669/2737/707 668/2738/707 683/2739/707 684/2740/707
usemtl logo10
f 662/2741/708 661/2742/708 676/2743/708 677/2744/708
usemtl verde6
f 670/2745/709 669/2746/709 684/2747/709 685/2748/709
usemtl logo10
f 663/2749/710 662/2750/710 677/2751/710 678/2752/710
usemtl verde9
f 656/2753/711 483/2754/711 671/2755/711
usemtl verde6
f 490/2756/712 670/2757/712 685/2758/712
usemtl verde6
f 664/2759/713 663/2760/713 678/2761/713 679/2762/713
usemtl verde9
f 657/2763/714 656/2764/714 671/2765/714 672/2766/714
usemtl verde6
f 665/2767/715 664/2768/715 679/2769/715 680/2770/715
usemtl logo9
f 658/2771/716 657/2772/716 672/2773/716 673/2774/716
usemtl verde6
f 666/2775/717 665/2776/717 680/2777/717 681/2778/717
usemtl logo9
f 659/2779/718 658/2780/718 673/2781/718 674/2782/718
usemtl verde6
f 667/2783/719 666/2784/719 681/2785/719 682/2786/719
usemtl logo10
f 660/2787/720 659/2788/720 674/2789/720 675/2790/720
usemtl verde6
f 680/2791/721 679/2792/721 694/2793/721 695/2794/721
usemtl verde9
f 673/2795/722 672/2796/722 687/2797/722 688/2798/722
usemtl verde6
f 681/2799/723 680/2800/723 695/2801/723 696/2802/723
usemtl logo9
f 674/2803/724 673/2804/724 688/2805/724 689/2806/724
usemtl verde6
f 682/2807/725 681/2808/725 696/2809/725 697/2810/725
usemtl logo10
f 675/2811/726 674/2812/726 689/2813/726 690/2814/726
usemtl verde6
f 683/2815/727 682/2816/727 697/2817/727 698/2818/727
usemtl logo10
f 676/2819/728 675/2820/728 690/2821/728 691/2822/728
usemtl verde6
f 684/2823/729 683/2824/729 698/2825/729 699/2826/729
usemtl logo10
f 677/2827/730 676/2828/730 691/2829/730 692/2830/730
usemtl verde6
f 685/2831/731 684/2832/731 699/2833/731 700/2834/731
usemtl logo10
f 678/2835/732 677/2836/732 692/2837/732 693/2838/732
usemtl verde9
f 671/2839/733 483/2840/733 686/2841/733
usemtl verde6
f 490/2842/734 685/2843/734 700/2844/734
usemtl verde6
f 679/2845/735 678/2846/735 693/2847/735 694/2848/735
usemtl verde9
f 672/2849/736 671/2850/736 686/2851/736 687/2852/736
usemtl verde6
f 699/2853/737 698/2854/737 713/2855/737 714/2856/737
usemtl logo10
f 692/2857/738 691/2858/738 706/2859/738 707/2860/738
usemtl verde6
f 700/2861/739 699/2862/739 714/2863/739 715/2864/739
usemtl logo10
f 693/2865/740 692/2866/740 707/2867/740 708/2868/740
usemtl verde9
f 686/2869/741 483/2870/741 701/2871/741
usemtl verde6
f 490/2872/742 700/2873/742 715/2874/742
usemtl verde6
f 694/2875/743 693/2876/743 708/2877/743 709/2878/743
usemtl verde9
f 687/2879/744 686/2880/744 701/2881/744 702/2882/744
usemtl verde6
f 695/2883/745 694/2884/745 709/2885/745 710/2886/745
usemtl verde9
f 688/2887/746 687/2888/746 702/2889/746 703/2890/746
usemtl verde6
f 696/2891/747 695/2892/747 710/2893/747 711/2894/747
usemtl verde9
f 689/2895/748 688/2896/748 703/2897/748 704/2898/748
usemtl verde6
f 697/2899/749 696/2900/749 711/2901/749 712/2902/749
usemtl verde10
f 690/2903/750 689/2904/750 704/2905/750 705/2906/750
usemtl verde6
f 698/2907/751 697/2908/751 712/2909/751 713/2910/751
usemtl logo10
f 691/2911/752 690/2912/752 705/2913/752 706/2914/752
usemtl verde9
f 703/2915/753 702/2916/753 717/2917/753 718/2918/753
usemtl verde6
f 711/2919/754 710/2920/754 725/2921/754 726/2922/754
usemtl verde9
f 704/2923/755 703/2924/755 718/2925/755 719/2926/755
usemtl verde6
f 712/2927/756 711/2928/756 726/2929/756 727/2930/756
usemtl verde10
f 705/2931/757 704/2932/757 719/2933/757 720/2934/757
usemtl verde6
f 713/2935/758 712/2936/758 727/2937/758 728/2938/758
usemtl verde10
f 706/2939/759 705/2940/759 720/2941/759 721/2942/759
usemtl verde6
f 714/2943/760 713/2944/760 728/2945/760 729/2946/760
usemtl verde10
f 707/2947/761 706/2948/761 721/2949/761 722/2950/761
usemtl verde6
f 715/2951/762 714/2952/762 729/2953/762 730/2954/762
usemtl verde10
f 708/2955/763 707/2956/763 722/2957/763 723/2958/763
usemtl verde9
f 701/2959/764 483/2960/764 716/2961/764
usemtl verde6
f 490/2962/765 715/2963/765 730/2964/765
usemtl verde6
f 709/2965/766 708/2966/766 723/2967/766 724/2968/766
usemtl verde9
f 702/2969/767 701/2970/767 716/2971/767 717/2972/767
usemtl verde6
f 710/2973/768 709/2974/768 724/2975/768 725/2976/768
usemtl verde10
f 722/2977/769 721/2978/769 736/2979/769 737/2980/769
usemtl verde6
f 730/2981/770 729/2982/770 744/2983/770 745/2984/770
usemtl verde10
f 723/2985/771 722/2986/771 737/2987/771 738/2988/771
usemtl verde9
f 716/2989/772 483/2990/772 731/2991/772
usemtl verde6
f 490/2992/773 730/2993/773 745/2994/773
usemtl verde6
f 724/2995/774 723/2996/774 738/2997/774 739/2998/774
usemtl verde9
f 717/2999/775 716/3000/775 731/3001/775 732/3002/775
usemtl verde6
f 725/3003/776 724/3004/776 739/3005/776 740/3006/776
usemtl verde9
f 718/3007/777 717/3008/777 732/3009/777 733/3010/777
usemtl verde6
f 726/3011/778 725/3012/778 740/3013/778 741/3014/778
usemtl verde9
f 719/3015/779 718/3016/779 733/3017/779 734/3018/779
usemtl verde6
f 727/3019/780 726/3020/780 741/3021/780 742/3022/780
usemtl verde10
f 720/3023/781 719/3024/781 734/3025/781 735/3026/781
usemtl verde6
f 728/3027/782 727/3028/782 742/3029/782 743/3030/782
usemtl verde10
f 721/3031/783 720/3032/783 735/3033/783 736/3034/783
usemtl verde6
f 729/3035/784 728/3036/784 743/3037/784 744/3038/784
usemtl verde6
f 741/3039/785 740/3040/785 755/3041/785 756/3042/785
usemtl verde9
f 734/3043/786 733/3044/786 748/3045/786 749/3046/786
usemtl verde6
f 742/3047/787 741/3048/787 756/3049/787 757/3050/787
usemtl verde10
f 735/3051/788 734/3052/788 749/3053/788 750/3054/788
usemtl verde6
f 743/3055/789 742/3056/789 757/3057/789 758/3058/789
usemtl logo10
f 736/3059/790 735/3060/790 750/3061/790 751/3062/790
usemtl verde6
f 744/3063/791 743/3064/791 758/3065/791 759/3066/791
usemtl logo10
f 737/3067/792 736/3068/792 751/3069/792 752/3070/792
usemtl verde6
f 745/3071/793 744/3072/793 759/3073/793 760/3074/793
usemtl logo10
f 738/3075/794 737/3076/794 752/3077/794 753/3078/794
usemtl verde9
f 731/3079/795 483/3080/795 746/3081/795
usemtl verde6
f 490/3082/796 745/3083/796 760/3084/796
usemtl verde6
f 739/3085/797 738/3086/797 753/3087/797 754/3088/797
usemtl verde9
f 732/3089/798 731/3090/798 746/3091/798 747/3092/798
usemtl verde6
f 740/3093/799 739/3094/799 754/3095/799 755/3096/799
usemtl verde9
f 733/3097/800 732/3098/800 747/3099/800 748/3100/800
usemtl verde6
f 760/3101/801 759/3102/801 774/3103/801 775/3104/801
usemtl logo10
f 753/3105/802 752/3106/802 767/3107/802 768/3108/802
usemtl verde9
f 746/3109/803 483/3110/803 761/3111/803
usemtl verde6
f 490/3112/804 760/3113/804 775/3114/804
usemtl verde6
f 754/3115/805 753/3116/805 768/3117/805 769/3118/805
usemtl verde9
f 747/3119/806 746/3120/806 761/3121/806 762/3122/806
usemtl verde6
f 755/3123/807 754/3124/807 769/3125/807 770/3126/807
usemtl verde9
f 748/3127/808 747/3128/808 762/3129/808 763/3130/808
usemtl verde6
f 756/3131/809 755/3132/809 770/3133/809 771/3134/809
usemtl logo9
f 749/3135/810 748/3136/810 763/3137/810 764/3138/810
usemtl verde6
f 757/3139/811 756/3140/811 771/3141/811 772/3142/811
usemtl logo10
f 750/3143/812 749/3144/812 764/3145/812 765/3146/812
usemtl verde6
f 758/3147/813 757/3148/813 772/3149/813 773/3150/813
usemtl logo10
f 751/3151/814 750/3152/814 765/3153/814 766/3154/814
usemtl verde6
f 759/3155/815 758/3156/815 773/3157/815 774/3158/815
usemtl logo10
f 752/3159/816 751/3160/816 766/3161/816 767/3162/816
usemtl logo9
f 764/3163/817 763/3164/817 778/3165/817 779/3166/817
usemtl verde6
f 772/3167/818 771/3168/818 786/3169/818 787/3170/818
usemtl logo9
f 765/3171/819 764/3172/819 779/3173/819 780/3174/819
usemtl verde6
f 773/3175/820 772/3176/820 787/3177/820 788/3178/820
usemtl logo10
f 766/3179/821 765/3180/821 780/3181/821 781/3182/821
usemtl verde6
f 774/3183/822 773/3184/822 788/3185/822 789/3186/822
usemtl logo10
f 767/3187/823 766/3188/823 781/3189/823 782/3190/823
usemtl verde6
f 775/3191/824 774/3192/824 789/3193/824 790/3194/824
usemtl logo10
f 768/3195/825 767/3196/825 782/3197/825 783/3198/825
usemtl verde9
f 761/3199/826 483/3200/826 776/3201/826
usemtl verde6
f 490/3202/827 775/3203/827 790/3204/827
usemtl verde6
f 769/3205/828 768/3206/828 783/3207/828 784/3208/828
usemtl verde9
f 762/3209/829 761/3210/829 776/3211/829 777/3212/829
usemtl verde6
f 770/3213/830 769/3214/830 784/3215/830 785/3216/830
usemtl logo9
f 763/3217/831 762/3218/831 777/3219/831 778/3220/831
usemtl verde6
f 771/3221/832 770/3222/832 785/3223/832 786/3224/832
usemtl logo10
f 783/3225/833 782/3226/833 797/3227/833 798/3228/833
usemtl verde9
f 776/3229/834 483/3230/834 791/3231/834
usemtl verde6
f 490/3232/835 790/3233/835 805/3234/835
usemtl verde6
f 784/3235/836 783/3236/836 798/3237/836 799/3238/836
usemtl verde9
f 777/3239/837 776/3240/837 791/3241/837 792/3242/837
usemtl verde6
f 785/3243/838 784/3244/838 799/3245/838 800/3246/838
usemtl logo9
f 778/3247/839 777/3248/839 792/3249/839 793/3250/839
usemtl verde6
f 786/3251/840 785/3252/840 800/3253/840 801/3254/840
usemtl logo9
f 779/3255/841 778/3256/841 793/3257/841 794/3258/841
usemtl verde6
f 787/3259/842 786/3260/842 801/3261/842 802/3262/842
usemtl logo9
f 780/3263/843 779/3264/843 794/3265/843 795/3266/843
usemtl verde6
f 788/3267/844 787/3268/844 802/3269/844 803/3270/844
usemtl logo10
f 781/3271/845 780/3272/845 795/3273/845 796/3274/845
usemtl verde6
f 789/3275/846 788/3276/846 803/3277/846 804/3278/846
usemtl logo10
f 782/3279/847 781/3280/847 796/3281/847 797/3282/847
usemtl verde6
f 790/3283/848 789/3284/848 804/3285/848 805/3286/848
usemtl verde6
f 802/3287/849 801/3288/849 816/3289/849 817/3290/849
usemtl logo9
f 795/3291/850 794/3292/850 809/3293/850 810/3294/850
usemtl verde6
f 803/3295/851 802/3296/851 817/3297/851 818/3298/851
usemtl logo9
f 796/3299/852 795/3300/852 810/3301/852 811/3302/852
usemtl verde6
f 804/3303/853 803/3304/853 818/3305/853 819/3306/853
usemtl verde10
f 797/3307/854 796/3308/854 811/3309/854 812/3310/854
usemtl verde6
f 805/3311/855 804/3312/855 819/3313/855 820/3314/855
usemtl verde10
f 798/3315/856 797/3316/856 812/3317/856 813/3318/856
usemtl verde9
f 791/3319/857 483/3320/857 806/3321/857
usemtl verde6
f 490/3322/858 805/3323/858 820/3324/858
usemtl verde6
f 799/3325/859 798/3326/859 813/3327/859 814/3328/859
usemtl logo9
f 792/3329/860 791/3330/860 806/3331/860 807/3332/860
usemtl verde6
f 800/3333/861 799/3334/861 814/3335/861 815/3336/861
usemtl logo9
f 793/3337/862 792/3338/862 807/3339/862 808/3340/862
usemtl verde6
f 801/3341/863 800/3342/863 815/3343/863 816/3344/863
usemtl logo9
f 794/3345/864 793/3346/864 808/3347/864 809/3348/864
usemtl verde6
f 490/3349/865 820/3350/865 835/3351/865
usemtl verde6
f 814/3352/866 813/3353/866 828/3354/866 829/3355/866
usemtl logo9
f 807/3356/867 806/3357/867 821/3358/867 822/3359/867
usemtl verde6
f 815/3360/868 814/3361/868 829/3362/868 830/3363/868
usemtl logo9
f 808/3364/869 807/3365/869 822/3366/869 823/3367/869
usemtl verde6
f 816/3368/870 815/3369/870 830/3370/870 831/3371/870
usemtl logo9
f 809/3372/871 808/3373/871 823/3374/871 824/3375/871
usemtl verde6
f 817/3376/872 816/3377/872 831/3378/872 832/3379/872
usemtl logo9
f 810/3380/873 809/3381/873 824/3382/873 825/3383/873
usemtl verde6
f 818/3384/874 817/3385/874 832/3386/874 833/3387/874
usemtl verde9
f 811/3388/875 810/3389/875 825/3390/875 826/3391/875
usemtl verde6
f 819/3392/876 818/3393/876 833/3394/876 834/3395/876
usemtl verde9
f 812/3396/877 811/3397/877 826/3398/877 827/3399/877
usemtl verde6
f 820/3400/878 819/3401/878 834/3402/878 835/3403/878
usemtl verde10
f 813/3404/879 812/3405/879 827/3406/879 828/3407/879
usemtl verde9
f 806/3408/880 483/3409/880 821/3410/880
usemtl verde6
f 833/3411/881 832/3412/881 847/3413/881 848/3414/881
usemtl verde9
f 826/3415/882 825/3416/882 840/3417/882 841/3418/882
usemtl verde6
f 834/3419/883 833/3420/883 848/3421/883 849/3422/883
usemtl verde9
f 827/3423/884 826/3424/884 841/3425/884 842/3426/884
usemtl verde6
f 835/3427/885 834/3428/885 849/3429/885 850/3430/885
usemtl verde9
f 828/3431/886 827/3432/886 842/3433/886 843/3434/886
usemtl verde9
f 821/3435/887 483/3436/887 836/3437/887
usemtl verde6
f 490/3438/888 835/3439/888 850/3440/888
usemtl verde6
f 829/3441/889 828/3442/889 843/3443/889 844/3444/889
usemtl logo9
f 822/3445/890 821/3446/890 836/3447/890 837/3448/890
usemtl verde6
f 830/3449/891 829/3450/891 844/3451/891 845/3452/891
usemtl logo9
f 823/3453/892 822/3454/892 837/3455/892 838/3456/892
usemtl verde6
f 831/3457/893 830/3458/893 845/3459/893 846/3460/893
usemtl logo9
f 824/3461/894 823/3462/894 838/3463/894 839/3464/894
usemtl verde6
f 832/3465/895 831/3466/895 846/3467/895 847/3468/895
usemtl logo9
f 825/3469/896 824/3470/896 839/3471/896 840/3472/896
usemtl logo9
f 837/3473/897 836/3474/897 851/3475/897 852/3476/897
usemtl verde6
f 845/3477/898 844/3478/898 859/3479/898 860/3480/898
usemtl logo9
f 838/3481/899 837/3482/899 852/3483/899 853/3484/899
usemtl verde6
f 846/3485/900 845/3486/900 860/3487/900 861/3488/900
usemtl logo9
f 839/3489/901 838/3490/901 853/3491/901 854/3492/901
usemtl verde6
f 847/3493/902 846/3494/902 861/3495/902 862/3496/902
usemtl logo9
f 840/3497/903 839/3498/903 854/3499/903 855/3500/903
usemtl verde6
f 848/3501/904 847/3502/904 862/3503/904 863/3504/904
usemtl verde9
f 841/3505/905 840/3506/905 855/3507/905 856/3508/905
usemtl verde6
f 849/3509/906 848/3510/906 863/3511/906 864/3512/906
usemtl verde9
f 842/3513/907 841/3514/907 856/3515/907 857/3516/907
usemtl verde6
f 850/3517/908 849/3518/908 864/3519/908 865/3520/908
usemtl verde9
f 843/3521/909 842/3522/909 857/3523/909 858/3524/909
usemtl verde9
f 836/3525/910 483/3526/910 851/3527/910
usemtl verde6
f 490/3528/911 850/3529/911 865/3530/911
usemtl verde6
f 844/3531/912 843/3532/912 858/3533/912 859/3534/912
usemtl verde9
f 856/3535/913 855/3536/913 870/3537/913 871/3538/913
usemtl verde6
f 864/3539/914 863/3540/914 878/3541/914 879/3542/914
usemtl verde9
f 857/3543/915 856/3544/915 871/3545/915 872/3546/915
usemtl verde6
f 865/3547/916 864/3548/916 879/3549/916 880/3550/916
usemtl verde8
f 858/3551/917 857/3552/917 872/3553/917 873/3554/917
usemtl verde9
f 851/3555/918 483/3556/918 866/3557/918
usemtl verde6
f 490/3558/919 865/3559/919 880/3560/919
usemtl verde6
f 859/3561/920 858/3562/920 873/3563/920 874/3564/920
usemtl logo9
f 852/3565/921 851/3566/921 866/3567/921 867/3568/921
usemtl verde6
f 860/3569/922 859/3570/922 874/3571/922 875/3572/922
usemtl logo9
f 853/3573/923 852/3574/923 867/3575/923 868/3576/923
usemtl verde6
f 861/3577/924 860/3578/924 875/3579/924 876/3580/924
usemtl logo9
f 854/3581/925 853/3582/925 868/3583/925 869/3584/925
usemtl verde6
f 862/3585/926 861/3586/926 876/3587/926 877/3588/926
usemtl logo9
f 855/3589/927 854/3590/927 869/3591/927 870/3592/927
usemtl verde6
f 863/3593/928 862/3594/928 877/3595/928 878/3596/928
usemtl verde6
f 875/3597/929 874/3598/929 889/3599/929 890/3600/929
usemtl logo9
f 868/3601/930 867/3602/930 882/3603/930 883/3604/930
usemtl verde6
f 876/3605/931 875/3606/931 890/3607/931 891/3608/931
usemtl logo9
f 869/3609/932 868/3610/932 883/3611/932 884/3612/932
usemtl verde6
f 877/3613/933 876/3614/933 891/3615/933 892/3616/933
usemtl logo9
f 870/3617/934 869/3618/934 884/3619/934 885/3620/934
usemtl verde6
f 878/3621/935 877/3622/935 892/3623/935 893/3624/935
usemtl logo9
f 871/3625/936 870/3626/936 885/3627/936 886/3628/936
usemtl verde6
f 879/3629/937 878/3630/937 893/3631/937 894/3632/937
usemtl verde9
f 872/3633/938 871/3634/938 886/3635/938 887/3636/938
usemtl verde6
f 880/3637/939 879/3638/939 894/3639/939 895/3640/939
usemtl verde8
f 873/3641/940 872/3642/940 887/3643/940 888/3644/940
usemtl verde9
f 866/3645/941 483/3646/941 881/3647/941
usemtl verde6
f 490/3648/942 880/3649/942 895/3650/942
usemtl verde6
f 874/3651/943 873/3652/943 888/3653/943 889/3654/943
usemtl logo9
f 867/3655/944 866/3656/944 881/3657/944 882/3658/944
usemtl verde6
f 894/3659/945 893/3660/945 908/3661/945 909/3662/945
usemtl logo9
f 887/3663/946 886/3664/946 901/3665/946 902/3666/946
usemtl verde6
f 895/3667/947 894/3668/947 909/3669/947 910/3670/947
usemtl logo7
f 888/3671/948 887/3672/948 902/3673/948 903/3674/948
usemtl verde9
f 881/3675/949 483/3676/949 896/3677/949
usemtl verde6
f 490/3678/950 895/3679/950 910/3680/950
usemtl verde6
f 889/3681/951 888/3682/951 903/3683/951 904/3684/951
usemtl verde9
f 882/3685/952 881/3686/952 896/3687/952 897/3688/952
usemtl verde6
f 890/3689/953 889/3690/953 904/3691/953 905/3692/953
usemtl logo9
f 883/3693/954 882/3694/954 897/3695/954 898/3696/954
usemtl verde6
f 891/3697/955 890/3698/955 905/3699/955 906/3700/955
usemtl logo9
f 884/3701/956 883/3702/956 898/3703/956 899/3704/956
usemtl verde6
f 892/3705/957 891/3706/957 906/3707/957 907/3708/957
usemtl logo9
f 885/3709/958 884/3710/958 899/3711/958 900/3712/958
usemtl verde6
f 893/3713/959 892/3714/959 907/3715/959 908/3716/959
usemtl logo9
f 886/3717/960 885/3718/960 900/3719/960 901/3720/960
usemtl logo9
f 898/3721/961 897/3722/961 912/3723/961 913/3724/961
usemtl verde6
f 906/3725/962 905/3726/962 920/3727/962 921/3728/962
usemtl logo9
f 899/3729/963 898/3730/963 913/3731/963 914/3732/963
usemtl verde6
f 907/3733/964 906/3734/964 921/3735/964 922/3736/964
usemtl logo9
f 900/3737/965 899/3738/965 914/3739/965 915/3740/965
usemtl verde6
f 908/3741/966 907/3742/966 922/3743/966 923/3744/966
usemtl logo9
f 901/3745/967 900/3746/967 915/3747/967 916/3748/967
usemtl verde6
f 909/3749/968 908/3750/968 923/3751/968 924/3752/968
usemtl logo9
f 902/3753/969 901/3754/969 916/3755/969 917/3756/969
usemtl verde6
f 910/3757/970 909/3758/970 924/3759/970 925/3760/970
usemtl logo7
f 903/3761/971 902/3762/971 917/3763/971 918/3764/971
usemtl verde9
f 896/3765/972 483/3766/972 911/3767/972
usemtl verde6
f 490/3768/973 910/3769/973 925/3770/973
usemtl verde6
f 904/3771/974 903/3772/974 918/3773/974 919/3774/974
usemtl verde9
f 897/3775/975 896/3776/975 911/3777/975 912/3778/975
usemtl verde6
f 905/3779/976 904/3780/976 919/3781/976 920/3782/976
usemtl logo8
f 917/3783/977 916/3784/977 931/3785/977 932/3786/977
usemtl verde6
f 925/3787/978 924/3788/978 939/3789/978 940/3790/978
usemtl logo7
f 918/3791/979 917/3792/979 932/3793/979 933/3794/979
usemtl verde9
f 911/3795/980 483/3796/980 926/3797/980
usemtl verde6
f 490/3798/981 925/3799/981 940/3800/981
usemtl verde6
f 919/3801/982 918/3802/982 933/3803/982 934/3804/982
usemtl verde9
f 912/3805/983 911/3806/983 926/3807/983 927/3808/983
usemtl verde6
f 920/3809/984 919/3810/984 934/3811/984 935/3812/984
usemtl verde9
f 913/3813/985 912/3814/985 927/3815/985 928/3816/985
usemtl verde6
f 921/3817/986 920/3818/986 935/3819/986 936/3820/986
usemtl logo9
f 914/3821/987 913/3822/987 928/3823/987 929/3824/987
usemtl verde6
f 922/3825/988 921/3826/988 936/3827/988 937/3828/988
usemtl logo9
f 915/3829/989 914/3830/989 929/3831/989 930/3832/989
usemtl verde6
f 923/3833/990 922/3834/990 937/3835/990 938/3836/990
usemtl logo9
f 916/3837/991 915/3838/991 930/3839/991 931/3840/991
usemtl verde6
f 924/3841/992 923/3842/992 938/3843/992 939/3844/992
usemtl verde6
f 936/3845/993 935/3846/993 950/3847/993 951/3848/993
usemtl verde9
f 929/3849/994 928/3850/994 943/3851/994 944/3852/994
usemtl verde6
f 937/3853/995 936/3854/995 951/3855/995 952/3856/995
usemtl verde9
f 930/3857/996 929/3858/996 944/3859/996 945/3860/996
usemtl verde6
f 938/3861/997 937/3862/997 952/3863/997 953/3864/997
usemtl logo9
f 931/3865/998 930/3866/998 945/3867/998 946/3868/998
usemtl verde6
f 939/3869/999 938/3870/999 953/3871/999 954/3872/999
usemtl logo8
f 932/3873/1000 931/3874/1000 946/3875/1000 947/3876/1000
usemtl verde6
f 940/3877/1001 939/3878/1001 954/3879/1001 955/3880/1001
usemtl logo7
f 933/3881/1002 932/3882/1002 947/3883/1002 948/3884/1002
usemtl verde9
f 926/3885/1003 483/3886/1003 941/3887/1003
usemtl verde6
f 490/3888/1004 940/3889/1004 955/3890/1004
usemtl verde6
f 934/3891/1005 933/3892/1005 948/3893/1005 949/3894/1005
usemtl verde9
f 927/3895/1006 926/3896/1006 941/3897/1006 942/3898/1006
usemtl verde6
f 935/3899/1007 934/3900/1007 949/3901/1007 950/3902/1007
usemtl verde9
f 928/3903/1008 927/3904/1008 942/3905/1008 943/3906/1008
usemtl verde6
f 955/3907/1009 954/3908/1009 963/3909/1009 964/3910/1009
usemtl verde7
f 948/3911/1010 947/3912/1010 486/3913/1010 487/3914/1010
usemtl verde9
f 941/3915/1011 483/3916/1011 956/3917/1011
usemtl verde6
f 490/3918/1012 955/3919/1012 964/3920/1012
usemtl verde6
f 949/3921/1013 948/3922/1013 487/3923/1013 488/3924/1013
usemtl verde9
f 942/3925/1014 941/3926/1014 956/3927/1014 957/3928/1014
usemtl verde6
f 950/3929/1015 949/3930/1015 488/3931/1015 960/3932/1015
usemtl verde9
f 943/3933/1016 942/3934/1016 957/3935/1016 484/3936/1016
usemtl verde6
f 951/3937/1017 950/3938/1017 960/3939/1017 489/3940/1017
usemtl verde9
f 944/3941/1018 943/3942/1018 484/3943/1018 958/3944/1018
usemtl verde6
f 952/3945/1019 951/3946/1019 489/3947/1019 961/3948/1019
usemtl verde9
f 945/3949/1020 944/3950/1020 958/3951/1020 485/3952/1020
usemtl verde6
f 953/3953/1021 952/3954/1021 961/3955/1021 962/3956/1021
usemtl verde9
f 946/3957/1022 945/3958/1022 485/3959/1022 959/3960/1022
usemtl verde6
f 954/3961/1023 953/3962/1023 962/3963/1023 963/3964/1023
usemtl verde8
f 947/3965/1024 946/3966/1024 959/3967/1024 486/3968/1024
o Estabilizador
usemtl verde8
f 968/3969/1025 1441/3970/1025 978/3971/1025 979/3972/1025
usemtl verde6
f 1446/3973/1026 1445/3974/1026 986/3975/1026 987/3976/1026
usemtl verde6
f 969/3977/1027 968/3978/1027 979/3979/1027 980/3980/1027
usemtl verde9
f 1438/3981/1028 965/3982/1028 973/3983/1028
usemtl verde6
f 972/3984/1029 1446/3985/1029 987/3986/1029
usemtl verde6
f 970/3987/1030 969/3988/1030 980/3989/1030 981/3990/1030
usemtl verde9
f 1439/3991/1031 1438/3992/1031 973/3993/1031 974/3994/1031
usemtl verde6
f 1442/3995/1032 970/3996/1032 981/3997/1032 982/3998/1032
usemtl verde9
f 966/3999/1033 1439/4000/1033 974/4001/1033 975/4002/1033
usemtl verde6
f 971/4003/1034 1442/4004/1034 982/4005/1034 983/4006/1034
usemtl verde9
f 1440/4007/1035 966/4008/1035 975/4009/1035 976/4010/1035
usemtl verde6
f 1443/4011/1036 971/4012/1036 983/4013/1036 984/4014/1036
usemtl verde9
f 967/4015/1037 1440/4016/1037 976/4017/1037 977/4018/1037
usemtl verde6
f 1444/4019/1038 1443/4020/1038 984/4021/1038 985/4022/1038
usemtl verde9
f 1441/4023/1039 967/4024/1039 977/4025/1039 978/4026/1039
usemtl verde6
f 1445/4027/1040 1444/4028/1040 985/4029/1040 986/4030/1040
usemtl verde6
f 985/4031/1041 984/4032/1041 999/4033/1041 1000/4034/1041
usemtl verde9
f 978/4035/1042 977/4036/1042 992/4037/1042 993/4038/1042
usemtl verde6
f 986/4039/1043 985/4040/1043 1000/4041/1043 1001/4042/1043
usemtl verde8
f 979/4043/1044 978/4044/1044 993/4045/1044 994/4046/1044
usemtl verde6
f 987/4047/1045 986/4048/1045 1001/4049/1045 1002/4050/1045
usemtl verde7
f 980/4051/1046 979/4052/1046 994/4053/1046 995/4054/1046
usemtl verde9
f 973/4055/1047 965/4056/1047 988/4057/1047
usemtl verde6
f 972/4058/1048 987/4059/1048 1002/4060/1048
usemtl verde6
f 981/4061/1049 980/4062/1049 995/4063/1049 996/4064/1049
usemtl verde9
f 974/4065/1050 973/4066/1050 988/4067/1050 989/4068/1050
usemtl verde6
f 982/4069/1051 981/4070/1051 996/4071/1051 997/4072/1051
usemtl verde9
f 975/4073/1052 974/4074/1052 989/4075/1052 990/4076/1052
usemtl verde6
f 983/4077/1053 982/4078/1053 997/4079/1053 998/4080/1053
usemtl verde9
f 976/4081/1054 975/4082/1054 990/4083/1054 991/4084/1054
usemtl verde6
f 984/4085/1055 983/4086/1055 998/4087/1055 999/4088/1055
usemtl verde9
f 977/4089/1056 976/4090/1056 991/4091/1056 992/4092/1056
usemtl verde6
f 997/4093/1057 996/4094/1057 1011/4095/1057 1012/4096/1057
usemtl verde9
f 990/4097/1058 989/4098/1058 1004/4099/1058 1005/4100/1058
usemtl verde6
f 998/4101/1059 997/4102/1059 1012/4103/1059 1013/4104/1059
usemtl verde9
f 991/4105/1060 990/4106/1060 1005/4107/1060 1006/4108/1060
usemtl verde6
f 999/4109/1061 998/4110/1061 1013/4111/1061 1014/4112/1061
usemtl verde9
f 992/4113/1062 991/4114/1062 1006/4115/1062 1007/4116/1062
usemtl verde6
f 1000/4117/1063 999/4118/1063 1014/4119/1063 1015/4120/1063
usemtl verde9
f 993/4121/1064 992/4122/1064 1007/4123/1064 1008/4124/1064
usemtl verde6
f 1001/4125/1065 1000/4126/1065 1015/4127/1065 1016/4128/1065
usemtl verde8
f 994/4129/1066 993/4130/1066 1008/4131/1066 1009/4132/1066
usemtl verde6
f 1002/4133/1067 1001/4134/1067 1016/4135/1067 1017/4136/1067
usemtl verde7
f 995/4137/1068 994/4138/1068 1009/4139/1068 1010/4140/1068
usemtl verde9
f 988/4141/1069 965/4142/1069 1003/4143/1069
usemtl verde6
f 972/4144/1070 1002/4145/1070 1017/4146/1070
usemtl verde6
f 996/4147/1071 995/4148/1071 1010/4149/1071 1011/4150/1071
usemtl verde9
f 989/4151/1072 988/4152/1072 1003/4153/1072 1004/4154/1072
usemtl verde6
f 1016/4155/1073 1015/4156/1073 1030/4157/1073 1031/4158/1073
usemtl verde9
f 1009/4159/1074 1008/4160/1074 1023/4161/1074 1024/4162/1074
usemtl verde6
f 1017/4163/1075 1016/4164/1075 1031/4165/1075 1032/4166/1075
usemtl verde7
f 1010/4167/1076 1009/4168/1076 1024/4169/1076 1025/4170/1076
usemtl verde9
f 1003/4171/1077 965/4172/1077 1018/4173/1077
usemtl verde6
f 972/4174/1078 1017/4175/1078 1032/4176/1078
usemtl verde6
f 1011/4177/1079 1010/4178/1079 1025/4179/1079 1026/4180/1079
usemtl verde9
f 1004/4181/1080 1003/4182/1080 1018/4183/1080 1019/4184/1080
usemtl verde6
f 1012/4185/1081 1011/4186/1081 1026/4187/1081 1027/4188/1081
usemtl verde9
f 1005/4189/1082 1004/4190/1082 1019/4191/1082 1020/4192/1082
usemtl verde6
f 1013/4193/1083 1012/4194/1083 1027/4195/1083 1028/4196/1083
usemtl verde9
f 1006/4197/1084 1005/4198/1084 1020/4199/1084 1021/4200/1084
usemtl verde6
f 1014/4201/1085 1013/4202/1085 1028/4203/1085 1029/4204/1085
usemtl verde9
f 1007/4205/1086 1006/4206/1086 1021/4207/1086 1022/4208/1086
usemtl verde6
f 1015/4209/1087 1014/4210/1087 1029/4211/1087 1030/4212/1087
usemtl verde9
f 1008/4213/1088 1007/4214/1088 1022/4215/1088 1023/4216/1088
usemtl verde9
f 1020/4217/1089 1019/4218/1089 1034/4219/1089 1035/4220/1089
usemtl verde6
f 1028/4221/1090 1027/4222/1090 1042/4223/1090 1043/4224/1090
usemtl verde9
f 1021/4225/1091 1020/4226/1091 1035/4227/1091 1036/4228/1091
usemtl verde6
f 1029/4229/1092 1028/4230/1092 1043/4231/1092 1044/4232/1092
usemtl verde9
f 1022/4233/1093 1021/4234/1093 1036/4235/1093 1037/4236/1093
usemtl verde6
f 1030/4237/1094 1029/4238/1094 1044/4239/1094 1045/4240/1094
usemtl verde9
f 1023/4241/1095 1022/4242/1095 1037/4243/1095 1038/4244/1095
usemtl verde6
f 1031/4245/1096 1030/4246/1096 1045/4247/1096 1046/4248/1096
usemtl verde9
f 1024/4249/1097 1023/4250/1097 1038/4251/1097 1039/4252/1097
usemtl verde6
f 1032/4253/1098 1031/4254/1098 1046/4255/1098 1047/4256/1098
usemtl verde7
f 1025/4257/1099 1024/4258/1099 1039/4259/1099 1040/4260/1099
usemtl verde9
f 1018/4261/1100 965/4262/1100 1033/4263/1100
usemtl verde6
f 972/4264/1101 1032/4265/1101 1047/4266/1101
usemtl verde6
f 1026/4267/1102 1025/4268/1102 1040/4269/1102 1041/4270/1102
usemtl verde9
f 1019/4271/1103 1018/4272/1103 1033/4273/1103 1034/4274/1103
usemtl verde6
f 1027/4275/1104 1026/4276/1104 1041/4277/1104 1042/4278/1104
usemtl verde9
f 1039/4279/1105 1038/4280/1105 1053/4281/1105 1054/4282/1105
usemtl verde6
f 1047/4283/1106 1046/4284/1106 1061/4285/1106 1062/4286/1106
usemtl verde8
f 1040/4287/1107 1039/4288/1107 1054/4289/1107 1055/4290/1107
usemtl verde9
f 1033/4291/1108 965/4292/1108 1048/4293/1108
usemtl verde6
f 972/4294/1109 1047/4295/1109 1062/4296/1109
usemtl verde6
f 1041/4297/1110 1040/4298/1110 1055/4299/1110 1056/4300/1110
usemtl verde9
f 1034/4301/1111 1033/4302/1111 1048/4303/1111 1049/4304/1111
usemtl verde6
f 1042/4305/1112 1041/4306/1112 1056/4307/1112 1057/4308/1112
usemtl verde9
f 1035/4309/1113 1034/4310/1113 1049/4311/1113 1050/4312/1113
usemtl verde6
f 1043/4313/1114 1042/4314/1114 1057/4315/1114 1058/4316/1114
usemtl verde9
f 1036/4317/1115 1035/4318/1115 1050/4319/1115 1051/4320/1115
usemtl verde6
f 1044/4321/1116 1043/4322/1116 1058/4323/1116 1059/4324/1116
usemtl verde9
f 1037/4325/1117 1036/4326/1117 1051/4327/1117 1052/4328/1117
usemtl verde6
f 1045/4329/1118 1044/4330/1118 1059/4331/1118 1060/4332/1118
usemtl verde9
f 1038/4333/1119 1037/4334/1119 1052/4335/1119 1053/4336/1119
usemtl verde6
f 1046/4337/1120 1045/4338/1120 1060/4339/1120 1061/4340/1120
usemtl verde6
f 1058/4341/1121 1057/4342/1121 1072/4343/1121 1073/4344/1121
usemtl verde9
f 1051/4345/1122 1050/4346/1122 1065/4347/1122 1066/4348/1122
usemtl verde6
f 1059/4349/1123 1058/4350/1123 1073/4351/1123 1074/4352/1123
usemtl verde9
f 1052/4353/1124 1051/4354/1124 1066/4355/1124 1067/4356/1124
usemtl verde6
f 1060/4357/1125 1059/4358/1125 1074/4359/1125 1075/4360/1125
usemtl verde9
f 1053/4361/1126 1052/4362/1126 1067/4363/1126 1068/4364/1126
usemtl verde6
f 1061/4365/1127 1060/4366/1127 1075/4367/1127 1076/4368/1127
usemtl verde9
f 1054/4369/1128 1053/4370/1128 1068/4371/1128 1069/4372/1128
usemtl verde6
f 1062/4373/1129 1061/4374/1129 1076/4375/1129 1077/4376/1129
usemtl verde9
f 1055/4377/1130 1054/4378/1130 1069/4379/1130 1070/4380/1130
usemtl verde9
f 1048/4381/1131 965/4382/1131 1063/4383/1131
usemtl verde6
f 972/4384/1132 1062/4385/1132 1077/4386/1132
usemtl verde6
f 1056/4387/1133 1055/4388/1133 1070/4389/1133 1071/4390/1133
usemtl verde9
f 1049/4391/1134 1048/4392/1134 1063/4393/1134 1064/4394/1134
usemtl verde6
f 1057/4395/1135 1056/4396/1135 1071/4397/1135 1072/4398/1135
usemtl verde9
f 1050/4399/1136 1049/4400/1136 1064/4401/1136 1065/4402/1136
usemtl verde6
f 1077/4403/1137 1076/4404/1137 1091/4405/1137 1092/4406/1137
usemtl verde9
f 1070/4407/1138 1069/4408/1138 1084/4409/1138 1085/4410/1138
usemtl verde9
f 1063/4411/1139 965/4412/1139 1078/4413/1139
usemtl verde6
f 972/4414/1140 1077/4415/1140 1092/4416/1140
usemtl verde6
f 1071/4417/1141 1070/4418/1141 1085/4419/1141 1086/4420/1141
usemtl verde9
f 1064/4421/1142 1063/4422/1142 1078/4423/1142 1079/4424/1142
usemtl verde6
f 1072/4425/1143 1071/4426/1143 1086/4427/1143 1087/4428/1143
usemtl verde9
f 1065/4429/1144 1064/4430/1144 1079/4431/1144 1080/4432/1144
usemtl verde6
f 1073/4433/1145 1072/4434/1145 1087/4435/1145 1088/4436/1145
usemtl verde9
f 1066/4437/1146 1065/4438/1146 1080/4439/1146 1081/4440/1146
usemtl verde6
f 1074/4441/1147 1073/4442/1147 1088/4443/1147 1089/4444/1147
usemtl verde9
f 1067/4445/1148 1066/4446/1148 1081/4447/1148 1082/4448/1148
usemtl verde6
f 1075/4449/1149 1074/4450/1149 1089/4451/1149 1090/4452/1149
usemtl verde9
f 1068/4453/1150 1067/4454/1150 1082/4455/1150 1083/4456/1150
usemtl verde6
f 1076/4457/1151 1075/4458/1151 1090/4459/1151 1091/4460/1151
usemtl verde9
f 1069/4461/1152 1068/4462/1152 1083/4463/1152 1084/4464/1152
usemtl verde9
f 1081/4465/1153 1080/4466/1153 1095/4467/1153 1096/4468/1153
usemtl verde6
f 1089/4469/1154 1088/4470/1154 1103/4471/1154 1104/4472/1154
usemtl verde9
f 1082/4473/1155 1081/4474/1155 1096/4475/1155 1097/4476/1155
usemtl verde6
f 1090/4477/1156 1089/4478/1156 1104/4479/1156 1105/4480/1156
usemtl verde9
f 1083/4481/1157 1082/4482/1157 1097/4483/1157 1098/4484/1157
usemtl verde6
f 1091/4485/1158 1090/4486/1158 1105/4487/1158 1106/4488/1158
usemtl verde9
f 1084/4489/1159 1083/4490/1159 1098/4491/1159 1099/4492/1159
usemtl verde6
f 1092/4493/1160 1091/4494/1160 1106/4495/1160 1107/4496/1160
usemtl verde10
f 1085/4497/1161 1084/4498/1161 1099/4499/1161 1100/4500/1161
usemtl verde9
f 1078/4501/1162 965/4502/1162 1093/4503/1162
usemtl verde6
f 972/4504/1163 1092/4505/1163 1107/4506/1163
usemtl verde6
f 1086/4507/1164 1085/4508/1164 1100/4509/1164 1101/4510/1164
usemtl verde9
f 1079/4511/1165 1078/4512/1165 1093/4513/1165 1094/4514/1165
usemtl verde6
f 1087/4515/1166 1086/4516/1166 1101/4517/1166 1102/4518/1166
usemtl verde9
f 1080/4519/1167 1079/4520/1167 1094/4521/1167 1095/4522/1167
usemtl verde6
f 1088/4523/1168 1087/4524/1168 1102/4525/1168 1103/4526/1168
usemtl verde10
f 1100/4527/1169 1099/4528/1169 1114/4529/1169 1115/4530/1169
usemtl verde9
f 1093/4531/1170 965/4532/1170 1108/4533/1170
usemtl verde6
f 972/4534/1171 1107/4535/1171 1122/4536/1171
usemtl verde6
f 1101/4537/1172 1100/4538/1172 1115/4539/1172 1116/4540/1172
usemtl verde9
f 1094/4541/1173 1093/4542/1173 1108/4543/1173 1109/4544/1173
usemtl verde6
f 1102/4545/1174 1101/4546/1174 1116/4547/1174 1117/4548/1174
usemtl verde9
f 1095/4549/1175 1094/4550/1175 1109/4551/1175 1110/4552/1175
usemtl verde6
f 1103/4553/1176 1102/4554/1176 1117/4555/1176 1118/4556/1176
usemtl verde9
f 1096/4557/1177 1095/4558/1177 1110/4559/1177 1111/4560/1177
usemtl verde6
f 1104/4561/1178 1103/4562/1178 1118/4563/1178 1119/4564/1178
usemtl verde9
f 1097/4565/1179 1096/4566/1179 1111/4567/1179 1112/4568/1179
usemtl verde6
f 1105/4569/1180 1104/4570/1180 1119/4571/1180 1120/4572/1180
usemtl verde10
f 1098/4573/1181 1097/4574/1181 1112/4575/1181 1113/4576/1181
usemtl verde6
f 1106/4577/1182 1105/4578/1182 1120/4579/1182 1121/4580/1182
usemtl verde10
f 1099/4581/1183 1098/4582/1183 1113/4583/1183 1114/4584/1183
usemtl verde6
f 1107/4585/1184 1106/4586/1184 1121/4587/1184 1122/4588/1184
usemtl verde6
f 1119/4589/1185 1118/4590/1185 1133/4591/1185 1134/4592/1185
usemtl verde9
f 1112/4593/1186 1111/4594/1186 1126/4595/1186 1127/4596/1186
usemtl verde6
f 1120/4597/1187 1119/4598/1187 1134/4599/1187 1135/4600/1187
usemtl verde10
f 1113/4601/1188 1112/4602/1188 1127/4603/1188 1128/4604/1188
usemtl verde6
f 1121/4605/1189 1120/4606/1189 1135/4607/1189 1136/4608/1189
usemtl verde10
f 1114/4609/1190 1113/4610/1190 1128/4611/1190 1129/4612/1190
usemtl verde6
f 1122/4613/1191 1121/4614/1191 1136/4615/1191 1137/4616/1191
usemtl verde10
f 1115/4617/1192 1114/4618/1192 1129/4619/1192 1130/4620/1192
usemtl verde9
f 1108/4621/1193 965/4622/1193 1123/4623/1193
usemtl verde6
f 972/4624/1194 1122/4625/1194 1137/4626/1194
usemtl verde6
f 1116/4627/1195 1115/4628/1195 1130/4629/1195 1131/4630/1195
usemtl verde9
f 1109/4631/1196 1108/4632/1196 1123/4633/1196 1124/4634/1196
usemtl verde6
f 1117/4635/1197 1116/4636/1197 1131/4637/1197 1132/4638/1197
usemtl verde9
f 1110/4639/1198 1109/4640/1198 1124/4641/1198 1125/4642/1198
usemtl verde6
f 1118/4643/1199 1117/4644/1199 1132/4645/1199 1133/4646/1199
usemtl verde9
f 1111/4647/1200 1110/4648/1200 1125/4649/1200 1126/4650/1200
usemtl verde6
f 972/4651/1201 1137/4652/1201 1152/4653/1201
usemtl verde6
f 1131/4654/1202 1130/4655/1202 1145/4656/1202 1146/4657/1202
usemtl verde9
f 1124/4658/1203 1123/4659/1203 1138/4660/1203 1139/4661/1203
usemtl verde6
f 1132/4662/1204 1131/4663/1204 1146/4664/1204 1147/4665/1204
usemtl verde9
f 1125/4666/1205 1124/4667/1205 1139/4668/1205 1140/4669/1205
usemtl verde6
f 1133/4670/1206 1132/4671/1206 1147/4672/1206 1148/4673/1206
usemtl verde9
f 1126/4674/1207 1125/4675/1207 1140/4676/1207 1141/4677/1207
usemtl verde6
f 1134/4678/1208 1133/4679/1208 1148/4680/1208 1149/4681/1208
usemtl verde10
f 1127/4682/1209 1126/4683/1209 1141/4684/1209 1142/4685/1209
usemtl verde6
f 1135/4686/1210 1134/4687/1210 1149/4688/1210 1150/4689/1210
usemtl verde10
f 1128/4690/1211 1127/4691/1211 1142/4692/1211 1143/4693/1211
usemtl verde6
f 1136/4694/1212 1135/4695/1212 1150/4696/1212 1151/4697/1212
usemtl verde10
f 1129/4698/1213 1128/4699/1213 1143/4700/1213 1144/4701/1213
usemtl verde6
f 1137/4702/1214 1136/4703/1214 1151/4704/1214 1152/4705/1214
usemtl verde10
f 1130/4706/1215 1129/4707/1215 1144/4708/1215 1145/4709/1215
usemtl verde9
f 1123/4710/1216 965/4711/1216 1138/4712/1216
usemtl verde6
f 1150/4713/1217 1149/4714/1217 1164/4715/1217 1165/4716/1217
usemtl verde10
f 1143/4717/1218 1142/4718/1218 1157/4719/1218 1158/4720/1218
usemtl verde6
f 1151/4721/1219 1150/4722/1219 1165/4723/1219 1166/4724/1219
usemtl verde10
f 1144/4725/1220 1143/4726/1220 1158/4727/1220 1159/4728/1220
usemtl verde6
f 1152/4729/1221 1151/4730/1221 1166/4731/1221 1167/4732/1221
usemtl verde10
f 1145/4733/1222 1144/4734/1222 1159/4735/1222 1160/4736/1222
usemtl verde9
f 1138/4737/1223 965/4738/1223 1153/4739/1223
usemtl verde6
f 972/4740/1224 1152/4741/1224 1167/4742/1224
usemtl verde6
f 1146/4743/1225 1145/4744/1225 1160/4745/1225 1161/4746/1225
usemtl verde9
f 1139/4747/1226 1138/4748/1226 1153/4749/1226 1154/4750/1226
usemtl verde6
f 1147/4751/1227 1146/4752/1227 1161/4753/1227 1162/4754/1227
usemtl verde9
f 1140/4755/1228 1139/4756/1228 1154/4757/1228 1155/4758/1228
usemtl verde6
f 1148/4759/1229 1147/4760/1229 1162/4761/1229 1163/4762/1229
usemtl verde9
f 1141/4763/1230 1140/4764/1230 1155/4765/1230 1156/4766/1230
usemtl verde6
f 1149/4767/1231 1148/4768/1231 1163/4769/1231 1164/4770/1231
usemtl verde10
f 1142/4771/1232 1141/4772/1232 1156/4773/1232 1157/4774/1232
usemtl verde9
f 1154/4775/1233 1153/4776/1233 1168/4777/1233 1169/4778/1233
usemtl verde6
f 1162/4779/1234 1161/4780/1234 1176/4781/1234 1177/4782/1234
usemtl verde9
f 1155/4783/1235 1154/4784/1235 1169/4785/1235 1170/4786/1235
usemtl verde6
f 1163/4787/1236 1162/4788/1236 1177/4789/1236 1178/4790/1236
usemtl verde9
f 1156/4791/1237 1155/4792/1237 1170/4793/1237 1171/4794/1237
usemtl verde6
f 1164/4795/1238 1163/4796/1238 1178/4797/1238 1179/4798/1238
usemtl verde10
f 1157/4799/1239 1156/4800/1239 1171/4801/1239 1172/4802/1239
usemtl verde6
f 1165/4803/1240 1164/4804/1240 1179/4805/1240 1180/4806/1240
usemtl verde10
f 1158/4807/1241 1157/4808/1241 1172/4809/1241 1173/4810/1241
usemtl verde6
f 1166/4811/1242 1165/4812/1242 1180/4813/1242 1181/4814/1242
usemtl verde10
f 1159/4815/1243 1158/4816/1243 1173/4817/1243 1174/4818/1243
usemtl verde6
f 1167/4819/1244 1166/4820/1244 1181/4821/1244 1182/4822/1244
usemtl verde10
f 1160/4823/1245 1159/4824/1245 1174/4825/1245 1175/4826/1245
usemtl verde9
f 1153/4827/1246 965/4828/1246 1168/4829/1246
usemtl verde6
f 972/4830/1247 1167/4831/1247 1182/4832/1247
usemtl verde6
f 1161/4833/1248 1160/4834/1248 1175/4835/1248 1176/4836/1248
usemtl verde10
f 1173/4837/1249 1172/4838/1249 1187/4839/1249 1188/4840/1249
usemtl verde6
f 1181/4841/1250 1180/4842/1250 1195/4843/1250 1196/4844/1250
usemtl verde10
f 1174/4845/1251 1173/4846/1251 1188/4847/1251 1189/4848/1251
usemtl verde6
f 1182/4849/1252 1181/4850/1252 1196/4851/1252 1197/4852/1252
usemtl verde10
f 1175/4853/1253 1174/4854/1253 1189/4855/1253 1190/4856/1253
usemtl verde9
f 1168/4857/1254 965/4858/1254 1183/4859/1254
usemtl verde6
f 972/4860/1255 1182/4861/1255 1197/4862/1255
usemtl verde7
f 1176/4863/1256 1175/4864/1256 1190/4865/1256 1191/4866/1256
usemtl verde9
f 1169/4867/1257 1168/4868/1257 1183/4869/1257 1184/4870/1257
usemtl verde6
f 1177/4871/1258 1176/4872/1258 1191/4873/1258 1192/4874/1258
usemtl verde9
f 1170/4875/1259 1169/4876/1259 1184/4877/1259 1185/4878/1259
usemtl verde6
f 1178/4879/1260 1177/4880/1260 1192/4881/1260 1193/4882/1260
usemtl verde10
f 1171/4883/1261 1170/4884/1261 1185/4885/1261 1186/4886/1261
usemtl verde6
f 1179/4887/1262 1178/4888/1262 1193/4889/1262 1194/4890/1262
usemtl verde10
f 1172/4891/1263 1171/4892/1263 1186/4893/1263 1187/4894/1263
usemtl verde6
f 1180/4895/1264 1179/4896/1264 1194/4897/1264 1195/4898/1264
usemtl verde6
f 1192/4899/1265 1191/4900/1265 1206/4901/1265 1207/4902/1265
usemtl verde9
f 1185/4903/1266 1184/4904/1266 1199/4905/1266 1200/4906/1266
usemtl verde6
f 1193/4907/1267 1192/4908/1267 1207/4909/1267 1208/4910/1267
usemtl verde10
f 1186/4911/1268 1185/4912/1268 1200/4913/1268 1201/4914/1268
usemtl verde6
f 1194/4915/1269 1193/4916/1269 1208/4917/1269 1209/4918/1269
usemtl verde10
f 1187/4919/1270 1186/4920/1270 1201/4921/1270 1202/4922/1270
usemtl verde6
f 1195/4923/1271 1194/4924/1271 1209/4925/1271 1210/4926/1271
usemtl verde10
f 1188/4927/1272 1187/4928/1272 1202/4929/1272 1203/4930/1272
usemtl verde6
f 1196/4931/1273 1195/4932/1273 1210/4933/1273 1211/4934/1273
usemtl verde10
f 1189/4935/1274 1188/4936/1274 1203/4937/1274 1204/4938/1274
usemtl verde6
f 1197/4939/1275 1196/4940/1275 1211/4941/1275 1212/4942/1275
usemtl verde9
f 1190/4943/1276 1189/4944/1276 1204/4945/1276 1205/4946/1276
usemtl verde9
f 1183/4947/1277 965/4948/1277 1198/4949/1277
usemtl verde6
f 972/4950/1278 1197/4951/1278 1212/4952/1278
usemtl verde7
f 1191/4953/1279 1190/4954/1279 1205/4955/1279 1206/4956/1279
usemtl verde9
f 1184/4957/1280 1183/4958/1280 1198/4959/1280 1199/4960/1280
usemtl verde6
f 1211/4961/1281 1210/4962/1281 1225/4963/1281 1226/4964/1281
usemtl verde10
f 1204/4965/1282 1203/4966/1282 1218/4967/1282 1219/4968/1282
usemtl verde6
f 1212/4969/1283 1211/4970/1283 1226/4971/1283 1227/4972/1283
usemtl verde9
f 1205/4973/1284 1204/4974/1284 1219/4975/1284 1220/4976/1284
usemtl verde9
f 1198/4977/1285 965/4978/1285 1213/4979/1285
usemtl verde6
f 972/4980/1286 1212/4981/1286 1227/4982/1286
usemtl verde7
f 1206/4983/1287 1205/4984/1287 1220/4985/1287 1221/4986/1287
usemtl verde9
f 1199/4987/1288 1198/4988/1288 1213/4989/1288 1214/4990/1288
usemtl verde6
f 1207/4991/1289 1206/4992/1289 1221/4993/1289 1222/4994/1289
usemtl verde9
f 1200/4995/1290 1199/4996/1290 1214/4997/1290 1215/4998/1290
usemtl verde6
f 1208/4999/1291 1207/5000/1291 1222/5001/1291 1223/5002/1291
usemtl verde10
f 1201/5003/1292 1200/5004/1292 1215/5005/1292 1216/5006/1292
usemtl verde6
f 1209/5007/1293 1208/5008/1293 1223/5009/1293 1224/5010/1293
usemtl verde10
f 1202/5011/1294 1201/5012/1294 1216/5013/1294 1217/5014/1294
usemtl verde6
f 1210/5015/1295 1209/5016/1295 1224/5017/1295 1225/5018/1295
usemtl verde10
f 1203/5019/1296 1202/5020/1296 1217/5021/1296 1218/5022/1296
usemtl verde9
f 1215/5023/1297 1214/5024/1297 1229/5025/1297 1230/5026/1297
usemtl verde6
f 1223/5027/1298 1222/5028/1298 1237/5029/1298 1238/5030/1298
usemtl verde9
f 1216/5031/1299 1215/5032/1299 1230/5033/1299 1231/5034/1299
usemtl verde6
f 1224/5035/1300 1223/5036/1300 1238/5037/1300 1239/5038/1300
usemtl verde10
f 1217/5039/1301 1216/5040/1301 1231/5041/1301 1232/5042/1301
usemtl verde6
f 1225/5043/1302 1224/5044/1302 1239/5045/1302 1240/5046/1302
usemtl verde10
f 1218/5047/1303 1217/5048/1303 1232/5049/1303 1233/5050/1303
usemtl verde6
f 1226/5051/1304 1225/5052/1304 1240/5053/1304 1241/5054/1304
usemtl verde10
f 1219/5055/1305 1218/5056/1305 1233/5057/1305 1234/5058/1305
usemtl verde6
f 1227/5059/1306 1226/5060/1306 1241/5061/1306 1242/5062/1306
usemtl verde9
f 1220/5063/1307 1219/5064/1307 1234/5065/1307 1235/5066/1307
usemtl verde9
f 1213/5067/1308 965/5068/1308 1228/5069/1308
usemtl verde6
f 972/5070/1309 1227/5071/1309 1242/5072/1309
usemtl verde6
f 1221/5073/1310 1220/5074/1310 1235/5075/1310 1236/5076/1310
usemtl verde9
f 1214/5077/1311 1213/5078/1311 1228/5079/1311 1229/5080/1311
usemtl verde6
f 1222/5081/1312 1221/5082/1312 1236/5083/1312 1237/5084/1312
usemtl verde10
f 1234/5085/1313 1233/5086/1313 1248/5087/1313 1249/5088/1313
usemtl verde6
f 1242/5089/1314 1241/5090/1314 1256/5091/1314 1257/5092/1314
usemtl verde9
f 1235/5093/1315 1234/5094/1315 1249/5095/1315 1250/5096/1315
usemtl verde9
f 1228/5097/1316 965/5098/1316 1243/5099/1316
usemtl verde6
f 972/5100/1317 1242/5101/1317 1257/5102/1317
usemtl verde6
f 1236/5103/1318 1235/5104/1318 1250/5105/1318 1251/5106/1318
usemtl verde9
f 1229/5107/1319 1228/5108/1319 1243/5109/1319 1244/5110/1319
usemtl verde6
f 1237/5111/1320 1236/5112/1320 1251/5113/1320 1252/5114/1320
usemtl verde9
f 1230/5115/1321 1229/5116/1321 1244/5117/1321 1245/5118/1321
usemtl verde6
f 1238/5119/1322 1237/5120/1322 1252/5121/1322 1253/5122/1322
usemtl verde9
f 1231/5123/1323 1230/5124/1323 1245/5125/1323 1246/5126/1323
usemtl verde6
f 1239/5127/1324 1238/5128/1324 1253/5129/1324 1254/5130/1324
usemtl verde10
f 1232/5131/1325 1231/5132/1325 1246/5133/1325 1247/5134/1325
usemtl verde6
f 1240/5135/1326 1239/5136/1326 1254/5137/1326 1255/5138/1326
usemtl verde10
f 1233/5139/1327 1232/5140/1327 1247/5141/1327 1248/5142/1327
usemtl verde6
f 1241/5143/1328 1240/5144/1328 1255/5145/1328 1256/5146/1328
usemtl verde6
f 1253/5147/1329 1252/5148/1329 1267/5149/1329 1268/5150/1329
usemtl verde9
f 1246/5151/1330 1245/5152/1330 1260/5153/1330 1261/5154/1330
usemtl verde6
f 1254/5155/1331 1253/5156/1331 1268/5157/1331 1269/5158/1331
usemtl verde9
f 1247/5159/1332 1246/5160/1332 1261/5161/1332 1262/5162/1332
usemtl verde6
f 1255/5163/1333 1254/5164/1333 1269/5165/1333 1270/5166/1333
usemtl verde10
f 1248/5167/1334 1247/5168/1334 1262/5169/1334 1263/5170/1334
usemtl verde6
f 1256/5171/1335 1255/5172/1335 1270/5173/1335 1271/5174/1335
usemtl verde10
f 1249/5175/1336 1248/5176/1336 1263/5177/1336 1264/5178/1336
usemtl verde6
f 1257/5179/1337 1256/5180/1337 1271/5181/1337 1272/5182/1337
usemtl verde9
f 1250/5183/1338 1249/5184/1338 1264/5185/1338 1265/5186/1338
usemtl verde9
f 1243/5187/1339 965/5188/1339 1258/5189/1339
usemtl verde6
f 972/5190/1340 1257/5191/1340 1272/5192/1340
usemtl verde6
f 1251/5193/1341 1250/5194/1341 1265/5195/1341 1266/5196/1341
usemtl verde9
f 1244/5197/1342 1243/5198/1342 1258/5199/1342 1259/5200/1342
usemtl verde6
f 1252/5201/1343 1251/5202/1343 1266/5203/1343 1267/5204/1343
usemtl verde9
f 1245/5205/1344 1244/5206/1344 1259/5207/1344 1260/5208/1344
usemtl verde6
f 1272/5209/1345 1271/5210/1345 1286/5211/1345 1287/5212/1345
usemtl verde9
f 1265/5213/1346 1264/5214/1346 1279/5215/1346 1280/5216/1346
usemtl verde9
f 1258/5217/1347 965/5218/1347 1273/5219/1347
usemtl verde6
f 972/5220/1348 1272/5221/1348 1287/5222/1348
usemtl verde6
f 1266/5223/1349 1265/5224/1349 1280/5225/1349 1281/5226/1349
usemtl verde9
f 1259/5227/1350 1258/5228/1350 1273/5229/1350 1274/5230/1350
usemtl verde6
f 1267/5231/1351 1266/5232/1351 1281/5233/1351 1282/5234/1351
usemtl verde9
f 1260/5235/1352 1259/5236/1352 1274/5237/1352 1275/5238/1352
usemtl verde6
f 1268/5239/1353 1267/5240/1353 1282/5241/1353 1283/5242/1353
usemtl verde9
f 1261/5243/1354 1260/5244/1354 1275/5245/1354 1276/5246/1354
usemtl verde6
f 1269/5247/1355 1268/5248/1355 1283/5249/1355 1284/5250/1355
usemtl verde9
f 1262/5251/1356 1261/5252/1356 1276/5253/1356 1277/5254/1356
usemtl verde6
f 1270/5255/1357 1269/5256/1357 1284/5257/1357 1285/5258/1357
usemtl verde10
f 1263/5259/1358 1262/5260/1358 1277/5261/1358 1278/5262/1358
usemtl verde6
f 1271/5263/1359 1270/5264/1359 1285/5265/1359 1286/5266/1359
usemtl verde10
f 1264/5267/1360 1263/5268/1360 1278/5269/1360 1279/5270/1360
usemtl verde6
f 1284/5271/1361 1283/5272/1361 1298/5273/1361 1299/5274/1361
usemtl verde9
f 1277/5275/1362 1276/5276/1362 1291/5277/1362 1292/5278/1362
usemtl verde6
f 1285/5279/1363 1284/5280/1363 1299/5281/1363 1300/5282/1363
usemtl verde9
f 1278/5283/1364 1277/5284/1364 1292/5285/1364 1293/5286/1364
usemtl verde6
f 1286/5287/1365 1285/5288/1365 1300/5289/1365 1301/5290/1365
usemtl verde10
f 1279/5291/1366 1278/5292/1366 1293/5293/1366 1294/5294/1366
usemtl verde6
f 1287/5295/1367 1286/5296/1367 1301/5297/1367 1302/5298/1367
usemtl verde9
f 1280/5299/1368 1279/5300/1368 1294/5301/1368 1295/5302/1368
usemtl verde9
f 1273/5303/1369 965/5304/1369 1288/5305/1369
usemtl verde6
f 972/5306/1370 1287/5307/1370 1302/5308/1370
usemtl verde6
f 1281/5309/1371 1280/5310/1371 1295/5311/1371 1296/5312/1371
usemtl verde9
f 1274/5313/1372 1273/5314/1372 1288/5315/1372 1289/5316/1372
usemtl verde6
f 1282/5317/1373 1281/5318/1373 1296/5319/1373 1297/5320/1373
usemtl verde9
f 1275/5321/1374 1274/5322/1374 1289/5323/1374 1290/5324/1374
usemtl verde6
f 1283/5325/1375 1282/5326/1375 1297/5327/1375 1298/5328/1375
usemtl verde9
f 1276/5329/1376 1275/5330/1376 1290/5331/1376 1291/5332/1376
usemtl verde9
f 1288/5333/1377 965/5334/1377 1303/5335/1377
usemtl verde6
f 972/5336/1378 1302/5337/1378 1317/5338/1378
usemtl verde6
f 1296/5339/1379 1295/5340/1379 1310/5341/1379 1311/5342/1379
usemtl verde9
f 1289/5343/1380 1288/5344/1380 1303/5345/1380 1304/5346/1380
usemtl verde6
f 1297/5347/1381 1296/5348/1381 1311/5349/1381 1312/5350/1381
usemtl verde9
f 1290/5351/1382 1289/5352/1382 1304/5353/1382 1305/5354/1382
usemtl verde6
f 1298/5355/1383 1297/5356/1383 1312/5357/1383 1313/5358/1383
usemtl verde9
f 1291/5359/1384 1290/5360/1384 1305/5361/1384 1306/5362/1384
usemtl verde6
f 1299/5363/1385 1298/5364/1385 1313/5365/1385 1314/5366/1385
usemtl verde9
f 1292/5367/1386 1291/5368/1386 1306/5369/1386 1307/5370/1386
usemtl verde6
f 1300/5371/1387 1299/5372/1387 1314/5373/1387 1315/5374/1387
usemtl verde9
f 1293/5375/1388 1292/5376/1388 1307/5377/1388 1308/5378/1388
usemtl verde6
f 1301/5379/1389 1300/5380/1389 1315/5381/1389 1316/5382/1389
usemtl verde9
f 1294/5383/1390 1293/5384/1390 1308/5385/1390 1309/5386/1390
usemtl verde6
f 1302/5387/1391 1301/5388/1391 1316/5389/1391 1317/5390/1391
usemtl verde9
f 1295/5391/1392 1294/5392/1392 1309/5393/1392 1310/5394/1392
usemtl verde9
f 1307/5395/1393 1306/5396/1393 1321/5397/1393 1322/5398/1393
usemtl verde6
f 1315/5399/1394 1314/5400/1394 1329/5401/1394 1330/5402/1394
usemtl verde9
f 1308/5403/1395 1307/5404/1395 1322/5405/1395 1323/5406/1395
usemtl verde6
f 1316/5407/1396 1315/5408/1396 1330/5409/1396 1331/5410/1396
usemtl verde9
f 1309/5411/1397 1308/5412/1397 1323/5413/1397 1324/5414/1397
usemtl verde6
f 1317/5415/1398 1316/5416/1398 1331/5417/1398 1332/5418/1398
usemtl verde9
f 1310/5419/1399 1309/5420/1399 1324/5421/1399 1325/5422/1399
usemtl verde9
f 1303/5423/1400 965/5424/1400 1318/5425/1400
usemtl verde6
f 972/5426/1401 1317/5427/1401 1332/5428/1401
usemtl verde6
f 1311/5429/1402 1310/5430/1402 1325/5431/1402 1326/5432/1402
usemtl verde9
f 1304/5433/1403 1303/5434/1403 1318/5435/1403 1319/5436/1403
usemtl verde6
f 1312/5437/1404 1311/5438/1404 1326/5439/1404 1327/5440/1404
usemtl verde9
f 1305/5441/1405 1304/5442/1405 1319/5443/1405 1320/5444/1405
usemtl verde6
f 1313/5445/1406 1312/5446/1406 1327/5447/1406 1328/5448/1406
usemtl verde9
f 1306/5449/1407 1305/5450/1407 1320/5451/1407 1321/5452/1407
usemtl verde6
f 1314/5453/1408 1313/5454/1408 1328/5455/1408 1329/5456/1408
usemtl verde6
f 1326/5457/1409 1325/5458/1409 1340/5459/1409 1341/5460/1409
usemtl verde9
f 1319/5461/1410 1318/5462/1410 1333/5463/1410 1334/5464/1410
usemtl verde6
f 1327/5465/1411 1326/5466/1411 1341/5467/1411 1342/5468/1411
usemtl verde9
f 1320/5469/1412 1319/5470/1412 1334/5471/1412 1335/5472/1412
usemtl verde6
f 1328/5473/1413 1327/5474/1413 1342/5475/1413 1343/5476/1413
usemtl verde9
f 1321/5477/1414 1320/5478/1414 1335/5479/1414 1336/5480/1414
usemtl verde6
f 1329/5481/1415 1328/5482/1415 1343/5483/1415 1344/5484/1415
usemtl verde9
f 1322/5485/1416 1321/5486/1416 1336/5487/1416 1337/5488/1416
usemtl verde6
f 1330/5489/1417 1329/5490/1417 1344/5491/1417 1345/5492/1417
usemtl verde9
f 1323/5493/1418 1322/5494/1418 1337/5495/1418 1338/5496/1418
usemtl verde6
f 1331/5497/1419 1330/5498/1419 1345/5499/1419 1346/5500/1419
usemtl verde9
f 1324/5501/1420 1323/5502/1420 1338/5503/1420 1339/5504/1420
usemtl verde6
f 1332/5505/1421 1331/5506/1421 1346/5507/1421 1347/5508/1421
usemtl verde8
f 1325/5509/1422 1324/5510/1422 1339/5511/1422 1340/5512/1422
usemtl verde9
f 1318/5513/1423 965/5514/1423 1333/5515/1423
usemtl verde6
f 972/5516/1424 1332/5517/1424 1347/5518/1424
usemtl verde6
f 1345/5519/1425 1344/5520/1425 1359/5521/1425 1360/5522/1425
usemtl verde9
f 1338/5523/1426 1337/5524/1426 1352/5525/1426 1353/5526/1426
usemtl verde6
f 1346/5527/1427 1345/5528/1427 1360/5529/1427 1361/5530/1427
usemtl verde9
f 1339/5531/1428 1338/5532/1428 1353/5533/1428 1354/5534/1428
usemtl verde6
f 1347/5535/1429 1346/5536/1429 1361/5537/1429 1362/5538/1429
usemtl verde8
f 1340/5539/1430 1339/5540/1430 1354/5541/1430 1355/5542/1430
usemtl verde9
f 1333/5543/1431 965/5544/1431 1348/5545/1431
usemtl verde6
f 972/5546/1432 1347/5547/1432 1362/5548/1432
usemtl verde6
f 1341/5549/1433 1340/5550/1433 1355/5551/1433 1356/5552/1433
usemtl verde9
f 1334/5553/1434 1333/5554/1434 1348/5555/1434 1349/5556/1434
usemtl verde6
f 1342/5557/1435 1341/5558/1435 1356/5559/1435 1357/5560/1435
usemtl verde9
f 1335/5561/1436 1334/5562/1436 1349/5563/1436 1350/5564/1436
usemtl verde6
f 1343/5565/1437 1342/5566/1437 1357/5567/1437 1358/5568/1437
usemtl verde9
f 1336/5569/1438 1335/5570/1438 1350/5571/1438 1351/5572/1438
usemtl verde6
f 1344/5573/1439 1343/5574/1439 1358/5575/1439 1359/5576/1439
usemtl verde9
f 1337/5577/1440 1336/5578/1440 1351/5579/1440 1352/5580/1440
usemtl verde9
f 1349/5581/1441 1348/5582/1441 1363/5583/1441 1364/5584/1441
usemtl verde6
f 1357/5585/1442 1356/5586/1442 1371/5587/1442 1372/5588/1442
usemtl verde9
f 1350/5589/1443 1349/5590/1443 1364/5591/1443 1365/5592/1443
usemtl verde6
f 1358/5593/1444 1357/5594/1444 1372/5595/1444 1373/5596/1444
usemtl verde9
f 1351/5597/1445 1350/5598/1445 1365/5599/1445 1366/5600/1445
usemtl verde6
f 1359/5601/1446 1358/5602/1446 1373/5603/1446 1374/5604/1446
usemtl verde9
f 1352/5605/1447 1351/5606/1447 1366/5607/1447 1367/5608/1447
usemtl verde6
f 1360/5609/1448 1359/5610/1448 1374/5611/1448 1375/5612/1448
usemtl verde9
f 1353/5613/1449 1352/5614/1449 1367/5615/1449 1368/5616/1449
usemtl verde6
f 1361/5617/1450 1360/5618/1450 1375/5619/1450 1376/5620/1450
usemtl verde9
f 1354/5621/1451 1353/5622/1451 1368/5623/1451 1369/5624/1451
usemtl verde6
f 1362/5625/1452 1361/5626/1452 1376/5627/1452 1377/5628/1452
usemtl verde7
f 1355/5629/1453 1354/5630/1453 1369/5631/1453 1370/5632/1453
usemtl verde9
f 1348/5633/1454 965/5634/1454 1363/5635/1454
usemtl verde6
f 972/5636/1455 1362/5637/1455 1377/5638/1455
usemtl verde6
f 1356/5639/1456 1355/5640/1456 1370/5641/1456 1371/5642/1456
usemtl verde9
f 1368/5643/1457 1367/5644/1457 1382/5645/1457 1383/5646/1457
usemtl verde6
f 1376/5647/1458 1375/5648/1458 1390/5649/1458 1391/5650/1458
usemtl verde8
f 1369/5651/1459 1368/5652/1459 1383/5653/1459 1384/5654/1459
usemtl verde6
f 1377/5655/1460 1376/5656/1460 1391/5657/1460 1392/5658/1460
usemtl verde7
f 1370/5659/1461 1369/5660/1461 1384/5661/1461 1385/5662/1461
usemtl verde9
f 1363/5663/1462 965/5664/1462 1378/5665/1462
usemtl verde6
f 972/5666/1463 1377/5667/1463 1392/5668/1463
usemtl verde6
f 1371/5669/1464 1370/5670/1464 1385/5671/1464 1386/5672/1464
usemtl verde9
f 1364/5673/1465 1363/5674/1465 1378/5675/1465 1379/5676/1465
usemtl verde6
f 1372/5677/1466 1371/5678/1466 1386/5679/1466 1387/5680/1466
usemtl verde9
f 1365/5681/1467 1364/5682/1467 1379/5683/1467 1380/5684/1467
usemtl verde6
f 1373/5685/1468 1372/5686/1468 1387/5687/1468 1388/5688/1468
usemtl verde9
f 1366/5689/1469 1365/5690/1469 1380/5691/1469 1381/5692/1469
usemtl verde6
f 1374/5693/1470 1373/5694/1470 1388/5695/1470 1389/5696/1470
usemtl verde9
f 1367/5697/1471 1366/5698/1471 1381/5699/1471 1382/5700/1471
usemtl verde6
f 1375/5701/1472 1374/5702/1472 1389/5703/1472 1390/5704/1472
usemtl verde6
f 1387/5705/1473 1386/5706/1473 1401/5707/1473 1402/5708/1473
usemtl verde9
f 1380/5709/1474 1379/5710/1474 1394/5711/1474 1395/5712/1474
usemtl verde6
f 1388/5713/1475 1387/5714/1475 1402/5715/1475 1403/5716/1475
usemtl verde9
f 1381/5717/1476 1380/5718/1476 1395/5719/1476 1396/5720/1476
usemtl verde6
f 1389/5721/1477 1388/5722/1477 1403/5723/1477 1404/5724/1477
usemtl verde9
f 1382/5725/1478 1381/5726/1478 1396/5727/1478 1397/5728/1478
usemtl verde6
f 1390/5729/1479 1389/5730/1479 1404/5731/1479 1405/5732/1479
usemtl verde9
f 1383/5733/1480 1382/5734/1480 1397/5735/1480 1398/5736/1480
usemtl verde6
f 1391/5737/1481 1390/5738/1481 1405/5739/1481 1406/5740/1481
usemtl verde8
f 1384/5741/1482 1383/5742/1482 1398/5743/1482 1399/5744/1482
usemtl verde6
f 1392/5745/1483 1391/5746/1483 1406/5747/1483 1407/5748/1483
usemtl verde7
f 1385/5749/1484 1384/5750/1484 1399/5751/1484 1400/5752/1484
usemtl verde9
f 1378/5753/1485 965/5754/1485 1393/5755/1485
usemtl verde6
f 972/5756/1486 1392/5757/1486 1407/5758/1486
usemtl verde6
f 1386/5759/1487 1385/5760/1487 1400/5761/1487 1401/5762/1487
usemtl verde9
f 1379/5763/1488 1378/5764/1488 1393/5765/1488 1394/5766/1488
usemtl verde6
f 1406/5767/1489 1405/5768/1489 1420/5769/1489 1421/5770/1489
usemtl verde8
f 1399/5771/1490 1398/5772/1490 1413/5773/1490 1414/5774/1490
usemtl verde6
f 1407/5775/1491 1406/5776/1491 1421/5777/1491 1422/5778/1491
usemtl verde7
f 1400/5779/1492 1399/5780/1492 1414/5781/1492 1415/5782/1492
usemtl verde9
f 1393/5783/1493 965/5784/1493 1408/5785/1493
usemtl verde6
f 972/5786/1494 1407/5787/1494 1422/5788/1494
usemtl verde6
f 1401/5789/1495 1400/5790/1495 1415/5791/1495 1416/5792/1495
usemtl verde9
f 1394/5793/1496 1393/5794/1496 1408/5795/1496 1409/5796/1496
usemtl verde6
f 1402/5797/1497 1401/5798/1497 1416/5799/1497 1417/5800/1497
usemtl verde9
f 1395/5801/1498 1394/5802/1498 1409/5803/1498 1410/5804/1498
usemtl verde6
f 1403/5805/1499 1402/5806/1499 1417/5807/1499 1418/5808/1499
usemtl verde9
f 1396/5809/1500 1395/5810/1500 1410/5811/1500 1411/5812/1500
usemtl verde6
f 1404/5813/1501 1403/5814/1501 1418/5815/1501 1419/5816/1501
usemtl verde9
f 1397/5817/1502 1396/5818/1502 1411/5819/1502 1412/5820/1502
usemtl verde6
f 1405/5821/1503 1404/5822/1503 1419/5823/1503 1420/5824/1503
usemtl verde9
f 1398/5825/1504 1397/5826/1504 1412/5827/1504 1413/5828/1504
usemtl verde6
f 1418/5829/1505 1417/5830/1505 1432/5831/1505 1433/5832/1505
usemtl verde9
f 1411/5833/1506 1410/5834/1506 1425/5835/1506 1426/5836/1506
usemtl verde6
f 1419/5837/1507 1418/5838/1507 1433/5839/1507 1434/5840/1507
usemtl verde9
f 1412/5841/1508 1411/5842/1508 1426/5843/1508 1427/5844/1508
usemtl verde6
f 1420/5845/1509 1419/5846/1509 1434/5847/1509 1435/5848/1509
usemtl verde9
f 1413/5849/1510 1412/5850/1510 1427/5851/1510 1428/5852/1510
usemtl verde6
f 1421/5853/1511 1420/5854/1511 1435/5855/1511 1436/5856/1511
usemtl verde8
f 1414/5857/1512 1413/5858/1512 1428/5859/1512 1429/5860/1512
usemtl verde6
f 1422/5861/1513 1421/5862/1513 1436/5863/1513 1437/5864/1513
usemtl verde6
f 1415/5865/1514 1414/5866/1514 1429/5867/1514 1430/5868/1514
usemtl verde9
f 1408/5869/1515 965/5870/1515 1423/5871/1515
usemtl verde6
f 972/5872/1516 1422/5873/1516 1437/5874/1516
usemtl verde6
f 1416/5875/1517 1415/5876/1517 1430/5877/1517 1431/5878/1517
usemtl verde9
f 1409/5879/1518 1408/5880/1518 1423/5881/1518 1424/5882/1518
usemtl verde6
f 1417/5883/1519 1416/5884/1519 1431/5885/1519 1432/5886/1519
usemtl verde9
f 1410/5887/1520 1409/5888/1520 1424/5889/1520 1425/5890/1520
usemtl verde6
f 1437/5891/1521 1436/5892/1521 1445/5893/1521 1446/5894/1521
usemtl verde6
f 1430/5895/1522 1429/5896/1522 968/5897/1522 969/5898/1522
usemtl verde9
f 1423/5899/1523 965/5900/1523 1438/5901/1523
usemtl verde6
f 972/5902/1524 1437/5903/1524 1446/5904/1524
usemtl verde6
f 1431/5905/1525 1430/5906/1525 969/5907/1525 970/5908/1525
usemtl verde9
f 1424/5909/1526 1423/5910/1526 1438/5911/1526 1439/5912/1526
usemtl verde6
f 1432/5913/1527 1431/5914/1527 970/5915/1527 1442/5916/1527
usemtl verde9
f 1425/5917/1528 1424/5918/1528 1439/5919/1528 966/5920/1528
usemtl verde6
f 1433/5921/1529 1432/5922/1529 1442/5923/1529 971/5924/1529
usemtl verde9
f 1426/5925/1530 1425/5926/1530 966/5927/1530 1440/5928/1530
usemtl verde6
f 1434/5929/1531 1433/5930/1531 971/5931/1531 1443/5932/1531
usemtl verde9
f 1427/5933/1532 1426/5934/1532 1440/5935/1532 967/5936/1532
usemtl verde6
f 1435/5937/1533 1434/5938/1533 1443/5939/1533 1444/5940/1533
usemtl verde9
f 1428/5941/1534 1427/5942/1534 967/5943/1534 1441/5944/1534
usemtl verde6
f 1436/5945/1535 1435/5946/1535 1444/5947/1535 1445/5948/1535
usemtl verde8
f 1429/5949/1536 1428/5950/1536 1441/5951/1536 968/5952/1536
o Timon
usemtl verde6
f 1451/5953/1537 1450/5954/1537 1461/5955/1537 1462/5956/1537
usemtl verde9
f 1920/5957/1538 1447/5958/1538 1455/5959/1538
usemtl verde6
f 1454/5960/1539 1928/5961/1539 1469/5962/1539
usemtl verde6
f 1452/5963/1540 1451/5964/1540 1462/5965/1540 1463/5966/1540
usemtl verde9
f 1921/5967/1541 1920/5968/1541 1455/5969/1541 1456/5970/1541
usemtl verde6
f 1924/5971/1542 1452/5972/1542 1463/5973/1542 1464/5974/1542
usemtl verde8
f 1448/5975/1543 1921/5976/1543 1456/5977/1543 1457/5978/1543
usemtl verde6
f 1453/5979/1544 1924/5980/1544 1464/5981/1544 1465/5982/1544
usemtl verde7
f 1922/5983/1545 1448/5984/1545 1457/5985/1545 1458/5986/1545
usemtl verde6
f 1925/5987/1546 1453/5988/1546 1465/5989/1546 1466/5990/1546
usemtl verde7
f 1449/5991/1547 1922/5992/1547 1458/5993/1547 1459/5994/1547
usemtl verde6
f 1926/5995/1548 1925/5996/1548 1466/5997/1548 1467/5998/1548
usemtl verde7
f 1923/5999/1549 1449/6000/1549 1459/6001/1549 1460/6002/1549
usemtl verde6
f 1927/6003/1550 1926/6004/1550 1467/6005/1550 1468/6006/1550
usemtl verde6
f 1450/6007/1551 1923/6008/1551 1460/6009/1551 1461/6010/1551
usemtl verde6
f 1928/6011/1552 1927/6012/1552 1468/6013/1552 1469/6014/1552
usemtl verde6
f 1468/6015/1553 1467/6016/1553 1482/6017/1553 1483/6018/1553
usemtl verde7
f 1461/6019/1554 1460/6020/1554 1475/6021/1554 1476/6022/1554
usemtl verde6
f 1469/6023/1555 1468/6024/1555 1483/6025/1555 1484/6026/1555
usemtl verde7
f 1462/6027/1556 1461/6028/1556 1476/6029/1556 1477/6030/1556
usemtl verde9
f 1455/6031/1557 1447/6032/1557 1470/6033/1557
usemtl verde6
f 1454/6034/1558 1469/6035/1558 1484/6036/1558
usemtl verde7
f 1463/6037/1559 1462/6038/1559 1477/6039/1559 1478/6040/1559
usemtl verde9
f 1456/6041/1560 1455/6042/1560 1470/6043/1560 1471/6044/1560
usemtl verde6
f 1464/6045/1561 1463/6046/1561 1478/6047/1561 1479/6048/1561
usemtl verde8
f 1457/6049/1562 1456/6050/1562 1471/6051/1562 1472/6052/1562
usemtl verde6
f 1465/6053/1563 1464/6054/1563 1479/6055/1563 1480/6056/1563
usemtl verde8
f 1458/6057/1564 1457/6058/1564 1472/6059/1564 1473/6060/1564
usemtl verde6
f 1466/6061/1565 1465/6062/1565 1480/6063/1565 1481/6064/1565
usemtl verde7
f 1459/6065/1566 1458/6066/1566 1473/6067/1566 1474/6068/1566
usemtl verde6
f 1467/6069/1567 1466/6070/1567 1481/6071/1567 1482/6072/1567
usemtl verde7
f 1460/6073/1568 1459/6074/1568 1474/6075/1568 1475/6076/1568
usemtl verde7
f 1480/6077/1569 1479/6078/1569 1494/6079/1569 1495/6080/1569
usemtl verde8
f 1473/6081/1570 1472/6082/1570 1487/6083/1570 1488/6084/1570
usemtl verde7
f 1481/6085/1571 1480/6086/1571 1495/6087/1571 1496/6088/1571
usemtl verde8
f 1474/6089/1572 1473/6090/1572 1488/6091/1572 1489/6092/1572
usemtl verde6
f 1482/6093/1573 1481/6094/1573 1496/6095/1573 1497/6096/1573
usemtl verde7
f 1475/6097/1574 1474/6098/1574 1489/6099/1574 1490/6100/1574
usemtl verde6
f 1483/6101/1575 1482/6102/1575 1497/6103/1575 1498/6104/1575
usemtl verde7
f 1476/6105/1576 1475/6106/1576 1490/6107/1576 1491/6108/1576
usemtl verde6
f 1484/6109/1577 1483/6110/1577 1498/6111/1577 1499/6112/1577
usemtl verde7
f 1477/6113/1578 1476/6114/1578 1491/6115/1578 1492/6116/1578
usemtl verde9
f 1470/6117/1579 1447/6118/1579 1485/6119/1579
usemtl verde6
f 1454/6120/1580 1484/6121/1580 1499/6122/1580
usemtl verde7
f 1478/6123/1581 1477/6124/1581 1492/6125/1581 1493/6126/1581
usemtl verde9
f 1471/6127/1582 1470/6128/1582 1485/6129/1582 1486/6130/1582
usemtl verde7
f 1479/6131/1583 1478/6132/1583 1493/6133/1583 1494/6134/1583
usemtl verde8
f 1472/6135/1584 1471/6136/1584 1486/6137/1584 1487/6138/1584
usemtl verde6
f 1499/6139/1585 1498/6140/1585 1513/6141/1585 1514/6142/1585
usemtl verde7
f 1492/6143/1586 1491/6144/1586 1506/6145/1586 1507/6146/1586
usemtl verde9
f 1485/6147/1587 1447/6148/1587 1500/6149/1587
usemtl verde6
f 1454/6150/1588 1499/6151/1588 1514/6152/1588
usemtl verde7
f 1493/6153/1589 1492/6154/1589 1507/6155/1589 1508/6156/1589
usemtl verde8
f 1486/6157/1590 1485/6158/1590 1500/6159/1590 1501/6160/1590
usemtl verde7
f 1494/6161/1591 1493/6162/1591 1508/6163/1591 1509/6164/1591
usemtl verde8
f 1487/6165/1592 1486/6166/1592 1501/6167/1592 1502/6168/1592
usemtl verde7
f 1495/6169/1593 1494/6170/1593 1509/6171/1593 1510/6172/1593
usemtl verde8
f 1488/6173/1594 1487/6174/1594 1502/6175/1594 1503/6176/1594
usemtl verde7
f 1496/6177/1595 1495/6178/1595 1510/6179/1595 1511/6180/1595
usemtl verde8
f 1489/6181/1596 1488/6182/1596 1503/6183/1596 1504/6184/1596
usemtl verde7
f 1497/6185/1597 1496/6186/1597 1511/6187/1597 1512/6188/1597
usemtl verde7
f 1490/6189/1598 1489/6190/1598 1504/6191/1598 1505/6192/1598
usemtl verde6
f 1498/6193/1599 1497/6194/1599 1512/6195/1599 1513/6196/1599
usemtl verde7
f 1491/6197/1600 1490/6198/1600 1505/6199/1600 1506/6200/1600
usemtl verde8
f 1503/6201/1601 1502/6202/1601 1517/6203/1601 1518/6204/1601
usemtl verde7
f 1511/6205/1602 1510/6206/1602 1525/6207/1602 1526/6208/1602
usemtl verde8
f 1504/6209/1603 1503/6210/1603 1518/6211/1603 1519/6212/1603
usemtl verde7
f 1512/6213/1604 1511/6214/1604 1526/6215/1604 1527/6216/1604
usemtl verde8
f 1505/6217/1605 1504/6218/1605 1519/6219/1605 1520/6220/1605
usemtl verde7
f 1513/6221/1606 1512/6222/1606 1527/6223/1606 1528/6224/1606
usemtl verde7
f 1506/6225/1607 1505/6226/1607 1520/6227/1607 1521/6228/1607
usemtl verde6
f 1514/6229/1608 1513/6230/1608 1528/6231/1608 1529/6232/1608
usemtl verde7
f 1507/6233/1609 1506/6234/1609 1521/6235/1609 1522/6236/1609
usemtl verde9
f 1500/6237/1610 1447/6238/1610 1515/6239/1610
usemtl verde6
f 1454/6240/1611 1514/6241/1611 1529/6242/1611
usemtl verde7
f 1508/6243/1612 1507/6244/1612 1522/6245/1612 1523/6246/1612
usemtl verde8
f 1501/6247/1613 1500/6248/1613 1515/6249/1613 1516/6250/1613
usemtl verde7
f 1509/6251/1614 1508/6252/1614 1523/6253/1614 1524/6254/1614
usemtl verde8
f 1502/6255/1615 1501/6256/1615 1516/6257/1615 1517/6258/1615
usemtl verde7
f 1510/6259/1616 1509/6260/1616 1524/6261/1616 1525/6262/1616
usemtl verde7
f 1522/6263/1617 1521/6264/1617 1536/6265/1617 1537/6266/1617
usemtl verde9
f 1515/6267/1618 1447/6268/1618 1530/6269/1618
usemtl verde6
f 1454/6270/1619 1529/6271/1619 1544/6272/1619
usemtl verde7
f 1523/6273/1620 1522/6274/1620 1537/6275/1620 1538/6276/1620
usemtl verde8
f 1516/6277/1621 1515/6278/1621 1530/6279/1621 1531/6280/1621
usemtl verde7
f 1524/6281/1622 1523/6282/1622 1538/6283/1622 1539/6284/1622
usemtl verde8
f 1517/6285/1623 1516/6286/1623 1531/6287/1623 1532/6288/1623
usemtl verde7
f 1525/6289/1624 1524/6290/1624 1539/6291/1624 1540/6292/1624
usemtl verde8
f 1518/6293/1625 1517/6294/1625 1532/6295/1625 1533/6296/1625
usemtl verde7
f 1526/6297/1626 1525/6298/1626 1540/6299/1626 1541/6300/1626
usemtl verde8
f 1519/6301/1627 1518/6302/1627 1533/6303/1627 1534/6304/1627
usemtl verde7
f 1527/6305/1628 1526/6306/1628 1541/6307/1628 1542/6308/1628
usemtl verde8
f 1520/6309/1629 1519/6310/1629 1534/6311/1629 1535/6312/1629
usemtl verde7
f 1528/6313/1630 1527/6314/1630 1542/6315/1630 1543/6316/1630
usemtl verde8
f 1521/6317/1631 1520/6318/1631 1535/6319/1631 1536/6320/1631
usemtl verde6
f 1529/6321/1632 1528/6322/1632 1543/6323/1632 1544/6324/1632
usemtl verde7
f 1541/6325/1633 1540/6326/1633 1555/6327/1633 1556/6328/1633
usemtl verde8
f 1534/6329/1634 1533/6330/1634 1548/6331/1634 1549/6332/1634
usemtl verde7
f 1542/6333/1635 1541/6334/1635 1556/6335/1635 1557/6336/1635
usemtl verde8
f 1535/6337/1636 1534/6338/1636 1549/6339/1636 1550/6340/1636
usemtl verde7
f 1543/6341/1637 1542/6342/1637 1557/6343/1637 1558/6344/1637
usemtl verde8
f 1536/6345/1638 1535/6346/1638 1550/6347/1638 1551/6348/1638
usemtl verde7
f 1544/6349/1639 1543/6350/1639 1558/6351/1639 1559/6352/1639
usemtl verde8
f 1537/6353/1640 1536/6354/1640 1551/6355/1640 1552/6356/1640
usemtl verde9
f 1530/6357/1641 1447/6358/1641 1545/6359/1641
usemtl verde6
f 1454/6360/1642 1544/6361/1642 1559/6362/1642
usemtl verde7
f 1538/6363/1643 1537/6364/1643 1552/6365/1643 1553/6366/1643
usemtl verde8
f 1531/6367/1644 1530/6368/1644 1545/6369/1644 1546/6370/1644
usemtl verde7
f 1539/6371/1645 1538/6372/1645 1553/6373/1645 1554/6374/1645
usemtl verde8
f 1532/6375/1646 1531/6376/1646 1546/6377/1646 1547/6378/1646
usemtl verde7
f 1540/6379/1647 1539/6380/1647 1554/6381/1647 1555/6382/1647
usemtl verde8
f 1533/6383/1648 1532/6384/1648 1547/6385/1648 1548/6386/1648
usemtl verde9
f 1545/6387/1649 1447/6388/1649 1560/6389/1649
usemtl verde6
f 1454/6390/1650 1559/6391/1650 1574/6392/1650
usemtl verde7
f 1553/6393/1651 1552/6394/1651 1567/6395/1651 1568/6396/1651
usemtl verde8
f 1546/6397/1652 1545/6398/1652 1560/6399/1652 1561/6400/1652
usemtl verde7
f 1554/6401/1653 1553/6402/1653 1568/6403/1653 1569/6404/1653
usemtl verde8
f 1547/6405/1654 1546/6406/1654 1561/6407/1654 1562/6408/1654
usemtl verde7
f 1555/6409/1655 1554/6410/1655 1569/6411/1655 1570/6412/1655
usemtl verde8
f 1548/6413/1656 1547/6414/1656 1562/6415/1656 1563/6416/1656
usemtl verde7
f 1556/6417/1657 1555/6418/1657 1570/6419/1657 1571/6420/1657
usemtl verde8
f 1549/6421/1658 1548/6422/1658 1563/6423/1658 1564/6424/1658
usemtl verde7
f 1557/6425/1659 1556/6426/1659 1571/6427/1659 1572/6428/1659
usemtl verde8
f 1550/6429/1660 1549/6430/1660 1564/6431/1660 1565/6432/1660
usemtl verde7
f 1558/6433/1661 1557/6434/1661 1572/6435/1661 1573/6436/1661
usemtl verde8
f 1551/6437/1662 1550/6438/1662 1565/6439/1662 1566/6440/1662
usemtl verde7
f 1559/6441/1663 1558/6442/1663 1573/6443/1663 1574/6444/1663
usemtl verde8
f 1552/6445/1664 1551/6446/1664 1566/6447/1664 1567/6448/1664
usemtl verde8
f 1564/6449/1665 1563/6450/1665 1578/6451/1665 1579/6452/1665
usemtl verde7
f 1572/6453/1666 1571/6454/1666 1586/6455/1666 1587/6456/1666
usemtl verde8
f 1565/6457/1667 1564/6458/1667 1579/6459/1667 1580/6460/1667
usemtl verde7
f 1573/6461/1668 1572/6462/1668 1587/6463/1668 1588/6464/1668
usemtl verde8
f 1566/6465/1669 1565/6466/1669 1580/6467/1669 1581/6468/1669
usemtl verde7
f 1574/6469/1670 1573/6470/1670 1588/6471/1670 1589/6472/1670
usemtl verde8
f 1567/6473/1671 1566/6474/1671 1581/6475/1671 1582/6476/1671
usemtl verde9
f 1560/6477/1672 1447/6478/1672 1575/6479/1672
usemtl verde6
f 1454/6480/1673 1574/6481/1673 1589/6482/1673
usemtl verde8
f 1568/6483/1674 1567/6484/1674 1582/6485/1674 1583/6486/1674
usemtl verde8
f 1561/6487/1675 1560/6488/1675 1575/6489/1675 1576/6490/1675
usemtl verde7
f 1569/6491/1676 1568/6492/1676 1583/6493/1676 1584/6494/1676
usemtl verde8
f 1562/6495/1677 1561/6496/1677 1576/6497/1677 1577/6498/1677
usemtl verde7
f 1570/6499/1678 1569/6500/1678 1584/6501/1678 1585/6502/1678
usemtl verde8
f 1563/6503/1679 1562/6504/1679 1577/6505/1679 1578/6506/1679
usemtl verde7
f 1571/6507/1680 1570/6508/1680 1585/6509/1680 1586/6510/1680
usemtl verde8
f 1583/6511/1681 1582/6512/1681 1597/6513/1681 1598/6514/1681
usemtl verde8
f 1576/6515/1682 1575/6516/1682 1590/6517/1682 1591/6518/1682
usemtl verde8
f 1584/6519/1683 1583/6520/1683 1598/6521/1683 1599/6522/1683
usemtl verde8
f 1577/6523/1684 1576/6524/1684 1591/6525/1684 1592/6526/1684
usemtl verde7
f 1585/6527/1685 1584/6528/1685 1599/6529/1685 1600/6530/1685
usemtl verde8
f 1578/6531/1686 1577/6532/1686 1592/6533/1686 1593/6534/1686
usemtl verde7
f 1586/6535/1687 1585/6536/1687 1600/6537/1687 1601/6538/1687
usemtl verde8
f 1579/6539/1688 1578/6540/1688 1593/6541/1688 1594/6542/1688
usemtl verde7
f 1587/6543/1689 1586/6544/1689 1601/6545/1689 1602/6546/1689
usemtl verde8
f 1580/6547/1690 1579/6548/1690 1594/6549/1690 1595/6550/1690
usemtl verde7
f 1588/6551/1691 1587/6552/1691 1602/6553/1691 1603/6554/1691
usemtl verde8
f 1581/6555/1692 1580/6556/1692 1595/6557/1692 1596/6558/1692
usemtl verde7
f 1589/6559/1693 1588/6560/1693 1603/6561/1693 1604/6562/1693
usemtl verde8
f 1582/6563/1694 1581/6564/1694 1596/6565/1694 1597/6566/1694
usemtl verde9
f 1575/6567/1695 1447/6568/1695 1590/6569/1695
usemtl verde6
f 1454/6570/1696 1589/6571/1696 1604/6572/1696
usemtl verde7
f 1602/6573/1697 1601/6574/1697 1616/6575/1697 1617/6576/1697
usemtl verde8
f 1595/6577/1698 1594/6578/1698 1609/6579/1698 1610/6580/1698
usemtl verde7
f 1603/6581/1699 1602/6582/1699 1617/6583/1699 1618/6584/1699
usemtl verde8
f 1596/6585/1700 1595/6586/1700 1610/6587/1700 1611/6588/1700
usemtl verde7
f 1604/6589/1701 1603/6590/1701 1618/6591/1701 1619/6592/1701
usemtl verde8
f 1597/6593/1702 1596/6594/1702 1611/6595/1702 1612/6596/1702
usemtl verde9
f 1590/6597/1703 1447/6598/1703 1605/6599/1703
usemtl verde6
f 1454/6600/1704 1604/6601/1704 1619/6602/1704
usemtl verde8
f 1598/6603/1705 1597/6604/1705 1612/6605/1705 1613/6606/1705
usemtl verde9
f 1591/6607/1706 1590/6608/1706 1605/6609/1706 1606/6610/1706
usemtl verde8
f 1599/6611/1707 1598/6612/1707 1613/6613/1707 1614/6614/1707
usemtl verde8
f 1592/6615/1708 1591/6616/1708 1606/6617/1708 1607/6618/1708
usemtl verde8
f 1600/6619/1709 1599/6620/1709 1614/6621/1709 1615/6622/1709
usemtl verde8
f 1593/6623/1710 1592/6624/1710 1607/6625/1710 1608/6626/1710
usemtl verde7
f 1601/6627/1711 1600/6628/1711 1615/6629/1711 1616/6630/1711
usemtl verde8
f 1594/6631/1712 1593/6632/1712 1608/6633/1712 1609/6634/1712
usemtl verde8
f 1614/6635/1713 1613/6636/1713 1628/6637/1713 1629/6638/1713
usemtl verde8
f 1607/6639/1714 1606/6640/1714 1621/6641/1714 1622/6642/1714
usemtl verde8
f 1615/6643/1715 1614/6644/1715 1629/6645/1715 1630/6646/1715
usemtl verde8
f 1608/6647/1716 1607/6648/1716 1622/6649/1716 1623/6650/1716
usemtl verde7
f 1616/6651/1717 1615/6652/1717 1630/6653/1717 1631/6654/1717
usemtl verde8
f 1609/6655/1718 1608/6656/1718 1623/6657/1718 1624/6658/1718
usemtl verde7
f 1617/6659/1719 1616/6660/1719 1631/6661/1719 1632/6662/1719
usemtl verde8
f 1610/6663/1720 1609/6664/1720 1624/6665/1720 1625/6666/1720
usemtl verde7
f 1618/6667/1721 1617/6668/1721 1632/6669/1721 1633/6670/1721
usemtl verde8
f 1611/6671/1722 1610/6672/1722 1625/6673/1722 1626/6674/1722
usemtl verde7
f 1619/6675/1723 1618/6676/1723 1633/6677/1723 1634/6678/1723
usemtl verde8
f 1612/6679/1724 1611/6680/1724 1626/6681/1724 1627/6682/1724
usemtl verde9
f 1605/6683/1725 1447/6684/1725 1620/6685/1725
usemtl verde6
f 1454/6686/1726 1619/6687/1726 1634/6688/1726
usemtl verde8
f 1613/6689/1727 1612/6690/1727 1627/6691/1727 1628/6692/1727
usemtl verde9
f 1606/6693/1728 1605/6694/1728 1620/6695/1728 1621/6696/1728
usemtl verde7
f 1633/6697/1729 1632/6698/1729 1647/6699/1729 1648/6700/1729
usemtl verde8
f 1626/6701/1730 1625/6702/1730 1640/6703/1730 1641/6704/1730
usemtl verde6
f 1634/6705/1731 1633/6706/1731 1648/6707/1731 1649/6708/1731
usemtl verde8
f 1627/6709/1732 1626/6710/1732 1641/6711/1732 1642/6712/1732
usemtl verde10
f 1620/6713/1733 1447/6714/1733 1635/6715/1733
usemtl verde6
f 1454/6716/1734 1634/6717/1734 1649/6718/1734
usemtl verde8
f 1628/6719/1735 1627/6720/1735 1642/6721/1735 1643/6722/1735
usemtl verde9
f 1621/6723/1736 1620/6724/1736 1635/6725/1736 1636/6726/1736
usemtl verde8
f 1629/6727/1737 1628/6728/1737 1643/6729/1737 1644/6730/1737
usemtl verde9
f 1622/6731/1738 1621/6732/1738 1636/6733/1738 1637/6734/1738
usemtl verde8
f 1630/6735/1739 1629/6736/1739 1644/6737/1739 1645/6738/1739
usemtl verde8
f 1623/6739/1740 1622/6740/1740 1637/6741/1740 1638/6742/1740
usemtl verde7
f 1631/6743/1741 1630/6744/1741 1645/6745/1741 1646/6746/1741
usemtl verde8
f 1624/6747/1742 1623/6748/1742 1638/6749/1742 1639/6750/1742
usemtl verde7
f 1632/6751/1743 1631/6752/1743 1646/6753/1743 1647/6754/1743
usemtl verde8
f 1625/6755/1744 1624/6756/1744 1639/6757/1744 1640/6758/1744
usemtl verde9
f 1637/6759/1745 1636/6760/1745 1651/6761/1745 1652/6762/1745
usemtl verde8
f 1645/6763/1746 1644/6764/1746 1659/6765/1746 1660/6766/1746
usemtl verde9
f 1638/6767/1747 1637/6768/1747 1652/6769/1747 1653/6770/1747
usemtl verde7
f 1646/6771/1748 1645/6772/1748 1660/6773/1748 1661/6774/1748
usemtl verde8
f 1639/6775/1749 1638/6776/1749 1653/6777/1749 1654/6778/1749
usemtl verde7
f 1647/6779/1750 1646/6780/1750 1661/6781/1750 1662/6782/1750
usemtl verde8
f 1640/6783/1751 1639/6784/1751 1654/6785/1751 1655/6786/1751
usemtl verde7
f 1648/6787/1752 1647/6788/1752 1662/6789/1752 1663/6790/1752
usemtl verde8
f 1641/6791/1753 1640/6792/1753 1655/6793/1753 1656/6794/1753
usemtl verde6
f 1649/6795/1754 1648/6796/1754 1663/6797/1754 1664/6798/1754
usemtl verde8
f 1642/6799/1755 1641/6800/1755 1656/6801/1755 1657/6802/1755
usemtl verde10
f 1635/6803/1756 1447/6804/1756 1650/6805/1756
usemtl verde6
f 1454/6806/1757 1649/6807/1757 1664/6808/1757
usemtl verde8
f 1643/6809/1758 1642/6810/1758 1657/6811/1758 1658/6812/1758
usemtl verde9
f 1636/6813/1759 1635/6814/1759 1650/6815/1759 1651/6816/1759
usemtl verde8
f 1644/6817/1760 1643/6818/1760 1658/6819/1760 1659/6820/1760
usemtl verde8
f 1656/6821/1761 1655/6822/1761 1670/6823/1761 1671/6824/1761
usemtl verde6
f 1664/6825/1762 1663/6826/1762 1678/6827/1762 1679/6828/1762
usemtl verde8
f 1657/6829/1763 1656/6830/1763 1671/6831/1763 1672/6832/1763
usemtl verde10
f 1650/6833/1764 1447/6834/1764 1665/6835/1764
usemtl verde6
f 1454/6836/1765 1664/6837/1765 1679/6838/1765
usemtl verde8
f 1658/6839/1766 1657/6840/1766 1672/6841/1766 1673/6842/1766
usemtl verde10
f 1651/6843/1767 1650/6844/1767 1665/6845/1767 1666/6846/1767
usemtl verde8
f 1659/6847/1768 1658/6848/1768 1673/6849/1768 1674/6850/1768
usemtl verde9
f 1652/6851/1769 1651/6852/1769 1666/6853/1769 1667/6854/1769
usemtl verde8
f 1660/6855/1770 1659/6856/1770 1674/6857/1770 1675/6858/1770
usemtl verde9
f 1653/6859/1771 1652/6860/1771 1667/6861/1771 1668/6862/1771
usemtl verde7
f 1661/6863/1772 1660/6864/1772 1675/6865/1772 1676/6866/1772
usemtl verde9
f 1654/6867/1773 1653/6868/1773 1668/6869/1773 1669/6870/1773
usemtl verde7
f 1662/6871/1774 1661/6872/1774 1676/6873/1774 1677/6874/1774
usemtl verde9
f 1655/6875/1775 1654/6876/1775 1669/6877/1775 1670/6878/1775
usemtl verde7
f 1663/6879/1776 1662/6880/1776 1677/6881/1776 1678/6882/1776
usemtl verde8
f 1675/6883/1777 1674/6884/1777 1689/6885/1777 1690/6886/1777
usemtl verde10
f 1668/6887/1778 1667/6888/1778 1682/6889/1778 1683/6890/1778
usemtl verde7
f 1676/6891/1779 1675/6892/1779 1690/6893/1779 1691/6894/1779
usemtl verde10
f 1669/6895/1780 1668/6896/1780 1683/6897/1780 1684/6898/1780
usemtl verde7
f 1677/6899/1781 1676/6900/1781 1691/6901/1781 1692/6902/1781
usemtl verde9
f 1670/6903/1782 1669/6904/1782 1684/6905/1782 1685/6906/1782
usemtl verde6
f 1678/6907/1783 1677/6908/1783 1692/6909/1783 1693/6910/1783
usemtl verde9
f 1671/6911/1784 1670/6912/1784 1685/6913/1784 1686/6914/1784
usemtl verde6
f 1679/6915/1785 1678/6916/1785 1693/6917/1785 1694/6918/1785
usemtl verde9
f 1672/6919/1786 1671/6920/1786 1686/6921/1786 1687/6922/1786
usemtl verde10
f 1665/6923/1787 1447/6924/1787 1680/6925/1787
usemtl verde6
f 1454/6926/1788 1679/6927/1788 1694/6928/1788
usemtl verde8
f 1673/6929/1789 1672/6930/1789 1687/6931/1789 1688/6932/1789
usemtl verde10
f 1666/6933/1790 1665/6934/1790 1680/6935/1790 1681/6936/1790
usemtl verde8
f 1674/6937/1791 1673/6938/1791 1688/6939/1791 1689/6940/1791
usemtl verde10
f 1667/6941/1792 1666/6942/1792 1681/6943/1792 1682/6944/1792
usemtl verde6
f 1694/6945/1793 1693/6946/1793 1708/6947/1793 1709/6948/1793
usemtl verde8
f 1687/6949/1794 1686/6950/1794 1701/6951/1794 1702/6952/1794
usemtl verde9
f 1680/6953/1795 1447/6954/1795 1695/6955/1795
usemtl verde6
f 1454/6956/1796 1694/6957/1796 1709/6958/1796
usemtl verde7
f 1688/6959/1797 1687/6960/1797 1702/6961/1797 1703/6962/1797
usemtl verde9
f 1681/6963/1798 1680/6964/1798 1695/6965/1798 1696/6966/1798
usemtl verde7
f 1689/6967/1799 1688/6968/1799 1703/6969/1799 1704/6970/1799
usemtl verde9
f 1682/6971/1800 1681/6972/1800 1696/6973/1800 1697/6974/1800
usemtl verde6
f 1690/6975/1801 1689/6976/1801 1704/6977/1801 1705/6978/1801
usemtl verde9
f 1683/6979/1802 1682/6980/1802 1697/6981/1802 1698/6982/1802
usemtl verde6
f 1691/6983/1803 1690/6984/1803 1705/6985/1803 1706/6986/1803
usemtl verde8
f 1684/6987/1804 1683/6988/1804 1698/6989/1804 1699/6990/1804
usemtl verde6
f 1692/6991/1805 1691/6992/1805 1706/6993/1805 1707/6994/1805
usemtl verde8
f 1685/6995/1806 1684/6996/1806 1699/6997/1806 1700/6998/1806
usemtl verde6
f 1693/6999/1807 1692/7000/1807 1707/7001/1807 1708/7002/1807
usemtl verde8
f 1686/7003/1808 1685/7004/1808 1700/7005/1808 1701/7006/1808
usemtl verde7
f 1698/7007/1809 1697/7008/1809 1712/7009/1809 1713/7010/1809
usemtl verde6
f 1706/7011/1810 1705/7012/1810 1720/7013/1810 1721/7014/1810
usemtl verde7
f 1699/7015/1811 1698/7016/1811 1713/7017/1811 1714/7018/1811
usemtl verde6
f 1707/7019/1812 1706/7020/1812 1721/7021/1812 1722/7022/1812
usemtl verde7
f 1700/7023/1813 1699/7024/1813 1714/7025/1813 1715/7026/1813
usemtl verde6
f 1708/7027/1814 1707/7028/1814 1722/7029/1814 1723/7030/1814
usemtl verde7
f 1701/7031/1815 1700/7032/1815 1715/7033/1815 1716/7034/1815
usemtl verde6
f 1709/7035/1816 1708/7036/1816 1723/7037/1816 1724/7038/1816
usemtl verde6
f 1702/7039/1817 1701/7040/1817 1716/7041/1817 1717/7042/1817
usemtl verde9
f 1695/7043/1818 1447/7044/1818 1710/7045/1818
usemtl verde6
f 1454/7046/1819 1709/7047/1819 1724/7048/1819
usemtl verde6
f 1703/7049/1820 1702/7050/1820 1717/7051/1820 1718/7052/1820
usemtl verde8
f 1696/7053/1821 1695/7054/1821 1710/7055/1821 1711/7056/1821
usemtl verde6
f 1704/7057/1822 1703/7058/1822 1718/7059/1822 1719/7060/1822
usemtl verde8
f 1697/7061/1823 1696/7062/1823 1711/7063/1823 1712/7064/1823
usemtl verde6
f 1705/7065/1824 1704/7066/1824 1719/7067/1824 1720/7068/1824
usemtl verde6
f 1717/7069/1825 1716/7070/1825 1731/7071/1825 1732/7072/1825
usemtl verde9
f 1710/7073/1826 1447/7074/1826 1725/7075/1826
usemtl verde6
f 1454/7076/1827 1724/7077/1827 1739/7078/1827
usemtl verde6
f 1718/7079/1828 1717/7080/1828 1732/7081/1828 1733/7082/1828
usemtl verde8
f 1711/7083/1829 1710/7084/1829 1725/7085/1829 1726/7086/1829
usemtl verde6
f 1719/7087/1830 1718/7088/1830 1733/7089/1830 1734/7090/1830
usemtl verde7
f 1712/7091/1831 1711/7092/1831 1726/7093/1831 1727/7094/1831
usemtl verde6
f 1720/7095/1832 1719/7096/1832 1734/7097/1832 1735/7098/1832
usemtl verde7
f 1713/7099/1833 1712/7100/1833 1727/7101/1833 1728/7102/1833
usemtl verde6
f 1721/7103/1834 1720/7104/1834 1735/7105/1834 1736/7106/1834
usemtl verde6
f 1714/7107/1835 1713/7108/1835 1728/7109/1835 1729/7110/1835
usemtl verde6
f 1722/7111/1836 1721/7112/1836 1736/7113/1836 1737/7114/1836
usemtl verde6
f 1715/7115/1837 1714/7116/1837 1729/7117/1837 1730/7118/1837
usemtl verde6
f 1723/7119/1838 1722/7120/1838 1737/7121/1838 1738/7122/1838
usemtl verde6
f 1716/7123/1839 1715/7124/1839 1730/7125/1839 1731/7126/1839
usemtl verde6
f 1724/7127/1840 1723/7128/1840 1738/7129/1840 1739/7130/1840
usemtl verde6
f 1736/7131/1841 1735/7132/1841 1750/7133/1841 1751/7134/1841
usemtl verde6
f 1729/7135/1842 1728/7136/1842 1743/7137/1842 1744/7138/1842
usemtl verde6
f 1737/7139/1843 1736/7140/1843 1751/7141/1843 1752/7142/1843
usemtl verde6
f 1730/7143/1844 1729/7144/1844 1744/7145/1844 1745/7146/1844
usemtl verde6
f 1738/7147/1845 1737/7148/1845 1752/7149/1845 1753/7150/1845
usemtl verde6
f 1731/7151/1846 1730/7152/1846 1745/7153/1846 1746/7154/1846
usemtl verde6
f 1739/7155/1847 1738/7156/1847 1753/7157/1847 1754/7158/1847
usemtl verde6
f 1732/7159/1848 1731/7160/1848 1746/7161/1848 1747/7162/1848
usemtl verde8
f 1725/7163/1849 1447/7164/1849 1740/7165/1849
usemtl verde6
f 1454/7166/1850 1739/7167/1850 1754/7168/1850
usemtl verde6
f 1733/7169/1851 1732/7170/1851 1747/7171/1851 1748/7172/1851
usemtl verde7
f 1726/7173/1852 1725/7174/1852 1740/7175/1852 1741/7176/1852
usemtl verde6
f 1734/7177/1853 1733/7178/1853 1748/7179/1853 1749/7180/1853
usemtl verde7
f 1727/7181/1854 1726/7182/1854 1741/7183/1854 1742/7184/1854
usemtl verde6
f 1735/7185/1855 1734/7186/1855 1749/7187/1855 1750/7188/1855
usemtl verde6
f 1728/7189/1856 1727/7190/1856 1742/7191/1856 1743/7192/1856
usemtl verde6
f 1454/7193/1857 1754/7194/1857 1769/7195/1857
usemtl verde6
f 1748/7196/1858 1747/7197/1858 1762/7198/1858 1763/7199/1858
usemtl verde7
f 1741/7200/1859 1740/7201/1859 1755/7202/1859 1756/7203/1859
usemtl verde6
f 1749/7204/1860 1748/7205/1860 1763/7206/1860 1764/7207/1860
usemtl verde6
f 1742/7208/1861 1741/7209/1861 1756/7210/1861 1757/7211/1861
usemtl verde6
f 1750/7212/1862 1749/7213/1862 1764/7214/1862 1765/7215/1862
usemtl verde6
f 1743/7216/1863 1742/7217/1863 1757/7218/1863 1758/7219/1863
usemtl verde6
f 1751/7220/1864 1750/7221/1864 1765/7222/1864 1766/7223/1864
usemtl verde6
f 1744/7224/1865 1743/7225/1865 1758/7226/1865 1759/7227/1865
usemtl verde6
f 1752/7228/1866 1751/7229/1866 1766/7230/1866 1767/7231/1866
usemtl verde6
f 1745/7232/1867 1744/7233/1867 1759/7234/1867 1760/7235/1867
usemtl verde6
f 1753/7236/1868 1752/7237/1868 1767/7238/1868 1768/7239/1868
usemtl verde6
f 1746/7240/1869 1745/7241/1869 1760/7242/1869 1761/7243/1869
usemtl verde6
f 1754/7244/1870 1753/7245/1870 1768/7246/1870 1769/7247/1870
usemtl verde6
f 1747/7248/1871 1746/7249/1871 1761/7250/1871 1762/7251/1871
usemtl verde8
f 1740/7252/1872 1447/7253/1872 1755/7254/1872
usemtl verde6
f 1767/7255/1873 1766/7256/1873 1781/7257/1873 1782/7258/1873
usemtl verde6
f 1760/7259/1874 1759/7260/1874 1774/7261/1874 1775/7262/1874
usemtl verde6
f 1768/7263/1875 1767/7264/1875 1782/7265/1875 1783/7266/1875
usemtl verde6
f 1761/7267/1876 1760/7268/1876 1775/7269/1876 1776/7270/1876
usemtl verde6
f 1769/7271/1877 1768/7272/1877 1783/7273/1877 1784/7274/1877
usemtl verde6
f 1762/7275/1878 1761/7276/1878 1776/7277/1878 1777/7278/1878
usemtl verde8
f 1755/7279/1879 1447/7280/1879 1770/7281/1879
usemtl verde6
f 1454/7282/1880 1769/7283/1880 1784/7284/1880
usemtl verde6
f 1763/7285/1881 1762/7286/1881 1777/7287/1881 1778/7288/1881
usemtl verde7
f 1756/7289/1882 1755/7290/1882 1770/7291/1882 1771/7292/1882
usemtl verde6
f 1764/7293/1883 1763/7294/1883 1778/7295/1883 1779/7296/1883
usemtl verde6
f 1757/7297/1884 1756/7298/1884 1771/7299/1884 1772/7300/1884
usemtl verde6
f 1765/7301/1885 1764/7302/1885 1779/7303/1885 1780/7304/1885
usemtl verde6
f 1758/7305/1886 1757/7306/1886 1772/7307/1886 1773/7308/1886
usemtl verde6
f 1766/7309/1887 1765/7310/1887 1780/7311/1887 1781/7312/1887
usemtl verde6
f 1759/7313/1888 1758/7314/1888 1773/7315/1888 1774/7316/1888
usemtl verde6
f 1771/7317/1889 1770/7318/1889 1785/7319/1889 1786/7320/1889
usemtl verde6
f 1779/7321/1890 1778/7322/1890 1793/7323/1890 1794/7324/1890
usemtl verde6
f 1772/7325/1891 1771/7326/1891 1786/7327/1891 1787/7328/1891
usemtl verde6
f 1780/7329/1892 1779/7330/1892 1794/7331/1892 1795/7332/1892
usemtl verde6
f 1773/7333/1893 1772/7334/1893 1787/7335/1893 1788/7336/1893
usemtl verde6
f 1781/7337/1894 1780/7338/1894 1795/7339/1894 1796/7340/1894
usemtl verde6
f 1774/7341/1895 1773/7342/1895 1788/7343/1895 1789/7344/1895
usemtl verde6
f 1782/7345/1896 1781/7346/1896 1796/7347/1896 1797/7348/1896
usemtl verde6
f 1775/7349/1897 1774/7350/1897 1789/7351/1897 1790/7352/1897
usemtl verde6
f 1783/7353/1898 1782/7354/1898 1797/7355/1898 1798/7356/1898
usemtl verde6
f 1776/7357/1899 1775/7358/1899 1790/7359/1899 1791/7360/1899
usemtl verde6
f 1784/7361/1900 1783/7362/1900 1798/7363/1900 1799/7364/1900
usemtl verde6
f 1777/7365/1901 1776/7366/1901 1791/7367/1901 1792/7368/1901
usemtl verde8
f 1770/7369/1902 1447/7370/1902 1785/7371/1902
usemtl verde6
f 1454/7372/1903 1784/7373/1903 1799/7374/1903
usemtl verde6
f 1778/7375/1904 1777/7376/1904 1792/7377/1904 1793/7378/1904
usemtl verde6
f 1790/7379/1905 1789/7380/1905 1804/7381/1905 1805/7382/1905
usemtl verde6
f 1798/7383/1906 1797/7384/1906 1812/7385/1906 1813/7386/1906
usemtl verde6
f 1791/7387/1907 1790/7388/1907 1805/7389/1907 1806/7390/1907
usemtl verde6
f 1799/7391/1908 1798/7392/1908 1813/7393/1908 1814/7394/1908
usemtl verde6
f 1792/7395/1909 1791/7396/1909 1806/7397/1909 1807/7398/1909
usemtl verde8
f 1785/7399/1910 1447/7400/1910 1800/7401/1910
usemtl verde6
f 1454/7402/1911 1799/7403/1911 1814/7404/1911
usemtl verde6
f 1793/7405/1912 1792/7406/1912 1807/7407/1912 1808/7408/1912
usemtl verde6
f 1786/7409/1913 1785/7410/1913 1800/7411/1913 1801/7412/1913
usemtl verde6
f 1794/7413/1914 1793/7414/1914 1808/7415/1914 1809/7416/1914
usemtl verde6
f 1787/7417/1915 1786/7418/1915 1801/7419/1915 1802/7420/1915
usemtl verde6
f 1795/7421/1916 1794/7422/1916 1809/7423/1916 1810/7424/1916
usemtl verde6
f 1788/7425/1917 1787/7426/1917 1802/7427/1917 1803/7428/1917
usemtl verde6
f 1796/7429/1918 1795/7430/1918 1810/7431/1918 1811/7432/1918
usemtl verde6
f 1789/7433/1919 1788/7434/1919 1803/7435/1919 1804/7436/1919
usemtl verde6
f 1797/7437/1920 1796/7438/1920 1811/7439/1920 1812/7440/1920
usemtl verde6
f 1809/7441/1921 1808/7442/1921 1823/7443/1921 1824/7444/1921
usemtl verde6
f 1802/7445/1922 1801/7446/1922 1816/7447/1922 1817/7448/1922
usemtl verde6
f 1810/7449/1923 1809/7450/1923 1824/7451/1923 1825/7452/1923
usemtl verde6
f 1803/7453/1924 1802/7454/1924 1817/7455/1924 1818/7456/1924
usemtl verde6
f 1811/7457/1925 1810/7458/1925 1825/7459/1925 1826/7460/1925
usemtl verde6
f 1804/7461/1926 1803/7462/1926 1818/7463/1926 1819/7464/1926
usemtl verde6
f 1812/7465/1927 1811/7466/1927 1826/7467/1927 1827/7468/1927
usemtl verde6
f 1805/7469/1928 1804/7470/1928 1819/7471/1928 1820/7472/1928
usemtl verde6
f 1813/7473/1929 1812/7474/1929 1827/7475/1929 1828/7476/1929
usemtl verde6
f 1806/7477/1930 1805/7478/1930 1820/7479/1930 1821/7480/1930
usemtl verde6
f 1814/7481/1931 1813/7482/1931 1828/7483/1931 1829/7484/1931
usemtl verde6
f 1807/7485/1932 1806/7486/1932 1821/7487/1932 1822/7488/1932
usemtl verde8
f 1800/7489/1933 1447/7490/1933 1815/7491/1933
usemtl verde6
f 1454/7492/1934 1814/7493/1934 1829/7494/1934
usemtl verde6
f 1808/7495/1935 1807/7496/1935 1822/7497/1935 1823/7498/1935
usemtl verde6
f 1801/7499/1936 1800/7500/1936 1815/7501/1936 1816/7502/1936
usemtl verde6
f 1828/7503/1937 1827/7504/1937 1842/7505/1937 1843/7506/1937
usemtl verde6
f 1821/7507/1938 1820/7508/1938 1835/7509/1938 1836/7510/1938
usemtl verde6
f 1829/7511/1939 1828/7512/1939 1843/7513/1939 1844/7514/1939
usemtl verde6
f 1822/7515/1940 1821/7516/1940 1836/7517/1940 1837/7518/1940
usemtl verde8
f 1815/7519/1941 1447/7520/1941 1830/7521/1941
usemtl verde6
f 1454/7522/1942 1829/7523/1942 1844/7524/1942
usemtl verde6
f 1823/7525/1943 1822/7526/1943 1837/7527/1943 1838/7528/1943
usemtl verde6
f 1816/7529/1944 1815/7530/1944 1830/7531/1944 1831/7532/1944
usemtl verde6
f 1824/7533/1945 1823/7534/1945 1838/7535/1945 1839/7536/1945
usemtl verde6
f 1817/7537/1946 1816/7538/1946 1831/7539/1946 1832/7540/1946
usemtl verde6
f 1825/7541/1947 1824/7542/1947 1839/7543/1947 1840/7544/1947
usemtl verde6
f 1818/7545/1948 1817/7546/1948 1832/7547/1948 1833/7548/1948
usemtl verde6
f 1826/7549/1949 1825/7550/1949 1840/7551/1949 1841/7552/1949
usemtl verde6
f 1819/7553/1950 1818/7554/1950 1833/7555/1950 1834/7556/1950
usemtl verde6
f 1827/7557/1951 1826/7558/1951 1841/7559/1951 1842/7560/1951
usemtl verde6
f 1820/7561/1952 1819/7562/1952 1834/7563/1952 1835/7564/1952
usemtl verde6
f 1832/7565/1953 1831/7566/1953 1846/7567/1953 1847/7568/1953
usemtl verde6
f 1840/7569/1954 1839/7570/1954 1854/7571/1954 1855/7572/1954
usemtl verde6
f 1833/7573/1955 1832/7574/1955 1847/7575/1955 1848/7576/1955
usemtl verde6
f 1841/7577/1956 1840/7578/1956 1855/7579/1956 1856/7580/1956
usemtl verde6
f 1834/7581/1957 1833/7582/1957 1848/7583/1957 1849/7584/1957
usemtl verde6
f 1842/7585/1958 1841/7586/1958 1856/7587/1958 1857/7588/1958
usemtl verde6
f 1835/7589/1959 1834/7590/1959 1849/7591/1959 1850/7592/1959
usemtl verde6
f 1843/7593/1960 1842/7594/1960 1857/7595/1960 1858/7596/1960
usemtl verde6
f 1836/7597/1961 1835/7598/1961 1850/7599/1961 1851/7600/1961
usemtl verde6
f 1844/7601/1962 1843/7602/1962 1858/7603/1962 1859/7604/1962
usemtl verde6
f 1837/7605/1963 1836/7606/1963 1851/7607/1963 1852/7608/1963
usemtl verde8
f 1830/7609/1964 1447/7610/1964 1845/7611/1964
usemtl verde6
f 1454/7612/1965 1844/7613/1965 1859/7614/1965
usemtl verde6
f 1838/7615/1966 1837/7616/1966 1852/7617/1966 1853/7618/1966
usemtl verde6
f 1831/7619/1967 1830/7620/1967 1845/7621/1967 1846/7622/1967
usemtl verde6
f 1839/7623/1968 1838/7624/1968 1853/7625/1968 1854/7626/1968
usemtl verde6
f 1851/7627/1969 1850/7628/1969 1865/7629/1969 1866/7630/1969
usemtl verde6
f 1859/7631/1970 1858/7632/1970 1873/7633/1970 1874/7634/1970
usemtl verde6
f 1852/7635/1971 1851/7636/1971 1866/7637/1971 1867/7638/1971
usemtl verde8
f 1845/7639/1972 1447/7640/1972 1860/7641/1972
usemtl verde6
f 1454/7642/1973 1859/7643/1973 1874/7644/1973
usemtl verde6
f 1853/7645/1974 1852/7646/1974 1867/7647/1974 1868/7648/1974
usemtl verde6
f 1846/7649/1975 1845/7650/1975 1860/7651/1975 1861/7652/1975
usemtl verde6
f 1854/7653/1976 1853/7654/1976 1868/7655/1976 1869/7656/1976
usemtl verde6
f 1847/7657/1977 1846/7658/1977 1861/7659/1977 1862/7660/1977
usemtl verde6
f 1855/7661/1978 1854/7662/1978 1869/7663/1978 1870/7664/1978
usemtl verde6
f 1848/7665/1979 1847/7666/1979 1862/7667/1979 1863/7668/1979
usemtl verde6
f 1856/7669/1980 1855/7670/1980 1870/7671/1980 1871/7672/1980
usemtl verde6
f 1849/7673/1981 1848/7674/1981 1863/7675/1981 1864/7676/1981
usemtl verde6
f 1857/7677/1982 1856/7678/1982 1871/7679/1982 1872/7680/1982
usemtl verde6
f 1850/7681/1983 1849/7682/1983 1864/7683/1983 1865/7684/1983
usemtl verde6
f 1858/7685/1984 1857/7686/1984 1872/7687/1984 1873/7688/1984
usemtl verde6
f 1870/7689/1985 1869/7690/1985 1884/7691/1985 1885/7692/1985
usemtl verde6
f 1863/7693/1986 1862/7694/1986 1877/7695/1986 1878/7696/1986
usemtl verde6
f 1871/7697/1987 1870/7698/1987 1885/7699/1987 1886/7700/1987
usemtl verde6
f 1864/7701/1988 1863/7702/1988 1878/7703/1988 1879/7704/1988
usemtl verde6
f 1872/7705/1989 1871/7706/1989 1886/7707/1989 1887/7708/1989
usemtl verde6
f 1865/7709/1990 1864/7710/1990 1879/7711/1990 1880/7712/1990
usemtl verde6
f 1873/7713/1991 1872/7714/1991 1887/7715/1991 1888/7716/1991
usemtl verde6
f 1866/7717/1992 1865/7718/1992 1880/7719/1992 1881/7720/1992
usemtl verde6
f 1874/7721/1993 1873/7722/1993 1888/7723/1993 1889/7724/1993
usemtl verde6
f 1867/7725/1994 1866/7726/1994 1881/7727/1994 1882/7728/1994
usemtl verde8
f 1860/7729/1995 1447/7730/1995 1875/7731/1995
usemtl verde6
f 1454/7732/1996 1874/7733/1996 1889/7734/1996
usemtl verde6
f 1868/7735/1997 1867/7736/1997 1882/7737/1997 1883/7738/1997
usemtl verde7
f 1861/7739/1998 1860/7740/1998 1875/7741/1998 1876/7742/1998
usemtl verde6
f 1869/7743/1999 1868/7744/1999 1883/7745/1999 1884/7746/1999
usemtl verde6
f 1862/7747/2000 1861/7748/2000 1876/7749/2000 1877/7750/2000
usemtl verde6
f 1889/7751/2001 1888/7752/2001 1903/7753/2001 1904/7754/2001
usemtl verde6
f 1882/7755/2002 1881/7756/2002 1896/7757/2002 1897/7758/2002
usemtl verde8
f 1875/7759/2003 1447/7760/2003 1890/7761/2003
usemtl verde6
f 1454/7762/2004 1889/7763/2004 1904/7764/2004
usemtl verde6
f 1883/7765/2005 1882/7766/2005 1897/7767/2005 1898/7768/2005
usemtl verde7
f 1876/7769/2006 1875/7770/2006 1890/7771/2006 1891/7772/2006
usemtl verde6
f 1884/7773/2007 1883/7774/2007 1898/7775/2007 1899/7776/2007
usemtl verde6
f 1877/7777/2008 1876/7778/2008 1891/7779/2008 1892/7780/2008
usemtl verde6
f 1885/7781/2009 1884/7782/2009 1899/7783/2009 1900/7784/2009
usemtl verde6
f 1878/7785/2010 1877/7786/2010 1892/7787/2010 1893/7788/2010
usemtl verde6
f 1886/7789/2011 1885/7790/2011 1900/7791/2011 1901/7792/2011
usemtl verde6
f 1879/7793/2012 1878/7794/2012 1893/7795/2012 1894/7796/2012
usemtl verde6
f 1887/7797/2013 1886/7798/2013 1901/7799/2013 1902/7800/2013
usemtl verde6
f 1880/7801/2014 1879/7802/2014 1894/7803/2014 1895/7804/2014
usemtl verde6
f 1888/7805/2015 1887/7806/2015 1902/7807/2015 1903/7808/2015
usemtl verde6
f 1881/7809/2016 1880/7810/2016 1895/7811/2016 1896/7812/2016
usemtl verde6
f 1901/7813/2017 1900/7814/2017 1915/7815/2017 1916/7816/2017
usemtl verde6
f 1894/7817/2018 1893/7818/2018 1908/7819/2018 1909/7820/2018
usemtl verde6
f 1902/7821/2019 1901/7822/2019 1916/7823/2019 1917/7824/2019
usemtl verde6
f 1895/7825/2020 1894/7826/2020 1909/7827/2020 1910/7828/2020
usemtl verde6
f 1903/7829/2021 1902/7830/2021 1917/7831/2021 1918/7832/2021
usemtl verde6
f 1896/7833/2022 1895/7834/2022 1910/7835/2022 1911/7836/2022
usemtl verde6
f 1904/7837/2023 1903/7838/2023 1918/7839/2023 1919/7840/2023
usemtl verde6
f 1897/7841/2024 1896/7842/2024 1911/7843/2024 1912/7844/2024
usemtl verde9
f 1890/7845/2025 1447/7846/2025 1905/7847/2025
usemtl verde6
f 1454/7848/2026 1904/7849/2026 1919/7850/2026
usemtl verde6
f 1898/7851/2027 1897/7852/2027 1912/7853/2027 1913/7854/2027
usemtl verde7
f 1891/7855/2028 1890/7856/2028 1905/7857/2028 1906/7858/2028
usemtl verde6
f 1899/7859/2029 1898/7860/2029 1913/7861/2029 1914/7862/2029
usemtl verde6
f 1892/7863/2030 1891/7864/2030 1906/7865/2030 1907/7866/2030
usemtl verde6
f 1900/7867/2031 1899/7868/2031 1914/7869/2031 1915/7870/2031
usemtl verde6
f 1893/7871/2032 1892/7872/2032 1907/7873/2032 1908/7874/2032
usemtl verde9
f 1905/7875/2033 1447/7876/2033 1920/7877/2033
usemtl verde6
f 1454/7878/2034 1919/7879/2034 1928/7880/2034
usemtl verde6
f 1913/7881/2035 1912/7882/2035 1451/7883/2035 1452/7884/2035
usemtl verde8
f 1906/7885/2036 1905/7886/2036 1920/7887/2036 1921/7888/2036
usemtl verde6
f 1914/7889/2037 1913/7890/2037 1452/7891/2037 1924/7892/2037
usemtl verde7
f 1907/7893/2038 1906/7894/2038 1921/7895/2038 1448/7896/2038
usemtl verde6
f 1915/7897/2039 1914/7898/2039 1924/7899/2039 1453/7900/2039
usemtl verde6
f 1908/7901/2040 1907/7902/2040 1448/7903/2040 1922/7904/2040
usemtl verde6
f 1916/7905/2041 1915/7906/2041 1453/7907/2041 1925/7908/2041
usemtl verde6
f 1909/7909/2042 1908/7910/2042 1922/7911/2042 1449/7912/2042
usemtl verde6
f 1917/7913/2043 1916/7914/2043 1925/7915/2043 1926/7916/2043
usemtl verde6
f 1910/7917/2044 1909/7918/2044 1449/7919/2044 1923/7920/2044
usemtl verde6
f 1918/7921/2045 1917/7922/2045 1926/7923/2045 1927/7924/2045
usemtl verde6
f 1911/7925/2046 1910/7926/2046 1923/7927/2046 1450/7928/2046
usemtl verde6
f 1919/7929/2047 1918/7930/2047 1927/7931/2047 1928/7932/2047
usemtl verde6
f 1912/7933/2048 1911/7934/2048 1450/7935/2048 1451/7936/2048
o Cabina
usemtl vidrio7
f 2405/7937/2049 1931/7938/2049 1941/7939/2049 1942/7940/2049
usemtl vidrio6
f 2409/7941/2050 2408/7942/2050 1949/7943/2050 1950/7944/2050
usemtl vidrio6
f 1932/7945/2051 2405/7946/2051 1942/7947/2051 1943/7948/2051
usemtl vidrio6
f 2410/7949/2052 2409/7950/2052 1950/7951/2052 1951/7952/2052
usemtl vidrio6
f 1933/7953/2053 1932/7954/2053 1943/7955/2053 1944/7956/2053
usemtl ojos9
f 2402/7957/2054 1929/7958/2054 1937/7959/2054
usemtl vidrio6
f 1936/7960/2055 2410/7961/2055 1951/7962/2055
usemtl vidrio6
f 1934/7963/2056 1933/7964/2056 1944/7965/2056 1945/7966/2056
usemtl vidrio9
f 2403/7967/2057 2402/7968/2057 1937/7969/2057 1938/7970/2057
usemtl vidrio6
f 2406/7971/2058 1934/7972/2058 1945/7973/2058 1946/7974/2058
usemtl vidrio9
f 1930/7975/2059 2403/7976/2059 1938/7977/2059 1939/7978/2059
usemtl vidrio6
f 1935/7979/2060 2406/7980/2060 1946/7981/2060 1947/7982/2060
usemtl vidrio8
f 2404/7983/2061 1930/7984/2061 1939/7985/2061 1940/7986/2061
usemtl vidrio6
f 2407/7987/2062 1935/7988/2062 1947/7989/2062 1948/7990/2062
usemtl vidrio8
f 1931/7991/2063 2404/7992/2063 1940/7993/2063 1941/7994/2063
usemtl vidrio6
f 2408/7995/2064 2407/7996/2064 1948/7997/2064 1949/7998/2064
usemtl vidrio8
f 1941/7999/2065 1940/8000/2065 1955/8001/2065 1956/8002/2065
usemtl vidrio6
f 1949/8003/2066 1948/8004/2066 1963/8005/2066 1964/8006/2066
usemtl vidrio7
f 1942/8007/2067 1941/8008/2067 1956/8009/2067 1957/8010/2067
usemtl vidrio6
f 1950/8011/2068 1949/8012/2068 1964/8013/2068 1965/8014/2068
usemtl vidrio7
f 1943/8015/2069 1942/8016/2069 1957/8017/2069 1958/8018/2069
usemtl vidrio6
f 1951/8019/2070 1950/8020/2070 1965/8021/2070 1966/8022/2070
usemtl vidrio6
f 1944/8023/2071 1943/8024/2071 1958/8025/2071 1959/8026/2071
usemtl ojos9
f 1937/8027/2072 1929/8028/2072 1952/8029/2072
usemtl vidrio6
f 1936/8030/2073 1951/8031/2073 1966/8032/2073
usemtl vidrio6
f 1945/8033/2074 1944/8034/2074 1959/8035/2074 1960/8036/2074
usemtl vidrio9
f 1938/8037/2075 1937/8038/2075 1952/8039/2075 1953/8040/2075
usemtl vidrio6
f 1946/8041/2076 1945/8042/2076 1960/8043/2076 1961/8044/2076
usemtl vidrio9
f 1939/8045/2077 1938/8046/2077 1953/8047/2077 1954/8048/2077
usemtl vidrio6
f 1947/8049/2078 1946/8050/2078 1961/8051/2078 1962/8052/2078
usemtl vidrio9
f 1940/8053/2079 1939/8054/2079 1954/8055/2079 1955/8056/2079
usemtl vidrio6
f 1948/8057/2080 1947/8058/2080 1962/8059/2080 1963/8060/2080
usemtl vidrio6
f 1960/8061/2081 1959/8062/2081 1974/8063/2081 1975/8064/2081
usemtl vidrio9
f 1953/8065/2082 1952/8066/2082 1967/8067/2082 1968/8068/2082
usemtl vidrio6
f 1961/8069/2083 1960/8070/2083 1975/8071/2083 1976/8072/2083
usemtl vidrio9
f 1954/8073/2084 1953/8074/2084 1968/8075/2084 1969/8076/2084
usemtl vidrio6
f 1962/8077/2085 1961/8078/2085 1976/8079/2085 1977/8080/2085
usemtl vidrio9
f 1955/8081/2086 1954/8082/2086 1969/8083/2086 1970/8084/2086
usemtl vidrio6
f 1963/8085/2087 1962/8086/2087 1977/8087/2087 1978/8088/2087
usemtl vidrio8
f 1956/8089/2088 1955/8090/2088 1970/8091/2088 1971/8092/2088
usemtl vidrio6
f 1964/8093/2089 1963/8094/2089 1978/8095/2089 1979/8096/2089
usemtl vidrio8
f 1957/8097/2090 1956/8098/2090 1971/8099/2090 1972/8100/2090
usemtl vidrio6
f 1965/8101/2091 1964/8102/2091 1979/8103/2091 1980/8104/2091
usemtl vidrio7
f 1958/8105/2092 1957/8106/2092 1972/8107/2092 1973/8108/2092
usemtl vidrio6
f 1966/8109/2093 1965/8110/2093 1980/8111/2093 1981/8112/2093
usemtl vidrio6
f 1959/8113/2094 1958/8114/2094 1973/8115/2094 1974/8116/2094
usemtl ojos9
f 1952/8117/2095 1929/8118/2095 1967/8119/2095
usemtl vidrio6
f 1936/8120/2096 1966/8121/2096 1981/8122/2096
usemtl vidrio6
f 1979/8123/2097 1978/8124/2097 1993/8125/2097 1994/8126/2097
usemtl vidrio8
f 1972/8127/2098 1971/8128/2098 1986/8129/2098 1987/8130/2098
usemtl vidrio6
f 1980/8131/2099 1979/8132/2099 1994/8133/2099 1995/8134/2099
usemtl vidrio7
f 1973/8135/2100 1972/8136/2100 1987/8137/2100 1988/8138/2100
usemtl vidrio6
f 1981/8139/2101 1980/8140/2101 1995/8141/2101 1996/8142/2101
usemtl vidrio6
f 1974/8143/2102 1973/8144/2102 1988/8145/2102 1989/8146/2102
usemtl ojos9
f 1967/8147/2103 1929/8148/2103 1982/8149/2103
usemtl vidrio6
f 1936/8150/2104 1981/8151/2104 1996/8152/2104
usemtl vidrio6
f 1975/8153/2105 1974/8154/2105 1989/8155/2105 1990/8156/2105
usemtl vidrio9
f 1968/8157/2106 1967/8158/2106 1982/8159/2106 1983/8160/2106
usemtl vidrio6
f 1976/8161/2107 1975/8162/2107 1990/8163/2107 1991/8164/2107
usemtl vidrio9
f 1969/8165/2108 1968/8166/2108 1983/8167/2108 1984/8168/2108
usemtl vidrio6
f 1977/8169/2109 1976/8170/2109 1991/8171/2109 1992/8172/2109
usemtl vidrio9
f 1970/8173/2110 1969/8174/2110 1984/8175/2110 1985/8176/2110
usemtl vidrio6
f 1978/8177/2111 1977/8178/2111 1992/8179/2111 1993/8180/2111
usemtl vidrio8
f 1971/8181/2112 1970/8182/2112 1985/8183/2112 1986/8184/2112
usemtl vidrio9
f 1983/8185/2113 1982/8186/2113 1997/8187/2113 1998/8188/2113
usemtl vidrio6
f 1991/8189/2114 1990/8190/2114 2005/8191/2114 2006/8192/2114
usemtl vidrio9
f 1984/8193/2115 1983/8194/2115 1998/8195/2115 1999/8196/2115
usemtl vidrio6
f 1992/8197/2116 1991/8198/2116 2006/8199/2116 2007/8200/2116
usemtl vidrio9
f 1985/8201/2117 1984/8202/2117 1999/8203/2117 2000/8204/2117
usemtl vidrio6
f 1993/8205/2118 1992/8206/2118 2007/8207/2118 2008/8208/2118
usemtl vidrio9
f 1986/8209/2119 1985/8210/2119 2000/8211/2119 2001/8212/2119
usemtl vidrio6
f 1994/8213/2120 1993/8214/2120 2008/8215/2120 2009/8216/2120
usemtl vidrio8
f 1987/8217/2121 1986/8218/2121 2001/8219/2121 2002/8220/2121
usemtl vidrio6
f 1995/8221/2122 1994/8222/2122 2009/8223/2122 2010/8224/2122
usemtl vidrio8
f 1988/8225/2123 1987/8226/2123 2002/8227/2123 2003/8228/2123
usemtl vidrio6
f 1996/8229/2124 1995/8230/2124 2010/8231/2124 2011/8232/2124
usemtl vidrio7
f 1989/8233/2125 1988/8234/2125 2003/8235/2125 2004/8236/2125
usemtl ojos9
f 1982/8237/2126 1929/8238/2126 1997/8239/2126
usemtl vidrio6
f 1936/8240/2127 1996/8241/2127 2011/8242/2127
usemtl vidrio6
f 1990/8243/2128 1989/8244/2128 2004/8245/2128 2005/8246/2128
usemtl vidrio8
f 2002/8247/2129 2001/8248/2129 2016/8249/2129 2017/8250/2129
usemtl vidrio6
f 2010/8251/2130 2009/8252/2130 2024/8253/2130 2025/8254/2130
usemtl vidrio8
f 2003/8255/2131 2002/8256/2131 2017/8257/2131 2018/8258/2131
usemtl vidrio6
f 2011/8259/2132 2010/8260/2132 2025/8261/2132 2026/8262/2132
usemtl vidrio7
f 2004/8263/2133 2003/8264/2133 2018/8265/2133 2019/8266/2133
usemtl ojos9
f 1997/8267/2134 1929/8268/2134 2012/8269/2134
usemtl vidrio6
f 1936/8270/2135 2011/8271/2135 2026/8272/2135
usemtl vidrio6
f 2005/8273/2136 2004/8274/2136 2019/8275/2136 2020/8276/2136
usemtl ojos9
f 1998/8277/2137 1997/8278/2137 2012/8279/2137 2013/8280/2137
usemtl vidrio6
f 2006/8281/2138 2005/8282/2138 2020/8283/2138 2021/8284/2138
usemtl vidrio9
f 1999/8285/2139 1998/8286/2139 2013/8287/2139 2014/8288/2139
usemtl vidrio6
f 2007/8289/2140 2006/8290/2140 2021/8291/2140 2022/8292/2140
usemtl vidrio9
f 2000/8293/2141 1999/8294/2141 2014/8295/2141 2015/8296/2141
usemtl vidrio6
f 2008/8297/2142 2007/8298/2142 2022/8299/2142 2023/8300/2142
usemtl vidrio9
f 2001/8301/2143 2000/8302/2143 2015/8303/2143 2016/8304/2143
usemtl vidrio6
f 2009/8305/2144 2008/8306/2144 2023/8307/2144 2024/8308/2144
usemtl vidrio6
f 2021/8309/2145 2020/8310/2145 2035/8311/2145 2036/8312/2145
usemtl ojos9
f 2014/8313/2146 2013/8314/2146 2028/8315/2146 2029/8316/2146
usemtl vidrio6
f 2022/8317/2147 2021/8318/2147 2036/8319/2147 2037/8320/2147
usemtl vidrio9
f 2015/8321/2148 2014/8322/2148 2029/8323/2148 2030/8324/2148
usemtl vidrio6
f 2023/8325/2149 2022/8326/2149 2037/8327/2149 2038/8328/2149
usemtl vidrio9
f 2016/8329/2150 2015/8330/2150 2030/8331/2150 2031/8332/2150
usemtl vidrio6
f 2024/8333/2151 2023/8334/2151 2038/8335/2151 2039/8336/2151
usemtl vidrio9
f 2017/8337/2152 2016/8338/2152 2031/8339/2152 2032/8340/2152
usemtl vidrio6
f 2025/8341/2153 2024/8342/2153 2039/8343/2153 2040/8344/2153
usemtl vidrio8
f 2018/8345/2154 2017/8346/2154 2032/8347/2154 2033/8348/2154
usemtl vidrio6
f 2026/8349/2155 2025/8350/2155 2040/8351/2155 2041/8352/2155
usemtl vidrio8
f 2019/8353/2156 2018/8354/2156 2033/8355/2156 2034/8356/2156
usemtl ojos9
f 2012/8357/2157 1929/8358/2157 2027/8359/2157
usemtl vidrio6
f 1936/8360/2158 2026/8361/2158 2041/8362/2158
usemtl vidrio7
f 2020/8363/2159 2019/8364/2159 2034/8365/2159 2035/8366/2159
usemtl ojos9
f 2013/8367/2160 2012/8368/2160 2027/8369/2160 2028/8370/2160
usemtl vidrio6
f 2040/8371/2161 2039/8372/2161 2054/8373/2161 2055/8374/2161
usemtl ojos8
f 2033/8375/2162 2032/8376/2162 2047/8377/2162 2048/8378/2162
usemtl vidrio6
f 2041/8379/2163 2040/8380/2163 2055/8381/2163 2056/8382/2163
usemtl ojos8
f 2034/8383/2164 2033/8384/2164 2048/8385/2164 2049/8386/2164
usemtl ojos9
f 2027/8387/2165 1929/8388/2165 2042/8389/2165
usemtl vidrio6
f 1936/8390/2166 2041/8391/2166 2056/8392/2166
usemtl ojos7
f 2035/8393/2167 2034/8394/2167 2049/8395/2167 2050/8396/2167
usemtl ojos9
f 2028/8397/2168 2027/8398/2168 2042/8399/2168 2043/8400/2168
usemtl ojos6
f 2036/8401/2169 2035/8402/2169 2050/8403/2169 2051/8404/2169
usemtl ojos9
f 2029/8405/2170 2028/8406/2170 2043/8407/2170 2044/8408/2170
usemtl ojos6
f 2037/8409/2171 2036/8410/2171 2051/8411/2171 2052/8412/2171
usemtl ojos9
f 2030/8413/2172 2029/8414/2172 2044/8415/2172 2045/8416/2172
usemtl ojos6
f 2038/8417/2173 2037/8418/2173 2052/8419/2173 2053/8420/2173
usemtl ojos9
f 2031/8421/2174 2030/8422/2174 2045/8423/2174 2046/8424/2174
usemtl vidrio6
f 2039/8425/2175 2038/8426/2175 2053/8427/2175 2054/8428/2175
usemtl ojos9
f 2032/8429/2176 2031/8430/2176 2046/8431/2176 2047/8432/2176
usemtl ojos6
f 2052/8433/2177 2051/8434/2177 2066/8435/2177 2067/8436/2177
usemtl ojos10
f 2045/8437/2178 2044/8438/2178 2059/8439/2178 2060/8440/2178
usemtl ojos6
f 2053/8441/2179 2052/8442/2179 2067/8443/2179 2068/8444/2179
usemtl ojos9
f 2046/8445/2180 2045/8446/2180 2060/8447/2180 2061/8448/2180
usemtl vidrio6
f 2054/8449/2181 2053/8450/2181 2068/8451/2181 2069/8452/2181
usemtl ojos9
f 2047/8453/2182 2046/8454/2182 2061/8455/2182 2062/8456/2182
usemtl vidrio6
f 2055/8457/2183 2054/8458/2183 2069/8459/2183 2070/8460/2183
usemtl ojos9
f 2048/8461/2184 2047/8462/2184 2062/8463/2184 2063/8464/2184
usemtl vidrio6
f 2056/8465/2185 2055/8466/2185 2070/8467/2185 2071/8468/2185
usemtl ojos8
f 2049/8469/2186 2048/8470/2186 2063/8471/2186 2064/8472/2186
usemtl ojos9
f 2042/8473/2187 1929/8474/2187 2057/8475/2187
usemtl vidrio6
f 1936/8476/2188 2056/8477/2188 2071/8478/2188
usemtl ojos7
f 2050/8479/2189 2049/8480/2189 2064/8481/2189 2065/8482/2189
usemtl ojos9
f 2043/8483/2190 2042/8484/2190 2057/8485/2190 2058/8486/2190
usemtl ojos6
f 2051/8487/2191 2050/8488/2191 2065/8489/2191 2066/8490/2191
usemtl ojos10
f 2044/8491/2192 2043/8492/2192 2058/8493/2192 2059/8494/2192
usemtl vidrio6
f 2071/8495/2193 2070/8496/2193 2085/8497/2193 2086/8498/2193
usemtl ojos8
f 2064/8499/2194 2063/8500/2194 2078/8501/2194 2079/8502/2194
usemtl ojos9
f 2057/8503/2195 1929/8504/2195 2072/8505/2195
usemtl vidrio6
f 1936/8506/2196 2071/8507/2196 2086/8508/2196
usemtl ojos8
f 2065/8509/2197 2064/8510/2197 2079/8511/2197 2080/8512/2197
usemtl ojos10
f 2058/8513/2198 2057/8514/2198 2072/8515/2198 2073/8516/2198
usemtl ojos7
f 2066/8517/2199 2065/8518/2199 2080/8519/2199 2081/8520/2199
usemtl ojos10
f 2059/8521/2200 2058/8522/2200 2073/8523/2200 2074/8524/2200
usemtl ojos6
f 2067/8525/2201 2066/8526/2201 2081/8527/2201 2082/8528/2201
usemtl ojos10
f 2060/8529/2202 2059/8530/2202 2074/8531/2202 2075/8532/2202
usemtl ojos6
f 2068/8533/2203 2067/8534/2203 2082/8535/2203 2083/8536/2203
usemtl ojos10
f 2061/8537/2204 2060/8538/2204 2075/8539/2204 2076/8540/2204
usemtl vidrio6
f 2069/8541/2205 2068/8542/2205 2083/8543/2205 2084/8544/2205
usemtl ojos9
f 2062/8545/2206 2061/8546/2206 2076/8547/2206 2077/8548/2206
usemtl vidrio6
f 2070/8549/2207 2069/8550/2207 2084/8551/2207 2085/8552/2207
usemtl ojos9
f 2063/8553/2208 2062/8554/2208 2077/8555/2208 2078/8556/2208
usemtl ojos10
f 2075/8557/2209 2074/8558/2209 2089/8559/2209 2090/8560/2209
usemtl ojos6
f 2083/8561/2210 2082/8562/2210 2097/8563/2210 2098/8564/2210
usemtl ojos10
f 2076/8565/2211 2075/8566/2211 2090/8567/2211 2091/8568/2211
usemtl vidrio6
f 2084/8569/2212 2083/8570/2212 2098/8571/2212 2099/8572/2212
usemtl ojos10
f 2077/8573/2213 2076/8574/2213 2091/8575/2213 2092/8576/2213
usemtl vidrio6
f 2085/8577/2214 2084/8578/2214 2099/8579/2214 2100/8580/2214
usemtl ojos9
f 2078/8581/2215 2077/8582/2215 2092/8583/2215 2093/8584/2215
usemtl vidrio6
f 2086/8585/2216 2085/8586/2216 2100/8587/2216 2101/8588/2216
usemtl ojos9
f 2079/8589/2217 2078/8590/2217 2093/8591/2217 2094/8592/2217
usemtl ojos9
f 2072/8593/2218 1929/8594/2218 2087/8595/2218
usemtl vidrio6
f 1936/8596/2219 2086/8597/2219 2101/8598/2219
usemtl ojos8
f 2080/8599/2220 2079/8600/2220 2094/8601/2220 2095/8602/2220
usemtl ojos10
f 2073/8603/2221 2072/8604/2221 2087/8605/2221 2088/8606/2221
usemtl ojos7
f 2081/8607/2222 2080/8608/2222 2095/8609/2222 2096/8610/2222
usemtl ojos10
f 2074/8611/2223 2073/8612/2223 2088/8613/2223 2089/8614/2223
usemtl ojos6
f 2082/8615/2224 2081/8616/2224 2096/8617/2224 2097/8618/2224
usemtl ojos9
f 2094/8619/2225 2093/8620/2225 2108/8621/2225 2109/8622/2225
usemtl ojos9
f 2087/8623/2226 1929/8624/2226 2102/8625/2226
usemtl vidrio6
f 1936/8626/2227 2101/8627/2227 2116/8628/2227
usemtl ojos8
f 2095/8629/2228 2094/8630/2228 2109/8631/2228 2110/8632/2228
usemtl ojos10
f 2088/8633/2229 2087/8634/2229 2102/8635/2229 2103/8636/2229
usemtl ojos7
f 2096/8637/2230 2095/8638/2230 2110/8639/2230 2111/8640/2230
usemtl ojos10
f 2089/8641/2231 2088/8642/2231 2103/8643/2231 2104/8644/2231
usemtl ojos6
f 2097/8645/2232 2096/8646/2232 2111/8647/2232 2112/8648/2232
usemtl ojos10
f 2090/8649/2233 2089/8650/2233 2104/8651/2233 2105/8652/2233
usemtl ojos6
f 2098/8653/2234 2097/8654/2234 2112/8655/2234 2113/8656/2234
usemtl ojos10
f 2091/8657/2235 2090/8658/2235 2105/8659/2235 2106/8660/2235
usemtl vidrio6
f 2099/8661/2236 2098/8662/2236 2113/8663/2236 2114/8664/2236
usemtl ojos10
f 2092/8665/2237 2091/8666/2237 2106/8667/2237 2107/8668/2237
usemtl vidrio6
f 2100/8669/2238 2099/8670/2238 2114/8671/2238 2115/8672/2238
usemtl ojos9
f 2093/8673/2239 2092/8674/2239 2107/8675/2239 2108/8676/2239
usemtl vidrio6
f 2101/8677/2240 2100/8678/2240 2115/8679/2240 2116/8680/2240
usemtl ojos6
f 2113/8681/2241 2112/8682/2241 2127/8683/2241 2128/8684/2241
usemtl ojos10
f 2106/8685/2242 2105/8686/2242 2120/8687/2242 2121/8688/2242
usemtl vidrio6
f 2114/8689/2243 2113/8690/2243 2128/8691/2243 2129/8692/2243
usemtl ojos10
f 2107/8693/2244 2106/8694/2244 2121/8695/2244 2122/8696/2244
usemtl vidrio6
f 2115/8697/2245 2114/8698/2245 2129/8699/2245 2130/8700/2245
usemtl ojos9
f 2108/8701/2246 2107/8702/2246 2122/8703/2246 2123/8704/2246
usemtl vidrio6
f 2116/8705/2247 2115/8706/2247 2130/8707/2247 2131/8708/2247
usemtl ojos9
f 2109/8709/2248 2108/8710/2248 2123/8711/2248 2124/8712/2248
usemtl ojos9
f 2102/8713/2249 1929/8714/2249 2117/8715/2249
usemtl vidrio6
f 1936/8716/2250 2116/8717/2250 2131/8718/2250
usemtl ojos8
f 2110/8719/2251 2109/8720/2251 2124/8721/2251 2125/8722/2251
usemtl ojos10
f 2103/8723/2252 2102/8724/2252 2117/8725/2252 2118/8726/2252
usemtl ojos7
f 2111/8727/2253 2110/8728/2253 2125/8729/2253 2126/8730/2253
usemtl ojos10
f 2104/8731/2254 2103/8732/2254 2118/8733/2254 2119/8734/2254
usemtl ojos6
f 2112/8735/2255 2111/8736/2255 2126/8737/2255 2127/8738/2255
usemtl ojos10
f 2105/8739/2256 2104/8740/2256 2119/8741/2256 2120/8742/2256
usemtl ojos9
f 2117/8743/2257 1929/8744/2257 2132/8745/2257
usemtl vidrio6
f 1936/8746/2258 2131/8747/2258 2146/8748/2258
usemtl ojos8
f 2125/8749/2259 2124/8750/2259 2139/8751/2259 2140/8752/2259
usemtl ojos10
f 2118/8753/2260 2117/8754/2260 2132/8755/2260 2133/8756/2260
usemtl ojos7
f 2126/8757/2261 2125/8758/2261 2140/8759/2261 2141/8760/2261
usemtl ojos10
f 2119/8761/2262 2118/8762/2262 2133/8763/2262 2134/8764/2262
usemtl ojos6
f 2127/8765/2263 2126/8766/2263 2141/8767/2263 2142/8768/2263
usemtl ojos10
f 2120/8769/2264 2119/8770/2264 2134/8771/2264 2135/8772/2264
usemtl ojos6
f 2128/8773/2265 2127/8774/2265 2142/8775/2265 2143/8776/2265
usemtl ojos10
f 2121/8777/2266 2120/8778/2266 2135/8779/2266 2136/8780/2266
usemtl vidrio6
f 2129/8781/2267 2128/8782/2267 2143/8783/2267 2144/8784/2267
usemtl ojos10
f 2122/8785/2268 2121/8786/2268 2136/8787/2268 2137/8788/2268
usemtl vidrio6
f 2130/8789/2269 2129/8790/2269 2144/8791/2269 2145/8792/2269
usemtl ojos10
f 2123/8793/2270 2122/8794/2270 2137/8795/2270 2138/8796/2270
usemtl vidrio6
f 2131/8797/2271 2130/8798/2271 2145/8799/2271 2146/8800/2271
usemtl ojos9
f 2124/8801/2272 2123/8802/2272 2138/8803/2272 2139/8804/2272
usemtl ojos10
f 2136/8805/2273 2135/8806/2273 2150/8807/2273 2151/8808/2273
usemtl vidrio6
f 2144/8809/2274 2143/8810/2274 2158/8811/2274 2159/8812/2274
usemtl ojos10
f 2137/8813/2275 2136/8814/2275 2151/8815/2275 2152/8816/2275
usemtl vidrio6
f 2145/8817/2276 2144/8818/2276 2159/8819/2276 2160/8820/2276
usemtl ojos10
f 2138/8821/2277 2137/8822/2277 2152/8823/2277 2153/8824/2277
usemtl vidrio6
f 2146/8825/2278 2145/8826/2278 2160/8827/2278 2161/8828/2278
usemtl ojos9
f 2139/8829/2279 2138/8830/2279 2153/8831/2279 2154/8832/2279
usemtl ojos9
f 2132/8833/2280 1929/8834/2280 2147/8835/2280
usemtl vidrio6
f 1936/8836/2281 2146/8837/2281 2161/8838/2281
usemtl ojos8
f 2140/8839/2282 2139/8840/2282 2154/8841/2282 2155/8842/2282
usemtl ojos10
f 2133/8843/2283 2132/8844/2283 2147/8845/2283 2148/8846/2283
usemtl ojos7
f 2141/8847/2284 2140/8848/2284 2155/8849/2284 2156/8850/2284
usemtl ojos10
f 2134/8851/2285 2133/8852/2285 2148/8853/2285 2149/8854/2285
usemtl ojos6
f 2142/8855/2286 2141/8856/2286 2156/8857/2286 2157/8858/2286
usemtl ojos10
f 2135/8859/2287 2134/8860/2287 2149/8861/2287 2150/8862/2287
usemtl ojos6
f 2143/8863/2288 2142/8864/2288 2157/8865/2288 2158/8866/2288
usemtl ojos8
f 2155/8867/2289 2154/8868/2289 2169/8869/2289 2170/8870/2289
usemtl ojos10
f 2148/8871/2290 2147/8872/2290 2162/8873/2290 2163/8874/2290
usemtl ojos7
f 2156/8875/2291 2155/8876/2291 2170/8877/2291 2171/8878/2291
usemtl ojos10
f 2149/8879/2292 2148/8880/2292 2163/8881/2292 2164/8882/2292
usemtl ojos6
f 2157/8883/2293 2156/8884/2293 2171/8885/2293 2172/8886/2293
usemtl ojos10
f 2150/8887/2294 2149/8888/2294 2164/8889/2294 2165/8890/2294
usemtl ojos6
f 2158/8891/2295 2157/8892/2295 2172/8893/2295 2173/8894/2295
usemtl ojos10
f 2151/8895/2296 2150/8896/2296 2165/8897/2296 2166/8898/2296
usemtl vidrio6
f 2159/8899/2297 2158/8900/2297 2173/8901/2297 2174/8902/2297
usemtl ojos10
f 2152/8903/2298 2151/8904/2298 2166/8905/2298 2167/8906/2298
usemtl vidrio6
f 2160/8907/2299 2159/8908/2299 2174/8909/2299 2175/8910/2299
usemtl ojos9
f 2153/8911/2300 2152/8912/2300 2167/8913/2300 2168/8914/2300
usemtl vidrio6
f 2161/8915/2301 2160/8916/2301 2175/8917/2301 2176/8918/2301
usemtl ojos9
f 2154/8919/2302 2153/8920/2302 2168/8921/2302 2169/8922/2302
usemtl ojos9
f 2147/8923/2303 1929/8924/2303 2162/8925/2303
usemtl vidrio6
f 1936/8926/2304 2161/8927/2304 2176/8928/2304
usemtl vidrio6
f 2174/8929/2305 2173/8930/2305 2188/8931/2305 2189/8932/2305
usemtl ojos10
f 2167/8933/2306 2166/8934/2306 2181/8935/2306 2182/8936/2306
usemtl vidrio6
f 2175/8937/2307 2174/8938/2307 2189/8939/2307 2190/8940/2307
usemtl ojos9
f 2168/8941/2308 2167/8942/2308 2182/8943/2308 2183/8944/2308
usemtl vidrio6
f 2176/8945/2309 2175/8946/2309 2190/8947/2309 2191/8948/2309
usemtl ojos9
f 2169/8949/2310 2168/8950/2310 2183/8951/2310 2184/8952/2310
usemtl ojos9
f 2162/8953/2311 1929/8954/2311 2177/8955/2311
usemtl vidrio6
f 1936/8956/2312 2176/8957/2312 2191/8958/2312
usemtl ojos8
f 2170/8959/2313 2169/8960/2313 2184/8961/2313 2185/8962/2313
usemtl ojos10
f 2163/8963/2314 2162/8964/2314 2177/8965/2314 2178/8966/2314
usemtl ojos7
f 2171/8967/2315 2170/8968/2315 2185/8969/2315 2186/8970/2315
usemtl ojos10
f 2164/8971/2316 2163/8972/2316 2178/8973/2316 2179/8974/2316
usemtl ojos6
f 2172/8975/2317 2171/8976/2317 2186/8977/2317 2187/8978/2317
usemtl ojos10
f 2165/8979/2318 2164/8980/2318 2179/8981/2318 2180/8982/2318
usemtl ojos6
f 2173/8983/2319 2172/8984/2319 2187/8985/2319 2188/8986/2319
usemtl ojos10
f 2166/8987/2320 2165/8988/2320 2180/8989/2320 2181/8990/2320
usemtl ojos6
f 2186/8991/2321 2185/8992/2321 2200/8993/2321 2201/8994/2321
usemtl ojos10
f 2179/8995/2322 2178/8996/2322 2193/8997/2322 2194/8998/2322
usemtl ojos6
f 2187/8999/2323 2186/9000/2323 2201/9001/2323 2202/9002/2323
usemtl ojos10
f 2180/9003/2324 2179/9004/2324 2194/9005/2324 2195/9006/2324
usemtl ojos6
f 2188/9007/2325 2187/9008/2325 2202/9009/2325 2203/9010/2325
usemtl ojos10
f 2181/9011/2326 2180/9012/2326 2195/9013/2326 2196/9014/2326
usemtl vidrio6
f 2189/9015/2327 2188/9016/2327 2203/9017/2327 2204/9018/2327
usemtl ojos9
f 2182/9019/2328 2181/9020/2328 2196/9021/2328 2197/9022/2328
usemtl vidrio6
f 2190/9023/2329 2189/9024/2329 2204/9025/2329 2205/9026/2329
usemtl ojos9
f 2183/9027/2330 2182/9028/2330 2197/9029/2330 2198/9030/2330
usemtl vidrio6
f 2191/9031/2331 2190/9032/2331 2205/9033/2331 2206/9034/2331
usemtl ojos8
f 2184/9035/2332 2183/9036/2332 2198/9037/2332 2199/9038/2332
usemtl ojos9
f 2177/9039/2333 1929/9040/2333 2192/9041/2333
usemtl vidrio6
f 1936/9042/2334 2191/9043/2334 2206/9044/2334
usemtl ojos7
f 2185/9045/2335 2184/9046/2335 2199/9047/2335 2200/9048/2335
usemtl ojos9
f 2178/9049/2336 2177/9050/2336 2192/9051/2336 2193/9052/2336
usemtl vidrio6
f 2205/9053/2337 2204/9054/2337 2219/9055/2337 2220/9056/2337
usemtl ojos9
f 2198/9057/2338 2197/9058/2338 2212/9059/2338 2213/9060/2338
usemtl vidrio6
f 2206/9061/2339 2205/9062/2339 2220/9063/2339 2221/9064/2339
usemtl ojos8
f 2199/9065/2340 2198/9066/2340 2213/9067/2340 2214/9068/2340
usemtl ojos9
f 2192/9069/2341 1929/9070/2341 2207/9071/2341
usemtl vidrio6
f 1936/9072/2342 2206/9073/2342 2221/9074/2342
usemtl ojos7
f 2200/9075/2343 2199/9076/2343 2214/9077/2343 2215/9078/2343
usemtl ojos9
f 2193/9079/2344 2192/9080/2344 2207/9081/2344 2208/9082/2344
usemtl ojos6
f 2201/9083/2345 2200/9084/2345 2215/9085/2345 2216/9086/2345
usemtl ojos9
f 2194/9087/2346 2193/9088/2346 2208/9089/2346 2209/9090/2346
usemtl ojos6
f 2202/9091/2347 2201/9092/2347 2216/9093/2347 2217/9094/2347
usemtl ojos9
f 2195/9095/2348 2194/9096/2348 2209/9097/2348 2210/9098/2348
usemtl ojos6
f 2203/9099/2349 2202/9100/2349 2217/9101/2349 2218/9102/2349
usemtl ojos9
f 2196/9103/2350 2195/9104/2350 2210/9105/2350 2211/9106/2350
usemtl vidrio6
f 2204/9107/2351 2203/9108/2351 2218/9109/2351 2219/9110/2351
usemtl ojos9
f 2197/9111/2352 2196/9112/2352 2211/9113/2352 2212/9114/2352
usemtl ojos9
f 2209/9115/2353 2208/9116/2353 2223/9117/2353 2224/9118/2353
usemtl ojos6
f 2217/9119/2354 2216/9120/2354 2231/9121/2354 2232/9122/2354
usemtl ojos9
f 2210/9123/2355 2209/9124/2355 2224/9125/2355 2225/9126/2355
usemtl ojos6
f 2218/9127/2356 2217/9128/2356 2232/9129/2356 2233/9130/2356
usemtl ojos9
f 2211/9131/2357 2210/9132/2357 2225/9133/2357 2226/9134/2357
usemtl vidrio6
f 2219/9135/2358 2218/9136/2358 2233/9137/2358 2234/9138/2358
usemtl ojos9
f 2212/9139/2359 2211/9140/2359 2226/9141/2359 2227/9142/2359
usemtl vidrio6
f 2220/9143/2360 2219/9144/2360 2234/9145/2360 2235/9146/2360
usemtl ojos8
f 2213/9147/2361 2212/9148/2361 2227/9149/2361 2228/9150/2361
usemtl vidrio6
f 2221/9151/2362 2220/9152/2362 2235/9153/2362 2236/9154/2362
usemtl ojos7
f 2214/9155/2363 2213/9156/2363 2228/9157/2363 2229/9158/2363
usemtl ojos9
f 2207/9159/2364 1929/9160/2364 2222/9161/2364
usemtl vidrio6
f 1936/9162/2365 2221/9163/2365 2236/9164/2365
usemtl ojos7
f 2215/9165/2366 2214/9166/2366 2229/9167/2366 2230/9168/2366
usemtl ojos9
f 2208/9169/2367 2207/9170/2367 2222/9171/2367 2223/9172/2367
usemtl ojos6
f 2216/9173/2368 2215/9174/2368 2230/9175/2368 2231/9176/2368
usemtl ojos8
f 2228/9177/2369 2227/9178/2369 2242/9179/2369 2243/9180/2369
usemtl vidrio6
f 2236/9181/2370 2235/9182/2370 2250/9183/2370 2251/9184/2370
usemtl ojos7
f 2229/9185/2371 2228/9186/2371 2243/9187/2371 2244/9188/2371
usemtl ojos9
f 2222/9189/2372 1929/9190/2372 2237/9191/2372
usemtl vidrio6
f 1936/9192/2373 2236/9193/2373 2251/9194/2373
usemtl ojos6
f 2230/9195/2374 2229/9196/2374 2244/9197/2374 2245/9198/2374
usemtl ojos9
f 2223/9199/2375 2222/9200/2375 2237/9201/2375 2238/9202/2375
usemtl ojos6
f 2231/9203/2376 2230/9204/2376 2245/9205/2376 2246/9206/2376
usemtl ojos9
f 2224/9207/2377 2223/9208/2377 2238/9209/2377 2239/9210/2377
usemtl ojos6
f 2232/9211/2378 2231/9212/2378 2246/9213/2378 2247/9214/2378
usemtl ojos9
f 2225/9215/2379 2224/9216/2379 2239/9217/2379 2240/9218/2379
usemtl ojos6
f 2233/9219/2380 2232/9220/2380 2247/9221/2380 2248/9222/2380
usemtl ojos9
f 2226/9223/2381 2225/9224/2381 2240/9225/2381 2241/9226/2381
usemtl vidrio6
f 2234/9227/2382 2233/9228/2382 2248/9229/2382 2249/9230/2382
usemtl ojos8
f 2227/9231/2383 2226/9232/2383 2241/9233/2383 2242/9234/2383
usemtl vidrio6
f 2235/9235/2384 2234/9236/2384 2249/9237/2384 2250/9238/2384
usemtl ojos6
f 2247/9239/2385 2246/9240/2385 2261/9241/2385 2262/9242/2385
usemtl ojos9
f 2240/9243/2386 2239/9244/2386 2254/9245/2386 2255/9246/2386
usemtl ojos6
f 2248/9247/2387 2247/9248/2387 2262/9249/2387 2263/9250/2387
usemtl ojos8
f 2241/9251/2388 2240/9252/2388 2255/9253/2388 2256/9254/2388
usemtl vidrio6
f 2249/9255/2389 2248/9256/2389 2263/9257/2389 2264/9258/2389
usemtl ojos8
f 2242/9259/2390 2241/9260/2390 2256/9261/2390 2257/9262/2390
usemtl vidrio6
f 2250/9263/2391 2249/9264/2391 2264/9265/2391 2265/9266/2391
usemtl ojos7
f 2243/9267/2392 2242/9268/2392 2257/9269/2392 2258/9270/2392
usemtl vidrio6
f 2251/9271/2393 2250/9272/2393 2265/9273/2393 2266/9274/2393
usemtl ojos7
f 2244/9275/2394 2243/9276/2394 2258/9277/2394 2259/9278/2394
usemtl ojos9
f 2237/9279/2395 1929/9280/2395 2252/9281/2395
usemtl vidrio6
f 1936/9282/2396 2251/9283/2396 2266/9284/2396
usemtl ojos6
f 2245/9285/2397 2244/9286/2397 2259/9287/2397 2260/9288/2397
usemtl ojos9
f 2238/9289/2398 2237/9290/2398 2252/9291/2398 2253/9292/2398
usemtl ojos6
f 2246/9293/2399 2245/9294/2399 2260/9295/2399 2261/9296/2399
usemtl ojos9
f 2239/9297/2400 2238/9298/2400 2253/9299/2400 2254/9300/2400
usemtl vidrio6
f 2266/9301/2401 2265/9302/2401 2280/9303/2401 2281/9304/2401
usemtl ojos6
f 2259/9305/2402 2258/9306/2402 2273/9307/2402 2274/9308/2402
usemtl ojos9
f 2252/9309/2403 1929/9310/2403 2267/9311/2403
usemtl vidrio6
f 1936/9312/2404 2266/9313/2404 2281/9314/2404
usemtl ojos6
f 2260/9315/2405 2259/9316/2405 2274/9317/2405 2275/9318/2405
usemtl ojos9
f 2253/9319/2406 2252/9320/2406 2267/9321/2406 2268/9322/2406
usemtl ojos6
f 2261/9323/2407 2260/9324/2407 2275/9325/2407 2276/9326/2407
usemtl ojos9
f 2254/9327/2408 2253/9328/2408 2268/9329/2408 2269/9330/2408
usemtl ojos6
f 2262/9331/2409 2261/9332/2409 2276/9333/2409 2277/9334/2409
usemtl ojos9
f 2255/9335/2410 2254/9336/2410 2269/9337/2410 2270/9338/2410
usemtl ojos6
f 2263/9339/2411 2262/9340/2411 2277/9341/2411 2278/9342/2411
usemtl ojos8
f 2256/9343/2412 2255/9344/2412 2270/9345/2412 2271/9346/2412
usemtl vidrio6
f 2264/9347/2413 2263/9348/2413 2278/9349/2413 2279/9350/2413
usemtl ojos8
f 2257/9351/2414 2256/9352/2414 2271/9353/2414 2272/9354/2414
usemtl vidrio6
f 2265/9355/2415 2264/9356/2415 2279/9357/2415 2280/9358/2415
usemtl ojos7
f 2258/9359/2416 2257/9360/2416 2272/9361/2416 2273/9362/2416
usemtl ojos8
f 2270/9363/2417 2269/9364/2417 2284/9365/2417 2285/9366/2417
usemtl ojos6
f 2278/9367/2418 2277/9368/2418 2292/9369/2418 2293/9370/2418
usemtl ojos8
f 2271/9371/2419 2270/9372/2419 2285/9373/2419 2286/9374/2419
usemtl vidrio6
f 2279/9375/2420 2278/9376/2420 2293/9377/2420 2294/9378/2420
usemtl ojos7
f 2272/9379/2421 2271/9380/2421 2286/9381/2421 2287/9382/2421
usemtl vidrio6
f 2280/9383/2422 2279/9384/2422 2294/9385/2422 2295/9386/2422
usemtl ojos7
f 2273/9387/2423 2272/9388/2423 2287/9389/2423 2288/9390/2423
usemtl vidrio6
f 2281/9391/2424 2280/9392/2424 2295/9393/2424 2296/9394/2424
usemtl ojos6
f 2274/9395/2425 2273/9396/2425 2288/9397/2425 2289/9398/2425
usemtl ojos9
f 2267/9399/2426 1929/9400/2426 2282/9401/2426
usemtl vidrio6
f 1936/9402/2427 2281/9403/2427 2296/9404/2427
usemtl ojos6
f 2275/9405/2428 2274/9406/2428 2289/9407/2428 2290/9408/2428
usemtl ojos9
f 2268/9409/2429 2267/9410/2429 2282/9411/2429 2283/9412/2429
usemtl ojos6
f 2276/9413/2430 2275/9414/2430 2290/9415/2430 2291/9416/2430
usemtl ojos9
f 2269/9417/2431 2268/9418/2431 2283/9419/2431 2284/9420/2431
usemtl ojos6
f 2277/9421/2432 2276/9422/2432 2291/9423/2432 2292/9424/2432
usemtl ojos6
f 2289/9425/2433 2288/9426/2433 2303/9427/2433 2304/9428/2433
usemtl ojos9
f 2282/9429/2434 1929/9430/2434 2297/9431/2434
usemtl vidrio6
f 1936/9432/2435 2296/9433/2435 2311/9434/2435
usemtl ojos6
f 2290/9435/2436 2289/9436/2436 2304/9437/2436 2305/9438/2436
usemtl ojos9
f 2283/9439/2437 2282/9440/2437 2297/9441/2437 2298/9442/2437
usemtl ojos6
f 2291/9443/2438 2290/9444/2438 2305/9445/2438 2306/9446/2438
usemtl ojos9
f 2284/9447/2439 2283/9448/2439 2298/9449/2439 2299/9450/2439
usemtl ojos6
f 2292/9451/2440 2291/9452/2440 2306/9453/2440 2307/9454/2440
usemtl ojos8
f 2285/9455/2441 2284/9456/2441 2299/9457/2441 2300/9458/2441
usemtl ojos6
f 2293/9459/2442 2292/9460/2442 2307/9461/2442 2308/9462/2442
usemtl ojos8
f 2286/9463/2443 2285/9464/2443 2300/9465/2443 2301/9466/2443
usemtl vidrio6
f 2294/9467/2444 2293/9468/2444 2308/9469/2444 2309/9470/2444
usemtl ojos7
f 2287/9471/2445 2286/9472/2445 2301/9473/2445 2302/9474/2445
usemtl vidrio6
f 2295/9475/2446 2294/9476/2446 2309/9477/2446 2310/9478/2446
usemtl ojos7
f 2288/9479/2447 2287/9480/2447 2302/9481/2447 2303/9482/2447
usemtl vidrio6
f 2296/9483/2448 2295/9484/2448 2310/9485/2448 2311/9486/2448
usemtl vidrio6
f 2308/9487/2449 2307/9488/2449 2322/9489/2449 2323/9490/2449
usemtl vidrio8
f 2301/9491/2450 2300/9492/2450 2315/9493/2450 2316/9494/2450
usemtl vidrio6
f 2309/9495/2451 2308/9496/2451 2323/9497/2451 2324/9498/2451
usemtl vidrio7
f 2302/9499/2452 2301/9500/2452 2316/9501/2452 2317/9502/2452
usemtl vidrio6
f 2310/9503/2453 2309/9504/2453 2324/9505/2453 2325/9506/2453
usemtl vidrio6
f 2303/9507/2454 2302/9508/2454 2317/9509/2454 2318/9510/2454
usemtl vidrio6
f 2311/9511/2455 2310/9512/2455 2325/9513/2455 2326/9514/2455
usemtl vidrio6
f 2304/9515/2456 2303/9516/2456 2318/9517/2456 2319/9518/2456
usemtl ojos9
f 2297/9519/2457 1929/9520/2457 2312/9521/2457
usemtl vidrio6
f 1936/9522/2458 2311/9523/2458 2326/9524/2458
usemtl vidrio6
f 2305/9525/2459 2304/9526/2459 2319/9527/2459 2320/9528/2459
usemtl ojos9
f 2298/9529/2460 2297/9530/2460 2312/9531/2460 2313/9532/2460
usemtl vidrio6
f 2306/9533/2461 2305/9534/2461 2320/9535/2461 2321/9536/2461
usemtl ojos9
f 2299/9537/2462 2298/9538/2462 2313/9539/2462 2314/9540/2462
usemtl vidrio6
f 2307/9541/2463 2306/9542/2463 2321/9543/2463 2322/9544/2463
usemtl vidrio8
f 2300/9545/2464 2299/9546/2464 2314/9547/2464 2315/9548/2464
usemtl vidrio6
f 1936/9549/2465 2326/9550/2465 2341/9551/2465
usemtl vidrio6
f 2320/9552/2466 2319/9553/2466 2334/9554/2466 2335/9555/2466
usemtl ojos9
f 2313/9556/2467 2312/9557/2467 2327/9558/2467 2328/9559/2467
usemtl vidrio6
f 2321/9560/2468 2320/9561/2468 2335/9562/2468 2336/9563/2468
usemtl vidrio9
f 2314/9564/2469 2313/9565/2469 2328/9566/2469 2329/9567/2469
usemtl vidrio6
f 2322/9568/2470 2321/9569/2470 2336/9570/2470 2337/9571/2470
usemtl vidrio8
f 2315/9572/2471 2314/9573/2471 2329/9574/2471 2330/9575/2471
usemtl vidrio6
f 2323/9576/2472 2322/9577/2472 2337/9578/2472 2338/9579/2472
usemtl vidrio8
f 2316/9580/2473 2315/9581/2473 2330/9582/2473 2331/9583/2473
usemtl vidrio6
f 2324/9584/2474 2323/9585/2474 2338/9586/2474 2339/9587/2474
usemtl vidrio7
f 2317/9588/2475 2316/9589/2475 2331/9590/2475 2332/9591/2475
usemtl vidrio6
f 2325/9592/2476 2324/9593/2476 2339/9594/2476 2340/9595/2476
usemtl vidrio6
f 2318/9596/2477 2317/9597/2477 2332/9598/2477 2333/9599/2477
usemtl vidrio6
f 2326/9600/2478 2325/9601/2478 2340/9602/2478 2341/9603/2478
usemtl vidrio6
f 2319/9604/2479 2318/9605/2479 2333/9606/2479 2334/9607/2479
usemtl ojos9
f 2312/9608/2480 1929/9609/2480 2327/9610/2480
usemtl vidrio6
f 2339/9611/2481 2338/9612/2481 2353/9613/2481 2354/9614/2481
usemtl vidrio7
f 2332/9615/2482 2331/9616/2482 2346/9617/2482 2347/9618/2482
usemtl vidrio6
f 2340/9619/2483 2339/9620/2483 2354/9621/2483 2355/9622/2483
usemtl vidrio6
f 2333/9623/2484 2332/9624/2484 2347/9625/2484 2348/9626/2484
usemtl vidrio6
f 2341/9627/2485 2340/9628/2485 2355/9629/2485 2356/9630/2485
usemtl vidrio6
f 2334/9631/2486 2333/9632/2486 2348/9633/2486 2349/9634/2486
usemtl ojos9
f 2327/9635/2487 1929/9636/2487 2342/9637/2487
usemtl vidrio6
f 1936/9638/2488 2341/9639/2488 2356/9640/2488
usemtl vidrio6
f 2335/9641/2489 2334/9642/2489 2349/9643/2489 2350/9644/2489
usemtl vidrio9
f 2328/9645/2490 2327/9646/2490 2342/9647/2490 2343/9648/2490
usemtl vidrio6
f 2336/9649/2491 2335/9650/2491 2350/9651/2491 2351/9652/2491
usemtl vidrio9
f 2329/9653/2492 2328/9654/2492 2343/9655/2492 2344/9656/2492
usemtl vidrio6
f 2337/9657/2493 2336/9658/2493 2351/9659/2493 2352/9660/2493
usemtl vidrio8
f 2330/9661/2494 2329/9662/2494 2344/9663/2494 2345/9664/2494
usemtl vidrio6
f 2338/9665/2495 2337/9666/2495 2352/9667/2495 2353/9668/2495
usemtl vidrio8
f 2331/9669/2496 2330/9670/2496 2345/9671/2496 2346/9672/2496
usemtl vidrio9
f 2343/9673/2497 2342/9674/2497 2357/9675/2497 2358/9676/2497
usemtl vidrio6
f 2351/9677/2498 2350/9678/2498 2365/9679/2498 2366/9680/2498
usemtl vidrio9
f 2344/9681/2499 2343/9682/2499 2358/9683/2499 2359/9684/2499
usemtl vidrio6
f 2352/9685/2500 2351/9686/2500 2366/9687/2500 2367/9688/2500
usemtl vidrio8
f 2345/9689/2501 2344/9690/2501 2359/9691/2501 2360/9692/2501
usemtl vidrio6
f 2353/9693/2502 2352/9694/2502 2367/9695/2502 2368/9696/2502
usemtl vidrio8
f 2346/9697/2503 2345/9698/2503 2360/9699/2503 2361/9700/2503
usemtl vidrio6
f 2354/9701/2504 2353/9702/2504 2368/9703/2504 2369/9704/2504
usemtl vidrio7
f 2347/9705/2505 2346/9706/2505 2361/9707/2505 2362/9708/2505
usemtl vidrio6
f 2355/9709/2506 2354/9710/2506 2369/9711/2506 2370/9712/2506
usemtl vidrio6
f 2348/9713/2507 2347/9714/2507 2362/9715/2507 2363/9716/2507
usemtl vidrio6
f 2356/9717/2508 2355/9718/2508 2370/9719/2508 2371/9720/2508
usemtl vidrio6
f 2349/9721/2509 2348/9722/2509 2363/9723/2509 2364/9724/2509
usemtl ojos9
f 2342/9725/2510 1929/9726/2510 2357/9727/2510
usemtl vidrio6
f 1936/9728/2511 2356/9729/2511 2371/9730/2511
usemtl vidrio6
f 2350/9731/2512 2349/9732/2512 2364/9733/2512 2365/9734/2512
usemtl vidrio7
f 2362/9735/2513 2361/9736/2513 2376/9737/2513 2377/9738/2513
usemtl vidrio6
f 2370/9739/2514 2369/9740/2514 2384/9741/2514 2385/9742/2514
usemtl vidrio6
f 2363/9743/2515 2362/9744/2515 2377/9745/2515 2378/9746/2515
usemtl vidrio6
f 2371/9747/2516 2370/9748/2516 2385/9749/2516 2386/9750/2516
usemtl vidrio6
f 2364/9751/2517 2363/9752/2517 2378/9753/2517 2379/9754/2517
usemtl ojos9
f 2357/9755/2518 1929/9756/2518 2372/9757/2518
usemtl vidrio6
f 1936/9758/2519 2371/9759/2519 2386/9760/2519
usemtl vidrio6
f 2365/9761/2520 2364/9762/2520 2379/9763/2520 2380/9764/2520
usemtl vidrio9
f 2358/9765/2521 2357/9766/2521 2372/9767/2521 2373/9768/2521
usemtl vidrio6
f 2366/9769/2522 2365/9770/2522 2380/9771/2522 2381/9772/2522
usemtl vidrio9
f 2359/9773/2523 2358/9774/2523 2373/9775/2523 2374/9776/2523
usemtl vidrio6
f 2367/9777/2524 2366/9778/2524 2381/9779/2524 2382/9780/2524
usemtl vidrio8
f 2360/9781/2525 2359/9782/2525 2374/9783/2525 2375/9784/2525
usemtl vidrio6
f 2368/9785/2526 2367/9786/2526 2382/9787/2526 2383/9788/2526
usemtl vidrio8
f 2361/9789/2527 2360/9790/2527 2375/9791/2527 2376/9792/2527
usemtl vidrio6
f 2369/9793/2528 2368/9794/2528 2383/9795/2528 2384/9796/2528
usemtl vidrio6
f 2381/9797/2529 2380/9798/2529 2395/9799/2529 2396/9800/2529
usemtl vidrio9
f 2374/9801/2530 2373/9802/2530 2388/9803/2530 2389/9804/2530
usemtl vidrio6
f 2382/9805/2531 2381/9806/2531 2396/9807/2531 2397/9808/2531
usemtl vidrio8
f 2375/9809/2532 2374/9810/2532 2389/9811/2532 2390/9812/2532
usemtl vidrio6
f 2383/9813/2533 2382/9814/2533 2397/9815/2533 2398/9816/2533
usemtl vidrio8
f 2376/9817/2534 2375/9818/2534 2390/9819/2534 2391/9820/2534
usemtl vidrio6
f 2384/9821/2535 2383/9822/2535 2398/9823/2535 2399/9824/2535
usemtl vidrio7
f 2377/9825/2536 2376/9826/2536 2391/9827/2536 2392/9828/2536
usemtl vidrio6
f 2385/9829/2537 2384/9830/2537 2399/9831/2537 2400/9832/2537
usemtl vidrio6
f 2378/9833/2538 2377/9834/2538 2392/9835/2538 2393/9836/2538
usemtl vidrio6
f 2386/9837/2539 2385/9838/2539 2400/9839/2539 2401/9840/2539
usemtl vidrio6
f 2379/9841/2540 2378/9842/2540 2393/9843/2540 2394/9844/2540
usemtl ojos9
f 2372/9845/2541 1929/9846/2541 2387/9847/2541
usemtl vidrio6
f 1936/9848/2542 2386/9849/2542 2401/9850/2542
usemtl vidrio6
f 2380/9851/2543 2379/9852/2543 2394/9853/2543 2395/9854/2543
usemtl vidrio9
f 2373/9855/2544 2372/9856/2544 2387/9857/2544 2388/9858/2544
usemtl vidrio6
f 2400/9859/2545 2399/9860/2545 2408/9861/2545 2409/9862/2545
usemtl vidrio6
f 2393/9863/2546 2392/9864/2546 2405/9865/2546 1932/9866/2546
usemtl vidrio6
f 2401/9867/2547 2400/9868/2547 2409/9869/2547 2410/9870/2547
usemtl vidrio6
f 2394/9871/2548 2393/9872/2548 1932/9873/2548 1933/9874/2548
usemtl ojos9
f 2387/9875/2549 1929/9876/2549 2402/9877/2549
usemtl vidrio6
f 1936/9878/2550 2401/9879/2550 2410/9880/2550
usemtl vidrio6
f 2395/9881/2551 2394/9882/2551 1933/9883/2551 1934/9884/2551
usemtl vidrio9
f 2388/9885/2552 2387/9886/2552 2402/9887/2552 2403/9888/2552
usemtl vidrio6
f 2396/9889/2553 2395/9890/2553 1934/9891/2553 2406/9892/2553
usemtl vidrio9
f 2389/9893/2554 2388/9894/2554 2403/9895/2554 1930/9896/2554
usemtl vidrio6
f 2397/9897/2555 2396/9898/2555 2406/9899/2555 1935/9900/2555
usemtl vidrio8
f 2390/9901/2556 2389/9902/2556 1930/9903/2556 2404/9904/2556
usemtl vidrio6
f 2398/9905/2557 2397/9906/2557 1935/9907/2557 2407/9908/2557
usemtl vidrio8
f 2391/9909/2558 2390/9910/2558 2404/9911/2558 1931/9912/2558
usemtl vidrio6
f 2399/9913/2559 2398/9914/2559 2407/9915/2559 2408/9916/2559
usemtl vidrio7
f 2392/9917/2560 2391/9918/2560 1931/9919/2560 2405/9920/2560
o Helice
usemtl helice6
f 2891/9921/2561 2890/9922/2561 2431/9923/2561 2432/9924/2561
usemtl helice6
f 2414/9925/2562 2887/9926/2562 2424/9927/2562 2425/9928/2562
usemtl helice6
f 2892/9929/2563 2891/9930/2563 2432/9931/2563 2433/9932/2563
usemtl helice6
f 2415/9933/2564 2414/9934/2564 2425/9935/2564 2426/9936/2564
usemtl helice6
f 2884/9937/2565 2411/9938/2565 2419/9939/2565
usemtl helice6
f 2418/9940/2566 2892/9941/2566 2433/9942/2566
usemtl helice6
f 2416/9943/2567 2415/9944/2567 2426/9945/2567 2427/9946/2567
usemtl helice6
f 2885/9947/2568 2884/9948/2568 2419/9949/2568 2420/9950/2568
usemtl helice6
f 2888/9951/2569 2416/9952/2569 2427/9953/2569 2428/9954/2569
usemtl helice6
f 2412/9955/2570 2885/9956/2570 2420/9957/2570 2421/9958/2570
usemtl helice6
f 2417/9959/2571 2888/9960/2571 2428/9961/2571 2429/9962/2571
usemtl helice6
f 2886/9963/2572 2412/9964/2572 2421/9965/2572 2422/9966/2572
usemtl helice6
f 2889/9967/2573 2417/9968/2573 2429/9969/2573 2430/9970/2573
usemtl helice6
f 2413/9971/2574 2886/9972/2574 2422/9973/2574 2423/9974/2574
usemtl helice6
f 2890/9975/2575 2889/9976/2575 2430/9977/2575 2431/9978/2575
usemtl helice6
f 2887/9979/2576 2413/9980/2576 2423/9981/2576 2424/9982/2576
usemtl helice6
f 2431/9983/2577 2430/9984/2577 2445/9985/2577 2446/9986/2577
usemtl helice6
f 2424/9987/2578 2423/9988/2578 2438/9989/2578 2439/9990/2578
usemtl helice6
f 2432/9991/2579 2431/9992/2579 2446/9993/2579 2447/9994/2579
usemtl helice6
f 2425/9995/2580 2424/9996/2580 2439/9997/2580 2440/9998/2580
usemtl helice6
f 2433/9999/2581 2432/10000/2581 2447/10001/2581 2448/10002/2581
usemtl helice6
f 2426/10003/2582 2425/10004/2582 2440/10005/2582 2441/10006/2582
usemtl helice7
f 2419/10007/2583 2411/10008/2583 2434/10009/2583
usemtl helice6
f 2418/10010/2584 2433/10011/2584 2448/10012/2584
usemtl helice6
f 2427/10013/2585 2426/10014/2585 2441/10015/2585 2442/10016/2585
usemtl helice6
f 2420/10017/2586 2419/10018/2586 2434/10019/2586 2435/10020/2586
usemtl helice6
f 2428/10021/2587 2427/10022/2587 2442/10023/2587 2443/10024/2587
usemtl helice6
f 2421/10025/2588 2420/10026/2588 2435/10027/2588 2436/10028/2588
usemtl helice6
f 2429/10029/2589 2428/10030/2589 2443/10031/2589 2444/10032/2589
usemtl helice6
f 2422/10033/2590 2421/10034/2590 2436/10035/2590 2437/10036/2590
usemtl helice6
f 2430/10037/2591 2429/10038/2591 2444/10039/2591 2445/10040/2591
usemtl helice6
f 2423/10041/2592 2422/10042/2592 2437/10043/2592 2438/10044/2592
usemtl helice6
f 2435/10045/2593 2434/10046/2593 2449/10047/2593 2450/10048/2593
usemtl helice6
f 2443/10049/2594 2442/10050/2594 2457/10051/2594 2458/10052/2594
usemtl helice6
f 2436/10053/2595 2435/10054/2595 2450/10055/2595 2451/10056/2595
usemtl helice6
f 2444/10057/2596 2443/10058/2596 2458/10059/2596 2459/10060/2596
usemtl helice6
f 2437/10061/2597 2436/10062/2597 2451/10063/2597 2452/10064/2597
usemtl helice6
f 2445/10065/2598 2444/10066/2598 2459/10067/2598 2460/10068/2598
usemtl helice6
f 2438/10069/2599 2437/10070/2599 2452/10071/2599 2453/10072/2599
usemtl helice6
f 2446/10073/2600 2445/10074/2600 2460/10075/2600 2461/10076/2600
usemtl helice6
f 2439/10077/2601 2438/10078/2601 2453/10079/2601 2454/10080/2601
usemtl helice6
f 2447/10081/2602 2446/10082/2602 2461/10083/2602 2462/10084/2602
usemtl helice6
f 2440/10085/2603 2439/10086/2603 2454/10087/2603 2455/10088/2603
usemtl helice6
f 2448/10089/2604 2447/10090/2604 2462/10091/2604 2463/10092/2604
usemtl helice6
f 2441/10093/2605 2440/10094/2605 2455/10095/2605 2456/10096/2605
usemtl helice7
f 2434/10097/2606 2411/10098/2606 2449/10099/2606
usemtl helice6
f 2418/10100/2607 2448/10101/2607 2463/10102/2607
usemtl helice6
f 2442/10103/2608 2441/10104/2608 2456/10105/2608 2457/10106/2608
usemtl helice6
f 2454/10107/2609 2453/10108/2609 2468/10109/2609 2469/10110/2609
usemtl helice6
f 2462/10111/2610 2461/10112/2610 2476/10113/2610 2477/10114/2610
usemtl helice6
f 2455/10115/2611 2454/10116/2611 2469/10117/2611 2470/10118/2611
usemtl helice6
f 2463/10119/2612 2462/10120/2612 2477/10121/2612 2478/10122/2612
usemtl helice6
f 2456/10123/2613 2455/10124/2613 2470/10125/2613 2471/10126/2613
usemtl helice7
f 2449/10127/2614 2411/10128/2614 2464/10129/2614
usemtl helice6
f 2418/10130/2615 2463/10131/2615 2478/10132/2615
usemtl helice6
f 2457/10133/2616 2456/10134/2616 2471/10135/2616 2472/10136/2616
usemtl helice6
f 2450/10137/2617 2449/10138/2617 2464/10139/2617 2465/10140/2617
usemtl helice6
f 2458/10141/2618 2457/10142/2618 2472/10143/2618 2473/10144/2618
usemtl helice6
f 2451/10145/2619 2450/10146/2619 2465/10147/2619 2466/10148/2619
usemtl helice6
f 2459/10149/2620 2458/10150/2620 2473/10151/2620 2474/10152/2620
usemtl helice6
f 2452/10153/2621 2451/10154/2621 2466/10155/2621 2467/10156/2621
usemtl helice6
f 2460/10157/2622 2459/10158/2622 2474/10159/2622 2475/10160/2622
usemtl helice6
f 2453/10161/2623 2452/10162/2623 2467/10163/2623 2468/10164/2623
usemtl helice6
f 2461/10165/2624 2460/10166/2624 2475/10167/2624 2476/10168/2624
usemtl helice6
f 2473/10169/2625 2472/10170/2625 2487/10171/2625 2488/10172/2625
usemtl helice6
f 2466/10173/2626 2465/10174/2626 2480/10175/2626 2481/10176/2626
usemtl helice6
f 2474/10177/2627 2473/10178/2627 2488/10179/2627 2489/10180/2627
usemtl helice6
f 2467/10181/2628 2466/10182/2628 2481/10183/2628 2482/10184/2628
usemtl helice6
f 2475/10185/2629 2474/10186/2629 2489/10187/2629 2490/10188/2629
usemtl helice6
f 2468/10189/2630 2467/10190/2630 2482/10191/2630 2483/10192/2630
usemtl helice6
f 2476/10193/2631 2475/10194/2631 2490/10195/2631 2491/10196/2631
usemtl helice6
f 2469/10197/2632 2468/10198/2632 2483/10199/2632 2484/10200/2632
usemtl helice6
f 2477/10201/2633 2476/10202/2633 2491/10203/2633 2492/10204/2633
usemtl helice6
f 2470/10205/2634 2469/10206/2634 2484/10207/2634 2485/10208/2634
usemtl helice6
f 2478/10209/2635 2477/10210/2635 2492/10211/2635 2493/10212/2635
usemtl helice6
f 2471/10213/2636 2470/10214/2636 2485/10215/2636 2486/10216/2636
usemtl helice8
f 2464/10217/2637 2411/10218/2637 2479/10219/2637
usemtl helice6
f 2418/10220/2638 2478/10221/2638 2493/10222/2638
usemtl helice6
f 2472/10223/2639 2471/10224/2639 2486/10225/2639 2487/10226/2639
usemtl helice7
f 2465/10227/2640 2464/10228/2640 2479/10229/2640 2480/10230/2640
usemtl helice6
f 2492/10231/2641 2491/10232/2641 2506/10233/2641 2507/10234/2641
usemtl helice7
f 2485/10235/2642 2484/10236/2642 2499/10237/2642 2500/10238/2642
usemtl helice6
f 2493/10239/2643 2492/10240/2643 2507/10241/2643 2508/10242/2643
usemtl helice7
f 2486/10243/2644 2485/10244/2644 2500/10245/2644 2501/10246/2644
usemtl helice8
f 2479/10247/2645 2411/10248/2645 2494/10249/2645
usemtl helice6
f 2418/10250/2646 2493/10251/2646 2508/10252/2646
usemtl helice7
f 2487/10253/2647 2486/10254/2647 2501/10255/2647 2502/10256/2647
usemtl helice7
f 2480/10257/2648 2479/10258/2648 2494/10259/2648 2495/10260/2648
usemtl helice7
f 2488/10261/2649 2487/10262/2649 2502/10263/2649 2503/10264/2649
usemtl helice7
f 2481/10265/2650 2480/10266/2650 2495/10267/2650 2496/10268/2650
usemtl helice7
f 2489/10269/2651 2488/10270/2651 2503/10271/2651 2504/10272/2651
usemtl helice7
f 2482/10273/2652 2481/10274/2652 2496/10275/2652 2497/10276/2652
usemtl helice6
f 2490/10277/2653 2489/10278/2653 2504/10279/2653 2505/10280/2653
usemtl helice7
f 2483/10281/2654 2482/10282/2654 2497/10283/2654 2498/10284/2654
usemtl helice6
f 2491/10285/2655 2490/10286/2655 2505/10287/2655 2506/10288/2655
usemtl helice7
f 2484/10289/2656 2483/10290/2656 2498/10291/2656 2499/10292/2656
usemtl helice7
f 2496/10293/2657 2495/10294/2657 2510/10295/2657 2511/10296/2657
usemtl helice7
f 2504/10297/2658 2503/10298/2658 2518/10299/2658 2519/10300/2658
usemtl helice7
f 2497/10301/2659 2496/10302/2659 2511/10303/2659 2512/10304/2659
usemtl helice7
f 2505/10305/2660 2504/10306/2660 2519/10307/2660 2520/10308/2660
usemtl helice7
f 2498/10309/2661 2497/10310/2661 2512/10311/2661 2513/10312/2661
usemtl helice7
f 2506/10313/2662 2505/10314/2662 2520/10315/2662 2521/10316/2662
usemtl helice7
f 2499/10317/2663 2498/10318/2663 2513/10319/2663 2514/10320/2663
usemtl helice7
f 2507/10321/2664 2506/10322/2664 2521/10323/2664 2522/10324/2664
usemtl helice7
f 2500/10325/2665 2499/10326/2665 2514/10327/2665 2515/10328/2665
usemtl helice6
f 2508/10329/2666 2507/10330/2666 2522/10331/2666 2523/10332/2666
usemtl helice7
f 2501/10333/2667 2500/10334/2667 2515/10335/2667 2516/10336/2667
usemtl helice8
f 2494/10337/2668 2411/10338/2668 2509/10339/2668
usemtl helice6
f 2418/10340/2669 2508/10341/2669 2523/10342/2669
usemtl helice7
f 2502/10343/2670 2501/10344/2670 2516/10345/2670 2517/10346/2670
usemtl helice7
f 2495/10347/2671 2494/10348/2671 2509/10349/2671 2510/10350/2671
usemtl helice7
f 2503/10351/2672 2502/10352/2672 2517/10353/2672 2518/10354/2672
usemtl helice7
f 2515/10355/2673 2514/10356/2673 2529/10357/2673 2530/10358/2673
usemtl helice7
f 2523/10359/2674 2522/10360/2674 2537/10361/2674 2538/10362/2674
usemtl helice7
f 2516/10363/2675 2515/10364/2675 2530/10365/2675 2531/10366/2675
usemtl helice9
f 2509/10367/2676 2411/10368/2676 2524/10369/2676
usemtl helice6
f 2418/10370/2677 2523/10371/2677 2538/10372/2677
usemtl helice7
f 2517/10373/2678 2516/10374/2678 2531/10375/2678 2532/10376/2678
usemtl helice8
f 2510/10377/2679 2509/10378/2679 2524/10379/2679 2525/10380/2679
usemtl helice7
f 2518/10381/2680 2517/10382/2680 2532/10383/2680 2533/10384/2680
usemtl helice8
f 2511/10385/2681 2510/10386/2681 2525/10387/2681 2526/10388/2681
usemtl helice7
f 2519/10389/2682 2518/10390/2682 2533/10391/2682 2534/10392/2682
usemtl helice8
f 2512/10393/2683 2511/10394/2683 2526/10395/2683 2527/10396/2683
usemtl helice7
f 2520/10397/2684 2519/10398/2684 2534/10399/2684 2535/10400/2684
usemtl helice7
f 2513/10401/2685 2512/10402/2685 2527/10403/2685 2528/10404/2685
usemtl helice7
f 2521/10405/2686 2520/10406/2686 2535/10407/2686 2536/10408/2686
usemtl helice7
f 2514/10409/2687 2513/10410/2687 2528/10411/2687 2529/10412/2687
usemtl helice7
f 2522/10413/2688 2521/10414/2688 2536/10415/2688 2537/10416/2688
usemtl helice8
f 2534/10417/2689 2533/10418/2689 2548/10419/2689 2549/10420/2689
usemtl helice8
f 2527/10421/2690 2526/10422/2690 2541/10423/2690 2542/10424/2690
usemtl helice8
f 2535/10425/2691 2534/10426/2691 2549/10427/2691 2550/10428/2691
usemtl helice8
f 2528/10429/2692 2527/10430/2692 2542/10431/2692 2543/10432/2692
usemtl helice8
f 2536/10433/2693 2535/10434/2693 2550/10435/2693 2551/10436/2693
usemtl helice8
f 2529/10437/2694 2528/10438/2694 2543/10439/2694 2544/10440/2694
usemtl helice7
f 2537/10441/2695 2536/10442/2695 2551/10443/2695 2552/10444/2695
usemtl helice8
f 2530/10445/2696 2529/10446/2696 2544/10447/2696 2545/10448/2696
usemtl helice7
f 2538/10449/2697 2537/10450/2697 2552/10451/2697 2553/10452/2697
usemtl helice8
f 2531/10453/2698 2530/10454/2698 2545/10455/2698 2546/10456/2698
usemtl helice9
f 2524/10457/2699 2411/10458/2699 2539/10459/2699
usemtl helice6
f 2418/10460/2700 2538/10461/2700 2553/10462/2700
usemtl helice8
f 2532/10463/2701 2531/10464/2701 2546/10465/2701 2547/10466/2701
usemtl helice8
f 2525/10467/2702 2524/10468/2702 2539/10469/2702 2540/10470/2702
usemtl helice8
f 2533/10471/2703 2532/10472/2703 2547/10473/2703 2548/10474/2703
usemtl helice8
f 2526/10475/2704 2525/10476/2704 2540/10477/2704 2541/10478/2704
usemtl helice7
f 2553/10479/2705 2552/10480/2705 2567/10481/2705 2568/10482/2705
usemtl helice8
f 2546/10483/2706 2545/10484/2706 2560/10485/2706 2561/10486/2706
usemtl helice9
f 2539/10487/2707 2411/10488/2707 2554/10489/2707
usemtl helice6
f 2418/10490/2708 2553/10491/2708 2568/10492/2708
usemtl helice8
f 2547/10493/2709 2546/10494/2709 2561/10495/2709 2562/10496/2709
usemtl helice8
f 2540/10497/2710 2539/10498/2710 2554/10499/2710 2555/10500/2710
usemtl helice8
f 2548/10501/2711 2547/10502/2711 2562/10503/2711 2563/10504/2711
usemtl helice8
f 2541/10505/2712 2540/10506/2712 2555/10507/2712 2556/10508/2712
usemtl helice8
f 2549/10509/2713 2548/10510/2713 2563/10511/2713 2564/10512/2713
usemtl helice8
f 2542/10513/2714 2541/10514/2714 2556/10515/2714 2557/10516/2714
usemtl helice8
f 2550/10517/2715 2549/10518/2715 2564/10519/2715 2565/10520/2715
usemtl helice8
f 2543/10521/2716 2542/10522/2716 2557/10523/2716 2558/10524/2716
usemtl helice8
f 2551/10525/2717 2550/10526/2717 2565/10527/2717 2566/10528/2717
usemtl helice8
f 2544/10529/2718 2543/10530/2718 2558/10531/2718 2559/10532/2718
usemtl helice8
f 2552/10533/2719 2551/10534/2719 2566/10535/2719 2567/10536/2719
usemtl helice8
f 2545/10537/2720 2544/10538/2720 2559/10539/2720 2560/10540/2720
usemtl helice8
f 2565/10541/2721 2564/10542/2721 2579/10543/2721 2580/10544/2721
usemtl helice8
f 2558/10545/2722 2557/10546/2722 2572/10547/2722 2573/10548/2722
usemtl helice8
f 2566/10549/2723 2565/10550/2723 2580/10551/2723 2581/10552/2723
usemtl helice8
f 2559/10553/2724 2558/10554/2724 2573/10555/2724 2574/10556/2724
usemtl helice8
f 2567/10557/2725 2566/10558/2725 2581/10559/2725 2582/10560/2725
usemtl helice8
f 2560/10561/2726 2559/10562/2726 2574/10563/2726 2575/10564/2726
usemtl helice8
f 2568/10565/2727 2567/10566/2727 2582/10567/2727 2583/10568/2727
usemtl helice8
f 2561/10569/2728 2560/10570/2728 2575/10571/2728 2576/10572/2728
usemtl helice9
f 2554/10573/2729 2411/10574/2729 2569/10575/2729
usemtl helice7
f 2418/10576/2730 2568/10577/2730 2583/10578/2730
usemtl helice8
f 2562/10579/2731 2561/10580/2731 2576/10581/2731 2577/10582/2731
usemtl helice9
f 2555/10583/2732 2554/10584/2732 2569/10585/2732 2570/10586/2732
usemtl helice8
f 2563/10587/2733 2562/10588/2733 2577/10589/2733 2578/10590/2733
usemtl helice9
f 2556/10591/2734 2555/10592/2734 2570/10593/2734 2571/10594/2734
usemtl helice8
f 2564/10595/2735 2563/10596/2735 2578/10597/2735 2579/10598/2735
usemtl helice8
f 2557/10599/2736 2556/10600/2736 2571/10601/2736 2572/10602/2736
usemtl helice10
f 2569/10603/2737 2411/10604/2737 2584/10605/2737
usemtl helice7
f 2418/10606/2738 2583/10607/2738 2598/10608/2738
usemtl helice8
f 2577/10609/2739 2576/10610/2739 2591/10611/2739 2592/10612/2739
usemtl helice9
f 2570/10613/2740 2569/10614/2740 2584/10615/2740 2585/10616/2740
usemtl helice8
f 2578/10617/2741 2577/10618/2741 2592/10619/2741 2593/10620/2741
usemtl helice9
f 2571/10621/2742 2570/10622/2742 2585/10623/2742 2586/10624/2742
usemtl helice8
f 2579/10625/2743 2578/10626/2743 2593/10627/2743 2594/10628/2743
usemtl helice9
f 2572/10629/2744 2571/10630/2744 2586/10631/2744 2587/10632/2744
usemtl helice8
f 2580/10633/2745 2579/10634/2745 2594/10635/2745 2595/10636/2745
usemtl helice9
f 2573/10637/2746 2572/10638/2746 2587/10639/2746 2588/10640/2746
usemtl helice8
f 2581/10641/2747 2580/10642/2747 2595/10643/2747 2596/10644/2747
usemtl helice9
f 2574/10645/2748 2573/10646/2748 2588/10647/2748 2589/10648/2748
usemtl helice8
f 2582/10649/2749 2581/10650/2749 2596/10651/2749 2597/10652/2749
usemtl helice8
f 2575/10653/2750 2574/10654/2750 2589/10655/2750 2590/10656/2750
usemtl helice8
f 2583/10657/2751 2582/10658/2751 2597/10659/2751 2598/10660/2751
usemtl helice8
f 2576/10661/2752 2575/10662/2752 2590/10663/2752 2591/10664/2752
usemtl helice9
f 2588/10665/2753 2587/10666/2753 2602/10667/2753 2603/10668/2753
usemtl helice8
f 2596/10669/2754 2595/10670/2754 2610/10671/2754 2611/10672/2754
usemtl helice9
f 2589/10673/2755 2588/10674/2755 2603/10675/2755 2604/10676/2755
usemtl helice8
f 2597/10677/2756 2596/10678/2756 2611/10679/2756 2612/10680/2756
usemtl helice9
f 2590/10681/2757 2589/10682/2757 2604/10683/2757 2605/10684/2757
usemtl helice8
f 2598/10685/2758 2597/10686/2758 2612/10687/2758 2613/10688/2758
usemtl helice9
f 2591/10689/2759 2590/10690/2759 2605/10691/2759 2606/10692/2759
usemtl helice10
f 2584/10693/2760 2411/10694/2760 2599/10695/2760
usemtl helice7
f 2418/10696/2761 2598/10697/2761 2613/10698/2761
usemtl helice9
f 2592/10699/2762 2591/10700/2762 2606/10701/2762 2607/10702/2762
usemtl helice9
f 2585/10703/2763 2584/10704/2763 2599/10705/2763 2600/10706/2763
usemtl helice8
f 2593/10707/2764 2592/10708/2764 2607/10709/2764 2608/10710/2764
usemtl helice9
f 2586/10711/2765 2585/10712/2765 2600/10713/2765 2601/10714/2765
usemtl helice8
f 2594/10715/2766 2593/10716/2766 2608/10717/2766 2609/10718/2766
usemtl helice9
f 2587/10719/2767 2586/10720/2767 2601/10721/2767 2602/10722/2767
usemtl helice8
f 2595/10723/2768 2594/10724/2768 2609/10725/2768 2610/10726/2768
usemtl helice9
f 2607/10727/2769 2606/10728/2769 2621/10729/2769 2622/10730/2769
usemtl helice9
f 2600/10731/2770 2599/10732/2770 2614/10733/2770 2615/10734/2770
usemtl helice8
f 2608/10735/2771 2607/10736/2771 2622/10737/2771 2623/10738/2771
usemtl helice9
f 2601/10739/2772 2600/10740/2772 2615/10741/2772 2616/10742/2772
usemtl helice8
f 2609/10743/2773 2608/10744/2773 2623/10745/2773 2624/10746/2773
usemtl helice9
f 2602/10747/2774 2601/10748/2774 2616/10749/2774 2617/10750/2774
usemtl helice8
f 2610/10751/2775 2609/10752/2775 2624/10753/2775 2625/10754/2775
usemtl helice9
f 2603/10755/2776 2602/10756/2776 2617/10757/2776 2618/10758/2776
usemtl helice8
f 2611/10759/2777 2610/10760/2777 2625/10761/2777 2626/10762/2777
usemtl helice9
f 2604/10763/2778 2603/10764/2778 2618/10765/2778 2619/10766/2778
usemtl helice8
f 2612/10767/2779 2611/10768/2779 2626/10769/2779 2627/10770/2779
usemtl helice9
f 2605/10771/2780 2604/10772/2780 2619/10773/2780 2620/10774/2780
usemtl helice8
f 2613/10775/2781 2612/10776/2781 2627/10777/2781 2628/10778/2781
usemtl helice9
f 2606/10779/2782 2605/10780/2782 2620/10781/2782 2621/10782/2782
usemtl helice10
f 2599/10783/2783 2411/10784/2783 2614/10785/2783
usemtl helice7
f 2418/10786/2784 2613/10787/2784 2628/10788/2784
usemtl helice8
f 2626/10789/2785 2625/10790/2785 2640/10791/2785 2641/10792/2785
usemtl helice9
f 2619/10793/2786 2618/10794/2786 2633/10795/2786 2634/10796/2786
usemtl helice8
f 2627/10797/2787 2626/10798/2787 2641/10799/2787 2642/10800/2787
usemtl helice9
f 2620/10801/2788 2619/10802/2788 2634/10803/2788 2635/10804/2788
usemtl helice8
f 2628/10805/2789 2627/10806/2789 2642/10807/2789 2643/10808/2789
usemtl helice8
f 2621/10809/2790 2620/10810/2790 2635/10811/2790 2636/10812/2790
usemtl helice10
f 2614/10813/2791 2411/10814/2791 2629/10815/2791
usemtl helice7
f 2418/10816/2792 2628/10817/2792 2643/10818/2792
usemtl helice8
f 2622/10819/2793 2621/10820/2793 2636/10821/2793 2637/10822/2793
usemtl helice9
f 2615/10823/2794 2614/10824/2794 2629/10825/2794 2630/10826/2794
usemtl helice8
f 2623/10827/2795 2622/10828/2795 2637/10829/2795 2638/10830/2795
usemtl helice9
f 2616/10831/2796 2615/10832/2796 2630/10833/2796 2631/10834/2796
usemtl helice8
f 2624/10835/2797 2623/10836/2797 2638/10837/2797 2639/10838/2797
usemtl helice9
f 2617/10839/2798 2616/10840/2798 2631/10841/2798 2632/10842/2798
usemtl helice8
f 2625/10843/2799 2624/10844/2799 2639/10845/2799 2640/10846/2799
usemtl helice9
f 2618/10847/2800 2617/10848/2800 2632/10849/2800 2633/10850/2800
usemtl helice9
f 2630/10851/2801 2629/10852/2801 2644/10853/2801 2645/10854/2801
usemtl helice8
f 2638/10855/2802 2637/10856/2802 2652/10857/2802 2653/10858/2802
usemtl helice9
f 2631/10859/2803 2630/10860/2803 2645/10861/2803 2646/10862/2803
usemtl helice8
f 2639/10863/2804 2638/10864/2804 2653/10865/2804 2654/10866/2804
usemtl helice9
f 2632/10867/2805 2631/10868/2805 2646/10869/2805 2647/10870/2805
usemtl helice8
f 2640/10871/2806 2639/10872/2806 2654/10873/2806 2655/10874/2806
usemtl helice8
f 2633/10875/2807 2632/10876/2807 2647/10877/2807 2648/10878/2807
usemtl helice8
f 2641/10879/2808 2640/10880/2808 2655/10881/2808 2656/10882/2808
usemtl helice8
f 2634/10883/2809 2633/10884/2809 2648/10885/2809 2649/10886/2809
usemtl helice8
f 2642/10887/2810 2641/10888/2810 2656/10889/2810 2657/10890/2810
usemtl helice8
f 2635/10891/2811 2634/10892/2811 2649/10893/2811 2650/10894/2811
usemtl helice8
f 2643/10895/2812 2642/10896/2812 2657/10897/2812 2658/10898/2812
usemtl helice8
f 2636/10899/2813 2635/10900/2813 2650/10901/2813 2651/10902/2813
usemtl helice9
f 2629/10903/2814 2411/10904/2814 2644/10905/2814
usemtl helice7
f 2418/10906/2815 2643/10907/2815 2658/10908/2815
usemtl helice8
f 2637/10909/2816 2636/10910/2816 2651/10911/2816 2652/10912/2816
usemtl helice8
f 2649/10913/2817 2648/10914/2817 2663/10915/2817 2664/10916/2817
usemtl helice8
f 2657/10917/2818 2656/10918/2818 2671/10919/2818 2672/10920/2818
usemtl helice8
f 2650/10921/2819 2649/10922/2819 2664/10923/2819 2665/10924/2819
usemtl helice8
f 2658/10925/2820 2657/10926/2820 2672/10927/2820 2673/10928/2820
usemtl helice8
f 2651/10929/2821 2650/10930/2821 2665/10931/2821 2666/10932/2821
usemtl helice9
f 2644/10933/2822 2411/10934/2822 2659/10935/2822
usemtl helice7
f 2418/10936/2823 2658/10937/2823 2673/10938/2823
usemtl helice8
f 2652/10939/2824 2651/10940/2824 2666/10941/2824 2667/10942/2824
usemtl helice9
f 2645/10943/2825 2644/10944/2825 2659/10945/2825 2660/10946/2825
usemtl helice8
f 2653/10947/2826 2652/10948/2826 2667/10949/2826 2668/10950/2826
usemtl helice8
f 2646/10951/2827 2645/10952/2827 2660/10953/2827 2661/10954/2827
usemtl helice8
f 2654/10955/2828 2653/10956/2828 2668/10957/2828 2669/10958/2828
usemtl helice8
f 2647/10959/2829 2646/10960/2829 2661/10961/2829 2662/10962/2829
usemtl helice8
f 2655/10963/2830 2654/10964/2830 2669/10965/2830 2670/10966/2830
usemtl helice8
f 2648/10967/2831 2647/10968/2831 2662/10969/2831 2663/10970/2831
usemtl helice8
f 2656/10971/2832 2655/10972/2832 2670/10973/2832 2671/10974/2832
usemtl helice8
f 2668/10975/2833 2667/10976/2833 2682/10977/2833 2683/10978/2833
usemtl helice8
f 2661/10979/2834 2660/10980/2834 2675/10981/2834 2676/10982/2834
usemtl helice8
f 2669/10983/2835 2668/10984/2835 2683/10985/2835 2684/10986/2835
usemtl helice8
f 2662/10987/2836 2661/10988/2836 2676/10989/2836 2677/10990/2836
usemtl helice8
f 2670/10991/2837 2669/10992/2837 2684/10993/2837 2685/10994/2837
usemtl helice8
f 2663/10995/2838 2662/10996/2838 2677/10997/2838 2678/10998/2838
usemtl helice8
f 2671/10999/2839 2670/11000/2839 2685/11001/2839 2686/11002/2839
usemtl helice8
f 2664/11003/2840 2663/11004/2840 2678/11005/2840 2679/11006/2840
usemtl helice8
f 2672/11007/2841 2671/11008/2841 2686/11009/2841 2687/11010/2841
usemtl helice8
f 2665/11011/2842 2664/11012/2842 2679/11013/2842 2680/11014/2842
usemtl helice7
f 2673/11015/2843 2672/11016/2843 2687/11017/2843 2688/11018/2843
usemtl helice8
f 2666/11019/2844 2665/11020/2844 2680/11021/2844 2681/11022/2844
usemtl helice9
f 2659/11023/2845 2411/11024/2845 2674/11025/2845
usemtl helice6
f 2418/11026/2846 2673/11027/2846 2688/11028/2846
usemtl helice8
f 2667/11029/2847 2666/11030/2847 2681/11031/2847 2682/11032/2847
usemtl helice8
f 2660/11033/2848 2659/11034/2848 2674/11035/2848 2675/11036/2848
usemtl helice7
f 2687/11037/2849 2686/11038/2849 2701/11039/2849 2702/11040/2849
usemtl helice8
f 2680/11041/2850 2679/11042/2850 2694/11043/2850 2695/11044/2850
usemtl helice7
f 2688/11045/2851 2687/11046/2851 2702/11047/2851 2703/11048/2851
usemtl helice8
f 2681/11049/2852 2680/11050/2852 2695/11051/2852 2696/11052/2852
usemtl helice9
f 2674/11053/2853 2411/11054/2853 2689/11055/2853
usemtl helice6
f 2418/11056/2854 2688/11057/2854 2703/11058/2854
usemtl helice8
f 2682/11059/2855 2681/11060/2855 2696/11061/2855 2697/11062/2855
usemtl helice8
f 2675/11063/2856 2674/11064/2856 2689/11065/2856 2690/11066/2856
usemtl helice8
f 2683/11067/2857 2682/11068/2857 2697/11069/2857 2698/11070/2857
usemtl helice8
f 2676/11071/2858 2675/11072/2858 2690/11073/2858 2691/11074/2858
usemtl helice7
f 2684/11075/2859 2683/11076/2859 2698/11077/2859 2699/11078/2859
usemtl helice8
f 2677/11079/2860 2676/11080/2860 2691/11081/2860 2692/11082/2860
usemtl helice7
f 2685/11083/2861 2684/11084/2861 2699/11085/2861 2700/11086/2861
usemtl helice8
f 2678/11087/2862 2677/11088/2862 2692/11089/2862 2693/11090/2862
usemtl helice7
f 2686/11091/2863 2685/11092/2863 2700/11093/2863 2701/11094/2863
usemtl helice8
f 2679/11095/2864 2678/11096/2864 2693/11097/2864 2694/11098/2864
usemtl helice7
f 2699/11099/2865 2698/11100/2865 2713/11101/2865 2714/11102/2865
usemtl helice7
f 2692/11103/2866 2691/11104/2866 2706/11105/2866 2707/11106/2866
usemtl helice7
f 2700/11107/2867 2699/11108/2867 2714/11109/2867 2715/11110/2867
usemtl helice7
f 2693/11111/2868 2692/11112/2868 2707/11113/2868 2708/11114/2868
usemtl helice7
f 2701/11115/2869 2700/11116/2869 2715/11117/2869 2716/11118/2869
usemtl helice7
f 2694/11119/2870 2693/11120/2870 2708/11121/2870 2709/11122/2870
usemtl helice7
f 2702/11123/2871 2701/11124/2871 2716/11125/2871 2717/11126/2871
usemtl helice7
f 2695/11127/2872 2694/11128/2872 2709/11129/2872 2710/11130/2872
usemtl helice7
f 2703/11131/2873 2702/11132/2873 2717/11133/2873 2718/11134/2873
usemtl helice7
f 2696/11135/2874 2695/11136/2874 2710/11137/2874 2711/11138/2874
usemtl helice8
f 2689/11139/2875 2411/11140/2875 2704/11141/2875
usemtl helice6
f 2418/11142/2876 2703/11143/2876 2718/11144/2876
usemtl helice7
f 2697/11145/2877 2696/11146/2877 2711/11147/2877 2712/11148/2877
usemtl helice8
f 2690/11149/2878 2689/11150/2878 2704/11151/2878 2705/11152/2878
usemtl helice7
f 2698/11153/2879 2697/11154/2879 2712/11155/2879 2713/11156/2879
usemtl helice7
f 2691/11157/2880 2690/11158/2880 2705/11159/2880 2706/11160/2880
usemtl helice6
f 2718/11161/2881 2717/11162/2881 2732/11163/2881 2733/11164/2881
usemtl helice7
f 2711/11165/2882 2710/11166/2882 2725/11167/2882 2726/11168/2882
usemtl helice8
f 2704/11169/2883 2411/11170/2883 2719/11171/2883
usemtl helice6
f 2418/11172/2884 2718/11173/2884 2733/11174/2884
usemtl helice7
f 2712/11175/2885 2711/11176/2885 2726/11177/2885 2727/11178/2885
usemtl helice7
f 2705/11179/2886 2704/11180/2886 2719/11181/2886 2720/11182/2886
usemtl helice7
f 2713/11183/2887 2712/11184/2887 2727/11185/2887 2728/11186/2887
usemtl helice7
f 2706/11187/2888 2705/11188/2888 2720/11189/2888 2721/11190/2888
usemtl helice7
f 2714/11191/2889 2713/11192/2889 2728/11193/2889 2729/11194/2889
usemtl helice7
f 2707/11195/2890 2706/11196/2890 2721/11197/2890 2722/11198/2890
usemtl helice7
f 2715/11199/2891 2714/11200/2891 2729/11201/2891 2730/11202/2891
usemtl helice7
f 2708/11203/2892 2707/11204/2892 2722/11205/2892 2723/11206/2892
usemtl helice7
f 2716/11207/2893 2715/11208/2893 2730/11209/2893 2731/11210/2893
usemtl helice7
f 2709/11211/2894 2708/11212/2894 2723/11213/2894 2724/11214/2894
usemtl helice7
f 2717/11215/2895 2716/11216/2895 2731/11217/2895 2732/11218/2895
usemtl helice7
f 2710/11219/2896 2709/11220/2896 2724/11221/2896 2725/11222/2896
usemtl helice7
f 2722/11223/2897 2721/11224/2897 2736/11225/2897 2737/11226/2897
usemtl helice6
f 2730/11227/2898 2729/11228/2898 2744/11229/2898 2745/11230/2898
usemtl helice7
f 2723/11231/2899 2722/11232/2899 2737/11233/2899 2738/11234/2899
usemtl helice6
f 2731/11235/2900 2730/11236/2900 2745/11237/2900 2746/11238/2900
usemtl helice6
f 2724/11239/2901 2723/11240/2901 2738/11241/2901 2739/11242/2901
usemtl helice6
f 2732/11243/2902 2731/11244/2902 2746/11245/2902 2747/11246/2902
usemtl helice6
f 2725/11247/2903 2724/11248/2903 2739/11249/2903 2740/11250/2903
usemtl helice6
f 2733/11251/2904 2732/11252/2904 2747/11253/2904 2748/11254/2904
usemtl helice6
f 2726/11255/2905 2725/11256/2905 2740/11257/2905 2741/11258/2905
usemtl helice8
f 2719/11259/2906 2411/11260/2906 2734/11261/2906
usemtl helice6
f 2418/11262/2907 2733/11263/2907 2748/11264/2907
usemtl helice6
f 2727/11265/2908 2726/11266/2908 2741/11267/2908 2742/11268/2908
usemtl helice7
f 2720/11269/2909 2719/11270/2909 2734/11271/2909 2735/11272/2909
usemtl helice6
f 2728/11273/2910 2727/11274/2910 2742/11275/2910 2743/11276/2910
usemtl helice7
f 2721/11277/2911 2720/11278/2911 2735/11279/2911 2736/11280/2911
usemtl helice6
f 2729/11281/2912 2728/11282/2912 2743/11283/2912 2744/11284/2912
usemtl helice6
f 2741/11285/2913 2740/11286/2913 2755/11287/2913 2756/11288/2913
usemtl helice7
f 2734/11289/2914 2411/11290/2914 2749/11291/2914
usemtl helice6
f 2418/11292/2915 2748/11293/2915 2763/11294/2915
usemtl helice6
f 2742/11295/2916 2741/11296/2916 2756/11297/2916 2757/11298/2916
usemtl helice7
f 2735/11299/2917 2734/11300/2917 2749/11301/2917 2750/11302/2917
usemtl helice6
f 2743/11303/2918 2742/11304/2918 2757/11305/2918 2758/11306/2918
usemtl helice6
f 2736/11307/2919 2735/11308/2919 2750/11309/2919 2751/11310/2919
usemtl helice6
f 2744/11311/2920 2743/11312/2920 2758/11313/2920 2759/11314/2920
usemtl helice6
f 2737/11315/2921 2736/11316/2921 2751/11317/2921 2752/11318/2921
usemtl helice6
f 2745/11319/2922 2744/11320/2922 2759/11321/2922 2760/11322/2922
usemtl helice6
f 2738/11323/2923 2737/11324/2923 2752/11325/2923 2753/11326/2923
usemtl helice6
f 2746/11327/2924 2745/11328/2924 2760/11329/2924 2761/11330/2924
usemtl helice6
f 2739/11331/2925 2738/11332/2925 2753/11333/2925 2754/11334/2925
usemtl helice6
f 2747/11335/2926 2746/11336/2926 2761/11337/2926 2762/11338/2926
usemtl helice6
f 2740/11339/2927 2739/11340/2927 2754/11341/2927 2755/11342/2927
usemtl helice6
f 2748/11343/2928 2747/11344/2928 2762/11345/2928 2763/11346/2928
usemtl helice6
f 2760/11347/2929 2759/11348/2929 2774/11349/2929 2775/11350/2929
usemtl helice6
f 2753/11351/2930 2752/11352/2930 2767/11353/2930 2768/11354/2930
usemtl helice6
f 2761/11355/2931 2760/11356/2931 2775/11357/2931 2776/11358/2931
usemtl helice6
f 2754/11359/2932 2753/11360/2932 2768/11361/2932 2769/11362/2932
usemtl helice6
f 2762/11363/2933 2761/11364/2933 2776/11365/2933 2777/11366/2933
usemtl helice6
f 2755/11367/2934 2754/11368/2934 2769/11369/2934 2770/11370/2934
usemtl helice6
f 2763/11371/2935 2762/11372/2935 2777/11373/2935 2778/11374/2935
usemtl helice6
f 2756/11375/2936 2755/11376/2936 2770/11377/2936 2771/11378/2936
usemtl helice7
f 2749/11379/2937 2411/11380/2937 2764/11381/2937
usemtl helice6
f 2418/11382/2938 2763/11383/2938 2778/11384/2938
usemtl helice6
f 2757/11385/2939 2756/11386/2939 2771/11387/2939 2772/11388/2939
usemtl helice6
f 2750/11389/2940 2749/11390/2940 2764/11391/2940 2765/11392/2940
usemtl helice6
f 2758/11393/2941 2757/11394/2941 2772/11395/2941 2773/11396/2941
usemtl helice6
f 2751/11397/2942 2750/11398/2942 2765/11399/2942 2766/11400/2942
usemtl helice6
f 2759/11401/2943 2758/11402/2943 2773/11403/2943 2774/11404/2943
usemtl helice6
f 2752/11405/2944 2751/11406/2944 2766/11407/2944 2767/11408/2944
usemtl helice7
f 2764/11409/2945 2411/11410/2945 2779/11411/2945
usemtl helice6
f 2418/11412/2946 2778/11413/2946 2793/11414/2946
usemtl helice6
f 2772/11415/2947 2771/11416/2947 2786/11417/2947 2787/11418/2947
usemtl helice6
f 2765/11419/2948 2764/11420/2948 2779/11421/2948 2780/11422/2948
usemtl helice6
f 2773/11423/2949 2772/11424/2949 2787/11425/2949 2788/11426/2949
usemtl helice6
f 2766/11427/2950 2765/11428/2950 2780/11429/2950 2781/11430/2950
usemtl helice6
f 2774/11431/2951 2773/11432/2951 2788/11433/2951 2789/11434/2951
usemtl helice6
f 2767/11435/2952 2766/11436/2952 2781/11437/2952 2782/11438/2952
usemtl helice6
f 2775/11439/2953 2774/11440/2953 2789/11441/2953 2790/11442/2953
usemtl helice6
f 2768/11443/2954 2767/11444/2954 2782/11445/2954 2783/11446/2954
usemtl helice6
f 2776/11447/2955 2775/11448/2955 2790/11449/2955 2791/11450/2955
usemtl helice6
f 2769/11451/2956 2768/11452/2956 2783/11453/2956 2784/11454/2956
usemtl helice6
f 2777/11455/2957 2776/11456/2957 2791/11457/2957 2792/11458/2957
usemtl helice6
f 2770/11459/2958 2769/11460/2958 2784/11461/2958 2785/11462/2958
usemtl helice6
f 2778/11463/2959 2777/11464/2959 2792/11465/2959 2793/11466/2959
usemtl helice6
f 2771/11467/2960 2770/11468/2960 2785/11469/2960 2786/11470/2960
usemtl helice6
f 2783/11471/2961 2782/11472/2961 2797/11473/2961 2798/11474/2961
usemtl helice6
f 2791/11475/2962 2790/11476/2962 2805/11477/2962 2806/11478/2962
usemtl helice6
f 2784/11479/2963 2783/11480/2963 2798/11481/2963 2799/11482/2963
usemtl helice6
f 2792/11483/2964 2791/11484/2964 2806/11485/2964 2807/11486/2964
usemtl helice6
f 2785/11487/2965 2784/11488/2965 2799/11489/2965 2800/11490/2965
usemtl helice6
f 2793/11491/2966 2792/11492/2966 2807/11493/2966 2808/11494/2966
usemtl helice6
f 2786/11495/2967 2785/11496/2967 2800/11497/2967 2801/11498/2967
usemtl helice7
f 2779/11499/2968 2411/11500/2968 2794/11501/2968
usemtl helice6
f 2418/11502/2969 2793/11503/2969 2808/11504/2969
usemtl helice6
f 2787/11505/2970 2786/11506/2970 2801/11507/2970 2802/11508/2970
usemtl helice6
f 2780/11509/2971 2779/11510/2971 2794/11511/2971 2795/11512/2971
usemtl helice6
f 2788/11513/2972 2787/11514/2972 2802/11515/2972 2803/11516/2972
usemtl helice6
f 2781/11517/2973 2780/11518/2973 2795/11519/2973 2796/11520/2973
usemtl helice6
f 2789/11521/2974 2788/11522/2974 2803/11523/2974 2804/11524/2974
usemtl helice6
f 2782/11525/2975 2781/11526/2975 2796/11527/2975 2797/11528/2975
usemtl helice6
f 2790/11529/2976 2789/11530/2976 2804/11531/2976 2805/11532/2976
usemtl helice6
f 2802/11533/2977 2801/11534/2977 2816/11535/2977 2817/11536/2977
usemtl helice6
f 2795/11537/2978 2794/11538/2978 2809/11539/2978 2810/11540/2978
usemtl helice6
f 2803/11541/2979 2802/11542/2979 2817/11543/2979 2818/11544/2979
usemtl helice6
f 2796/11545/2980 2795/11546/2980 2810/11547/2980 2811/11548/2980
usemtl helice6
f 2804/11549/2981 2803/11550/2981 2818/11551/2981 2819/11552/2981
usemtl helice6
f 2797/11553/2982 2796/11554/2982 2811/11555/2982 2812/11556/2982
usemtl helice6
f 2805/11557/2983 2804/11558/2983 2819/11559/2983 2820/11560/2983
usemtl helice6
f 2798/11561/2984 2797/11562/2984 2812/11563/2984 2813/11564/2984
usemtl helice6
f 2806/11565/2985 2805/11566/2985 2820/11567/2985 2821/11568/2985
usemtl helice6
f 2799/11569/2986 2798/11570/2986 2813/11571/2986 2814/11572/2986
usemtl helice6
f 2807/11573/2987 2806/11574/2987 2821/11575/2987 2822/11576/2987
usemtl helice6
f 2800/11577/2988 2799/11578/2988 2814/11579/2988 2815/11580/2988
usemtl helice6
f 2808/11581/2989 2807/11582/2989 2822/11583/2989 2823/11584/2989
usemtl helice6
f 2801/11585/2990 2800/11586/2990 2815/11587/2990 2816/11588/2990
usemtl helice6
f 2794/11589/2991 2411/11590/2991 2809/11591/2991
usemtl helice6
f 2418/11592/2992 2808/11593/2992 2823/11594/2992
usemtl helice6
f 2821/11595/2993 2820/11596/2993 2835/11597/2993 2836/11598/2993
usemtl helice6
f 2814/11599/2994 2813/11600/2994 2828/11601/2994 2829/11602/2994
usemtl helice6
f 2822/11603/2995 2821/11604/2995 2836/11605/2995 2837/11606/2995
usemtl helice6
f 2815/11607/2996 2814/11608/2996 2829/11609/2996 2830/11610/2996
usemtl helice6
f 2823/11611/2997 2822/11612/2997 2837/11613/2997 2838/11614/2997
usemtl helice6
f 2816/11615/2998 2815/11616/2998 2830/11617/2998 2831/11618/2998
usemtl helice6
f 2809/11619/2999 2411/11620/2999 2824/11621/2999
usemtl helice6
f 2418/11622/3000 2823/11623/3000 2838/11624/3000
usemtl helice6
f 2817/11625/3001 2816/11626/3001 2831/11627/3001 2832/11628/3001
usemtl helice6
f 2810/11629/3002 2809/11630/3002 2824/11631/3002 2825/11632/3002
usemtl helice6
f 2818/11633/3003 2817/11634/3003 2832/11635/3003 2833/11636/3003
usemtl helice6
f 2811/11637/3004 2810/11638/3004 2825/11639/3004 2826/11640/3004
usemtl helice6
f 2819/11641/3005 2818/11642/3005 2833/11643/3005 2834/11644/3005
usemtl helice6
f 2812/11645/3006 2811/11646/3006 2826/11647/3006 2827/11648/3006
usemtl helice6
f 2820/11649/3007 2819/11650/3007 2834/11651/3007 2835/11652/3007
usemtl helice6
f 2813/11653/3008 2812/11654/3008 2827/11655/3008 2828/11656/3008
usemtl helice6
f 2833/11657/3009 2832/11658/3009 2847/11659/3009 2848/11660/3009
usemtl helice6
f 2826/11661/3010 2825/11662/3010 2840/11663/3010 2841/11664/3010
usemtl helice6
f 2834/11665/3011 2833/11666/3011 2848/11667/3011 2849/11668/3011
usemtl helice6
f 2827/11669/3012 2826/11670/3012 2841/11671/3012 2842/11672/3012
usemtl helice6
f 2835/11673/3013 2834/11674/3013 2849/11675/3013 2850/11676/3013
usemtl helice6
f 2828/11677/3014 2827/11678/3014 2842/11679/3014 2843/11680/3014
usemtl helice6
f 2836/11681/3015 2835/11682/3015 2850/11683/3015 2851/11684/3015
usemtl helice6
f 2829/11685/3016 2828/11686/3016 2843/11687/3016 2844/11688/3016
usemtl helice6
f 2837/11689/3017 2836/11690/3017 2851/11691/3017 2852/11692/3017
usemtl helice6
f 2830/11693/3018 2829/11694/3018 2844/11695/3018 2845/11696/3018
usemtl helice6
f 2838/11697/3019 2837/11698/3019 2852/11699/3019 2853/11700/3019
usemtl helice6
f 2831/11701/3020 2830/11702/3020 2845/11703/3020 2846/11704/3020
usemtl helice6
f 2824/11705/3021 2411/11706/3021 2839/11707/3021
usemtl helice6
f 2418/11708/3022 2838/11709/3022 2853/11710/3022
usemtl helice6
f 2832/11711/3023 2831/11712/3023 2846/11713/3023 2847/11714/3023
usemtl helice6
f 2825/11715/3024 2824/11716/3024 2839/11717/3024 2840/11718/3024
usemtl helice6
f 2852/11719/3025 2851/11720/3025 2866/11721/3025 2867/11722/3025
usemtl helice6
f 2845/11723/3026 2844/11724/3026 2859/11725/3026 2860/11726/3026
usemtl helice6
f 2853/11727/3027 2852/11728/3027 2867/11729/3027 2868/11730/3027
usemtl helice6
f 2846/11731/3028 2845/11732/3028 2860/11733/3028 2861/11734/3028
usemtl helice6
f 2839/11735/3029 2411/11736/3029 2854/11737/3029
usemtl helice6
f 2418/11738/3030 2853/11739/3030 2868/11740/3030
usemtl helice6
f 2847/11741/3031 2846/11742/3031 2861/11743/3031 2862/11744/3031
usemtl helice6
f 2840/11745/3032 2839/11746/3032 2854/11747/3032 2855/11748/3032
usemtl helice6
f 2848/11749/3033 2847/11750/3033 2862/11751/3033 2863/11752/3033
usemtl helice6
f 2841/11753/3034 2840/11754/3034 2855/11755/3034 2856/11756/3034
usemtl helice6
f 2849/11757/3035 2848/11758/3035 2863/11759/3035 2864/11760/3035
usemtl helice6
f 2842/11761/3036 2841/11762/3036 2856/11763/3036 2857/11764/3036
usemtl helice6
f 2850/11765/3037 2849/11766/3037 2864/11767/3037 2865/11768/3037
usemtl helice6
f 2843/11769/3038 2842/11770/3038 2857/11771/3038 2858/11772/3038
usemtl helice6
f 2851/11773/3039 2850/11774/3039 2865/11775/3039 2866/11776/3039
usemtl helice6
f 2844/11777/3040 2843/11778/3040 2858/11779/3040 2859/11780/3040
usemtl helice6
f 2856/11781/3041 2855/11782/3041 2870/11783/3041 2871/11784/3041
usemtl helice6
f 2864/11785/3042 2863/11786/3042 2878/11787/3042 2879/11788/3042
usemtl helice6
f 2857/11789/3043 2856/11790/3043 2871/11791/3043 2872/11792/3043
usemtl helice6
f 2865/11793/3044 2864/11794/3044 2879/11795/3044 2880/11796/3044
usemtl helice6
f 2858/11797/3045 2857/11798/3045 2872/11799/3045 2873/11800/3045
usemtl helice6
f 2866/11801/3046 2865/11802/3046 2880/11803/3046 2881/11804/3046
usemtl helice6
f 2859/11805/3047 2858/11806/3047 2873/11807/3047 2874/11808/3047
usemtl helice6
f 2867/11809/3048 2866/11810/3048 2881/11811/3048 2882/11812/3048
usemtl helice6
f 2860/11813/3049 2859/11814/3049 2874/11815/3049 2875/11816/3049
usemtl helice6
f 2868/11817/3050 2867/11818/3050 2882/11819/3050 2883/11820/3050
usemtl helice6
f 2861/11821/3051 2860/11822/3051 2875/11823/3051 2876/11824/3051
usemtl helice6
f 2854/11825/3052 2411/11826/3052 2869/11827/3052
usemtl helice6
f 2418/11828/3053 2868/11829/3053 2883/11830/3053
usemtl helice6
f 2862/11831/3054 2861/11832/3054 2876/11833/3054 2877/11834/3054
usemtl helice6
f 2855/11835/3055 2854/11836/3055 2869/11837/3055 2870/11838/3055
usemtl helice6
f 2863/11839/3056 2862/11840/3056 2877/11841/3056 2878/11842/3056
usemtl helice6
f 2875/11843/3057 2874/11844/3057 2887/11845/3057 2414/11846/3057
usemtl helice6
f 2883/11847/3058 2882/11848/3058 2891/11849/3058 2892/11850/3058
usemtl helice6
f 2876/11851/3059 2875/11852/3059 2414/11853/3059 2415/11854/3059
usemtl helice6
f 2869/11855/3060 2411/11856/3060 2884/11857/3060
usemtl helice6
f 2418/11858/3061 2883/11859/3061 2892/11860/3061
usemtl helice6
f 2877/11861/3062 2876/11862/3062 2415/11863/3062 2416/11864/3062
usemtl helice6
f 2870/11865/3063 2869/11866/3063 2884/11867/3063 2885/11868/3063
usemtl helice6
f 2878/11869/3064 2877/11870/3064 2416/11871/3064 2888/11872/3064
usemtl helice6
f 2871/11873/3065 2870/11874/3065 2885/11875/3065 2412/11876/3065
usemtl helice6
f 2879/11877/3066 2878/11878/3066 2888/11879/3066 2417/11880/3066
usemtl helice6
f 2872/11881/3067 2871/11882/3067 2412/11883/3067 2886/11884/3067
usemtl helice6
f 2880/11885/3068 2879/11886/3068 2417/11887/3068 2889/11888/3068
usemtl helice6
f 2873/11889/3069 2872/11890/3069 2886/11891/3069 2413/11892/3069
usemtl helice6
f 2881/11893/3070 2880/11894/3070 2889/11895/3070 2890/11896/3070
usemtl helice6
f 2874/11897/3071 2873/11898/3071 2413/11899/3071 2887/11900/3071
usemtl helice6
f 2882/11901/3072 2881/11902/3072 2890/11903/3072 2891/11904/3072
