# Blender 5.2.2 LTS
# www.blender.org
mtllib Cuerpo.mtl
o Cuerpo
v 1.541247 5.211379 0.638197
v 1.541247 5.138724 0.861803
v 1.541247 4.903610 0.861803
v 1.541247 4.830956 0.638197
v 1.541247 5.205828 0.760000
v 1.541247 5.021167 0.894164
v 1.541247 5.135294 0.542918
v 1.541247 4.836507 0.760000
v 1.541247 5.021167 0.500000
v 1.541247 4.907042 0.542918
v 1.576380 5.097705 0.528782
v 1.601497 5.135294 0.542918
v 1.561156 5.021167 0.500000
v 1.561156 5.021168 0.500000
v 1.576380 4.944633 0.873095
v 1.603789 4.903610 0.861803
v 1.561156 5.021167 0.894164
v 1.561156 5.021168 0.894164
v 1.576380 5.097705 0.873095
v 1.603789 5.138724 0.861803
v 1.684448 4.836507 0.760000
v 1.619735 4.879747 0.825600
v 1.711942 5.211379 0.638197
v 1.684619 5.205944 0.631391
v 1.619735 5.162590 0.577099
v 1.684619 5.205944 0.757464
v 1.684446 5.205828 0.760000
v 1.619735 4.879747 0.577098
v 1.601497 4.907042 0.542918
v 1.684619 4.836393 0.631389
v 1.711948 4.830956 0.638197
v 1.619735 5.162590 0.825598
v 1.684619 4.836393 0.757490
v 1.576380 4.944633 0.528782
v -0.598882 5.650767 0.776285
v -0.536611 5.650767 0.812237
v -0.490039 5.650767 0.812237
v -0.427768 5.650767 0.776285
v -0.404482 5.650767 0.735952
v -0.404482 5.650767 0.664048
v -0.427768 5.650767 0.623716
v -0.490039 5.650767 0.587763
v -0.622168 5.650767 0.664048
v -0.622168 5.650767 0.735952
v -0.536611 5.650767 0.587763
v -0.598882 5.650767 0.623716
v -0.536611 5.191567 0.812237
v -0.598882 5.191567 0.776285
v -0.427768 5.191567 0.776285
v -0.490039 5.191567 0.812237
v -0.404482 5.191567 0.664048
v -0.404482 5.191567 0.735952
v -0.490039 5.191567 0.587763
v -0.427768 5.191567 0.623716
v -0.598882 5.191567 0.623716
v -0.536611 5.191567 0.587763
v -0.622168 5.191567 0.735952
v -0.622168 5.191567 0.664048
v -0.601476 4.949627 1.409348
v -0.531424 4.909183 1.409348
v -0.495226 4.909183 1.409348
v -0.425174 4.949627 1.409348
v -0.407076 4.980975 1.409348
v -0.407076 5.061864 1.409348
v -0.425174 5.093211 1.409348
v -0.495226 5.133657 1.409348
v -0.619574 5.061864 1.409348
v -0.619574 4.980975 1.409348
v -0.531424 5.133657 1.409348
v -0.601476 5.093211 1.409348
v -0.531424 4.909183 0.850148
v -0.601476 4.949627 0.850148
v -0.425174 4.949627 0.850148
v -0.495226 4.909183 0.850148
v -0.407076 5.061864 0.850148
v -0.407076 4.980975 0.850148
v -0.495226 5.133657 0.850148
v -0.425174 5.093211 0.850148
v -0.601476 5.093211 0.850148
v -0.531424 5.133657 0.850148
v -0.619574 4.980975 0.850148
v -0.619574 5.061864 0.850148
v -0.538505 5.650767 0.776528
v -0.567010 5.650767 0.760070
v -0.459640 5.650767 0.760070
v -0.488145 5.650767 0.776528
v -0.434461 5.650767 0.683543
v -0.434461 5.650767 0.716458
v -0.488145 5.650767 0.623473
v -0.459640 5.650767 0.639931
v -0.567010 5.650767 0.639931
v -0.538505 5.650767 0.623473
v -0.592189 5.650767 0.716458
v -0.592189 5.650767 0.683543
v -0.526182 4.944892 1.409348
v -0.573171 4.972022 1.409348
v -0.453479 4.972022 1.409348
v -0.500469 4.944892 1.409348
v -0.440622 5.048549 1.409348
v -0.440622 4.994290 1.409348
v -0.500468 5.097946 1.409348
v -0.453478 5.070817 1.409348
v -0.573171 5.070817 1.409348
v -0.526182 5.097946 1.409348
v -0.586028 4.994290 1.409348
v -0.586028 5.048549 1.409348
v -1.207734 4.885489 0.834310
v -1.207734 4.935359 0.870543
v -1.207734 5.106977 0.870543
v -1.207734 5.156847 0.834310
v -1.207734 5.209880 0.671091
v -1.207734 5.190831 0.612465
v -1.207734 5.051990 0.511591
v -1.207734 4.990346 0.511591
v -1.207734 4.851504 0.612465
v -1.207734 4.832455 0.671092
v -1.207734 5.187706 0.787494
v -1.207734 5.207328 0.727105
v -1.207734 4.989419 0.885424
v -1.207734 5.052917 0.885424
v -1.207734 5.155842 0.568650
v -1.207734 5.104472 0.531327
v -1.207734 4.937863 0.531327
v -1.207734 4.886493 0.568650
v -1.207734 4.835008 0.727105
v -1.207734 4.854630 0.787494
v 1.341349 5.156847 0.834310
v 1.341349 5.106977 0.870543
v 1.341349 5.190831 0.612465
v 1.341349 5.209880 0.671091
v 1.341349 4.935359 0.870543
v 1.341349 4.885489 0.834310
v 1.341349 4.832455 0.671092
v 1.341349 4.851504 0.612465
v 1.341349 5.207328 0.727105
v 1.341349 5.187706 0.787494
v 1.341349 5.052917 0.885424
v 1.341349 4.989419 0.885424
v 1.341349 5.104472 0.531327
v 1.341349 5.155842 0.568650
v 1.341349 4.854630 0.787494
v 1.341349 4.835008 0.727105
v 1.341349 4.886493 0.568650
v 1.341349 4.937863 0.531327
v 1.341349 4.990346 0.511591
v 1.341349 5.051991 0.511591
v -1.113326 4.847329 0.772005
v -1.113326 4.833007 0.700000
v -1.113326 5.195004 0.627994
v -1.113326 5.209326 0.700000
v -1.113326 4.847329 0.627994
v -1.113326 5.195004 0.772005
v -1.113326 4.888117 0.566950
v -1.113326 5.154216 0.833049
v -1.113326 4.949162 0.526162
v -1.113326 5.093172 0.873837
v -1.113326 5.021166 0.511840
v -1.113326 5.021166 0.888160
v -1.113326 4.949162 0.873837
v -1.113326 5.093172 0.526162
v -1.113326 4.888117 0.833049
v -1.113326 5.154215 0.566950
v -1.398327 4.914265 0.958081
v -1.398327 5.021166 0.979345
v -1.398327 4.823639 0.897527
v -1.398327 4.763084 0.806900
v -1.398327 4.741820 0.699999
v -1.398327 4.763084 0.593098
v -1.398327 4.823639 0.502471
v -1.398327 4.914265 0.441916
v -1.398327 5.021166 0.420652
v -1.398327 5.128068 0.441916
v -1.398327 5.218694 0.502471
v -1.398327 5.279249 0.593098
v -1.398327 5.300513 0.699998
v -1.398327 5.279249 0.806900
v -1.398327 5.218694 0.897527
v -1.398327 5.128068 0.958081
v -1.113327 4.814301 0.785686
v -1.113327 5.228033 0.614313
v -1.113327 5.021166 0.923910
v -1.113327 4.797256 0.700000
v -1.113327 5.245077 0.700000
v -1.113327 4.814301 0.614313
v -1.113327 5.228033 0.785686
v -1.113327 4.862838 0.541671
v -1.113327 5.179495 0.858328
v -1.113327 4.935480 0.493133
v -1.113327 5.106853 0.906866
v -1.113327 5.021166 0.476089
v -1.113327 4.935480 0.906866
v -1.113327 5.106853 0.493133
v -1.113327 4.862838 0.858328
v -1.113327 5.179495 0.541671
v -1.398327 4.935480 0.906866
v -1.398327 5.021166 0.923910
v -1.398327 4.862838 0.858328
v -1.398327 4.814301 0.785686
v -1.398327 4.797256 0.700000
v -1.398327 4.814301 0.614313
v -1.398327 4.862838 0.541671
v -1.398327 4.935480 0.493133
v -1.398327 5.021166 0.476089
v -1.398327 5.106853 0.493133
v -1.398327 5.179495 0.541671
v -1.398327 5.228033 0.614313
v -1.398327 5.245077 0.700000
v -1.398327 5.228033 0.785686
v -1.398327 5.179495 0.858328
v -1.398327 5.106853 0.906866
v -1.852440 5.140400 1.499999
v -1.891182 5.021166 1.499999
v -1.751013 5.214091 1.499999
v -1.625643 5.214091 1.499999
v -1.524216 5.140400 1.499999
v -1.485474 5.021166 1.499999
v -1.524216 4.901931 1.499999
v -1.625643 4.828240 1.499999
v -1.751013 4.828240 1.500000
v -1.852440 4.901931 1.499999
v -1.852440 5.140400 1.699999
v -1.891182 5.021166 1.699999
v -1.719569 5.214091 1.668555
v -1.657087 5.214091 1.668555
v -1.524216 5.140400 1.699999
v -1.485474 5.021166 1.699999
v -1.524216 4.901931 1.699999
v -1.625643 4.828240 1.699999
v -1.751013 4.828240 1.699999
v -1.852440 4.901931 1.699999
v -1.446698 4.903076 0.451215
v -1.461804 4.856586 0.482848
v -1.499314 4.829332 0.502471
v -1.442623 4.915617 0.441916
v -1.446698 5.139257 0.948782
v -1.461803 5.185745 0.917150
v -1.499317 5.213000 0.897527
v -1.442624 5.126716 0.958081
v -1.409444 5.017734 0.421403
v -1.408328 5.021166 0.420653
v -1.408328 5.021166 0.420652
v -1.438619 4.927939 0.960801
v -1.408328 5.021166 0.979345
v -1.408328 5.021166 0.979345
v -1.442623 4.915617 0.958081
v -1.409444 5.024600 0.978595
v -1.438620 5.114393 0.439196
v -1.442624 5.126716 0.441916
v -1.474005 4.847721 0.912075
v -1.461804 4.856586 0.918247
v -1.499314 4.829332 0.897527
v -1.461803 5.185745 0.481749
v -1.474007 5.194613 0.487922
v -1.499317 5.213000 0.502471
v -1.541503 4.798680 0.848092
v -1.572806 4.775938 0.806900
v -1.541505 5.243652 0.551904
v -1.572809 5.266396 0.593098
v -1.583738 4.767995 0.762922
v -1.597865 4.757731 0.699999
v -1.583741 5.274338 0.637075
v -1.597868 5.284602 0.699998
v -1.587315 4.765396 0.657234
v -1.572806 4.775937 0.593098
v -1.587318 5.276937 0.742762
v -1.572809 5.266396 0.806900
v -1.528374 4.808219 0.539886
v -1.528378 5.234114 0.860110
v -1.968328 5.021166 0.086666
v -1.968328 5.021166 1.313333
v -1.914853 5.185745 1.313333
v -1.914853 5.185745 0.086666
v -1.774853 5.287461 1.313333
v -1.774853 5.287461 0.086666
v -1.601803 5.287461 1.313333
v -1.601803 5.287461 0.086666
v -1.461803 5.185745 1.313333
v -1.461803 5.185745 0.086666
v -1.408328 5.021166 1.313333
v -1.408328 5.021166 0.086666
v -1.461804 4.856586 1.313333
v -1.461804 4.856586 0.086666
v -1.601803 4.754870 1.313333
v -1.601803 4.754870 0.086666
v -1.774853 4.754870 1.313333
v -1.774853 4.754870 0.086666
v -1.914853 4.856586 1.313333
v -1.914853 4.856586 0.086666
v -1.719569 5.214091 1.631443
v -1.657087 5.214091 1.631443
v -1.751013 5.214091 1.699999
v -1.625643 5.214091 1.699999
v -1.625643 5.214091 1.599999
v -1.751013 5.214091 1.599999
v -2.156041 5.319362 1.412318
v -2.156041 5.213411 1.558000
v -2.156041 5.288329 1.515331
v -2.156041 4.833312 1.558000
v -2.156041 4.727361 1.412318
v -2.156041 4.758394 1.515331
v -2.156041 5.213411 -0.158000
v -2.156041 5.319362 -0.012318
v -2.156041 5.288329 -0.115331
v -2.156041 4.727361 -0.012318
v -2.156041 4.833312 -0.158000
v -2.156041 4.758394 -0.115331
v -2.756041 5.213411 1.558000
v -2.756041 5.319361 1.412318
v -2.756041 5.288329 1.515331
v -2.756041 4.727361 1.412318
v -2.756041 4.833312 1.558000
v -2.756041 4.758394 1.515331
v -2.756041 5.319361 -0.012318
v -2.756041 5.213411 -0.158000
v -2.756041 5.288329 -0.115331
v -2.756041 4.833312 -0.158000
v -2.756041 4.727361 -0.012318
v -2.756041 4.758394 -0.115331
v -3.036040 4.993362 0.067091
v -3.036040 5.059816 0.084897
v -3.036040 5.108464 0.133545
v -3.036040 5.126271 0.200000
v -3.036040 5.108464 0.266455
v -3.036040 5.059816 0.315103
v -3.036040 4.993362 0.332909
v -3.036040 4.926908 0.315103
v -3.036040 4.878259 0.266454
v -3.036040 4.860452 0.200000
v -3.036040 4.878259 0.133545
v -3.036040 4.926908 0.084897
v -2.856040 4.993362 0.018000
v -2.856040 5.084362 0.042383
v -2.856040 5.150978 0.109000
v -2.856040 5.175362 0.200000
v -2.856040 5.150978 0.291000
v -2.856040 5.084362 0.357617
v -2.856040 4.993362 0.382000
v -2.856040 4.902361 0.357617
v -2.856040 4.835745 0.291000
v -2.856040 4.811361 0.200000
v -2.856040 4.835745 0.109000
v -2.856040 4.902361 0.042383
v -2.336041 4.787362 -0.316000
v -2.576041 4.787362 -0.316000
v -2.336041 5.027362 -0.156000
v -2.336041 4.787362 -0.156000
v -2.576041 5.027362 -0.156000
v -2.576041 4.787362 -0.156000
v -2.336041 4.907362 -0.316000
v -2.576041 4.907362 -0.316000
v -2.576041 4.907362 -0.156000
v -2.336041 4.907362 -0.156000
v -3.036040 5.084362 0.042383
v -3.036040 4.993362 0.018000
v -3.036040 5.150978 0.109000
v -3.036040 5.175362 0.200000
v -3.036040 5.150978 0.291000
v -3.036040 5.084362 0.357617
v -3.036040 4.993362 0.382000
v -3.036040 4.902362 0.357617
v -3.036040 4.835745 0.291000
v -3.036040 4.811361 0.200000
v -3.036040 4.835745 0.109000
v -3.036040 4.902362 0.042383
v -2.936041 5.059816 0.084897
v -2.936041 4.993362 0.067091
v -2.936041 5.108464 0.133545
v -2.936041 5.126271 0.200000
v -2.936041 5.108464 0.266455
v -2.936041 5.059816 0.315103
v -2.936041 4.993362 0.332909
v -2.936041 4.926908 0.315103
v -2.936041 4.878259 0.266454
v -2.936041 4.860452 0.200000
v -2.936041 4.878259 0.133545
v -2.936041 4.926908 0.084897
v -1.998966 4.923183 -0.100001
v -1.998966 4.923183 0.086666
v -1.998966 5.113538 -0.100001
v -1.998966 5.113538 0.086666
v -1.998966 4.923183 1.313333
v -1.998966 5.113538 1.313333
v -1.998966 4.923183 1.499999
v -1.998966 5.113538 1.499999
v -2.156111 4.923183 -0.100001
v -2.156111 4.923183 1.499999
v -2.156111 4.923183 0.086666
v -2.156111 5.113538 0.086666
v -2.156111 5.113538 -0.100001
v -2.156111 5.113538 1.499999
v -2.156111 4.923183 1.313333
v -2.156111 5.113538 1.313333
v -3.498844 4.915747 0.869842
v -3.412242 4.865747 0.869842
v -3.412242 4.765747 0.869842
v -3.498844 4.715747 0.869842
v -3.585446 4.765747 0.869842
v -3.585446 4.865747 0.869842
v -3.498844 4.945747 0.870842
v -3.386261 4.880747 0.870842
v -3.386261 4.750747 0.870842
v -3.498844 4.685747 0.870842
v -3.611427 4.750747 0.870842
v -3.611427 4.880747 0.870842
v -3.498844 4.945747 0.728842
v -3.386261 4.880747 0.728842
v -3.386261 4.750747 0.728842
v -3.498844 4.685747 0.728842
v -3.611427 4.750747 0.728842
v -3.611427 4.880747 0.728842
v -3.491155 5.681170 -0.067288
v -3.469195 5.681170 -0.045329
v -3.554372 5.681170 -0.080610
v -3.523317 5.681170 -0.080610
v -3.455874 5.681170 -0.013168
v -3.455874 5.681170 0.017888
v -3.469195 5.681170 0.050049
v -3.491155 5.681170 0.072009
v -3.523317 5.681170 0.085330
v -3.554372 5.681170 0.085330
v -3.586533 5.681170 0.072009
v -3.608493 5.681170 0.050049
v -3.621814 5.681170 0.017888
v -3.621814 5.681170 -0.013168
v -3.608493 5.681170 -0.045329
v -3.586533 5.681170 -0.067288
v -3.469195 7.681169 -0.045332
v -3.491155 7.681169 -0.067291
v -3.523317 7.681169 -0.080613
v -3.554372 7.681169 -0.080613
v -3.455874 7.681169 0.017885
v -3.455874 7.681169 -0.013171
v -3.491155 7.681169 0.072006
v -3.469195 7.681169 0.050046
v -3.554372 7.681169 0.085327
v -3.523317 7.681169 0.085327
v -3.608493 7.681169 0.050046
v -3.586533 7.681169 0.072006
v -3.621814 7.681169 -0.013171
v -3.621814 7.681169 0.017885
v -3.586533 7.681169 -0.067291
v -3.608493 7.681169 -0.045332
v -4.284700 4.175652 -2.300000
v -4.284700 4.175652 -1.800000
v -1.884702 3.295651 -2.300000
v -1.884702 3.295651 -1.800000
v -1.884702 4.175652 -1.800000
v -1.884702 4.175652 -2.300000
v -1.178846 3.875651 -2.300000
v -1.178846 3.875651 -1.800000
v -1.178846 3.295651 -1.800000
v -1.178846 3.295651 -2.300000
v 0.281154 3.295651 -1.800000
v 0.281154 3.890651 -1.800000
v 0.281154 3.890651 -2.300000
v 0.281154 3.295651 -2.300000
v 2.381155 3.890651 -1.800000
v 2.381155 3.295651 -1.800000
v 2.381155 3.890651 -2.300000
v 2.381155 3.295651 -2.300000
v 1.731154 3.295651 -1.800000
v 1.731154 3.890651 -1.800000
v 2.381155 3.890651 -3.200000
v 2.181154 3.890651 -3.400000
v 2.322576 3.890651 -3.341421
v 2.181154 3.295651 -3.400000
v 2.381155 3.295651 -3.200000
v 2.322576 3.295651 -3.341421
v 1.931154 3.295651 -3.400000
v 1.789733 3.295651 -3.341421
v 1.931154 3.890651 -3.400000
v 1.789733 3.890651 -3.341421
v 1.731154 4.090652 -2.300000
v 2.381155 4.090652 -2.300000
v 2.322576 4.090651 -3.341421
v 2.381155 4.090651 -3.200000
v 2.181154 4.090651 -3.400000
v 1.789733 4.090651 -3.341421
v 1.931154 4.090651 -3.400000
v 1.731154 4.090651 -3.200000
v -4.284700 3.875651 -2.600000
v -1.884702 3.875651 -2.600000
v -1.884702 3.295651 -2.600000
v -4.284700 3.466354 -1.800000
v -4.113998 3.295651 -1.800000
v -4.284700 3.466354 -2.300000
v -4.113998 3.295651 -2.300000
v -4.113998 3.295651 -2.600000
v -4.284700 3.466354 -2.600000
v 1.731154 3.890651 -2.300000
v 1.731154 3.295651 -2.300000
v 1.731154 3.295651 -3.200000
v 1.731154 3.890651 -3.200000
v 2.131154 2.995651 -2.300000
v 2.131154 2.995651 -1.800000
v 1.731154 2.995651 -2.300000
v 1.731154 2.995651 -1.800000
v -4.284700 4.175653 2.300000
v -4.284700 4.175653 1.800000
v -1.884702 3.295651 2.300000
v -1.884702 3.295651 1.800000
v -1.884702 4.175653 1.800000
v -1.884702 4.175653 2.300000
v -1.178846 3.875651 2.300000
v -1.178846 3.875651 1.800000
v -1.178846 3.295651 1.800000
v -1.178846 3.295651 2.300000
v 0.281154 3.295651 1.800000
v 0.281154 3.890651 1.800000
v 0.281154 3.890651 2.300000
v 0.281154 3.295651 2.300000
v 2.381155 3.890651 1.800000
v 2.381155 3.295651 1.800000
v 2.381155 3.890651 2.300000
v 2.381155 3.295651 2.300000
v 1.731154 3.295651 1.800000
v 1.731154 3.890651 1.800000
v 2.381155 3.890651 3.200000
v 2.181154 3.890651 3.400000
v 2.322576 3.890651 3.341421
v 2.181154 3.295651 3.400000
v 2.381155 3.295651 3.200000
v 2.322576 3.295651 3.341421
v 1.931154 3.295651 3.400000
v 1.789733 3.295651 3.341421
v 1.931154 3.890651 3.400000
v 1.789733 3.890651 3.341421
v 1.731154 4.090652 2.300000
v 2.381155 4.090652 2.300000
v 2.322576 4.090652 3.341421
v 2.381155 4.090652 3.200000
v 2.181154 4.090652 3.400000
v 1.789733 4.090652 3.341421
v 1.931154 4.090652 3.400000
v 1.731154 4.090652 3.200000
v -4.284700 3.875651 2.600000
v -1.884702 3.875651 2.600000
v -1.884702 3.295651 2.600000
v -4.284700 3.466354 1.800000
v -4.113998 3.295651 1.800000
v -4.284700 3.466354 2.300000
v -4.113998 3.295651 2.300000
v -4.113998 3.295651 2.600000
v -4.284700 3.466354 2.600000
v 1.731154 3.890651 2.300000
v 1.731154 3.295651 2.300000
v 1.731154 3.295651 3.200000
v 1.731154 3.890651 3.200000
v 2.131154 2.995651 2.300000
v 2.131154 2.995651 1.800000
v 1.731154 2.995651 2.300000
v 1.731154 2.995651 1.800000
v -5.422008 3.525409 -1.300000
v -5.422008 3.525409 -0.000000
v -6.309893 4.588183 -0.000000
v -6.309893 4.588183 -1.300000
v -5.958952 4.777477 -1.029163
v -5.825126 4.849662 -1.247175
v -5.752498 4.888837 -1.300000
v -5.182338 5.192558 -0.151153
v -6.005946 4.752131 -0.772000
v -5.958952 4.777477 -0.514837
v -5.624842 4.957694 -0.151153
v -5.388590 5.085126 -0.100000
v -5.825126 4.849662 -0.296824
v -5.044170 3.790355 -0.772000
v -5.001648 3.820173 -0.514837
v -5.001648 3.820173 -1.029163
v -4.814833 3.951172 -1.300000
v -4.880551 3.905088 -1.247175
v -4.880551 3.905088 -0.296824
v -4.485540 4.182078 -0.100000
v -4.699320 4.032172 -0.151153
v -4.301763 4.311983 -0.151153
v -6.011680 4.747824 -0.000000
v -6.011680 4.747824 1.600000
v -5.066008 3.775409 1.600000
v -5.066008 3.775409 -0.000000
v -6.011680 4.747824 0.650000
v -5.066008 3.775409 0.650000
v -6.326749 4.538671 0.650000
v -6.326749 4.538671 1.600000
v -5.381076 3.566255 1.600000
v -5.381076 3.566255 0.650000
v -5.213109 5.179536 -0.000000
v -5.213109 5.179536 1.600000
v -4.301208 4.311409 1.600000
v -4.301208 4.311409 -0.000000
v -4.301208 4.311409 0.650000
v -5.213109 5.179536 0.650000
v 2.027669 2.885409 -1.200000
v 3.061155 4.485409 -1.800000
v 2.027669 2.885409 -0.000000
v 3.061155 4.485409 -0.000000
v 0.981154 2.885409 -1.200000
v -0.498846 2.885409 -1.200000
v -1.578846 2.885409 -1.200000
v -3.458846 2.885409 -1.200000
v -4.058846 4.485409 -1.800000
v -1.578846 4.485409 -1.800000
v -0.498846 4.485409 -1.800000
v 0.981154 4.485409 -1.800000
v -4.058846 4.485409 -0.000000
v -1.578846 4.485409 -0.000000
v -0.498846 4.485409 -0.000000
v 0.981154 4.485409 -0.000000
v -3.458846 2.885409 -0.000000
v 2.021154 4.485409 -1.800000
v 2.021154 4.485409 -0.000000
v -5.438846 3.525409 -1.800000
v -5.438846 3.525409 -0.000000
v 2.027669 2.885409 1.200000
v 3.061155 4.485409 1.800000
v 0.981154 2.885409 1.200000
v -0.498846 2.885409 1.200000
v -1.578846 2.885409 1.200000
v -3.458846 2.885409 1.200000
v -4.058846 4.485409 1.800000
v -1.578846 4.485409 1.800000
v -0.498846 4.485409 1.800000
v 0.981154 4.485409 1.800000
v 2.021154 4.485409 1.800000
v -5.438846 3.525409 1.800000
v -5.204531 3.072860 -1.800000
v -4.638845 2.885409 -1.800000
v -4.638845 2.885409 -0.000000
v -5.204531 3.072860 -0.000000
v -5.204531 3.072860 1.800000
v -4.638845 2.885409 1.800000
v 3.061155 2.885409 -0.000000
v 3.061155 2.885409 -1.800000
v 2.021154 2.885409 -1.800000
v 0.981154 2.885409 -1.800000
v -0.498846 2.885409 -1.800000
v -1.578846 2.885409 -1.800000
v -4.058846 2.885409 -1.800000
v -4.058846 2.885409 -0.000000
v 3.061155 2.885409 1.800000
v 2.021154 2.885409 1.800000
v 0.981154 2.885409 1.800000
v -0.498846 2.885409 1.800000
v -1.578846 2.885409 1.800000
v -4.058846 2.885409 1.800000
v 2.027669 3.085409 -0.000000
v 2.027669 3.085409 -1.200000
v 0.981154 3.085409 -1.200000
v -0.498846 3.085409 -1.200000
v -1.578846 3.085409 -1.200000
v -3.458846 3.085409 -1.200000
v -3.458846 3.085409 -0.000000
v 2.027669 3.085409 1.200000
v 0.981154 3.085409 1.200000
v -0.498846 3.085409 1.200000
v -1.578846 3.085409 1.200000
v -3.458846 3.085409 1.200000
v -2.818846 2.885409 -1.800000
v -2.818846 4.485409 -1.800000
v -2.818846 4.485409 -0.000000
v -2.818846 2.885409 1.800000
v -2.818846 4.485409 1.800000
v -2.518846 2.885409 -1.200000
v -2.518846 2.885409 1.200000
v -2.518846 3.085409 -1.200000
v -2.518846 3.085409 1.200000
v -2.818846 4.185410 -0.000000
v -1.578846 4.185410 -0.000000
v -2.818846 4.185410 1.800000
v -1.578846 4.185410 1.800000
v 3.061157 3.661169 1.502360
v 3.061157 3.661169 1.102360
v 3.170278 2.581169 1.457616
v 3.105899 2.581169 1.393239
v 3.105899 2.581169 1.211482
v 3.170278 2.581169 1.147104
v 3.416412 2.581169 1.393239
v 3.352035 2.581169 1.457616
v 3.352035 2.581169 1.147104
v 3.416412 2.581169 1.211482
v 3.061157 2.959169 1.411772
v 3.151744 2.959169 1.502360
v 3.061157 3.049757 1.502360
v 3.151744 2.959169 1.102360
v 3.061157 2.959169 1.192948
v 3.061157 3.049757 1.102360
v 3.461156 2.959169 1.192948
v 3.370568 2.959169 1.102360
v 3.461156 3.049757 1.102360
v 3.370568 2.959169 1.502360
v 3.461156 2.959169 1.411772
v 3.461156 3.049757 1.502360
v 3.461156 3.427587 1.430236
v 3.461156 3.427587 1.174484
v 3.461156 3.661169 1.102360
v 3.461156 3.661169 1.502360
v 3.461156 3.355463 1.502360
v 3.461156 3.355463 1.102360
v 3.661155 3.589046 1.174484
v 3.661155 3.589046 1.430236
v 3.561156 3.589046 1.174484
v 3.561156 3.589046 1.430236
v -5.438846 3.525409 0.900000
v -5.204531 3.072860 0.900000
v -5.619150 3.003683 1.029207
v -5.619150 3.003683 1.670793
v -5.734648 3.226753 1.029207
v -5.734648 3.226753 1.670793
v 3.634294 3.427587 1.430236
v 3.661155 3.427587 1.403375
v 3.661155 3.454448 1.430236
v 3.661155 3.427587 1.201345
v 3.634294 3.427587 1.174484
v 3.661155 3.454448 1.174484
v 3.588017 3.427587 1.174484
v 3.561156 3.427587 1.201345
v 3.534295 3.427587 1.174484
v 3.561156 3.454448 1.174484
v 3.561156 3.427587 1.403375
v 3.588017 3.427587 1.430236
v 3.561156 3.454448 1.430236
v 3.534295 3.427587 1.430236
v 3.151744 2.581169 1.102360
v 3.061157 2.581169 1.192948
v 3.461156 2.581169 1.192948
v 3.370568 2.581169 1.102360
v 3.370568 2.581169 1.502360
v 3.461156 2.581169 1.411772
v 3.061157 2.581169 1.411772
v 3.151744 2.581169 1.502360
v -5.559742 2.888944 0.900000
v -5.559742 2.888944 1.800000
v -5.794057 3.341492 0.900000
v -5.794057 3.341492 1.800000
v -5.530347 3.049662 1.029207
v -5.530347 3.049662 1.670793
v -5.645845 3.272732 1.029207
v -5.645845 3.272732 1.670793
v -4.590086 4.467057 -0.489219
v -4.554730 4.502413 -0.507387
v -4.520946 4.536198 -0.486613
v -4.508769 4.548375 -0.439219
v -4.538623 4.518521 -0.354780
v -4.573978 4.483165 -0.336613
v -4.607762 4.449381 -0.357387
v -4.619940 4.437204 -0.404781
v 1.563157 5.021169 1.123561
v 1.563157 5.021169 0.181161
v 1.578229 4.945398 1.123561
v 1.578229 4.945398 0.181161
v 1.621150 4.881162 1.123561
v 1.621150 4.881162 0.181161
v 1.685385 4.833217 1.123561
v 1.685385 4.833217 0.181161
v 1.761157 4.813217 1.123561
v 1.761157 4.833217 0.181161
v 1.836928 4.833217 1.123561
v 1.836928 4.833217 0.181161
v 1.901164 4.881162 1.123561
v 1.901164 4.881162 0.181161
v 1.944085 4.945398 1.123561
v 1.944085 4.945398 0.181161
v 1.959157 5.021169 1.123561
v 1.959157 5.021169 0.181161
v 1.944085 5.096940 1.123561
v 1.944085 5.096940 0.181161
v 1.901164 5.161176 1.123561
v 1.901164 5.161176 0.181161
v 1.836928 5.204097 1.123561
v 1.836928 5.204097 0.181161
v 1.761157 5.219169 1.123561
v 1.761157 5.219169 0.181161
v 1.685385 5.204097 1.123561
v 1.685385 5.204097 0.181161
v 1.621150 5.161176 1.123561
v 1.621150 5.161176 0.181161
v 1.578229 5.096940 1.123561
v 1.578229 5.096940 0.181161
v 1.563157 5.021169 0.962360
v 1.563157 5.021169 0.442360
v 1.578229 4.945398 0.442360
v 1.578229 4.945398 0.962360
v 1.621150 4.881162 0.962360
v 1.621150 4.881162 0.442360
v 1.685385 4.833217 0.962360
v 1.685385 4.833217 0.442360
v 1.761157 4.813217 0.962360
v 1.761157 4.833217 0.442360
v 1.836928 4.833217 0.962360
v 1.836928 4.833217 0.442360
v 1.901164 4.881162 0.962360
v 1.901164 4.881162 0.442360
v 1.944085 4.945398 0.442360
v 1.944085 4.945398 0.962360
v 1.959157 5.021169 0.442360
v 1.959157 5.021169 0.962360
v 1.944085 5.096940 0.442360
v 1.944085 5.096940 0.962360
v 1.901164 5.161176 0.442360
v 1.901164 5.161176 0.962360
v 1.836928 5.204097 0.962360
v 1.836928 5.204097 0.442360
v 1.761157 5.219169 0.962360
v 1.761157 5.219169 0.442360
v 1.685385 5.204097 0.962360
v 1.685385 5.204097 0.442360
v 1.621150 5.161176 0.962360
v 1.621150 5.161176 0.442360
v 1.578229 5.096940 0.962360
v 1.578229 5.096940 0.442360
v 1.615070 4.483567 1.123561
v 1.681843 4.483567 1.123561
v 1.760608 4.483567 1.123561
v 1.839372 4.483567 1.123561
v 1.906145 4.483567 1.123561
v 1.950761 4.483567 1.123561
v 1.760608 4.483567 0.962360
v 1.839372 4.483567 0.962360
v 1.681843 4.483567 0.962360
v 1.906145 4.483567 0.962360
v 1.950761 4.483567 0.962360
v 1.615070 4.483567 0.962360
v 0.889907 5.016259 0.081161
v 0.889907 5.092031 0.081161
v 0.889907 5.016259 0.342360
v 0.889907 5.092031 0.342360
v -5.998528 5.230088 0.840547
v -6.097440 5.173013 0.916851
v -6.163531 5.134877 1.031048
v -6.186739 5.121485 1.165753
v -6.163531 5.134877 1.300457
v -6.097440 5.173013 1.414654
v -5.998528 5.230088 1.490958
v -5.881855 5.297413 1.517753
v -5.765182 5.364738 1.490958
v -5.666269 5.421812 1.414654
v -5.600181 5.459949 1.300457
v -5.576973 5.473339 1.165753
v -5.600181 5.459949 1.031048
v -5.666269 5.421812 0.916851
v -5.765182 5.364738 0.840547
v -5.881855 5.297413 0.813753
v -6.103375 5.436288 0.870111
v -6.193294 5.384401 0.939479
v -6.253376 5.349733 1.043294
v -6.274475 5.337558 1.165753
v -6.253376 5.349733 1.288211
v -6.193294 5.384401 1.392027
v -6.103375 5.436288 1.461394
v -5.997308 5.497492 1.485753
v -5.891240 5.558696 1.461393
v -5.801322 5.610582 1.392027
v -5.741240 5.645251 1.288211
v -5.720141 5.657426 1.165753
v -5.741240 5.645251 1.043293
v -5.801322 5.610582 0.939479
v -5.891240 5.558696 0.870111
v -5.997308 5.497492 0.845753
v -6.327170 6.069148 0.845752
v -6.221104 6.130352 0.870109
v -6.131186 6.182239 0.939478
v -6.071103 6.216908 1.043293
v -6.050005 6.229081 1.165753
v -6.071103 6.216908 1.288211
v -6.131186 6.182239 1.392027
v -6.221104 6.130352 1.461393
v -6.327170 6.069148 1.485753
v -6.433238 6.007944 1.461393
v -6.523157 5.956059 1.392027
v -6.583240 5.921389 1.288211
v -6.604337 5.909215 1.165753
v -6.583240 5.921389 1.043293
v -6.523157 5.956059 0.939479
v -6.433238 6.007944 0.870109
v -4.252521 4.542858 -0.647087
v -5.266769 5.697447 -0.623676
v -4.302410 4.492970 -0.492442
v -5.328336 5.635882 -0.432838
v -4.390347 4.405031 -0.376569
v -5.436854 5.527362 -0.289846
v -4.502948 4.292431 -0.317109
v -5.575808 5.388411 -0.216468
v -4.623065 4.172314 -0.323112
v -5.724039 5.240179 -0.223877
v -4.732415 4.062964 -0.393666
v -5.858981 5.105236 -0.310944
v -4.814350 3.981029 -0.518030
v -5.960093 5.004125 -0.464414
v -4.856395 3.938984 -0.677269
v -6.011978 4.952240 -0.660922
v -4.852150 3.943229 -0.847142
v -6.006739 4.957479 -0.870553
v -4.802260 3.993119 -1.001786
v -5.945174 5.019045 -1.061390
v -4.714322 4.081058 -1.117659
v -5.836654 5.127564 -1.204383
v -4.601724 4.193656 -1.177120
v -5.697701 5.266516 -1.277760
v -4.481605 4.313774 -1.171116
v -5.549471 5.414747 -1.270351
v -4.372254 4.423123 -1.100562
v -5.414528 5.549690 -1.183285
v -4.290320 4.505058 -0.976199
v -5.313416 5.650801 -1.029815
v -4.248275 4.547104 -0.816959
v -5.261531 5.702686 -0.833306
v -4.375947 4.683495 -0.432838
v -4.314382 4.745059 -0.623676
v -4.182351 4.613029 -0.623676
v -4.243917 4.551463 -0.432838
v -4.352436 4.442944 -0.289846
v -4.491387 4.303991 -0.216468
v -4.639619 4.155760 -0.223877
v -4.774562 4.020817 -0.310944
v -4.875672 3.919706 -0.464414
v -4.927558 3.867821 -0.660922
v -4.922319 3.873059 -0.870553
v -4.860754 3.934625 -1.061390
v -4.752234 4.043144 -1.204383
v -4.613282 4.182097 -1.277760
v -4.465051 4.330328 -1.270351
v -4.330109 4.465271 -1.183285
v -4.228998 4.566382 -1.029815
v -4.177112 4.618267 -0.833306
v -4.484467 4.574974 -0.289846
v -4.623419 4.436022 -0.216468
v -4.771649 4.287791 -0.223877
v -4.884266 4.175175 -1.204383
v -4.992785 4.066656 -1.061390
v -4.906592 4.152848 -0.310944
v -5.007704 4.051737 -0.464414
v -4.309143 4.750299 -0.833306
v -4.361029 4.698412 -1.029815
v -4.462139 4.597302 -1.183285
v -4.745314 4.314128 -1.277760
v -4.597082 4.462359 -1.270351
v -5.054351 4.005090 -0.870553
v -5.059589 3.999852 -0.660922
v -5.090435 5.521112 -0.623676
v -5.151999 5.459547 -0.432838
v -5.260520 5.351027 -0.289846
v -5.399472 5.212074 -0.216468
v -5.547703 5.063843 -0.223877
v -5.660318 4.951228 -1.204383
v -5.768838 4.842710 -1.061390
v -5.682646 4.928901 -0.310944
v -5.783757 4.827790 -0.464414
v -5.085196 5.526351 -0.833306
v -5.137081 5.474465 -1.029815
v -5.238193 5.373354 -1.183285
v -5.521366 5.090181 -1.277760
v -5.373135 5.238412 -1.270351
v -5.830402 4.781143 -0.870553
v -5.835642 4.775905 -0.660922
v -5.447616 4.387878 -0.660922
v -5.442377 4.393117 -0.870553
v -5.641629 4.581891 -0.660922
v -5.636390 4.587131 -0.870553
v -5.159677 4.675817 -0.223877
v -5.294620 4.540875 -0.310944
v -5.353690 4.869830 -0.223877
v -5.488632 4.734888 -0.310944
v -5.588949 4.246545 -0.667986
v -5.583710 4.251784 -0.877616
v -5.782962 4.440558 -0.667986
v -5.777722 4.445797 -0.877616
v -5.353320 4.482174 -0.128986
v -5.218377 4.617117 -0.041920
v -5.412391 4.811131 -0.041920
v -5.547333 4.676188 -0.128986
v -5.417945 5.848622 -0.623676
v -5.479509 5.787057 -0.432838
v -5.588030 5.678537 -0.289846
v -5.726982 5.539584 -0.216468
v -5.875213 5.391355 -0.223877
v -6.010156 5.256412 -0.310944
v -6.111267 5.155300 -0.464414
v -6.163152 5.103415 -0.660922
v -6.157914 5.108653 -0.870552
v -6.096348 5.170219 -1.061390
v -5.987829 5.278738 -1.204382
v -5.848876 5.417690 -1.277760
v -5.700644 5.565922 -1.270352
v -5.565702 5.700864 -1.183285
v -5.528846 5.681651 -0.950000
v -5.528846 5.725586 -0.843934
v -5.528846 5.737721 -1.127344
v -5.413538 5.853028 -0.800000
v -5.528846 5.737721 -0.838908
v -5.434916 5.831651 -0.800000
v -5.302118 5.681651 -0.950000
v -5.344267 5.681651 -1.029815
v -5.290043 5.725586 -0.843934
v -5.310088 5.751243 -0.833306
v -5.528846 5.681651 -1.169896
v -5.392160 5.831651 -0.800000
v -3.005570 3.050765 -3.199459
v -3.025726 3.000415 -2.604000
v -3.595266 3.562217 -2.604000
v -3.025726 3.000415 -2.796000
v -3.595266 3.562217 -2.796000
v -5.378195 0.826705 -2.604000
v -5.095359 0.828639 -2.604000
v -5.288185 0.775556 -2.604000
v -5.184660 0.776264 -2.604000
v -5.664900 1.390442 -2.604000
v -5.662966 1.107605 -2.604000
v -5.716050 1.300433 -2.604000
v -5.715342 1.196908 -2.604000
v -5.378195 0.826705 -2.796000
v -5.288185 0.775556 -2.796000
v -5.662966 1.107605 -2.796000
v -5.715342 1.196908 -2.796000
v -5.716050 1.300433 -2.796000
v -5.231955 1.662513 -2.796000
v -5.359603 1.215112 -2.796000
v -4.949178 1.639394 -2.796000
v -5.275208 1.133473 -2.796000
v -4.864782 1.557756 -2.796000
v -4.992430 1.110353 -2.796000
v -4.832290 1.275901 -2.796000
v -5.107198 1.085538 -2.796000
v -5.365152 1.549449 -2.604000
v -5.231955 1.662513 -2.604000
v -5.117188 1.687329 -2.604000
v -5.408280 1.440236 -2.604000
v -5.388271 1.266671 -2.604000
v -5.275208 1.133473 -2.604000
v -4.864782 1.557756 -2.604000
v -4.949178 1.639394 -2.604000
v -4.818054 1.450034 -2.604000
v -5.107198 1.085538 -2.604000
v -4.992430 1.110353 -2.604000
v -4.895895 1.177201 -2.604000
v -4.816105 1.332631 -2.604000
v -3.005570 3.050765 -2.799459
v -3.446031 2.572235 -2.604000
v -3.446031 2.572235 -2.796000
v -2.651219 3.006663 -2.604000
v -2.480370 3.183353 -2.604000
v -2.529216 3.059639 -2.604000
v -2.484415 3.426983 -2.604000
v -2.660908 3.593515 -2.604000
v -2.537303 3.547722 -2.604000
v -2.480370 3.183353 -2.796000
v -2.651219 3.006663 -2.796000
v -2.529216 3.059639 -2.796000
v -2.660908 3.593515 -2.796000
v -2.484415 3.426983 -2.796000
v -2.537303 3.547722 -2.796000
v -2.633662 3.154623 -3.199459
v -2.729707 3.055345 -3.199459
v -2.737683 3.539617 -3.199459
v -2.638449 3.444938 -3.199459
v -2.729707 3.055345 -2.799459
v -2.633662 3.154623 -2.799459
v -2.638449 3.444938 -2.799459
v -2.737683 3.539617 -2.799459
v -3.288768 3.522808 -3.199459
v -3.461749 3.479191 -3.199459
v -3.288768 3.522808 -2.799459
v -3.461749 3.479191 -2.799459
v -5.058391 1.682521 -2.796000
v -5.392095 1.496966 -2.796000
v -5.664900 1.390442 -2.796000
v -5.411736 1.397969 -2.796000
v -4.811296 1.391429 -2.796000
v -5.095359 0.828639 -2.796000
v -5.184660 0.776264 -2.796000
v -5.328489 1.595666 -2.796000
v -4.895895 1.177201 -2.796000
v -2.656064 3.300089 -2.604000
v -2.656064 3.300089 -2.796000
v -3.025726 3.000415 -3.204000
v -3.595266 3.562217 -3.204000
v -3.025726 3.000415 -3.396000
v -3.595266 3.562217 -3.396000
v -5.378195 0.826705 -3.204000
v -5.095359 0.828639 -3.204000
v -5.288185 0.775556 -3.204000
v -5.184660 0.776264 -3.204000
v -5.664900 1.390441 -3.204000
v -5.662966 1.107605 -3.204000
v -5.716050 1.300433 -3.204000
v -5.715342 1.196908 -3.204000
v -5.378195 0.826705 -3.396000
v -5.288185 0.775556 -3.396000
v -5.662966 1.107605 -3.396000
v -5.715342 1.196908 -3.396000
v -5.716050 1.300433 -3.396000
v -5.231955 1.662513 -3.396000
v -5.359603 1.215112 -3.396000
v -4.949178 1.639394 -3.396000
v -5.275208 1.133472 -3.396000
v -4.864782 1.557755 -3.396000
v -4.992430 1.110353 -3.396000
v -4.832290 1.275900 -3.396000
v -5.107198 1.085537 -3.396000
v -5.365152 1.549448 -3.204000
v -5.231955 1.662513 -3.204000
v -5.117188 1.687328 -3.204000
v -5.408280 1.440236 -3.204000
v -5.388271 1.266670 -3.204000
v -5.275208 1.133472 -3.204000
v -4.864782 1.557755 -3.204000
v -4.949178 1.639394 -3.204000
v -4.818054 1.450034 -3.204000
v -5.107198 1.085537 -3.204000
v -4.992430 1.110353 -3.204000
v -4.895895 1.177200 -3.204000
v -4.816105 1.332631 -3.204000
v -3.446031 2.572235 -3.204000
v -3.446031 2.572235 -3.396000
v -2.651219 3.006663 -3.204000
v -2.480370 3.183353 -3.204000
v -2.529216 3.059639 -3.204000
v -2.484415 3.426983 -3.204000
v -2.660908 3.593515 -3.204000
v -2.537303 3.547722 -3.204000
v -2.480370 3.183353 -3.396000
v -2.651219 3.006663 -3.396000
v -2.529216 3.059639 -3.396000
v -2.660908 3.593515 -3.396000
v -2.484415 3.426983 -3.396000
v -2.537303 3.547722 -3.396000
v -5.058391 1.682520 -3.396000
v -5.392095 1.496965 -3.396000
v -5.664900 1.390441 -3.396000
v -5.411736 1.397968 -3.396000
v -4.811296 1.391428 -3.396000
v -5.095359 0.828639 -3.396000
v -5.184660 0.776264 -3.396000
v -5.328489 1.595665 -3.396000
v -4.895895 1.177200 -3.396000
v -2.656064 3.300089 -3.204000
v -2.656064 3.300089 -3.396000
v -4.810725 1.332720 -2.308001
v -4.853853 1.223507 -2.308001
v -4.935491 1.139112 -2.308001
v -5.043212 1.092383 -2.308001
v -5.217346 1.106619 -2.308001
v -5.316046 1.170225 -2.308001
v -5.382892 1.266760 -2.308001
v -5.407709 1.381527 -2.308001
v -5.386716 1.497055 -2.308001
v -5.323110 1.595755 -2.308001
v -5.226576 1.662602 -2.308001
v -5.111808 1.687418 -2.308001
v -4.943798 1.639483 -2.308001
v -4.859403 1.557844 -2.308001
v -4.812674 1.450123 -2.308001
v -4.810723 1.332720 -3.564001
v -4.853851 1.223505 -3.564001
v -4.987050 1.110443 -3.564001
v -5.101817 1.085627 -3.564001
v -5.217345 1.106619 -3.564001
v -5.316046 1.170225 -3.564001
v -5.400951 1.322921 -3.564001
v -5.386715 1.497055 -3.564001
v -5.323110 1.595755 -3.564001
v -5.226575 1.662601 -3.564001
v -5.053010 1.682610 -3.564001
v -4.897580 1.602819 -3.564001
v -4.812673 1.450122 -3.564001
v -3.074530 3.041892 -2.808540
v -3.053542 2.991883 -3.404000
v -2.493405 3.563061 -3.404000
v -3.053542 2.991883 -3.212000
v -2.493405 3.563061 -3.212000
v -0.665316 0.857521 -3.404001
v -0.948145 0.854761 -3.404001
v -0.754464 0.804884 -3.404001
v -0.857987 0.803874 -3.404001
v -0.388007 1.425940 -3.404001
v -0.385247 1.143110 -3.404001
v -0.335371 1.336792 -3.404001
v -0.334360 1.233269 -3.404001
v -0.665316 0.857521 -3.212001
v -0.754464 0.804884 -3.212000
v -0.385247 1.143110 -3.212001
v -0.334360 1.233269 -3.212001
v -0.335371 1.336792 -3.212001
v -0.825409 1.690786 -3.212000
v -0.690352 1.245565 -3.212000
v -1.107764 1.662976 -3.212000
v -0.773380 1.162537 -3.212000
v -1.190792 1.579948 -3.212000
v -1.055736 1.134727 -3.212000
v -1.218602 1.297594 -3.212000
v -0.940572 1.111821 -3.212000
v -0.690352 1.579948 -3.404001
v -0.825409 1.690786 -3.404001
v -0.940572 1.713694 -3.404001
v -0.645418 1.471467 -3.404001
v -0.662543 1.297594 -3.404001
v -0.773380 1.162537 -3.404001
v -1.190792 1.579948 -3.404001
v -1.107764 1.662976 -3.404001
v -1.235726 1.471467 -3.404001
v -0.940572 1.111821 -3.404001
v -1.055736 1.134727 -3.404001
v -1.153367 1.199963 -3.404001
v -1.235726 1.354046 -3.404001
v -3.074530 3.041892 -3.208540
v -2.626188 2.570740 -3.404000
v -2.626187 2.570740 -3.212000
v -3.428100 2.991914 -3.404000
v -3.601859 3.165744 -3.404000
v -3.550966 3.042858 -3.404000
v -3.601859 3.409406 -3.404000
v -3.428154 3.578846 -3.404000
v -3.550982 3.531008 -3.404000
v -3.601859 3.165744 -3.212000
v -3.428100 2.991914 -3.212000
v -3.550966 3.042858 -3.212000
v -3.428154 3.578846 -3.212000
v -3.601859 3.409406 -3.212000
v -3.550982 3.531008 -3.212000
v -3.448111 3.139562 -2.808540
v -3.350431 3.041893 -2.808540
v -3.350494 3.526230 -2.808540
v -3.448143 3.429918 -2.808540
v -3.350431 3.041893 -3.208540
v -3.448111 3.139562 -3.208540
v -3.448143 3.429918 -3.208540
v -3.350494 3.526230 -3.208540
v -2.799207 3.518571 -2.808541
v -2.625525 3.477832 -2.808541
v -2.799207 3.518571 -3.208541
v -2.625526 3.477832 -3.208541
v -0.999282 1.707911 -3.212000
v -0.662543 1.527921 -3.212000
v -0.388007 1.425940 -3.212001
v -0.641261 1.429263 -3.212001
v -1.241509 1.412757 -3.212000
v -0.948145 0.854761 -3.212000
v -0.857987 0.803874 -3.212000
v -0.727778 1.625552 -3.212000
v -1.153367 1.199963 -3.212000
v -3.428127 3.285380 -3.404000
v -3.428127 3.285380 -3.212000
v -3.053542 2.991883 -2.804000
v -2.493405 3.563061 -2.804000
v -3.053542 2.991883 -2.612000
v -2.493405 3.563061 -2.612000
v -0.665316 0.857521 -2.804000
v -0.948145 0.854761 -2.804000
v -0.754464 0.804885 -2.804000
v -0.857986 0.803874 -2.804000
v -0.388007 1.425940 -2.804001
v -0.385247 1.143111 -2.804001
v -0.335371 1.336792 -2.804001
v -0.334360 1.233269 -2.804001
v -0.665316 0.857521 -2.612000
v -0.754464 0.804885 -2.612000
v -0.385247 1.143111 -2.612000
v -0.334360 1.233269 -2.612000
v -0.335371 1.336792 -2.612000
v -0.825409 1.690787 -2.612000
v -0.690352 1.245566 -2.612000
v -1.107763 1.662977 -2.612000
v -0.773380 1.162537 -2.612000
v -1.190791 1.579949 -2.612000
v -1.055735 1.134727 -2.612000
v -1.218601 1.297594 -2.612000
v -0.940572 1.111821 -2.612000
v -0.690352 1.579949 -2.804000
v -0.825409 1.690787 -2.804000
v -0.940572 1.713694 -2.804000
v -0.645417 1.471467 -2.804000
v -0.662543 1.297594 -2.804000
v -0.773380 1.162537 -2.804000
v -1.190791 1.579949 -2.804000
v -1.107763 1.662977 -2.804000
v -1.235726 1.471467 -2.804000
v -0.940572 1.111821 -2.804000
v -1.055735 1.134727 -2.804000
v -1.153366 1.199963 -2.804000
v -1.235726 1.354047 -2.804000
v -2.626187 2.570740 -2.804000
v -2.626187 2.570740 -2.612000
v -3.428100 2.991914 -2.804000
v -3.601858 3.165744 -2.803999
v -3.550966 3.042858 -2.804000
v -3.601858 3.409406 -2.803999
v -3.428154 3.578846 -2.804000
v -3.550982 3.531008 -2.804000
v -3.601858 3.165744 -2.612000
v -3.428100 2.991914 -2.612000
v -3.550966 3.042858 -2.612000
v -3.428154 3.578846 -2.612000
v -3.601858 3.409406 -2.612000
v -3.550982 3.531008 -2.612000
v -0.999282 1.707911 -2.612000
v -0.662542 1.527921 -2.612000
v -0.388007 1.425940 -2.612000
v -0.641261 1.429263 -2.612000
v -1.241509 1.412758 -2.612000
v -0.948145 0.854761 -2.612000
v -0.857986 0.803874 -2.612000
v -0.727777 1.625552 -2.612000
v -1.153366 1.199963 -2.612000
v -3.428127 3.285380 -2.804000
v -3.428127 3.285380 -2.612000
v -1.241107 1.354046 -3.699999
v -1.196173 1.245564 -3.700000
v -1.113144 1.162537 -3.699999
v -1.004663 1.117601 -3.700000
v -0.830789 1.134727 -3.700000
v -0.733158 1.199963 -3.700000
v -0.667923 1.297593 -3.700000
v -0.645016 1.412756 -3.700000
v -0.667923 1.527920 -3.700000
v -0.733158 1.625550 -3.700000
v -0.830789 1.690785 -3.700000
v -0.945953 1.713694 -3.700000
v -1.113144 1.662975 -3.700000
v -1.196173 1.579947 -3.699999
v -1.241107 1.471467 -3.700000
v -1.241107 1.354047 -2.443999
v -1.196173 1.245564 -2.443999
v -1.061116 1.134727 -2.443999
v -0.945953 1.111820 -2.443999
v -0.830789 1.134727 -2.443999
v -0.733158 1.199962 -2.443999
v -0.650798 1.354047 -2.443999
v -0.667923 1.527920 -2.443999
v -0.733158 1.625551 -2.443999
v -0.830789 1.690786 -2.443999
v -1.004663 1.707911 -2.443999
v -1.158747 1.625551 -2.443999
v -1.241107 1.471466 -2.443999
v 5.541371 3.080997 -3.404560
v 5.541371 3.278435 -3.303697
v 5.629059 3.080997 -3.393015
v 5.602954 3.278435 -3.295589
v 5.710772 3.080997 -3.359169
v 5.660340 3.278435 -3.271819
v 5.780939 3.080997 -3.305328
v 5.709619 3.278435 -3.234007
v 5.834782 3.080997 -3.235160
v 5.747431 3.278435 -3.184728
v 5.868628 3.080997 -3.153447
v 5.771201 3.278435 -3.127342
v 5.880171 3.080997 -3.065759
v 5.779308 3.278435 -3.065759
v 5.868628 3.080997 -2.978072
v 5.771201 3.278435 -3.004177
v 5.834782 3.080997 -2.896360
v 5.747431 3.278435 -2.946791
v 5.780939 3.080997 -2.826192
v 5.709619 3.278435 -2.897513
v 5.710772 3.080997 -2.772350
v 5.660340 3.278435 -2.859700
v 5.629059 3.080997 -2.738504
v 5.602954 3.278435 -2.835930
v 5.541371 3.080997 -2.726960
v 5.541371 3.278435 -2.827822
v 5.453683 3.080997 -2.738504
v 5.479789 3.278435 -2.835930
v 5.371972 3.080997 -2.772350
v 5.422403 3.278435 -2.859700
v 5.301805 3.080997 -2.826192
v 5.373125 3.278435 -2.897513
v 5.247962 3.080997 -2.896360
v 5.315457 3.278435 -2.922997
v 5.214116 3.080997 -2.978072
v 5.315457 3.278435 -2.991860
v 5.202572 3.080997 -3.065760
v 5.315457 3.278435 -3.065760
v 5.214116 3.080997 -3.153447
v 5.315457 3.278435 -3.139659
v 5.247962 3.080997 -3.235160
v 5.315457 3.278435 -3.208522
v 5.301805 3.080997 -3.305327
v 5.373125 3.278435 -3.234007
v 5.371971 3.080997 -3.359169
v 5.422403 3.278435 -3.271819
v 5.453683 3.080997 -3.393016
v 5.479789 3.278435 -3.295589
v 5.541372 2.990997 -3.302920
v 5.602754 2.990997 -3.294839
v 5.659952 2.990997 -3.271147
v 5.709069 2.990997 -3.233457
v 5.746758 2.990997 -3.184340
v 5.770452 2.990997 -3.127141
v 5.778532 2.990997 -3.065760
v 5.770452 2.990997 -3.004378
v 5.746758 2.990997 -2.947180
v 5.709069 2.990997 -2.898062
v 5.659952 2.990997 -2.860373
v 5.602754 2.990997 -2.836681
v 5.541372 2.990997 -2.828600
v 5.479990 2.990997 -2.836681
v 5.422792 2.990997 -2.860373
v 5.373674 2.990997 -2.898062
v 5.335985 2.990997 -2.947180
v 5.312293 2.990997 -3.004378
v 5.304213 2.990997 -3.065760
v 5.312293 2.990997 -3.127141
v 5.335985 2.990997 -3.184340
v 5.373674 2.990997 -3.233457
v 5.422792 2.990997 -3.271147
v 5.479990 2.990997 -3.294839
v 5.629059 3.278435 -3.393015
v 5.541371 3.278435 -3.404560
v 5.710772 3.278435 -3.359169
v 5.780939 3.278435 -3.305328
v 5.834782 3.278435 -3.235160
v 5.868628 3.278435 -3.153447
v 5.880171 3.278435 -3.065759
v 5.868628 3.278435 -2.978072
v 5.834782 3.278435 -2.896360
v 5.780939 3.278435 -2.826192
v 5.710772 3.278435 -2.772350
v 5.629059 3.278435 -2.738504
v 5.541371 3.278435 -2.726960
v 5.453683 3.278435 -2.738504
v 5.371972 3.278435 -2.772350
v 5.301805 3.278435 -2.826192
v 5.247962 3.278435 -2.896360
v 5.214116 3.278435 -2.978072
v 5.202572 3.278435 -3.065760
v 5.214116 3.278435 -3.153447
v 5.247962 3.278435 -3.235160
v 5.301805 3.278435 -3.305327
v 5.371971 3.278435 -3.359169
v 5.453683 3.278435 -3.393016
v 5.585711 3.608434 -3.231237
v 5.541371 3.608434 -3.237075
v 5.627029 3.608434 -3.214123
v 5.662510 3.608434 -3.186898
v 5.689735 3.608434 -3.151417
v 5.706849 3.608434 -3.110099
v 5.712687 3.608434 -3.065760
v 5.706849 3.608434 -3.021420
v 5.689735 3.608434 -2.980102
v 5.662510 3.608434 -2.944622
v 5.627029 3.608434 -2.917397
v 5.585711 3.608434 -2.900282
v 5.541371 3.608434 -2.894445
v 5.497032 3.608434 -2.900282
v 5.455714 3.608434 -2.917397
v 5.420235 3.608434 -2.944622
v 5.318713 3.608434 -2.962971
v 5.318713 3.608434 -3.012552
v 5.318713 3.608434 -3.065760
v 5.318713 3.608434 -3.118967
v 5.318713 3.608434 -3.168548
v 5.420235 3.608434 -3.186898
v 5.455714 3.608434 -3.214123
v 5.497032 3.608434 -3.231237
v 5.541371 3.478435 -3.404560
v 5.541371 3.478435 -2.726960
v 5.453683 3.478435 -2.738504
v 5.371972 3.478435 -2.772350
v 5.453683 3.478435 -3.393016
v 5.371971 3.478435 -3.359169
v 5.541371 3.478435 -3.303697
v 5.541371 3.478435 -2.827822
v 5.479789 3.478435 -2.835930
v 5.422403 3.478435 -2.859700
v 5.479789 3.478435 -3.295589
v 5.422403 3.478435 -3.271819
v 2.426169 4.178434 -2.772350
v 2.426169 4.578435 -2.772350
v 2.426169 4.178432 -3.271819
v 2.426169 4.178432 -3.359169
v 2.426169 4.578434 -3.271819
v 2.426169 4.578434 -3.359169
v 3.999983 3.758435 -3.359169
v 3.999983 3.958435 -3.359169
v 3.999983 3.758435 -3.271819
v 3.999983 3.958435 -3.271819
v 3.999983 3.761435 -2.859700
v 3.999983 3.961435 -2.859700
v 3.999983 3.961435 -2.772350
v 3.999983 3.761435 -2.772350
v 4.000143 3.668435 -2.859700
v 4.000143 4.018435 -2.772350
v 4.000143 4.018435 -2.859700
v 4.000143 3.668435 -2.772350
v 4.000143 3.668435 -3.359169
v 4.000143 3.668435 -3.271819
v 4.000143 4.018435 -3.359169
v 4.000143 4.018435 -3.271819
v 2.426169 4.578435 -2.859700
v 2.426169 4.178434 -2.859700
v 2.662265 4.101934 -2.772350
v 2.662265 4.494434 -2.859700
v 2.662264 4.494434 -2.772350
v 2.662264 4.101934 -2.859700
v 2.662264 4.101933 -3.359169
v 2.662264 4.101933 -3.271819
v 2.662265 4.494432 -3.359169
v 2.662265 4.494432 -3.271819
v 2.428529 4.175813 -2.654986
v 2.428529 4.582373 -2.654986
v 2.428529 4.582372 -3.476532
v 2.428529 4.175811 -3.476532
v 2.659904 4.098056 -3.476532
v 2.659904 4.496996 -2.654986
v 2.659904 4.098058 -2.654986
v 2.659904 4.496994 -3.476532
v 2.428529 4.550070 -3.476532
v 2.426169 4.546208 -3.359169
v 2.426169 4.210209 -3.359169
v 2.428529 4.208560 -3.476532
v 2.426169 4.546210 -2.772350
v 2.428529 4.550072 -2.654986
v 2.428529 4.208562 -2.654986
v 2.426169 4.210211 -2.772350
v 1.926189 4.546208 -3.359169
v 1.826169 4.446157 -3.359169
v 1.855464 4.516904 -3.359169
v 1.826169 4.310219 -3.359169
v 1.926189 4.210209 -3.359169
v 1.855464 4.239502 -3.359169
v 1.828529 4.450016 -3.476532
v 1.928550 4.550070 -3.476532
v 1.857825 4.520764 -3.476532
v 1.928550 4.208560 -3.476532
v 1.828529 4.308569 -3.476532
v 1.857825 4.237853 -3.476532
v 1.826169 4.446157 -2.772350
v 1.926189 4.546210 -2.772350
v 1.855464 4.516906 -2.772350
v 1.926189 4.210211 -2.772350
v 1.826169 4.310221 -2.772350
v 1.855464 4.239504 -2.772350
v 1.928550 4.550072 -2.654986
v 1.828529 4.450018 -2.654986
v 1.857825 4.520767 -2.654986
v 1.828529 4.308571 -2.654986
v 1.928550 4.208562 -2.654986
v 1.857825 4.237854 -2.654986
v 1.926189 4.378210 -3.359169
v 1.928550 4.379314 -3.476532
v 5.420235 3.608434 -3.065760
v -2.997781 3.041892 2.808541
v -3.018770 2.991883 3.404000
v -3.578906 3.563063 3.404000
v -3.018770 2.991883 3.212000
v -3.578906 3.563063 3.212000
v -5.406995 0.857522 3.404000
v -5.124166 0.854762 3.404000
v -5.317846 0.804885 3.404000
v -5.214325 0.803875 3.404000
v -5.684304 1.425941 3.404000
v -5.687064 1.143111 3.404000
v -5.736939 1.336792 3.404000
v -5.737950 1.233271 3.404000
v -5.406996 0.857522 3.212000
v -5.317846 0.804885 3.212000
v -5.687064 1.143111 3.212000
v -5.737950 1.233271 3.212000
v -5.736939 1.336792 3.212000
v -5.246902 1.690787 3.212000
v -5.381959 1.245566 3.212000
v -4.964548 1.662977 3.212000
v -5.298931 1.162539 3.212000
v -4.881518 1.579950 3.212000
v -5.016576 1.134729 3.212000
v -4.853710 1.297595 3.212000
v -5.131739 1.111822 3.212000
v -5.381959 1.579949 3.404000
v -5.246902 1.690787 3.404000
v -5.131739 1.713696 3.404000
v -5.426894 1.471468 3.404000
v -5.409768 1.297595 3.404000
v -5.298931 1.162539 3.404000
v -4.881518 1.579950 3.404000
v -4.964548 1.662977 3.404000
v -4.836585 1.471467 3.404000
v -5.131739 1.111822 3.404000
v -5.016576 1.134729 3.404000
v -4.918943 1.199964 3.404000
v -4.836585 1.354049 3.404000
v -2.997781 3.041892 3.208541
v -3.446124 2.570740 3.404000
v -3.446124 2.570740 3.212000
v -2.644211 2.991914 3.404000
v -2.470453 3.165745 3.404000
v -2.521346 3.042858 3.404000
v -2.470453 3.409408 3.404000
v -2.644157 3.578847 3.404000
v -2.521330 3.531008 3.404000
v -2.470453 3.165745 3.212000
v -2.644211 2.991914 3.212000
v -2.521346 3.042858 3.212000
v -2.644157 3.578847 3.212000
v -2.470453 3.409408 3.212000
v -2.521330 3.531008 3.212000
v -2.624200 3.139563 2.808541
v -2.721880 3.041893 2.808541
v -2.721817 3.526231 2.808541
v -2.624168 3.429919 2.808541
v -2.721880 3.041893 3.208541
v -2.624200 3.139563 3.208541
v -2.624168 3.429919 3.208541
v -2.721817 3.526231 3.208541
v -3.273105 3.518572 2.808541
v -3.446786 3.477832 2.808541
v -3.273104 3.518572 3.208541
v -3.446786 3.477832 3.208541
v -5.073029 1.707912 3.212000
v -5.409768 1.527922 3.212000
v -5.684304 1.425941 3.212000
v -5.431049 1.429265 3.212000
v -4.830802 1.412758 3.212000
v -5.124166 0.854762 3.212000
v -5.214325 0.803875 3.212000
v -5.344534 1.625553 3.212000
v -4.918943 1.199964 3.212000
v -2.644184 3.285380 3.404000
v -2.644184 3.285380 3.212000
v -3.018770 2.991883 2.804000
v -3.578906 3.563063 2.804000
v -3.018770 2.991883 2.612000
v -3.578906 3.563063 2.612000
v -5.406995 0.857522 2.804000
v -5.124166 0.854761 2.804000
v -5.317846 0.804885 2.804000
v -5.214325 0.803875 2.804000
v -5.684304 1.425940 2.804000
v -5.687064 1.143111 2.804000
v -5.736939 1.336792 2.804000
v -5.737950 1.233270 2.804000
v -5.406996 0.857522 2.612000
v -5.317846 0.804885 2.612000
v -5.687064 1.143111 2.612000
v -5.737950 1.233270 2.612000
v -5.736939 1.336792 2.612000
v -5.246902 1.690787 2.612000
v -5.381959 1.245566 2.612000
v -4.964548 1.662977 2.612000
v -5.298931 1.162538 2.612000
v -4.881518 1.579950 2.612000
v -5.016576 1.134729 2.612000
v -4.853710 1.297594 2.612000
v -5.131739 1.111821 2.612000
v -5.381959 1.579949 2.804000
v -5.246902 1.690787 2.804000
v -5.131739 1.713695 2.804000
v -5.426894 1.471468 2.804000
v -5.409768 1.297594 2.804000
v -5.298931 1.162538 2.804000
v -4.881518 1.579950 2.804000
v -4.964548 1.662977 2.804000
v -4.836585 1.471467 2.804000
v -5.131739 1.111821 2.804000
v -5.016576 1.134729 2.804000
v -4.918943 1.199963 2.804000
v -4.836585 1.354048 2.804000
v -3.446124 2.570740 2.804000
v -3.446124 2.570740 2.612000
v -2.644211 2.991914 2.804000
v -2.470453 3.165745 2.804000
v -2.521346 3.042858 2.804000
v -2.470453 3.409408 2.804000
v -2.644157 3.578847 2.804000
v -2.521330 3.531008 2.804000
v -2.470453 3.165745 2.612000
v -2.644211 2.991914 2.612000
v -2.521346 3.042858 2.612000
v -2.644157 3.578847 2.612000
v -2.470453 3.409408 2.612000
v -2.521330 3.531008 2.612000
v -5.073029 1.707912 2.612000
v -5.409768 1.527921 2.612000
v -5.684304 1.425940 2.612000
v -5.431049 1.429264 2.612000
v -4.830802 1.412758 2.612000
v -5.124166 0.854761 2.612000
v -5.214325 0.803875 2.612000
v -5.344534 1.625552 2.612000
v -4.918943 1.199963 2.612000
v -2.644184 3.285380 2.804000
v -2.644184 3.285380 2.612000
v -4.831203 1.354047 3.699999
v -4.876139 1.245566 3.699999
v -4.959167 1.162538 3.699999
v -5.067649 1.117603 3.699999
v -5.241522 1.134728 3.699999
v -5.339152 1.199964 3.699999
v -5.404387 1.297594 3.699999
v -5.427296 1.412757 3.699999
v -5.404387 1.527922 3.699999
v -5.339152 1.625553 3.699999
v -5.241522 1.690786 3.699999
v -5.126359 1.713695 3.699999
v -4.959167 1.662977 3.699999
v -4.876139 1.579949 3.699999
v -4.831203 1.471467 3.699999
v -4.831203 1.354048 2.443999
v -4.876138 1.245566 2.443999
v -5.011195 1.134728 2.443999
v -5.126358 1.111820 2.443999
v -5.241521 1.134728 2.443999
v -5.339152 1.199963 2.443999
v -5.421513 1.354047 2.443999
v -5.404387 1.527921 2.443999
v -5.339151 1.625552 2.443999
v -5.241522 1.690786 2.443999
v -5.067648 1.707911 2.443999
v -4.913564 1.625552 2.443999
v -4.831203 1.471467 2.443999
v -3.074530 3.041892 3.199460
v -3.053542 2.991883 2.604000
v -2.493405 3.563063 2.604000
v -3.053542 2.991883 2.796000
v -2.493405 3.563063 2.796000
v -0.665316 0.857522 2.603999
v -0.948145 0.854761 2.603999
v -0.754464 0.804885 2.603999
v -0.857987 0.803875 2.603999
v -0.388007 1.425940 2.603999
v -0.385247 1.143111 2.603999
v -0.335371 1.336792 2.603999
v -0.334360 1.233270 2.603999
v -0.665316 0.857522 2.795999
v -0.754464 0.804885 2.796000
v -0.385247 1.143111 2.795999
v -0.334360 1.233270 2.795999
v -0.335371 1.336792 2.795999
v -0.825409 1.690787 2.796000
v -0.690352 1.245566 2.796000
v -1.107764 1.662977 2.796000
v -0.773380 1.162538 2.796000
v -1.190792 1.579950 2.796000
v -1.055736 1.134729 2.796000
v -1.218602 1.297594 2.796000
v -0.940572 1.111821 2.796000
v -0.690352 1.579949 2.603999
v -0.825409 1.690787 2.603999
v -0.940572 1.713695 2.603999
v -0.645418 1.471468 2.603999
v -0.662543 1.297594 2.603999
v -0.773380 1.162538 2.603999
v -1.190792 1.579950 2.603999
v -1.107764 1.662977 2.603999
v -1.235726 1.471467 2.603999
v -0.940572 1.111821 2.603999
v -1.055736 1.134729 2.603999
v -1.153367 1.199963 2.603999
v -1.235726 1.354048 2.603999
v -3.074530 3.041892 2.799459
v -2.626188 2.570740 2.604000
v -2.626187 2.570740 2.796000
v -3.428100 2.991914 2.604000
v -3.601859 3.165745 2.604000
v -3.550966 3.042858 2.604000
v -3.601859 3.409408 2.604000
v -3.428154 3.578847 2.604000
v -3.550982 3.531008 2.604000
v -3.601859 3.165745 2.796000
v -3.428100 2.991914 2.796000
v -3.550966 3.042858 2.796000
v -3.428154 3.578847 2.796000
v -3.601859 3.409408 2.796000
v -3.550982 3.531008 2.796000
v -3.448111 3.139563 3.199460
v -3.350431 3.041893 3.199460
v -3.350494 3.526231 3.199460
v -3.448143 3.429919 3.199460
v -3.350431 3.041893 2.799459
v -3.448111 3.139563 2.799459
v -3.448143 3.429919 2.799459
v -3.350494 3.526231 2.799459
v -2.799207 3.518572 3.199459
v -2.625525 3.477832 3.199459
v -2.799207 3.518572 2.799459
v -2.625526 3.477832 2.799459
v -0.999282 1.707912 2.796000
v -0.662543 1.527921 2.796000
v -0.388007 1.425940 2.795999
v -0.641261 1.429264 2.795999
v -1.241509 1.412758 2.796000
v -0.948145 0.854761 2.796000
v -0.857987 0.803875 2.796000
v -0.727778 1.625552 2.796000
v -1.153367 1.199963 2.796000
v -3.428127 3.285380 2.604000
v -3.428127 3.285380 2.796000
v -3.053542 2.991883 3.204000
v -2.493405 3.563063 3.204000
v -3.053542 2.991883 3.396000
v -2.493405 3.563063 3.396000
v -0.665316 0.857522 3.204000
v -0.948145 0.854762 3.204000
v -0.754464 0.804885 3.204000
v -0.857986 0.803875 3.204000
v -0.388007 1.425941 3.203999
v -0.385247 1.143111 3.203999
v -0.335371 1.336792 3.203999
v -0.334360 1.233271 3.203999
v -0.665316 0.857522 3.396000
v -0.754464 0.804885 3.396000
v -0.385247 1.143111 3.395999
v -0.334360 1.233271 3.395999
v -0.335371 1.336792 3.395999
v -0.825409 1.690787 3.396000
v -0.690352 1.245566 3.396000
v -1.107763 1.662977 3.396000
v -0.773380 1.162539 3.396000
v -1.190791 1.579950 3.396000
v -1.055735 1.134729 3.396000
v -1.218601 1.297595 3.396000
v -0.940572 1.111822 3.396000
v -0.690352 1.579949 3.204000
v -0.825409 1.690787 3.204000
v -0.940572 1.713696 3.204000
v -0.645417 1.471468 3.204000
v -0.662543 1.297595 3.204000
v -0.773380 1.162539 3.204000
v -1.190791 1.579950 3.204000
v -1.107763 1.662977 3.204000
v -1.235726 1.471467 3.204000
v -0.940572 1.111822 3.204000
v -1.055735 1.134729 3.204000
v -1.153366 1.199964 3.204000
v -1.235726 1.354049 3.204000
v -2.626187 2.570740 3.204000
v -2.626187 2.570740 3.396000
v -3.428100 2.991914 3.204000
v -3.601858 3.165745 3.204000
v -3.550966 3.042858 3.204000
v -3.601858 3.409408 3.204000
v -3.428154 3.578847 3.204000
v -3.550982 3.531008 3.204000
v -3.601858 3.165745 3.396000
v -3.428100 2.991914 3.396000
v -3.550966 3.042858 3.396000
v -3.428154 3.578847 3.396000
v -3.601858 3.409408 3.396000
v -3.550982 3.531008 3.396000
v -0.999282 1.707912 3.396000
v -0.662542 1.527922 3.395999
v -0.388007 1.425941 3.395999
v -0.641261 1.429265 3.396000
v -1.241509 1.412758 3.396000
v -0.948145 0.854762 3.396000
v -0.857986 0.803875 3.396000
v -0.727777 1.625553 3.396000
v -1.153366 1.199964 3.396000
v -3.428127 3.285380 3.204000
v -3.428127 3.285380 3.396000
v -1.241107 1.354047 2.308001
v -1.196173 1.245566 2.308000
v -1.113144 1.162537 2.308001
v -1.004663 1.117603 2.308000
v -0.830789 1.134728 2.308000
v -0.733158 1.199963 2.308000
v -0.667923 1.297593 2.308000
v -0.645016 1.412757 2.308000
v -0.667923 1.527921 2.308000
v -0.733158 1.625552 2.308000
v -0.830789 1.690786 2.308000
v -0.945953 1.713694 2.308000
v -1.113144 1.662977 2.308000
v -1.196173 1.579949 2.308001
v -1.241107 1.471467 2.308000
v -1.241107 1.354049 3.564001
v -1.196173 1.245566 3.564001
v -1.061116 1.134728 3.564001
v -0.945953 1.111820 3.564001
v -0.830789 1.134728 3.564001
v -0.733158 1.199964 3.564001
v -0.650798 1.354047 3.564001
v -0.667923 1.527922 3.564001
v -0.733158 1.625553 3.564001
v -0.830789 1.690786 3.564001
v -1.004663 1.707911 3.564001
v -1.158747 1.625553 3.564001
v -1.241107 1.471467 3.564001
v 5.541370 3.080997 2.714840
v 5.541370 3.278435 2.815703
v 5.629058 3.080997 2.726385
v 5.602952 3.278435 2.823811
v 5.710770 3.080997 2.760231
v 5.660338 3.278435 2.847581
v 5.780937 3.080997 2.814072
v 5.709617 3.278435 2.885393
v 5.834779 3.080997 2.884240
v 5.747429 3.278435 2.934672
v 5.868626 3.080997 2.965953
v 5.771199 3.278435 2.992058
v 5.880170 3.080997 3.053641
v 5.779307 3.278435 3.053641
v 5.868626 3.080997 3.141328
v 5.771199 3.278435 3.115223
v 5.834779 3.080997 3.223040
v 5.747429 3.278435 3.172609
v 5.780937 3.080997 3.293208
v 5.709617 3.278435 3.221887
v 5.710770 3.080997 3.347050
v 5.660338 3.278435 3.259700
v 5.629058 3.080997 3.380896
v 5.602952 3.278435 3.283470
v 5.541370 3.080997 3.392440
v 5.541370 3.278435 3.291578
v 5.453682 3.080997 3.380896
v 5.479787 3.278435 3.283470
v 5.371970 3.080997 3.347050
v 5.422401 3.278435 3.259700
v 5.301803 3.080997 3.293208
v 5.373123 3.278435 3.221887
v 5.247960 3.080997 3.223040
v 5.315456 3.278435 3.196403
v 5.214114 3.080997 3.141328
v 5.315456 3.278435 3.127540
v 5.202570 3.080997 3.053640
v 5.315456 3.278435 3.053640
v 5.214114 3.080997 2.965953
v 5.315456 3.278435 2.979741
v 5.247960 3.080997 2.884240
v 5.315456 3.278435 2.910878
v 5.301803 3.080997 2.814073
v 5.373123 3.278435 2.885393
v 5.371969 3.080997 2.760231
v 5.422401 3.278435 2.847581
v 5.453682 3.080997 2.726384
v 5.479787 3.278435 2.823811
v 5.541370 2.990997 2.816480
v 5.602751 2.990997 2.824561
v 5.659950 2.990997 2.848253
v 5.709067 2.990997 2.885943
v 5.746757 2.990997 2.935060
v 5.770450 2.990997 2.992259
v 5.778530 2.990997 3.053640
v 5.770450 2.990997 3.115022
v 5.746757 2.990997 3.172220
v 5.709067 2.990997 3.221338
v 5.659950 2.990997 3.259027
v 5.602751 2.990997 3.282719
v 5.541370 2.990997 3.290800
v 5.479988 2.990997 3.282719
v 5.422791 2.990997 3.259027
v 5.373672 2.990997 3.221338
v 5.335983 2.990997 3.172220
v 5.312291 2.990997 3.115022
v 5.304211 2.990997 3.053640
v 5.312291 2.990997 2.992259
v 5.335983 2.990997 2.935060
v 5.373672 2.990997 2.885943
v 5.422791 2.990997 2.848253
v 5.479988 2.990997 2.824561
v 5.629058 3.278435 2.726385
v 5.541370 3.278435 2.714840
v 5.710770 3.278435 2.760231
v 5.780937 3.278435 2.814072
v 5.834779 3.278435 2.884240
v 5.868626 3.278435 2.965953
v 5.880170 3.278435 3.053641
v 5.868626 3.278435 3.141328
v 5.834779 3.278435 3.223040
v 5.780937 3.278435 3.293208
v 5.710770 3.278435 3.347050
v 5.629058 3.278435 3.380896
v 5.541370 3.278435 3.392440
v 5.453682 3.278435 3.380896
v 5.371970 3.278435 3.347050
v 5.301803 3.278435 3.293208
v 5.247960 3.278435 3.223040
v 5.214114 3.278435 3.141328
v 5.202570 3.278435 3.053640
v 5.214114 3.278435 2.965953
v 5.247960 3.278435 2.884240
v 5.301803 3.278435 2.814073
v 5.371969 3.278435 2.760231
v 5.453682 3.278435 2.726384
v 5.585710 3.608435 2.888163
v 5.541370 3.608435 2.882325
v 5.627028 3.608435 2.905277
v 5.662508 3.608435 2.932503
v 5.689734 3.608435 2.967983
v 5.706847 3.608435 3.009301
v 5.712685 3.608435 3.053640
v 5.706847 3.608435 3.097980
v 5.689734 3.608435 3.139298
v 5.662508 3.608435 3.174778
v 5.627028 3.608435 3.202003
v 5.585710 3.608435 3.219118
v 5.541370 3.608435 3.224955
v 5.497030 3.608435 3.219118
v 5.455712 3.608435 3.202003
v 5.420232 3.608435 3.174778
v 5.318711 3.608435 3.156429
v 5.318711 3.608435 3.106848
v 5.318711 3.608435 3.053640
v 5.318711 3.608435 3.000433
v 5.318711 3.608435 2.950852
v 5.420232 3.608435 2.932503
v 5.455712 3.608435 2.905277
v 5.497030 3.608435 2.888163
v 5.541370 3.478435 2.714840
v 5.541370 3.478435 3.392440
v 5.453682 3.478435 3.380896
v 5.371970 3.478435 3.347050
v 5.453682 3.478435 2.726384
v 5.371969 3.478435 2.760231
v 5.541370 3.478435 2.815703
v 5.541370 3.478435 3.291578
v 5.479787 3.478435 3.283470
v 5.422401 3.478435 3.259700
v 5.479787 3.478435 2.823811
v 5.422401 3.478435 2.847581
v 2.426167 4.178435 3.347050
v 2.426167 4.578435 3.347050
v 2.426167 4.178435 2.847581
v 2.426167 4.178435 2.760231
v 2.426167 4.578435 2.847581
v 2.426167 4.578435 2.760231
v 3.999982 3.758435 2.760231
v 3.999982 3.958435 2.760231
v 3.999982 3.758435 2.847581
v 3.999982 3.958435 2.847581
v 3.999982 3.761435 3.259700
v 3.999982 3.961435 3.259700
v 3.999982 3.961435 3.347050
v 3.999982 3.761435 3.347050
v 4.000141 3.668435 3.259700
v 4.000141 4.018435 3.347050
v 4.000141 4.018435 3.259700
v 4.000141 3.668435 3.347050
v 4.000141 3.668435 2.760231
v 4.000141 3.668435 2.847581
v 4.000141 4.018435 2.760231
v 4.000141 4.018435 2.847581
v 2.426167 4.578435 3.259700
v 2.426167 4.178435 3.259700
v 2.662263 4.101935 3.347050
v 2.662263 4.494435 3.259700
v 2.662263 4.494435 3.347050
v 2.662263 4.101935 3.259700
v 2.662263 4.101935 2.760231
v 2.662263 4.101935 2.847581
v 2.662263 4.494435 2.760231
v 2.662263 4.494435 2.847581
v 2.428527 4.175815 3.464414
v 2.428527 4.582375 3.464414
v 2.428527 4.582374 2.642868
v 2.428527 4.175814 2.642868
v 2.659902 4.098059 2.642868
v 2.659902 4.496996 3.464414
v 2.659902 4.098060 3.464414
v 2.659902 4.496996 2.642868
v 2.428527 4.550073 2.642868
v 2.426167 4.546211 2.760231
v 2.426167 4.210211 2.760231
v 2.428527 4.208562 2.642868
v 2.426167 4.546211 3.347050
v 2.428527 4.550074 3.464414
v 2.428527 4.208562 3.464414
v 2.426167 4.210211 3.347050
v 1.926187 4.546211 2.760231
v 1.826167 4.446157 2.760231
v 1.855462 4.516906 2.760231
v 1.826167 4.310222 2.760231
v 1.926187 4.210211 2.760231
v 1.855462 4.239504 2.760231
v 1.828528 4.450018 2.642868
v 1.928548 4.550073 2.642868
v 1.857823 4.520767 2.642868
v 1.928548 4.208562 2.642868
v 1.828528 4.308571 2.642868
v 1.857823 4.237854 2.642868
v 1.826167 4.446157 3.347050
v 1.926187 4.546211 3.347050
v 1.855462 4.516906 3.347050
v 1.926187 4.210211 3.347050
v 1.826167 4.310223 3.347050
v 1.855462 4.239504 3.347050
v 1.928548 4.550074 3.464414
v 1.828528 4.450018 3.464414
v 1.857823 4.520768 3.464414
v 1.828528 4.308571 3.464414
v 1.928548 4.208562 3.464414
v 1.857823 4.237854 3.464414
v 1.926187 4.378211 2.760231
v 1.928548 4.379317 2.642868
v 5.420232 3.608435 3.053640
v 1.444253 5.181651 -0.600001
v 1.201154 5.181651 -0.843099
v 1.272356 5.181651 -0.671202
v 1.201154 5.478015 -0.843099
v 1.444253 5.478015 -0.600001
v 1.272356 5.478015 -0.671202
v 1.201154 5.181651 -1.356901
v 1.444253 5.181651 -1.600000
v 1.272356 5.181651 -1.528798
v 1.444253 5.478015 -1.600000
v 1.201154 5.478015 -1.356901
v 1.272356 5.478015 -1.528798
v 2.201154 5.181651 -0.843099
v 1.958055 5.181651 -0.600001
v 2.129952 5.181651 -0.671202
v 1.958055 5.478015 -0.600001
v 2.201154 5.478015 -0.843099
v 2.129952 5.478015 -0.671202
v 1.958055 5.181651 -1.600000
v 2.201154 5.181651 -1.356901
v 2.129952 5.181651 -1.528798
v 2.201154 5.478015 -1.356901
v 1.958055 5.478015 -1.600000
v 2.129952 5.478015 -1.528798
v 1.701154 5.181651 -1.400000
v 1.815959 5.181651 -1.377164
v 1.913286 5.181651 -1.312132
v 1.978318 5.181651 -1.214805
v 2.001154 5.181651 -1.100000
v 1.978318 5.181651 -0.985195
v 1.913286 5.181651 -0.887868
v 1.815959 5.181651 -0.822836
v 1.701154 5.181651 -0.800000
v 1.586349 5.181651 -0.822836
v 1.489022 5.181651 -0.887868
v 1.423990 5.181651 -0.985195
v 1.401154 5.181651 -1.100000
v 1.423990 5.181651 -1.214805
v 1.489022 5.181651 -1.312132
v 1.586349 5.181651 -1.377164
v 1.701154 4.981651 -1.400000
v 1.815959 4.981651 -1.377164
v 1.913286 4.981651 -1.312132
v 1.978318 4.981651 -1.214805
v 2.001154 4.981651 -1.100000
v 1.978318 4.981651 -0.985195
v 1.913286 4.981651 -0.887868
v 1.815959 4.981651 -0.822836
v 1.701154 4.981651 -0.800000
v 1.586349 4.981651 -0.822836
v 1.489022 4.981651 -0.887868
v 1.423990 4.981651 -0.985195
v 1.401154 4.981651 -1.100000
v 1.423990 4.981651 -1.214805
v 1.489022 4.981651 -1.312132
v 1.586349 4.981651 -1.377164
v 1.815959 4.481650 -1.377164
v 1.701154 4.981651 -1.400000
v 1.815959 4.981651 -1.377164
v 1.913286 4.981651 -1.312132
v 1.978318 4.981651 -1.214805
v 2.001154 4.981651 -1.100000
v 1.978318 4.981651 -0.985195
v 1.913286 4.981651 -0.887868
v 1.815959 4.981651 -0.822836
v 1.701154 4.981651 -0.800000
v 1.586349 4.981651 -0.822836
v 1.489022 4.981651 -0.887868
v 1.423990 4.981651 -0.985195
v 1.401154 4.981651 -1.100000
v 1.423990 4.981651 -1.214805
v 1.489022 4.981651 -1.312132
v 1.586349 4.981651 -1.377164
v 1.873361 5.106651 -1.515746
v 1.873361 4.486652 -1.515746
v 2.019352 5.106651 -1.418198
v 2.116900 5.106651 -0.927793
v 2.019352 5.106651 -0.781802
v 1.528946 5.106651 -0.684254
v 1.382956 5.106651 -0.781802
v 1.285408 5.106651 -1.272208
v 1.382956 5.106651 -1.418198
v 1.959465 5.101651 -1.723619
v 2.178451 5.101651 -1.577297
v 2.324772 5.101651 -0.841689
v 2.178451 5.101651 -0.622703
v 1.442843 5.101651 -0.476382
v 1.223857 5.101651 -0.622703
v 1.077535 5.101651 -1.358312
v 1.223857 5.101651 -1.577297
v 1.815959 4.656651 -1.377164
v 1.913286 4.656651 -1.312132
v 1.978318 4.656651 -1.214805
v 2.001154 4.656651 -1.100000
v 1.978318 4.656651 -0.985195
v 1.913286 4.656651 -0.887868
v 1.815959 4.656651 -0.822836
v 1.701154 4.656651 -0.800000
v 1.586349 4.656651 -0.822836
v 1.489022 4.656651 -0.887868
v 1.423990 4.656651 -0.985195
v 1.401154 4.656651 -1.100000
v 1.423990 4.656651 -1.214805
v 1.489022 4.656651 -1.312132
v 1.586349 4.656651 -1.377164
v 1.701154 4.656651 -1.400000
v 1.873361 4.703652 -1.515746
v 2.019352 4.703652 -1.418198
v 2.116900 4.703652 -0.927793
v 2.019352 4.703652 -0.781802
v 1.528946 4.703652 -0.684254
v 1.382956 4.703652 -0.781802
v 1.285408 4.703652 -1.272208
v 1.382956 4.703652 -1.418198
v 1.959465 4.698651 -1.723619
v 2.178451 4.698651 -1.577297
v 2.324772 4.698651 -0.841689
v 2.178451 4.698651 -0.622703
v 1.442843 4.698651 -0.476382
v 1.223857 4.698651 -0.622703
v 1.077535 4.698651 -1.358312
v 1.223857 4.698651 -1.577297
v 4.397742 8.903167 -0.627043
v 4.256322 8.902558 -0.627043
v 4.599920 8.561909 -0.627043
v 4.599311 8.703329 -0.627043
v 4.256322 8.902558 -1.572963
v 4.397742 8.903167 -1.572963
v 4.599311 8.703329 -1.572963
v 4.599920 8.561909 -1.572963
v 4.599920 8.561909 -1.431843
v 4.599311 8.703329 -1.431843
v 4.397742 8.903167 -1.431843
v 4.256322 8.902558 -1.431843
v 4.256322 8.902558 -0.768163
v 4.397742 8.903167 -0.768163
v 4.599311 8.703329 -0.768163
v 4.599920 8.561909 -0.768163
v 1.854546 5.829576 -1.445601
v 1.854546 5.829576 -0.754400
v 1.784673 5.782451 -1.445601
v 1.784673 5.782451 -0.754400
v 1.702085 5.765655 -1.445601
v 1.702085 5.765655 -0.754400
v 1.619355 5.781739 -1.445601
v 1.619355 5.781739 -0.754400
v 1.549078 5.828259 -1.445601
v 1.549078 5.828259 -0.754400
v 1.501954 5.898132 -1.445601
v 1.501954 5.898132 -0.754400
v 1.485156 5.980721 -1.445601
v 1.485156 5.980721 -0.754402
v 1.501241 6.063450 -1.445601
v 1.501241 6.063450 -0.754402
v 1.547762 6.133726 -1.445601
v 1.547762 6.133727 -0.754402
v 1.617634 6.180852 -1.445601
v 1.617634 6.180852 -0.754402
v 1.700223 6.197649 -1.445601
v 1.700223 6.197649 -0.754402
v 1.782952 6.181564 -1.445601
v 1.782952 6.181564 -0.754402
v 1.853229 6.135044 -1.445601
v 1.853229 6.135044 -0.754402
v 1.900353 6.065170 -1.445601
v 1.900353 6.065170 -0.754402
v 1.917151 5.982583 -1.445601
v 1.917151 5.982583 -0.754402
v 1.901066 5.899853 -1.445601
v 1.901066 5.899853 -0.754400
v 4.363567 8.411457 -1.640003
v 4.363567 8.411457 -0.560003
v 4.236517 8.358188 -1.640003
v 4.236517 8.358188 -0.560003
v 4.109012 8.410360 -1.640003
v 4.109012 8.410360 -0.560003
v 4.055742 8.537411 -1.640003
v 4.055742 8.537411 -0.560003
v 4.107914 8.664915 -1.640003
v 4.107914 8.664915 -0.560003
v 4.234964 8.718184 -1.640003
v 4.234964 8.718184 -0.560003
v 4.362471 8.666013 -1.640003
v 4.362471 8.666013 -0.560003
v 4.415739 8.538963 -1.640003
v 4.415739 8.538963 -0.560003
v 4.363567 8.411457 -0.627043
v 4.363567 8.411457 -0.768163
v 4.363567 8.411457 -1.431843
v 4.363567 8.411457 -1.572963
v 4.236517 8.358188 -0.627043
v 4.236517 8.358188 -0.768163
v 4.236517 8.358188 -1.431843
v 4.236517 8.358188 -1.572963
v 4.109012 8.410360 -0.768163
v 4.109012 8.410360 -0.627043
v 4.109012 8.410360 -1.431843
v 4.109012 8.410360 -1.572963
v 4.055742 8.537411 -0.768163
v 4.055742 8.537411 -0.627043
v 4.055742 8.537411 -1.431843
v 4.055742 8.537411 -1.572963
v 4.107914 8.664915 -0.627043
v 4.107914 8.664915 -0.768163
v 4.107914 8.664915 -1.431843
v 4.107914 8.664915 -1.572963
v 4.234964 8.718184 -0.627043
v 4.234964 8.718184 -0.768163
v 4.234964 8.718184 -1.431843
v 4.234964 8.718184 -1.572963
v 4.362471 8.666013 -0.768163
v 4.362471 8.666013 -0.627043
v 4.362471 8.666013 -1.572963
v 4.362471 8.666013 -1.431843
v 4.415739 8.538963 -0.768163
v 4.415739 8.538963 -0.627043
v 4.415739 8.538963 -1.572963
v 4.415739 8.538963 -1.431843
v 1.336974 5.957929 -0.627041
v 1.337583 5.816509 -0.627041
v 1.307989 5.887094 -0.627041
v 1.539152 5.616672 -0.627041
v 1.680572 5.617281 -0.627041
v 1.609988 5.587687 -0.627041
v 1.337584 5.816509 -1.572960
v 1.336974 5.957929 -1.572960
v 1.307990 5.887094 -1.572960
v 1.680572 5.617281 -1.572960
v 1.539152 5.616672 -1.572960
v 1.609989 5.587687 -1.572960
v 1.336974 5.957929 -1.431840
v 1.337583 5.816509 -1.431840
v 1.307989 5.887094 -1.431840
v 1.539152 5.616672 -1.431840
v 1.680572 5.617281 -1.431840
v 1.609988 5.587687 -1.431840
v 1.680572 5.617281 -0.768160
v 1.539152 5.616672 -0.768160
v 1.609988 5.587687 -0.768160
v 1.337583 5.816509 -0.768160
v 1.336974 5.957929 -0.768160
v 1.307989 5.887094 -0.768160
v 4.034361 8.858424 -1.421836
v 4.034361 8.858424 -0.780957
v 4.240728 8.841563 -1.421836
v 4.240728 8.841563 -0.780957
v 4.482739 8.330259 -1.421836
v 4.482739 8.330259 -0.780957
v 4.364953 8.159971 -1.421836
v 4.364953 8.159971 -0.780957
v 4.177803 8.071389 -1.421836
v 4.177803 8.071389 -0.780957
v 3.971436 8.088249 -1.421836
v 3.971436 8.088249 -0.780957
v 3.801147 8.206036 -1.421836
v 3.801147 8.206036 -0.780957
v 3.712565 8.393185 -1.421836
v 3.712565 8.393185 -0.780957
v 3.729425 8.599552 -1.421836
v 3.729425 8.599552 -0.780958
v 3.847211 8.769842 -1.421836
v 3.847211 8.769842 -0.780958
v 4.024525 8.325142 -1.421836
v 4.024525 8.325142 -0.780957
v 4.122131 8.260530 -1.421836
v 4.122131 8.260530 -0.780957
v 3.959074 8.422188 -1.421836
v 3.959074 8.422188 -0.780957
v 4.107914 8.664915 -1.400003
v 4.109012 8.410360 -1.400003
v 4.055742 8.537411 -1.400003
v 4.234964 8.718184 -1.400003
v 3.935743 8.536893 -1.421836
v 3.935743 8.536893 -0.780957
v 4.363567 8.411457 -1.400003
v 4.236517 8.358188 -1.400003
v 4.362471 8.666013 -1.400003
v 4.415739 8.538963 -1.400003
v 4.237033 8.238190 -1.421836
v 4.237033 8.238190 -0.780957
v 3.958084 8.651795 -1.421836
v 3.958084 8.651795 -0.780957
v 4.351740 8.261521 -0.780958
v 4.351740 8.261521 -1.421836
v 4.107914 8.664915 -0.800003
v 4.109012 8.410360 -0.800003
v 4.236517 8.358188 -0.800003
v 4.055742 8.537411 -0.800003
v 4.234964 8.718184 -0.800003
v 4.363567 8.411457 -0.800003
v 4.362471 8.666013 -0.800003
v 4.415739 8.538963 -0.800003
v 4.448785 8.326971 -1.421836
v 4.448785 8.326971 -0.780958
v 4.022696 8.749402 -1.421836
v 4.022696 8.749402 -0.780957
v 4.119741 8.814853 -0.780957
v 4.119741 8.814853 -1.421836
v 4.234447 8.838183 -1.421836
v 4.234447 8.838183 -0.780957
v 3.715542 8.386894 -0.780957
v 3.717317 8.383143 -0.780957
v 1.656404 11.226957 -1.091405
v 1.879014 11.455425 -1.065973
v 1.659164 11.232255 -1.163157
v 1.881774 11.460724 -1.137725
v 1.641072 11.197523 -0.692784
v 1.863682 11.425992 -0.667352
v 1.643832 11.202822 -0.764536
v 1.866442 11.431290 -0.739104
v 1.396599 11.487117 -1.154437
v 1.394127 11.647858 -1.142664
v 1.362008 11.567070 -1.149864
v 1.458156 11.713573 -1.135349
v 1.619209 11.715585 -1.129005
v 1.538170 11.747869 -1.129738
v 1.391367 11.642560 -1.070912
v 1.393839 11.481818 -1.082686
v 1.359248 11.561771 -1.078113
v 1.616450 11.710287 -1.057254
v 1.455396 11.708274 -1.063597
v 1.535411 11.742571 -1.057987
v 1.381267 11.457683 -0.755817
v 1.378795 11.618424 -0.744043
v 1.346676 11.537637 -0.751243
v 1.442824 11.684138 -0.736728
v 1.603877 11.686152 -0.730384
v 1.522838 11.718435 -0.731118
v 1.376035 11.613127 -0.672291
v 1.378507 11.452385 -0.684065
v 1.343916 11.532339 -0.679492
v 1.601117 11.680853 -0.658633
v 1.440064 11.678841 -0.664976
v 1.520079 11.713138 -0.659366
v 1.414714 11.492965 -1.013356
v 1.616387 11.316760 -1.021144
v 1.414922 11.484078 -0.806908
v 1.616596 11.307874 -0.814696
v 1.614888 11.317072 -1.081864
v 1.615219 11.302968 -0.754167
v 1.412565 11.493845 -1.074051
v 1.412897 11.479740 -0.746354
v 1.696584 11.792142 -0.730352
v 1.696190 11.808906 -1.119826
v 1.886819 11.625931 -0.737699
v 2.055437 11.629515 -0.745538
v 2.055051 11.645916 -1.126622
v 1.886426 11.642694 -1.127172
v 1.922126 12.067016 -1.108945
v 1.922520 12.050262 -0.719705
v 2.206693 11.801976 -0.730679
v 2.206299 11.818729 -1.119919
v 1.892784 11.623394 -0.801395
v 1.893176 11.620461 -0.739944
v 1.892576 11.632279 -1.007844
v 1.892843 11.634638 -1.069319
v 1.690843 11.797233 -0.731891
v 1.691111 11.799600 -0.793607
v 1.690902 11.808485 -1.000056
v 1.690509 11.811430 -1.061745
v 1.925338 11.683858 -1.125262
v 1.995891 11.688578 -1.125130
v 2.101976 11.809771 -1.120021
v 2.099252 11.850448 -1.118268
v 1.801313 11.830518 -1.118824
v 1.804037 11.789841 -1.120578
v 2.037308 11.904570 -1.115876
v 1.986798 11.921621 -1.115091
v 1.903272 11.916033 -1.115247
v 1.855487 11.892406 -1.116215
v 1.639047 11.422389 -1.216772
v 1.592734 11.406610 -1.217405
v 1.549345 11.415170 -1.216993
v 1.512513 11.447351 -1.215570
v 1.639115 11.419496 -1.149547
v 1.549413 11.412276 -1.149767
v 1.592802 11.403717 -1.150179
v 1.512581 11.444457 -1.148344
v 2.544837 12.303569 -0.945291
v 2.523082 12.324689 -0.994586
v 2.486112 12.358191 -1.021605
v 2.442627 12.396181 -1.019866
v 2.405468 12.427435 -0.989659
v 2.383737 12.444305 -0.938625
v 2.383706 12.441905 -0.881046
v 2.405460 12.420785 -0.831750
v 2.442431 12.387283 -0.804732
v 2.485916 12.349293 -0.806471
v 2.523075 12.318040 -0.836678
v 2.544805 12.301169 -0.887712
v 2.506382 12.305610 -0.995391
v 2.528136 12.284489 -0.946095
v 2.469215 12.330214 -0.807276
v 2.425730 12.368204 -0.805537
v 2.367036 12.425225 -0.939429
v 2.388767 12.408356 -0.990463
v 2.528104 12.282089 -0.888517
v 2.506374 12.298960 -0.837482
v 2.388759 12.401706 -0.832555
v 2.367005 12.422826 -0.881850
v 2.425926 12.377102 -1.020670
v 2.469411 12.339111 -1.022409
v 2.504393 12.340471 -0.980879
v 2.527109 12.318418 -0.929406
v 2.441653 12.395848 -0.991731
v 2.487058 12.356179 -0.993547
v 2.401449 12.428194 -0.924206
v 2.424139 12.410578 -0.977495
v 2.424149 12.405004 -0.845458
v 2.401434 12.427057 -0.896931
v 2.486890 12.349627 -0.834606
v 2.441484 12.389296 -0.832790
v 2.527094 12.317281 -0.902131
v 2.504403 12.334896 -0.848842
v 2.527074 12.315828 -0.867272
v 2.487761 12.315884 -0.849644
v 2.510451 12.298268 -0.902932
v 2.384791 12.408045 -0.897733
v 2.407507 12.385991 -0.846259
v 2.470416 12.337167 -0.994348
v 2.425010 12.376836 -0.992533
v 2.510466 12.299405 -0.930207
v 2.487751 12.321459 -0.981680
v 2.424842 12.370283 -0.833591
v 2.470247 12.330614 -0.835407
v 2.407497 12.391566 -0.978296
v 2.384806 12.409182 -0.925007
v 2.381790 12.201160 -0.935170
v 2.371835 12.210825 -0.957728
v 2.353114 12.227790 -0.971410
v 2.333214 12.245174 -0.970614
v 2.314405 12.260995 -0.955324
v 2.304461 12.268715 -0.931970
v 2.304445 12.267501 -0.902836
v 2.314400 12.257835 -0.880278
v 2.333121 12.240871 -0.866596
v 2.353021 12.223486 -0.867392
v 2.371830 12.207666 -0.882682
v 2.381774 12.199945 -0.906036
v 2.506382 12.305610 -0.995391
v 2.528136 12.284489 -0.946095
v 2.469215 12.330214 -0.807276
v 2.425730 12.368204 -0.805537
v 2.367036 12.425225 -0.939429
v 2.388767 12.408356 -0.990463
v 2.528104 12.282089 -0.888517
v 2.506374 12.298960 -0.837482
v 2.388759 12.401706 -0.832555
v 2.367005 12.422826 -0.881850
v 2.425926 12.377102 -1.020670
v 2.469411 12.339111 -1.022409
v 2.487761 12.315884 -0.849644
v 2.510451 12.298268 -0.902932
v 2.384791 12.408045 -0.897733
v 2.407507 12.385991 -0.846259
v 2.470416 12.337167 -0.994348
v 2.425010 12.376836 -0.992533
v 2.510466 12.299405 -0.930207
v 2.487751 12.321459 -0.981680
v 2.424842 12.370283 -0.833591
v 2.470247 12.330614 -0.835407
v 2.407497 12.391566 -0.978296
v 2.384806 12.409182 -0.925007
v 1.925258 11.687256 -1.204189
v 1.995811 11.691975 -1.204057
v 2.099172 11.853845 -1.197195
v 2.101896 11.813168 -1.198948
v 1.803958 11.793238 -1.199505
v 1.801233 11.833915 -1.197751
v 2.037228 11.907967 -1.194803
v 1.986719 11.925016 -1.194018
v 1.855407 11.895803 -1.195142
v 1.903192 11.919430 -1.194174
v 1.561156 5.021168 0.442360
v 1.561156 5.021168 0.962360
v 1.576380 5.097705 0.442360
v 1.576380 5.097705 0.962360
v 1.619735 5.162590 0.442360
v 1.619735 5.162590 0.962360
v 1.684619 5.205944 0.442360
v 1.684619 5.205944 0.962360
v 1.761156 5.221169 0.442360
v 1.761156 5.221169 0.962360
v 1.837693 5.205944 0.442360
v 1.837693 5.205944 0.962360
v 1.902577 5.162590 0.442360
v 1.902577 5.162590 0.962360
v 1.945932 5.097705 0.442360
v 1.945932 5.097705 0.962360
v 1.961156 5.021168 0.442360
v 1.961156 5.021168 0.962360
v 1.945932 4.944633 0.442360
v 1.945932 4.944633 0.962360
v 1.902577 4.879747 0.442360
v 1.902577 4.879747 0.962360
v 1.837693 4.836392 0.442360
v 1.837693 4.836392 0.962360
v 1.761156 4.821168 0.442360
v 1.761156 4.821168 0.962360
v 1.684619 4.836393 0.442360
v 1.684619 4.836393 0.962360
v 1.619735 4.879747 0.442360
v 1.619735 4.879747 0.962360
v 1.576380 4.944633 0.442360
v 1.576380 4.944633 0.962360
v -2.856040 4.993362 0.018000
v -2.856040 5.084362 0.042383
v -2.856040 5.150978 0.109000
v -2.856040 5.175362 0.200000
v -2.856040 5.150978 0.291000
v -2.856040 5.084362 0.357617
v -2.856040 4.993362 0.382000
v -2.856040 4.902361 0.357617
v -2.856040 4.835745 0.291000
v -2.856040 4.811361 0.200000
v -2.856040 4.835745 0.109000
v -2.856040 4.902361 0.042383
v -2.756040 4.993362 -0.018400
v -2.756040 5.102562 0.010860
v -2.856040 5.102562 0.010860
v -2.756040 5.182501 0.090800
v -2.856040 5.182501 0.090800
v -2.756040 5.211762 0.200000
v -2.856040 5.211762 0.200000
v -2.756040 5.182501 0.309200
v -2.856040 5.182501 0.309200
v -2.756040 5.102562 0.389140
v -2.856040 5.102562 0.389140
v -2.756040 4.993362 0.418400
v -2.856040 4.993362 0.418400
v -2.756040 4.884161 0.389140
v -2.856040 4.884161 0.389140
v -2.756040 4.804220 0.309200
v -2.856040 4.804223 0.309200
v -2.756040 4.774962 0.200000
v -2.856040 4.774962 0.200000
v -2.756040 4.804220 0.090800
v -2.856040 4.804223 0.090800
v -2.756040 4.884161 0.010860
v -2.856040 4.884161 0.010860
v -2.856040 4.993362 -0.018400
v -1.706041 4.738361 0.086666
v -1.706041 4.738361 1.313333
v -1.870620 4.791835 1.313333
v -1.870620 4.791835 0.086666
v -1.972336 4.931836 1.313333
v -1.972336 4.931836 0.086666
v -1.972336 5.104885 1.313333
v -1.972336 5.104885 0.086666
v -1.870620 5.244885 1.313333
v -1.870620 5.244885 0.086666
v -1.706041 5.298360 1.313333
v -1.706041 5.298360 0.086666
v -1.541461 5.244885 1.313333
v -1.541461 5.244885 0.086666
v -1.439745 5.104885 1.313333
v -1.439745 5.104885 0.086666
v -1.439745 4.931836 1.313333
v -1.439745 4.931836 0.086666
v -1.541461 4.791836 1.313333
v -1.541461 4.791836 0.086666
v -1.706041 4.710361 -0.100001
v -1.887078 4.769183 -0.100001
v -1.825275 4.854248 1.499999
v -1.706041 4.815507 1.499999
v -1.706041 4.710361 1.313333
v -1.887078 4.769183 0.086666
v -1.998966 4.923183 -0.100001
v -1.898966 4.955675 1.499999
v -1.998966 4.923183 0.086666
v -1.998966 5.113538 -0.100001
v -1.898966 5.081046 1.499999
v -1.998966 5.113538 0.086666
v -1.887078 5.267538 -0.100001
v -1.825275 5.182473 1.499999
v -1.887078 5.267538 0.086666
v -1.706041 5.326361 -0.100001
v -1.706041 5.221214 1.499999
v -1.706041 5.326361 0.086666
v -1.525003 5.267538 -0.100001
v -1.586806 5.182473 1.499999
v -1.525003 5.267538 0.086666
v -1.413115 5.113538 -0.100001
v -1.513115 5.081046 1.499999
v -1.413115 5.113538 0.086666
v -1.413115 4.923183 -0.100001
v -1.513115 4.955675 1.500000
v -1.413115 4.923183 0.086666
v -1.525003 4.769183 -0.100001
v -1.586806 4.854249 1.499999
v -1.525003 4.769183 0.086666
v -1.706041 4.710361 0.086666
v -1.887078 4.769183 1.313333
v -1.998966 4.923183 1.313333
v -1.998966 5.113538 1.313333
v -1.887078 5.267538 1.313333
v -1.706041 5.326361 1.313333
v -1.525003 5.267538 1.313333
v -1.413115 5.113538 1.313333
v -1.413115 4.923183 1.313333
v -1.525003 4.769183 1.313333
v -1.887078 4.769183 1.499999
v -1.706041 4.710361 1.499999
v -1.998966 4.923183 1.499999
v -1.998966 5.113538 1.499999
v -1.887078 5.267538 1.499999
v -1.706041 5.326361 1.499999
v -1.525003 5.267538 1.499999
v -1.413115 5.113538 1.500000
v -1.413115 4.923183 1.500000
v -1.525003 4.769183 1.499999
v -2.156111 4.769183 0.086666
v -2.156111 4.769183 -0.100001
v -2.156111 4.923183 -0.100001
v -2.156111 4.923183 1.499999
v -2.156111 4.769183 1.499999
v -2.156111 4.923183 0.086666
v -2.156111 5.113538 0.086666
v -2.156111 5.113538 -0.100001
v -2.156111 5.267538 -0.100001
v -2.156111 5.267538 1.499999
v -2.156111 5.113538 1.499999
v -2.156111 5.267538 0.086666
v -2.156111 4.769183 1.313333
v -2.156111 4.923183 1.313333
v -2.156111 5.113538 1.313333
v -2.156111 5.267538 1.313333
v -3.491155 5.681170 -0.067288
v -3.469195 5.681170 -0.045329
v -3.554372 5.681170 -0.080610
v -3.523317 5.681170 -0.080610
v -3.455874 5.681170 -0.013168
v -3.455874 5.681170 0.017888
v -3.469195 5.681170 0.050049
v -3.491155 5.681170 0.072009
v -3.523317 5.681170 0.085330
v -3.554372 5.681170 0.085330
v -3.586533 5.681170 0.072009
v -3.608493 5.681170 0.050049
v -3.621814 5.681170 0.017888
v -3.621814 5.681170 -0.013168
v -3.608493 5.681170 -0.045329
v -3.586533 5.681170 -0.067288
v -3.574477 5.181170 -0.180522
v -3.503212 5.181170 -0.180522
v -3.434724 5.181170 -0.152153
v -3.384331 5.181170 -0.101761
v -3.355962 5.181170 -0.033273
v -3.355962 5.181170 0.037993
v -3.384331 5.181170 0.106481
v -3.434724 5.181170 0.156873
v -3.503212 5.181170 0.185242
v -3.574477 5.181170 0.185242
v -3.642965 5.181170 0.156873
v -3.693357 5.181170 0.106481
v -3.721726 5.181170 0.037993
v -3.721726 5.181170 -0.033273
v -3.693357 5.181170 -0.101761
v -3.642965 5.181170 -0.152153
v -3.384331 5.681170 -0.101761
v -3.434724 5.681170 -0.152153
v -3.503212 5.681170 -0.180522
v -3.574477 5.681170 -0.180522
v -3.355962 5.681170 0.037993
v -3.355962 5.681170 -0.033273
v -3.434724 5.681170 0.156873
v -3.384331 5.681170 0.106481
v -3.574477 5.681170 0.185242
v -3.503212 5.681170 0.185242
v -3.693357 5.681170 0.106481
v -3.642965 5.681170 0.156873
v -3.721726 5.681170 -0.033273
v -3.721726 5.681170 0.037993
v -3.642965 5.681170 -0.152153
v -3.693357 5.681170 -0.101761
v -3.536156 3.727114 -3.209001
v -3.536156 3.727114 -2.509000
v -3.461156 3.707019 -3.209001
v -3.461156 3.707019 -2.509000
v -3.406252 3.652115 -3.209001
v -3.406252 3.652115 -2.509000
v -3.386156 3.577115 -3.209001
v -3.386156 3.577115 -2.509000
v -3.406252 3.502115 -3.209001
v -3.406252 3.502115 -2.509000
v -3.461156 3.447211 -3.209001
v -3.461156 3.447211 -2.509000
v -3.536156 3.427115 -3.209001
v -3.536156 3.427115 -2.509000
v -3.611156 3.447211 -3.209001
v -3.611156 3.447211 -2.509000
v -3.666060 3.502115 -3.209001
v -3.666060 3.502115 -2.509000
v -3.686156 3.577115 -3.209001
v -3.686156 3.577115 -2.509000
v -3.666060 3.652115 -3.209001
v -3.666060 3.652115 -2.509000
v -3.611156 3.707019 -3.209001
v -3.611156 3.707019 -2.509000
v -2.536155 3.727113 -3.209000
v -2.536155 3.727113 -2.508999
v -2.461156 3.707018 -3.209000
v -2.461156 3.707018 -2.508999
v -2.406252 3.652114 -3.209000
v -2.406252 3.652114 -2.508999
v -2.386155 3.577113 -3.209000
v -2.386155 3.577113 -2.508999
v -2.406252 3.502114 -3.209000
v -2.406252 3.502114 -2.508999
v -2.461156 3.447210 -3.209000
v -2.461156 3.447210 -2.508999
v -2.536155 3.427115 -3.209000
v -2.536155 3.427115 -2.508999
v -2.611156 3.447210 -3.209000
v -2.611156 3.447210 -2.508999
v -2.666059 3.502114 -3.209000
v -2.666059 3.502114 -2.508999
v -2.686155 3.577113 -3.209000
v -2.686155 3.577113 -2.508999
v -2.666059 3.652114 -3.209000
v -2.666059 3.652114 -2.508999
v -2.611156 3.707018 -3.209000
v -2.611156 3.707018 -2.508999
v 1.731154 3.514132 -2.720000
v 1.731154 3.415651 -2.818480
v 1.731154 3.444494 -2.748844
v 1.731154 3.770651 -2.818480
v 1.731154 3.672169 -2.720000
v 1.731154 3.741807 -2.748844
v 1.731154 3.415651 -2.981519
v 1.731154 3.514132 -3.080000
v 1.731154 3.444494 -3.051156
v 1.731154 3.672169 -3.080000
v 1.731154 3.770651 -2.981519
v 1.731154 3.741807 -3.051156
v 0.831154 3.672169 -2.720000
v 0.831154 3.770651 -2.818480
v 0.831154 3.741807 -2.748844
v 0.831154 3.415651 -2.818480
v 0.831154 3.514132 -2.720000
v 0.831154 3.444494 -2.748844
v 0.831154 3.514132 -3.080000
v 0.831154 3.415651 -2.981519
v 0.831154 3.444494 -3.051156
v 0.831154 3.770651 -2.981519
v 0.831154 3.672169 -3.080000
v 0.831154 3.741807 -3.051156
v -3.536156 3.727115 3.209000
v -3.536156 3.727115 2.508999
v -3.461156 3.707019 3.209000
v -3.461156 3.707019 2.508999
v -3.406252 3.652115 3.209000
v -3.406252 3.652115 2.508999
v -3.386156 3.577115 3.209000
v -3.386156 3.577115 2.508999
v -3.406252 3.502115 3.209000
v -3.406252 3.502115 2.508999
v -3.461156 3.447211 3.209000
v -3.461156 3.447211 2.508999
v -3.536156 3.427115 3.209000
v -3.536156 3.427115 2.508999
v -3.611156 3.447211 3.209000
v -3.611156 3.447211 2.508999
v -3.666060 3.502115 3.209000
v -3.666060 3.502115 2.508999
v -3.686156 3.577115 3.209000
v -3.686156 3.577115 2.508999
v -3.666060 3.652115 3.209000
v -3.666060 3.652115 2.508999
v -3.611156 3.707019 3.209000
v -3.611156 3.707019 2.508999
v -2.536155 3.727114 3.209000
v -2.536155 3.727114 2.508999
v -2.461156 3.707018 3.209000
v -2.461156 3.707018 2.508999
v -2.406252 3.652114 3.209000
v -2.406252 3.652114 2.508999
v -2.386155 3.577114 3.209000
v -2.386155 3.577114 2.508999
v -2.406252 3.502114 3.209000
v -2.406252 3.502114 2.508999
v -2.461156 3.447210 3.209000
v -2.461156 3.447210 2.508999
v -2.536155 3.427115 3.209000
v -2.536155 3.427115 2.508999
v -2.611156 3.447210 3.209000
v -2.611156 3.447210 2.508999
v -2.666059 3.502114 3.209000
v -2.666059 3.502114 2.508999
v -2.686155 3.577114 3.209000
v -2.686155 3.577114 2.508999
v -2.666059 3.652114 3.209000
v -2.666059 3.652114 2.508999
v -2.611156 3.707018 3.209000
v -2.611156 3.707018 2.508999
v 1.731154 3.514132 2.720000
v 1.731154 3.415651 2.818480
v 1.731154 3.444495 2.748844
v 1.731154 3.770651 2.818480
v 1.731154 3.672170 2.720000
v 1.731154 3.741807 2.748844
v 1.731154 3.415651 2.981519
v 1.731154 3.514132 3.080000
v 1.731154 3.444495 3.051156
v 1.731154 3.672170 3.080000
v 1.731154 3.770651 2.981519
v 1.731154 3.741807 3.051156
v 0.831154 3.672170 2.720000
v 0.831154 3.770651 2.818480
v 0.831154 3.741807 2.748844
v 0.831154 3.415651 2.818480
v 0.831154 3.514132 2.720000
v 0.831154 3.444495 2.748844
v 0.831154 3.514132 3.080000
v 0.831154 3.415651 2.981519
v 0.831154 3.444495 3.051156
v 0.831154 3.770651 2.981519
v 0.831154 3.672170 3.080000
v 0.831154 3.741807 3.051156
v -3.335645 4.697251 1.589842
v -3.330730 4.918855 1.589842
v -3.496728 4.926917 1.589842
v -3.501643 4.705312 1.589842
v -3.664166 4.922730 1.589842
v -3.664166 4.700980 1.589842
v -3.549942 4.911325 2.380660
v -3.447750 4.911325 2.380660
v -3.384623 4.911497 2.368104
v -3.290210 4.912041 2.328999
v -3.236693 4.912539 2.293242
v -3.164433 4.913542 2.220984
v -3.128673 4.914285 2.167470
v -3.089567 4.915597 2.073061
v -3.077010 4.916474 2.009937
v -3.077010 4.917894 1.907752
v -3.089567 4.918771 1.844626
v -3.121491 4.919934 1.746201
v -3.171614 4.920976 1.637177
v -3.245473 4.920452 1.589842
v -3.752219 4.921912 1.589842
v -3.826078 4.920976 1.637177
v -3.876201 4.919934 1.746201
v -3.908126 4.918771 1.844626
v -3.920683 4.917894 1.907752
v -3.920683 4.916474 2.009937
v -3.908126 4.915597 2.073061
v -3.869019 4.914285 2.167470
v -3.833259 4.913542 2.220984
v -3.760999 4.912539 2.293242
v -3.707482 4.912041 2.328999
v -3.613070 4.911497 2.368104
v -3.290210 4.690292 2.327427
v -3.384623 4.689748 2.366532
v -3.447750 4.689574 2.379088
v -3.549942 4.689574 2.379088
v -3.164433 4.691793 2.219414
v -3.236693 4.690788 2.291670
v -3.089567 4.693848 2.071491
v -3.128673 4.692536 2.165898
v -3.077010 4.696145 1.906180
v -3.077010 4.694725 2.008365
v -3.121631 4.698187 1.744693
v -3.089567 4.697022 1.843054
v -3.245473 4.698791 1.589842
v -3.171475 4.699224 1.637112
v -3.826217 4.699224 1.637112
v -3.752219 4.700163 1.589842
v -3.908126 4.697022 1.843054
v -3.876062 4.698187 1.744693
v -3.920683 4.694725 2.008365
v -3.920683 4.696145 1.906180
v -3.869019 4.692536 2.165898
v -3.908126 4.693848 2.071491
v -3.760999 4.690788 2.291670
v -3.833259 4.691793 2.219413
v -3.613070 4.689748 2.366532
v -3.707482 4.690292 2.327427
v -3.478095 4.760822 1.039842
v -3.519593 4.760822 1.039842
v -3.440195 4.818508 1.039842
v -3.453019 4.779040 1.039842
v -3.483346 4.872378 1.039842
v -3.449773 4.847986 1.039842
v -3.547914 4.847986 1.039842
v -3.514341 4.872378 1.039842
v -3.544669 4.779040 1.039842
v -3.557492 4.818508 1.039842
v -4.781232 2.932592 -1.650000
v -5.062145 3.025678 -1.650000
v -4.781232 2.932592 -0.000000
v -5.062145 3.025678 -0.000000
v -4.781232 2.932592 1.650000
v -5.062145 3.025678 1.650000
v -5.093599 2.930754 -1.650000
v -4.812687 2.837668 -1.650000
v -4.812687 2.837668 -0.000000
v -5.093599 2.930754 -0.000000
v -5.093599 2.930754 1.650000
v -4.812687 2.837668 1.650000
v 1.685385 4.833217 0.181161
v 1.761157 4.833217 0.181161
v 1.836928 4.833217 0.181161
v 1.685385 4.833217 0.442360
v 1.761157 4.833217 0.442360
v 1.836928 4.833217 0.442360
v 1.685385 4.483217 0.181161
v 1.761157 4.483217 0.181161
v 1.836928 4.483217 0.181161
v 1.685385 4.483217 0.442360
v 1.761157 4.483217 0.442360
v 1.836928 4.483217 0.442360
v 2.536928 4.483217 0.442360
v 2.536928 4.483217 0.181161
v 2.536928 4.833217 0.442360
v 2.536928 4.833217 0.181161
v 1.185385 4.833217 0.181161
v 1.185385 4.833217 0.442360
v 1.185385 4.483217 0.181161
v 1.185385 4.483217 0.442360
v 1.461156 4.481168 1.362360
v 1.461156 5.281169 1.362360
v 1.461156 4.481168 1.122360
v 1.461156 5.281169 1.122360
v 2.261156 4.481168 1.362360
v 2.261156 5.281169 1.362360
v 2.261156 4.481168 1.122360
v 2.261156 5.281169 1.122360
v -4.722684 1.597480 -2.978399
v -4.798494 1.674436 -2.870399
v -4.744888 1.620020 -2.902031
v -4.828821 1.705220 -2.870399
v -4.904632 1.782176 -2.978399
v -4.882427 1.759636 -2.902031
v -4.798494 1.674436 -3.129599
v -4.722684 1.597480 -3.021599
v -4.744888 1.620020 -3.097966
v -4.904632 1.782176 -3.021599
v -4.828821 1.705220 -3.129599
v -4.882427 1.759636 -3.097966
v -3.732173 2.785939 -2.870399
v -3.760284 2.813639 -2.870399
v -3.682483 2.736975 -3.097966
v -3.661900 2.716693 -2.978399
v -3.809975 2.862602 -2.902031
v -3.760284 2.813639 -3.129599
v -3.682483 2.736975 -2.902031
v -3.661900 2.716693 -3.021599
v -3.830557 2.882884 -3.021599
v -3.830557 2.882884 -2.978399
v -3.732173 2.785939 -3.129599
v -3.809975 2.862602 -3.097966
v -1.333530 1.617309 -3.029601
v -1.259007 1.695513 -3.137601
v -1.311703 1.640215 -3.105968
v -1.229196 1.726796 -3.137601
v -1.154674 1.804999 -3.029601
v -1.176501 1.782094 -3.105969
v -1.259007 1.695513 -2.878401
v -1.333530 1.617309 -2.986401
v -1.311703 1.640215 -2.910034
v -1.154674 1.804999 -2.986401
v -1.229196 1.726796 -2.878401
v -1.176501 1.782094 -2.910034
v -2.343631 2.789163 -3.137601
v -2.315984 2.817326 -3.137601
v -2.392502 2.739381 -2.910033
v -2.412746 2.718761 -3.029601
v -2.267113 2.867108 -3.105968
v -2.315984 2.817326 -2.878401
v -2.392502 2.739381 -3.105968
v -2.412746 2.718761 -2.986401
v -2.246870 2.887728 -2.986401
v -2.246870 2.887728 -3.029601
v -2.343631 2.789163 -2.878401
v -2.267113 2.867108 -2.910033
v 5.244678 3.418308 -3.161206
v 5.268585 3.479830 -3.133089
v 5.278487 3.505314 -3.065206
v 5.268585 3.479830 -2.997324
v 5.244678 3.418308 -2.969206
v 5.220771 3.356786 -2.997324
v 5.210868 3.331303 -3.065206
v 5.220771 3.356786 -3.133089
v 2.824815 4.309181 -3.161206
v 2.844163 4.372970 -3.133089
v 2.852177 4.399392 -3.065206
v 2.844163 4.372970 -2.997324
v 2.824815 4.309181 -2.969206
v 2.805468 4.245393 -2.997324
v 2.797454 4.218970 -3.065206
v 2.805468 4.245393 -3.133089
v 2.391372 4.533703 -2.859700
v 1.810901 4.533703 -2.859700
v 2.388681 4.533701 -3.271708
v 1.808210 4.533701 -3.271708
v 1.810901 4.283167 -2.859700
v 2.291372 4.283167 -2.859700
v 1.808210 4.283165 -3.271708
v 2.288681 4.283165 -3.271708
v 2.083865 4.283167 -2.954781
v 2.153865 4.283167 -3.024781
v 1.934267 4.283167 -3.024781
v 2.004267 4.283167 -2.954781
v 2.153865 4.283167 -3.094619
v 2.083865 4.283166 -3.164619
v 2.004267 4.283166 -3.164619
v 1.934267 4.283167 -3.094619
v 2.004267 3.883167 -2.954781
v 1.934267 3.883167 -3.024781
v 2.153865 3.883167 -3.024781
v 2.083865 3.883167 -2.954781
v 1.934267 3.883167 -3.094619
v 2.004267 3.883167 -3.164619
v 2.083865 3.883167 -3.164619
v 2.153865 3.883167 -3.094619
v 2.426169 4.178434 -2.772350
v 2.426169 4.578435 -2.772350
v 2.426169 4.178432 -3.271819
v 2.426169 4.178432 -3.359169
v 2.426169 4.578434 -3.271819
v 2.426169 4.578434 -3.359169
v 2.426169 4.578435 -2.859700
v 2.426169 4.178434 -2.859700
v 1.726169 4.238435 -2.772350
v 1.786169 4.178434 -2.772350
v 1.743743 4.196009 -2.772350
v 1.786169 4.578435 -2.772350
v 1.726169 4.518435 -2.772350
v 1.743743 4.560863 -2.772350
v 1.726169 4.238433 -3.271819
v 1.786169 4.178432 -3.271819
v 1.743743 4.196008 -3.271819
v 1.786169 4.178432 -3.359169
v 1.726169 4.238433 -3.359169
v 1.743743 4.196008 -3.359169
v 1.786169 4.578434 -3.271819
v 1.726169 4.518435 -3.271819
v 1.743743 4.560862 -3.271819
v 1.726169 4.518435 -3.359169
v 1.786169 4.578434 -3.359169
v 1.743743 4.560862 -3.359169
v 1.726169 4.518435 -2.859700
v 1.786169 4.578435 -2.859700
v 1.743743 4.560863 -2.859700
v 1.786169 4.178434 -2.859700
v 1.726169 4.238435 -2.859700
v 1.743743 4.196009 -2.859700
v 1.786169 4.378435 -2.859700
v 1.786169 4.378435 -2.772350
v 1.786169 4.378434 -3.271819
v 1.786169 4.378434 -3.359169
v 2.391372 4.533703 -2.859700
v 1.810901 4.533703 -2.859700
v 2.388681 4.533701 -3.271708
v 1.808210 4.533701 -3.271708
v 1.810901 4.283167 -2.859700
v 2.291372 4.283167 -2.859700
v 1.808210 4.283165 -3.271708
v 2.288681 4.283165 -3.271708
v 2.083865 4.283167 -2.954781
v 2.153865 4.283167 -3.024781
v 1.934267 4.283167 -3.024781
v 2.004267 4.283167 -2.954781
v 2.153865 4.283167 -3.094619
v 2.083865 4.283166 -3.164619
v 2.004267 4.283166 -3.164619
v 1.934267 4.283167 -3.094619
v 2.004267 3.883167 -2.954781
v 1.934267 3.883167 -3.024781
v 2.153865 3.883167 -3.024781
v 2.083865 3.883167 -2.954781
v 1.934267 3.883167 -3.094619
v 2.004267 3.883167 -3.164619
v 2.083865 3.883167 -3.164619
v 2.153865 3.883167 -3.094619
v 2.426169 4.178434 -2.772350
v 2.426169 4.578435 -2.772350
v 2.426169 4.178432 -3.271819
v 2.426169 4.178432 -3.359169
v 2.426169 4.578434 -3.271819
v 2.426169 4.578434 -3.359169
v 2.426169 4.578435 -2.859700
v 2.426169 4.178434 -2.859700
v 1.726169 4.238435 -2.772350
v 1.786169 4.178434 -2.772350
v 1.743743 4.196009 -2.772350
v 1.786169 4.578435 -2.772350
v 1.726169 4.518435 -2.772350
v 1.743743 4.560863 -2.772350
v 1.726169 4.238433 -3.271819
v 1.786169 4.178432 -3.271819
v 1.743743 4.196008 -3.271819
v 1.786169 4.178432 -3.359169
v 1.726169 4.238433 -3.359169
v 1.743743 4.196008 -3.359169
v 1.786169 4.578434 -3.271819
v 1.726169 4.518435 -3.271819
v 1.743743 4.560862 -3.271819
v 1.726169 4.518435 -3.359169
v 1.786169 4.578434 -3.359169
v 1.743743 4.560862 -3.359169
v 1.726169 4.518435 -2.859700
v 1.786169 4.578435 -2.859700
v 1.743743 4.560863 -2.859700
v 1.786169 4.178434 -2.859700
v 1.726169 4.238435 -2.859700
v 1.743743 4.196009 -2.859700
v 1.786169 4.378435 -2.859700
v 1.786169 4.378435 -2.772350
v 1.786169 4.378434 -3.271819
v 1.786169 4.378434 -3.359169
v 5.541373 3.107512 -3.489860
v 5.541373 3.281927 -3.489860
v 5.650983 3.107512 -3.475429
v 5.650983 3.281927 -3.475429
v 5.753123 3.107512 -3.433121
v 5.753123 3.281927 -3.433121
v 5.840834 3.107512 -3.365820
v 5.840834 3.281927 -3.365820
v 5.908135 3.107512 -3.278110
v 5.908135 3.281927 -3.278110
v 5.950442 3.107512 -3.175970
v 5.950442 3.281927 -3.175970
v 5.964873 3.107512 -3.066360
v 5.964873 3.281927 -3.066360
v 5.950442 3.107512 -2.956750
v 5.950442 3.281927 -2.956750
v 5.908135 3.107512 -2.854610
v 5.908135 3.281927 -2.854610
v 5.840834 3.107512 -2.766900
v 5.840834 3.281927 -2.766900
v 5.753123 3.107512 -2.699598
v 5.753123 3.281927 -2.699598
v 5.650983 3.107512 -2.657290
v 5.650983 3.281927 -2.657290
v 5.541373 3.107512 -2.642860
v 5.541373 3.281927 -2.642860
v 5.431764 3.107512 -2.657290
v 5.431764 3.281927 -2.657290
v 5.329623 3.107512 -2.699598
v 5.329623 3.281927 -2.699598
v 5.241913 3.107512 -2.766900
v 5.241913 3.281927 -2.766900
v 5.174611 3.107512 -2.854610
v 5.174611 3.281927 -2.854610
v 5.132304 3.107512 -2.956750
v 5.132304 3.281927 -2.956750
v 5.117873 3.107512 -3.066360
v 5.117873 3.281927 -3.066360
v 5.132304 3.107512 -3.175970
v 5.132304 3.281927 -3.175970
v 5.174611 3.107512 -3.278110
v 5.174611 3.281927 -3.278110
v 5.241913 3.107512 -3.365819
v 5.241913 3.281927 -3.365819
v 5.329623 3.107512 -3.433121
v 5.329623 3.281927 -3.433121
v 5.431764 3.107512 -3.475429
v 5.431764 3.281927 -3.475429
v 5.214118 3.281927 -3.154048
v 5.301806 3.281927 -3.305928
v 5.247964 3.281927 -3.235760
v 5.453685 3.281927 -3.393616
v 5.371973 3.281927 -3.359769
v 5.629062 3.281927 -3.393616
v 5.541373 3.281927 -3.405160
v 5.214118 3.281927 -2.978672
v 5.301806 3.281927 -2.826792
v 5.247964 3.281927 -2.896960
v 5.453685 3.281927 -2.739104
v 5.629062 3.281927 -2.739104
v 5.541373 3.281927 -2.727560
v 5.371973 3.281927 -2.772951
v 5.780941 3.281927 -3.305928
v 5.780941 3.281927 -2.826792
v 5.880174 3.281927 -3.066360
v 5.868629 3.281927 -3.154048
v 5.834784 3.281927 -2.896960
v 5.868629 3.281927 -2.978672
v 5.834784 3.281927 -3.235760
v 5.202573 3.281927 -3.066360
v 5.710774 3.281927 -2.772951
v 5.710774 3.281927 -3.359770
v 5.541373 3.107512 -3.405160
v 5.710774 3.107512 -3.359770
v 5.629062 3.107512 -3.393616
v 5.868629 3.107512 -3.154048
v 5.834784 3.107512 -3.235760
v 5.880174 3.107512 -3.066360
v 5.780941 3.107512 -3.305928
v 5.371973 3.107512 -2.772951
v 5.541373 3.107512 -2.727560
v 5.453685 3.107512 -2.739104
v 5.710774 3.107512 -2.772951
v 5.629062 3.107512 -2.739104
v 5.834784 3.107512 -2.896960
v 5.780941 3.107512 -2.826792
v 5.202573 3.107512 -3.066360
v 5.214118 3.107512 -2.978672
v 5.214118 3.107512 -3.154048
v 5.371973 3.107512 -3.359769
v 5.301806 3.107512 -3.305928
v 5.247964 3.107512 -2.896960
v 5.247964 3.107512 -3.235760
v 5.301806 3.107512 -2.826792
v 5.868629 3.107512 -2.978672
v 5.453685 3.107512 -3.393616
v 5.650983 3.107512 -2.552480
v 5.650983 3.281927 -2.552480
v 5.541373 3.107512 -2.552480
v 5.541373 3.281927 -2.552480
v 5.431764 3.107512 -2.552480
v 5.431764 3.281927 -2.552480
v 4.811640 1.705650 -3.590003
v 4.828924 1.530164 -3.590003
v 4.880112 1.361421 -3.590003
v 4.963235 1.205906 -3.590003
v 5.075102 1.069596 -3.590003
v 5.211412 0.957730 -3.590003
v 5.366926 0.874607 -3.590003
v 5.535669 0.823419 -3.590003
v 5.711156 0.806135 -3.590003
v 5.886643 0.823419 -3.590003
v 6.055387 0.874607 -3.590003
v 6.210900 0.957730 -3.590003
v 6.347209 1.069596 -3.590003
v 6.459077 1.205906 -3.590003
v 6.542201 1.361421 -3.590003
v 6.593389 1.530164 -3.590003
v 6.610672 1.705650 -3.590003
v 6.593389 1.881137 -3.590003
v 6.542201 2.049881 -3.590003
v 6.459077 2.205396 -3.590003
v 6.347209 2.341704 -3.590003
v 6.210900 2.453571 -3.590003
v 6.055387 2.536696 -3.590003
v 5.886643 2.587883 -3.590003
v 5.711156 2.605168 -3.590003
v 5.535669 2.587883 -3.590003
v 5.366926 2.536696 -3.590003
v 5.211412 2.453572 -3.590003
v 5.075102 2.341704 -3.590003
v 4.963236 2.205396 -3.590003
v 4.880112 2.049881 -3.590003
v 4.828924 1.881137 -3.590003
v 4.811640 1.705651 -2.550003
v 4.828924 1.530165 -2.550003
v 4.880112 1.361421 -2.550003
v 4.963235 1.205907 -2.550003
v 5.075102 1.069598 -2.550003
v 5.211412 0.957731 -2.550003
v 5.366926 0.874607 -2.550003
v 5.535669 0.823419 -2.550003
v 5.711156 0.806135 -2.550003
v 5.886643 0.823419 -2.550003
v 6.055387 0.874607 -2.550003
v 6.210900 0.957731 -2.550003
v 6.347209 1.069598 -2.550003
v 6.459077 1.205907 -2.550003
v 6.542201 1.361421 -2.550003
v 6.593389 1.530165 -2.550003
v 6.610672 1.705652 -2.550003
v 6.593389 1.881138 -2.550003
v 6.542201 2.049881 -2.550003
v 6.459077 2.205396 -2.550003
v 6.347209 2.341705 -2.550003
v 6.210900 2.453571 -2.550003
v 6.055387 2.536696 -2.550003
v 5.886643 2.587883 -2.550003
v 5.711156 2.605167 -2.550003
v 5.535669 2.587883 -2.550003
v 5.366926 2.536696 -2.550003
v 5.211412 2.453572 -2.550003
v 5.075102 2.341705 -2.550003
v 4.963235 2.205396 -2.550003
v 4.880112 2.049881 -2.550003
v 4.828924 1.881138 -2.550003
v 5.711156 1.905651 -3.406668
v 5.711156 1.905651 -3.253334
v 5.811156 1.878856 -3.253335
v 5.811156 1.878856 -3.406668
v 5.884361 1.805651 -3.253335
v 5.884361 1.805651 -3.406668
v 5.911157 1.705650 -3.253335
v 5.911157 1.705650 -3.406668
v 5.884361 1.605650 -3.253335
v 5.884361 1.605650 -3.406668
v 5.811156 1.532445 -3.253335
v 5.811156 1.532445 -3.406668
v 5.711156 1.505651 -3.253335
v 5.711156 1.505651 -3.406668
v 5.611156 1.532445 -3.253335
v 5.611156 1.532445 -3.406668
v 5.537951 1.605650 -3.253335
v 5.537951 1.605650 -3.406668
v 5.511156 1.705650 -3.253335
v 5.511156 1.705650 -3.406668
v 5.537951 1.805651 -3.253335
v 5.537951 1.805651 -3.406668
v 5.611156 1.878856 -3.253335
v 5.611156 1.878856 -3.406668
v 5.892329 2.581799 -2.906668
v 5.892329 2.581799 -2.653334
v 5.992330 2.555004 -2.653334
v 5.992330 2.555004 -2.906668
v 6.560510 1.986824 -2.653334
v 6.560510 1.986824 -2.906668
v 6.587304 1.886825 -2.653334
v 6.587304 1.886825 -2.906668
v 6.379336 1.110676 -2.653335
v 6.379336 1.110676 -2.906668
v 6.306131 1.037471 -2.653335
v 6.306131 1.037471 -2.906668
v 5.529984 0.829503 -2.653335
v 5.529984 0.829503 -2.906668
v 5.429983 0.856298 -2.653335
v 5.429983 0.856297 -2.906668
v 4.861803 1.424478 -2.653334
v 4.861803 1.424478 -2.906668
v 4.835009 1.524478 -2.653334
v 4.835009 1.524478 -2.906668
v 5.042976 2.300626 -2.653334
v 5.042976 2.300626 -2.906668
v 5.116181 2.373831 -2.653334
v 5.116181 2.373831 -2.906668
v 5.711156 1.905651 -2.815557
v 5.711156 1.905651 -2.717779
v 5.811156 1.878856 -2.717779
v 5.811156 1.878856 -2.815557
v 5.884361 1.805651 -2.717779
v 5.884361 1.805651 -2.815557
v 5.911157 1.705651 -2.717779
v 5.911157 1.705651 -2.815557
v 5.884361 1.605651 -2.717779
v 5.884361 1.605651 -2.815557
v 5.811156 1.532446 -2.717779
v 5.811156 1.532446 -2.815557
v 5.711156 1.505651 -2.717779
v 5.711156 1.505651 -2.815557
v 5.611156 1.532446 -2.717779
v 5.611156 1.532446 -2.815557
v 5.537951 1.605651 -2.717779
v 5.537951 1.605651 -2.815557
v 5.511156 1.705651 -2.717779
v 5.511156 1.705651 -2.815557
v 5.537951 1.805651 -2.717779
v 5.537951 1.805651 -2.815557
v 5.611156 1.878856 -2.717779
v 5.611156 1.878856 -2.815557
v 6.306131 2.373831 -2.717779
v 6.306131 2.373831 -2.815557
v 6.379336 2.300626 -2.717779
v 6.379336 2.300626 -2.815557
v 5.992331 0.856298 -2.717779
v 5.992331 0.856297 -2.815557
v 5.892330 0.829503 -2.717779
v 5.892330 0.829503 -2.815557
v 4.835009 1.886825 -2.717779
v 4.835009 1.886825 -2.815557
v 4.861803 1.986824 -2.717779
v 4.861803 1.986824 -2.815557
v 5.841680 2.392770 -3.226019
v 5.814449 2.291145 -3.364587
v 5.789036 2.196303 -3.448748
v 5.750375 2.052018 -3.471609
v 5.914450 2.264352 -3.364587
v 5.941679 2.365974 -3.226019
v 5.850375 2.025224 -3.471610
v 5.889036 2.169508 -3.448748
v 6.057525 1.744869 -3.471610
v 6.201808 1.783530 -3.448748
v 6.296651 1.808944 -3.364587
v 6.398275 1.836174 -3.226019
v 6.175014 1.883531 -3.448748
v 6.030729 1.844870 -3.471610
v 6.371480 1.936173 -3.226019
v 6.269856 1.908944 -3.364587
v 5.504007 1.986004 -3.471610
v 5.398384 2.091629 -3.448748
v 5.328955 2.161057 -3.364587
v 5.254560 2.235452 -3.226019
v 5.325178 2.018424 -3.448748
v 5.430802 1.912799 -3.471610
v 5.181355 2.162247 -3.226019
v 5.255750 2.087852 -3.364587
v 5.247298 1.527771 -3.448748
v 5.391584 1.566432 -3.471610
v 5.050832 1.475128 -3.226019
v 5.152456 1.502357 -3.364587
v 5.125661 1.602357 -3.364587
v 5.024037 1.575128 -3.226019
v 5.364789 1.666431 -3.471610
v 5.220503 1.627770 -3.448748
v 5.571938 1.386078 -3.471610
v 5.533277 1.241793 -3.448748
v 5.507863 1.146951 -3.364587
v 5.480633 1.045326 -3.226019
v 5.633276 1.214997 -3.448748
v 5.671937 1.359283 -3.471610
v 5.580633 1.018532 -3.226019
v 5.607863 1.120155 -3.364587
v 6.097135 1.392879 -3.448748
v 5.991510 1.498503 -3.471610
v 6.240957 1.249054 -3.226019
v 6.166564 1.323449 -3.364587
v 6.093359 1.250244 -3.364587
v 6.167752 1.175849 -3.226019
v 5.918305 1.425298 -3.471610
v 6.023930 1.319673 -3.448748
v 5.711156 1.905651 -2.197334
v 5.811156 1.878856 -2.197334
v 5.884361 1.805651 -2.197334
v 5.911157 1.705651 -2.197334
v 5.884361 1.605651 -2.197334
v 5.811156 1.532446 -2.197335
v 5.711156 1.505651 -2.197335
v 5.611156 1.532446 -2.197335
v 5.537951 1.605651 -2.197334
v 5.511156 1.705651 -2.197334
v 5.537951 1.805651 -2.197334
v 5.611156 1.878856 -2.197334
v 5.711156 1.965651 -2.197288
v 5.841156 1.930818 -2.197288
v 5.936323 1.835651 -2.197288
v 5.971156 1.705651 -2.197288
v 5.936323 1.575651 -2.197288
v 5.841156 1.480485 -2.197289
v 5.711156 1.445651 -2.197289
v 5.581156 1.480485 -2.197289
v 5.485991 1.575651 -2.197288
v 5.451157 1.705651 -2.197288
v 5.485991 1.835651 -2.197288
v 5.581156 1.930818 -2.197288
v 6.080076 2.596302 -3.590003
v 5.899230 2.651162 -3.590003
v 5.899230 0.760140 -3.590003
v 6.080076 0.815000 -3.590003
v 5.711156 2.669685 -3.590003
v 6.246745 0.904086 -3.590003
v 5.523082 2.651162 -3.590003
v 6.392829 1.023975 -3.590003
v 5.342237 2.596302 -3.590003
v 6.512721 1.170063 -3.590003
v 5.175568 2.507216 -3.590003
v 6.601808 1.336730 -3.590003
v 4.747122 1.705650 -3.590003
v 4.765646 1.517578 -3.590003
v 5.029481 2.387325 -3.590003
v 6.656666 1.517578 -3.590003
v 4.820505 1.336731 -3.590003
v 4.909592 2.241240 -3.590003
v 6.675189 1.705650 -3.590003
v 4.909592 1.170063 -3.590003
v 4.820505 2.074571 -3.590003
v 6.656666 1.893724 -3.590003
v 5.029481 1.023975 -3.590003
v 4.765646 1.893724 -3.590003
v 6.601808 2.074571 -3.590003
v 5.175568 0.904086 -3.590003
v 6.512721 2.241240 -3.590003
v 5.342237 0.815000 -3.590003
v 6.392829 2.387325 -3.590003
v 5.523082 0.760140 -3.590003
v 6.246745 2.507216 -3.590003
v 5.711156 0.741617 -3.590003
v 4.767918 1.517337 -2.550003
v 4.822524 1.337320 -2.550003
v 4.911202 1.171415 -2.550003
v 5.030542 1.025999 -2.550003
v 5.175960 0.906659 -2.550003
v 5.341864 0.817981 -2.550003
v 5.521880 0.763374 -2.550003
v 5.709091 0.744935 -2.550003
v 5.896302 0.763374 -2.550003
v 6.076318 0.817981 -2.550003
v 6.242223 0.906659 -2.550003
v 6.387640 1.025999 -2.550003
v 6.506979 1.171415 -2.550003
v 6.595658 1.337320 -2.550003
v 6.650266 1.517337 -2.550003
v 6.668704 1.704548 -2.550003
v 6.650266 1.891759 -2.550003
v 6.595658 2.071775 -2.550003
v 6.506979 2.237680 -2.550003
v 6.387640 2.383096 -2.550003
v 6.242223 2.502436 -2.550003
v 6.076320 2.591114 -2.550003
v 5.896302 2.645722 -2.550003
v 5.709091 2.664160 -2.550003
v 5.521880 2.645722 -2.550003
v 5.341864 2.591114 -2.550003
v 5.175960 2.502437 -2.550003
v 5.030542 2.383096 -2.550003
v 4.911202 2.237680 -2.550003
v 4.822524 2.071776 -2.550003
v 4.767918 1.891759 -2.550003
v 4.749478 1.704548 -2.550003
v 5.741158 2.017617 -3.303013
v 5.796651 2.224720 -3.270198
v 5.806835 2.262729 -3.236470
v 5.845921 2.408598 -3.037573
v 5.896651 2.197926 -3.270198
v 5.841158 1.990823 -3.303013
v 5.945920 2.381803 -3.037573
v 5.906836 2.235933 -3.236470
v 6.414104 1.840415 -3.037573
v 6.268234 1.801330 -3.236470
v 6.230227 1.791145 -3.270198
v 6.023122 1.735652 -3.303013
v 5.996328 1.835651 -3.303013
v 6.203431 1.891146 -3.270198
v 6.241439 1.901330 -3.236470
v 6.387308 1.940415 -3.037573
v 5.242974 2.247039 -3.037573
v 5.349757 2.140255 -3.236470
v 5.377582 2.112432 -3.270198
v 5.529191 1.960821 -3.303013
v 5.276552 2.067050 -3.236470
v 5.169769 2.173834 -3.037573
v 5.455986 1.887616 -3.303013
v 5.304377 2.039226 -3.270198
v 5.192086 1.620156 -3.270198
v 5.399190 1.675650 -3.303013
v 5.008210 1.570887 -3.037573
v 5.154078 1.609972 -3.236470
v 5.180873 1.509972 -3.236470
v 5.035006 1.470887 -3.037573
v 5.425985 1.575649 -3.303013
v 5.218882 1.520156 -3.270198
v 5.476392 1.029500 -3.037573
v 5.515477 1.175367 -3.236471
v 5.525662 1.213376 -3.270199
v 5.581155 1.420480 -3.303013
v 5.615478 1.148572 -3.236471
v 5.576392 1.002705 -3.037573
v 5.681155 1.393684 -3.303013
v 5.625661 1.186581 -3.270199
v 5.966327 1.523685 -3.303013
v 6.117937 1.372076 -3.270198
v 6.145761 1.344252 -3.236470
v 6.252544 1.237469 -3.037573
v 6.044732 1.298871 -3.270199
v 5.893121 1.450480 -3.303013
v 6.179339 1.164264 -3.037573
v 6.072556 1.271047 -3.236471
v -4.738781 1.617310 3.029601
v -4.813304 1.695513 3.137601
v -4.760609 1.640215 3.105968
v -4.843115 1.726797 3.137601
v -4.917637 1.805000 3.029601
v -4.895810 1.782095 3.105968
v -4.813304 1.695513 2.878401
v -4.738781 1.617310 2.986401
v -4.760609 1.640215 2.910033
v -4.917637 1.805000 2.986401
v -4.843115 1.726797 2.878401
v -4.895810 1.782095 2.910033
v -3.728680 2.789164 3.137601
v -3.756327 2.817326 3.137601
v -3.679809 2.739381 2.910033
v -3.659566 2.718761 3.029601
v -3.805198 2.867108 3.105968
v -3.756327 2.817326 2.878401
v -3.679809 2.739381 3.105968
v -3.659566 2.718761 2.986401
v -3.825441 2.887728 2.986401
v -3.825441 2.887728 3.029601
v -3.728680 2.789164 2.878401
v -3.805198 2.867108 2.910033
v -1.333530 1.617310 2.978399
v -1.259007 1.695513 2.870399
v -1.311703 1.640215 2.902031
v -1.229196 1.726797 2.870399
v -1.154674 1.805000 2.978399
v -1.176501 1.782095 2.902031
v -1.259007 1.695513 3.129599
v -1.333530 1.617310 3.021599
v -1.311703 1.640215 3.097966
v -1.154674 1.805000 3.021599
v -1.229196 1.726797 3.129599
v -1.176501 1.782095 3.097966
v -2.343631 2.789164 2.870399
v -2.315984 2.817326 2.870399
v -2.392502 2.739381 3.097967
v -2.412746 2.718761 2.978399
v -2.267113 2.867108 2.902032
v -2.315984 2.817326 3.129599
v -2.392502 2.739381 2.902032
v -2.412746 2.718761 3.021599
v -2.246870 2.887728 3.021599
v -2.246870 2.887728 2.978399
v -2.343631 2.789164 3.129599
v -2.267113 2.867108 3.097967
v 5.244677 3.418308 2.958194
v 5.268583 3.479830 2.986311
v 5.278485 3.505314 3.054194
v 5.268583 3.479830 3.122076
v 5.244677 3.418308 3.150194
v 5.220769 3.356786 3.122076
v 5.210867 3.331303 3.054194
v 5.220769 3.356786 2.986311
v 2.824813 4.309181 2.958194
v 2.844161 4.372971 2.986311
v 2.852175 4.399392 3.054194
v 2.844161 4.372971 3.122076
v 2.824813 4.309181 3.150194
v 2.805466 4.245393 3.122076
v 2.797452 4.218971 3.054194
v 2.805466 4.245393 2.986311
v 2.391370 4.533703 3.259700
v 1.810899 4.533703 3.259700
v 2.388679 4.533703 2.847692
v 1.808208 4.533703 2.847692
v 1.810899 4.283167 3.259700
v 2.291371 4.283167 3.259700
v 1.808208 4.283167 2.847692
v 2.288679 4.283167 2.847692
v 2.083863 4.283167 3.164619
v 2.153863 4.283167 3.094619
v 1.934265 4.283167 3.094619
v 2.004265 4.283167 3.164619
v 2.153863 4.283167 3.024781
v 2.083863 4.283167 2.954781
v 2.004265 4.283167 2.954781
v 1.934265 4.283167 3.024781
v 2.004265 3.883167 3.164619
v 1.934265 3.883167 3.094619
v 2.153863 3.883167 3.094619
v 2.083863 3.883167 3.164619
v 1.934265 3.883167 3.024781
v 2.004265 3.883167 2.954781
v 2.083863 3.883167 2.954781
v 2.153863 3.883167 3.024781
v 2.426167 4.178435 3.347050
v 2.426167 4.578435 3.347050
v 2.426167 4.178435 2.847581
v 2.426167 4.178435 2.760231
v 2.426167 4.578435 2.847581
v 2.426167 4.578435 2.760231
v 2.426167 4.578435 3.259700
v 2.426167 4.178435 3.259700
v 1.726167 4.238435 3.347050
v 1.786167 4.178435 3.347050
v 1.743741 4.196011 3.347050
v 1.786167 4.578435 3.347050
v 1.726167 4.518435 3.347050
v 1.743741 4.560863 3.347050
v 1.726167 4.238435 2.847581
v 1.786167 4.178435 2.847581
v 1.743741 4.196010 2.847581
v 1.786167 4.178435 2.760231
v 1.726167 4.238435 2.760231
v 1.743741 4.196010 2.760231
v 1.786167 4.578435 2.847581
v 1.726167 4.518435 2.847581
v 1.743741 4.560863 2.847581
v 1.726167 4.518435 2.760231
v 1.786167 4.578435 2.760231
v 1.743741 4.560863 2.760231
v 1.726167 4.518435 3.259700
v 1.786167 4.578435 3.259700
v 1.743741 4.560863 3.259700
v 1.786167 4.178435 3.259700
v 1.726167 4.238435 3.259700
v 1.743741 4.196011 3.259700
v 1.786167 4.378436 3.259700
v 1.786167 4.378436 3.347050
v 1.786167 4.378435 2.847581
v 1.786167 4.378435 2.760231
v 2.391370 4.533703 3.259700
v 1.810899 4.533703 3.259700
v 2.388679 4.533703 2.847692
v 1.808208 4.533703 2.847692
v 1.810899 4.283167 3.259700
v 2.291371 4.283167 3.259700
v 1.808208 4.283167 2.847692
v 2.288679 4.283167 2.847692
v 2.083863 4.283167 3.164619
v 2.153863 4.283167 3.094619
v 1.934265 4.283167 3.094619
v 2.004265 4.283167 3.164619
v 2.153863 4.283167 3.024781
v 2.083863 4.283167 2.954781
v 2.004265 4.283167 2.954781
v 1.934265 4.283167 3.024781
v 2.004265 3.883167 3.164619
v 1.934265 3.883167 3.094619
v 2.153863 3.883167 3.094619
v 2.083863 3.883167 3.164619
v 1.934265 3.883167 3.024781
v 2.004265 3.883167 2.954781
v 2.083863 3.883167 2.954781
v 2.153863 3.883167 3.024781
v 2.426167 4.178435 3.347050
v 2.426167 4.578435 3.347050
v 2.426167 4.178435 2.847581
v 2.426167 4.178435 2.760231
v 2.426167 4.578435 2.847581
v 2.426167 4.578435 2.760231
v 2.426167 4.578435 3.259700
v 2.426167 4.178435 3.259700
v 1.726167 4.238435 3.347050
v 1.786167 4.178435 3.347050
v 1.743741 4.196011 3.347050
v 1.786167 4.578435 3.347050
v 1.726167 4.518435 3.347050
v 1.743741 4.560863 3.347050
v 1.726167 4.238435 2.847581
v 1.786167 4.178435 2.847581
v 1.743741 4.196010 2.847581
v 1.786167 4.178435 2.760231
v 1.726167 4.238435 2.760231
v 1.743741 4.196010 2.760231
v 1.786167 4.578435 2.847581
v 1.726167 4.518435 2.847581
v 1.743741 4.560863 2.847581
v 1.726167 4.518435 2.760231
v 1.786167 4.578435 2.760231
v 1.743741 4.560863 2.760231
v 1.726167 4.518435 3.259700
v 1.786167 4.578435 3.259700
v 1.743741 4.560863 3.259700
v 1.786167 4.178435 3.259700
v 1.726167 4.238435 3.259700
v 1.743741 4.196011 3.259700
v 1.786167 4.378436 3.259700
v 1.786167 4.378436 3.347050
v 1.786167 4.378435 2.847581
v 1.786167 4.378435 2.760231
v 5.541371 3.107512 3.489860
v 5.541371 3.281927 3.489860
v 5.431763 3.107512 3.475429
v 5.431763 3.281927 3.475429
v 5.329621 3.107512 3.433121
v 5.329621 3.281927 3.433121
v 5.241912 3.107512 3.365820
v 5.241912 3.281927 3.365820
v 5.174610 3.107512 3.278110
v 5.174610 3.281927 3.278110
v 5.132302 3.107512 3.175970
v 5.132302 3.281927 3.175970
v 5.117871 3.107512 3.066360
v 5.117871 3.281927 3.066360
v 5.132302 3.107512 2.956750
v 5.132302 3.281927 2.956750
v 5.174609 3.107512 2.854610
v 5.174609 3.281927 2.854610
v 5.241912 3.107512 2.766900
v 5.241912 3.281927 2.766900
v 5.329621 3.107512 2.699598
v 5.329621 3.281927 2.699598
v 5.431761 3.107512 2.657290
v 5.431761 3.281927 2.657290
v 5.541371 3.107512 2.642860
v 5.541371 3.281927 2.642860
v 5.650981 3.107512 2.657290
v 5.650981 3.281927 2.657290
v 5.753121 3.107512 2.699598
v 5.753121 3.281927 2.699598
v 5.840830 3.107512 2.766900
v 5.840830 3.281927 2.766900
v 5.908134 3.107512 2.854609
v 5.908134 3.281927 2.854609
v 5.950441 3.107512 2.956750
v 5.950441 3.281927 2.956750
v 5.964872 3.107512 3.066360
v 5.964872 3.281927 3.066360
v 5.950441 3.107512 3.175969
v 5.950441 3.281927 3.175969
v 5.908134 3.107512 3.278110
v 5.908134 3.281927 3.278110
v 5.840831 3.107512 3.365819
v 5.840831 3.281927 3.365819
v 5.753121 3.107512 3.433121
v 5.753121 3.281927 3.433121
v 5.650981 3.107512 3.475429
v 5.650981 3.281927 3.475429
v 5.868628 3.281927 3.154048
v 5.780939 3.281927 3.305928
v 5.834782 3.281927 3.235760
v 5.629059 3.281927 3.393616
v 5.710772 3.281927 3.359769
v 5.453683 3.281927 3.393616
v 5.541371 3.281927 3.405160
v 5.868628 3.281927 2.978672
v 5.780939 3.281927 2.826792
v 5.834781 3.281927 2.896960
v 5.629059 3.281927 2.739104
v 5.453683 3.281927 2.739104
v 5.541371 3.281927 2.727560
v 5.710772 3.281927 2.772951
v 5.301805 3.281927 3.305928
v 5.301804 3.281927 2.826792
v 5.202571 3.281927 3.066360
v 5.214115 3.281927 3.154048
v 5.247962 3.281927 2.896960
v 5.214115 3.281927 2.978672
v 5.247962 3.281927 3.235760
v 5.880171 3.281927 3.066360
v 5.371971 3.281927 2.772951
v 5.371971 3.281927 3.359770
v 5.541371 3.107512 3.405160
v 5.371971 3.107512 3.359770
v 5.453683 3.107512 3.393616
v 5.214115 3.107512 3.154048
v 5.247962 3.107512 3.235760
v 5.202571 3.107512 3.066360
v 5.301805 3.107512 3.305928
v 5.710772 3.107512 2.772951
v 5.541371 3.107512 2.727560
v 5.629059 3.107512 2.739104
v 5.371971 3.107512 2.772951
v 5.453683 3.107512 2.739104
v 5.247962 3.107512 2.896960
v 5.301804 3.107512 2.826792
v 5.880171 3.107512 3.066360
v 5.868628 3.107512 2.978672
v 5.868628 3.107512 3.154048
v 5.710772 3.107512 3.359769
v 5.780939 3.107512 3.305928
v 5.834781 3.107512 2.896960
v 5.834782 3.107512 3.235760
v 5.780939 3.107512 2.826792
v 5.214115 3.107512 2.978672
v 5.629059 3.107512 3.393616
v 5.431761 3.107512 2.552480
v 5.431761 3.281927 2.552480
v 5.541371 3.107512 2.552480
v 5.541371 3.281927 2.552480
v 5.650981 3.107512 2.552480
v 5.650981 3.281927 2.552480
v 6.610666 1.705651 3.589999
v 6.593382 1.530165 3.589999
v 6.542194 1.361422 3.589999
v 6.459070 1.205907 3.589999
v 6.347204 1.069597 3.589999
v 6.210895 0.957731 3.589999
v 6.055380 0.874608 3.589999
v 5.886636 0.823420 3.589999
v 5.711150 0.806136 3.590000
v 5.535664 0.823420 3.590000
v 5.366920 0.874607 3.590000
v 5.211405 0.957731 3.590000
v 5.075096 1.069597 3.590000
v 4.963229 1.205907 3.590001
v 4.880106 1.361422 3.590001
v 4.828918 1.530165 3.590001
v 4.811634 1.705651 3.590001
v 4.828918 1.881138 3.590001
v 4.880105 2.049881 3.590001
v 4.963230 2.205396 3.590000
v 5.075096 2.341705 3.590000
v 5.211405 2.453571 3.590000
v 5.366920 2.536695 3.590000
v 5.535664 2.587883 3.590000
v 5.711150 2.605167 3.590000
v 5.886636 2.587883 3.589999
v 6.055380 2.536695 3.589999
v 6.210895 2.453571 3.589999
v 6.347204 2.341705 3.589999
v 6.459070 2.205396 3.589999
v 6.542194 2.049881 3.589999
v 6.593382 1.881138 3.589999
v 6.610665 1.705651 2.549999
v 6.593380 1.530164 2.549999
v 6.542193 1.361421 2.549999
v 6.459069 1.205907 2.549999
v 6.347202 1.069597 2.549999
v 6.210894 0.957731 2.549999
v 6.055379 0.874607 2.549999
v 5.886635 0.823419 2.550000
v 5.711148 0.806135 2.550000
v 5.535663 0.823419 2.550000
v 5.366920 0.874607 2.550000
v 5.211404 0.957731 2.550000
v 5.075095 1.069597 2.550000
v 4.963228 1.205907 2.550001
v 4.880104 1.361421 2.550001
v 4.828918 1.530164 2.550001
v 4.811633 1.705651 2.550001
v 4.828918 1.881138 2.550001
v 4.880104 2.049881 2.550001
v 4.963228 2.205395 2.550001
v 5.075095 2.341705 2.550001
v 5.211404 2.453571 2.550000
v 5.366920 2.536695 2.550000
v 5.535662 2.587883 2.550000
v 5.711148 2.605167 2.550000
v 5.886635 2.587883 2.550000
v 6.055379 2.536695 2.549999
v 6.210893 2.453571 2.549999
v 6.347202 2.341705 2.549999
v 6.459069 2.205395 2.549999
v 6.542193 2.049881 2.549999
v 6.593380 1.881138 2.549999
v 5.711149 1.905652 3.406664
v 5.711149 1.905652 3.253331
v 5.611149 1.878857 3.253331
v 5.611149 1.878857 3.406664
v 5.537944 1.805652 3.253331
v 5.537944 1.805652 3.406665
v 5.511149 1.705651 3.253331
v 5.511149 1.705651 3.406665
v 5.537944 1.605651 3.253331
v 5.537944 1.605651 3.406665
v 5.611149 1.532446 3.253331
v 5.611149 1.532446 3.406665
v 5.711149 1.505651 3.253331
v 5.711149 1.505651 3.406664
v 5.811150 1.532446 3.253331
v 5.811150 1.532446 3.406664
v 5.884355 1.605651 3.253331
v 5.884355 1.605651 3.406664
v 5.911149 1.705651 3.253331
v 5.911149 1.705651 3.406664
v 5.884355 1.805652 3.253331
v 5.884355 1.805652 3.406664
v 5.811150 1.878857 3.253331
v 5.811150 1.878857 3.406664
v 5.529976 2.581799 2.906664
v 5.529975 2.581799 2.653331
v 5.429976 2.555004 2.653331
v 5.429976 2.555004 2.906665
v 4.861796 1.986824 2.653332
v 4.861796 1.986824 2.906665
v 4.835001 1.886824 2.653332
v 4.835001 1.886824 2.906665
v 5.042970 1.110676 2.653332
v 5.042970 1.110676 2.906665
v 5.116175 1.037471 2.653332
v 5.116175 1.037471 2.906665
v 5.892323 0.829503 2.653331
v 5.892323 0.829503 2.906664
v 5.992322 0.856298 2.653331
v 5.992323 0.856298 2.906664
v 6.560502 1.424477 2.653330
v 6.560502 1.424477 2.906663
v 6.587296 1.524477 2.653330
v 6.587297 1.524477 2.906663
v 6.379328 2.300625 2.653330
v 6.379328 2.300625 2.906664
v 6.306123 2.373830 2.653331
v 6.306123 2.373830 2.906664
v 5.711148 1.905651 2.815553
v 5.711148 1.905651 2.717776
v 5.611148 1.878856 2.717776
v 5.611148 1.878856 2.815553
v 5.537943 1.805651 2.717776
v 5.537943 1.805651 2.815554
v 5.511149 1.705651 2.717776
v 5.511149 1.705651 2.815554
v 5.537943 1.605651 2.717776
v 5.537943 1.605651 2.815554
v 5.611148 1.532446 2.717776
v 5.611148 1.532446 2.815554
v 5.711148 1.505651 2.717776
v 5.711149 1.505651 2.815553
v 5.811149 1.532446 2.717776
v 5.811150 1.532446 2.815553
v 5.884355 1.605651 2.717775
v 5.884355 1.605651 2.815553
v 5.911149 1.705651 2.717775
v 5.911149 1.705651 2.815553
v 5.884355 1.805651 2.717775
v 5.884355 1.805651 2.815553
v 5.811149 1.878856 2.717775
v 5.811150 1.878856 2.815553
v 5.116173 2.373830 2.717776
v 5.116173 2.373830 2.815554
v 5.042968 2.300625 2.717776
v 5.042968 2.300625 2.815554
v 5.429976 0.856298 2.717776
v 5.429976 0.856298 2.815554
v 5.529975 0.829503 2.717776
v 5.529975 0.829503 2.815554
v 6.587296 1.886824 2.717775
v 6.587296 1.886824 2.815552
v 6.560502 1.986824 2.717775
v 6.560502 1.986824 2.815552
v 5.580626 2.392771 3.226016
v 5.607856 2.291146 3.364584
v 5.633269 2.196304 3.448745
v 5.671930 2.052018 3.471606
v 5.507856 2.264351 3.364584
v 5.480626 2.365975 3.226016
v 5.571930 2.025224 3.471606
v 5.533269 2.169509 3.448745
v 5.364782 1.744870 3.471606
v 5.220496 1.783531 3.448745
v 5.125654 1.808945 3.364584
v 5.024031 1.836174 3.226016
v 5.247292 1.883532 3.448745
v 5.391577 1.844871 3.471606
v 5.050825 1.936174 3.226016
v 5.152450 1.908945 3.364584
v 5.918298 1.986004 3.471606
v 6.023922 2.091629 3.448745
v 6.093351 2.161058 3.364583
v 6.167746 2.235453 3.226015
v 6.097126 2.018424 3.448745
v 5.991503 1.912799 3.471606
v 6.240951 2.162248 3.226015
v 6.166556 2.087853 3.364583
v 6.175007 1.527771 3.448745
v 6.030723 1.566432 3.471606
v 6.371473 1.475129 3.226015
v 6.269849 1.502358 3.364583
v 6.296645 1.602358 3.364583
v 6.398269 1.575128 3.226015
v 6.057517 1.666432 3.471606
v 6.201802 1.627771 3.448745
v 5.850369 1.386078 3.471606
v 5.889030 1.241794 3.448745
v 5.914443 1.146952 3.364584
v 5.941672 1.045327 3.226015
v 5.789030 1.214998 3.448745
v 5.750368 1.359283 3.471606
v 5.841673 1.018533 3.226016
v 5.814443 1.120156 3.364584
v 5.325172 1.392879 3.448745
v 5.430797 1.498503 3.471606
v 5.181348 1.249055 3.226016
v 5.255742 1.323450 3.364584
v 5.328947 1.250245 3.364584
v 5.254553 1.175850 3.226016
v 5.504002 1.425298 3.471606
v 5.398377 1.319674 3.448745
v 5.711148 1.905651 2.197331
v 5.611148 1.878856 2.197331
v 5.537943 1.805651 2.197331
v 5.511148 1.705651 2.197331
v 5.537943 1.605651 2.197331
v 5.611148 1.532446 2.197331
v 5.711148 1.505651 2.197331
v 5.811149 1.532446 2.197331
v 5.884354 1.605651 2.197331
v 5.911148 1.705651 2.197331
v 5.884354 1.805651 2.197331
v 5.811149 1.878856 2.197331
v 5.711148 1.965651 2.197285
v 5.581148 1.930817 2.197285
v 5.485982 1.835651 2.197285
v 5.451148 1.705651 2.197285
v 5.485982 1.575651 2.197285
v 5.581148 1.480484 2.197285
v 5.711148 1.445651 2.197285
v 5.841148 1.480484 2.197285
v 5.936316 1.575651 2.197285
v 5.971148 1.705651 2.197285
v 5.936316 1.835651 2.197285
v 5.841148 1.930817 2.197285
v 5.342230 2.596302 3.590000
v 5.523076 2.651161 3.590000
v 5.523076 0.760141 3.590000
v 5.342230 0.815001 3.590000
v 5.711150 2.669685 3.590000
v 5.175562 0.904087 3.590000
v 5.899223 2.651161 3.589999
v 5.029475 1.023976 3.590000
v 6.080070 2.596302 3.589999
v 4.909585 1.170063 3.590001
v 6.246738 2.507216 3.589999
v 4.820499 1.336731 3.590001
v 6.675184 1.705651 3.589999
v 6.656660 1.517578 3.589999
v 6.392825 2.387326 3.589999
v 4.765640 1.517578 3.590001
v 6.601800 1.336731 3.589999
v 6.512714 2.241240 3.589999
v 4.747116 1.705651 3.590001
v 6.512715 1.170063 3.589999
v 6.601800 2.074572 3.589999
v 4.765639 1.893725 3.590001
v 6.392825 1.023976 3.589999
v 6.656660 1.893725 3.589999
v 4.820499 2.074572 3.590001
v 6.246738 0.904087 3.589999
v 4.909585 2.241240 3.590000
v 6.080070 0.815001 3.589999
v 5.029475 2.387326 3.590000
v 5.899223 0.760141 3.589999
v 5.175561 2.507216 3.590000
v 5.711150 0.741618 3.590000
v 6.654388 1.517336 2.549999
v 6.599780 1.337319 2.549999
v 6.511103 1.171415 2.549999
v 6.391762 1.025998 2.549999
v 6.246346 0.906658 2.549999
v 6.080441 0.817980 2.549999
v 5.900425 0.763373 2.550000
v 5.713214 0.744934 2.550000
v 5.526003 0.763373 2.550000
v 5.345986 0.817980 2.550000
v 5.180081 0.906658 2.550000
v 5.034665 1.025998 2.550000
v 4.915325 1.171415 2.550001
v 4.826647 1.337319 2.550001
v 4.772040 1.517336 2.550001
v 4.753601 1.704547 2.550001
v 4.772040 1.891758 2.550001
v 4.826647 2.071775 2.550001
v 4.915325 2.237679 2.550001
v 5.034665 2.383096 2.550001
v 5.180081 2.502436 2.550000
v 5.345986 2.591114 2.550000
v 5.526003 2.645721 2.550000
v 5.713214 2.664160 2.550000
v 5.900425 2.645721 2.550000
v 6.080442 2.591114 2.549999
v 6.246346 2.502436 2.549999
v 6.391762 2.383096 2.549999
v 6.511103 2.237679 2.549999
v 6.599781 2.071775 2.549999
v 6.654388 1.891758 2.549999
v 6.672826 1.704547 2.549999
v 5.681149 2.017617 3.303010
v 5.625655 2.224721 3.270195
v 5.615470 2.262730 3.236467
v 5.576385 2.408597 3.037570
v 5.525654 2.197927 3.270195
v 5.581148 1.990822 3.303010
v 5.476385 2.381802 3.037570
v 5.515471 2.235934 3.236467
v 5.008203 1.840415 3.037570
v 5.154071 1.801331 3.236468
v 5.192080 1.791145 3.270195
v 5.399183 1.735652 3.303010
v 5.425979 1.835652 3.303010
v 5.218874 1.891146 3.270195
v 5.180866 1.901330 3.236468
v 5.034997 1.940415 3.037570
v 6.179331 2.247038 3.037569
v 6.072549 2.140255 3.236467
v 6.044725 2.112432 3.270195
v 5.893114 1.960822 3.303009
v 6.145752 2.067050 3.236467
v 6.252536 2.173833 3.037569
v 5.966319 1.887617 3.303009
v 6.117929 2.039227 3.270195
v 6.230219 1.620156 3.270195
v 6.023115 1.675650 3.303009
v 6.414096 1.570887 3.037569
v 6.268228 1.609972 3.236467
v 6.241433 1.509973 3.236467
v 6.387300 1.470887 3.037569
v 5.996320 1.575649 3.303009
v 6.203424 1.520156 3.270195
v 5.945913 1.029499 3.037570
v 5.906828 1.175367 3.236467
v 5.896645 1.213377 3.270195
v 5.841150 1.420480 3.303010
v 5.806828 1.148573 3.236467
v 5.845913 1.002704 3.037570
v 5.741150 1.393684 3.303010
v 5.796644 1.186582 3.270195
v 5.455979 1.523686 3.303010
v 5.304369 1.372076 3.270195
v 5.276546 1.344252 3.236468
v 5.169762 1.237468 3.037570
v 5.377574 1.298871 3.270195
v 5.529184 1.450481 3.303010
v 5.242967 1.164263 3.037570
v 5.349751 1.271047 3.236468
v 1.701154 6.265151 -1.411850
v 1.701154 6.265151 -0.788152
v 1.809645 6.243571 -1.411850
v 1.809645 6.243571 -0.788152
v 1.901619 6.182117 -1.411850
v 1.901619 6.182117 -0.788152
v 1.963074 6.090142 -1.411850
v 1.963074 6.090141 -0.788152
v 1.984654 5.981651 -1.411850
v 1.984654 5.981651 -0.788152
v 1.963074 5.778044 -1.411850
v 1.963074 5.778044 -0.788150
v 1.901619 5.778044 -1.411850
v 1.901619 5.778044 -0.788150
v 1.809645 5.778044 -1.411850
v 1.809645 5.778044 -0.788150
v 1.701154 5.765651 -1.411850
v 1.701154 5.765651 -0.788150
v 1.592663 5.778044 -1.411850
v 1.592663 5.778044 -0.788150
v 1.500689 5.778044 -1.411850
v 1.500689 5.778044 -0.788150
v 1.439234 5.778044 -1.411850
v 1.439234 5.778044 -0.788150
v 1.417654 5.981651 -1.411850
v 1.417654 5.981651 -0.788152
v 1.439234 6.090142 -1.411850
v 1.439234 6.090142 -0.788152
v 1.500689 6.182117 -1.411850
v 1.500689 6.182117 -0.788152
v 1.592663 6.243571 -1.411850
v 1.592663 6.243571 -0.788152
v 1.701154 6.197652 -0.788152
v 1.485154 5.981651 -0.788152
v 1.917154 5.981651 -0.788152
v 1.501596 5.898993 -0.788150
v 1.548419 5.828917 -0.788150
v 1.501596 6.064311 -0.788152
v 1.548419 6.134387 -0.788152
v 1.618494 6.181211 -0.788152
v 1.853889 6.134387 -0.788152
v 1.783814 6.181210 -0.788152
v 1.618494 5.782093 -0.788150
v 1.783814 5.782093 -0.788150
v 1.900712 6.064311 -0.788152
v 1.900712 5.898993 -0.788150
v 1.853889 5.828917 -0.788150
v 1.783814 6.181210 -1.411850
v 1.900712 5.898993 -1.411850
v 1.618494 5.782093 -1.411850
v 1.501596 6.064311 -1.411850
v 1.618494 6.181211 -1.411850
v 1.701154 6.197652 -1.411850
v 1.783814 5.782093 -1.411850
v 1.853889 6.134387 -1.411850
v 1.917154 5.981651 -1.411850
v 1.900712 6.064311 -1.411850
v 1.853889 5.828917 -1.411850
v 1.485154 5.981651 -1.411850
v 1.548419 5.828917 -1.411850
v 1.501596 5.898993 -1.411850
v 1.548419 6.134387 -1.411850
v 1.701154 6.265151 -1.205925
v 1.809645 6.243571 -1.205925
v 1.439234 5.778044 -1.205925
v 1.500689 5.778044 -1.205925
v 1.901619 6.182117 -1.205925
v 1.417654 5.981651 -1.205925
v 1.963074 6.090142 -1.205925
v 1.439234 6.090142 -1.205925
v 1.984654 5.981651 -1.205925
v 1.500689 6.182117 -1.205925
v 1.963074 5.778044 -1.205925
v 1.592663 6.243571 -1.205925
v 1.901619 5.778044 -1.205925
v 1.809645 5.778044 -1.205925
v 1.701154 5.765651 -1.205925
v 1.592663 5.778044 -1.205925
v 1.701154 6.265151 -0.994076
v 1.809645 6.243571 -0.994076
v 1.439234 5.778044 -0.994075
v 1.500689 5.778044 -0.994075
v 1.901619 6.182117 -0.994076
v 1.417654 5.981651 -0.994076
v 1.963074 6.090142 -0.994076
v 1.439234 6.090142 -0.994076
v 1.984654 5.981651 -0.994076
v 1.500689 6.182117 -0.994076
v 1.963074 5.778044 -0.994075
v 1.592663 6.243571 -0.994076
v 1.901619 5.778044 -0.994075
v 1.809645 5.778044 -0.994075
v 1.701154 5.765651 -0.994075
v 1.592663 5.778044 -0.994075
v 1.783814 6.181210 -1.205925
v 1.900712 5.898993 -1.205925
v 1.917154 5.981651 -1.205925
v 1.783814 5.782093 -1.205925
v 1.701154 6.197652 -1.205925
v 1.618494 6.181211 -1.205925
v 1.501596 5.898993 -1.205925
v 1.548419 5.828917 -1.205925
v 1.853889 6.134387 -1.205925
v 1.548419 6.134387 -1.205925
v 1.900712 6.064311 -1.205925
v 1.853889 5.828917 -1.205925
v 1.618494 5.782093 -1.205925
v 1.485154 5.981651 -1.205925
v 1.501596 6.064311 -1.205925
v 1.783814 6.181210 -0.994076
v 1.900712 5.898993 -0.994075
v 1.917154 5.981651 -0.994076
v 1.783814 5.782093 -0.994075
v 1.701154 6.197652 -0.994076
v 1.618494 6.181211 -0.994076
v 1.501596 5.898993 -0.994075
v 1.548419 5.828917 -0.994075
v 1.853889 6.134387 -0.994076
v 1.548419 6.134387 -0.994076
v 1.900712 6.064311 -0.994076
v 1.853889 5.828917 -0.994075
v 1.618494 5.782093 -0.994075
v 1.485154 5.981651 -0.994076
v 1.501596 6.064311 -0.994076
v 1.963074 5.478045 -1.411850
v 1.901619 5.478045 -1.411850
v 1.963074 5.478045 -0.788150
v 1.901619 5.478045 -0.788150
v 1.809645 5.478045 -1.411850
v 1.809645 5.478045 -0.788150
v 1.701154 5.478045 -1.411850
v 1.701154 5.478045 -0.788150
v 1.592663 5.478045 -1.411850
v 1.592663 5.478045 -0.788150
v 1.500689 5.478045 -1.411850
v 1.500689 5.478045 -0.788150
v 1.439234 5.478045 -1.411850
v 1.439234 5.478045 -0.788150
v 1.439234 5.478045 -0.994075
v 1.500689 5.478045 -0.994075
v 1.963074 5.478045 -0.994075
v 1.901619 5.478045 -0.994075
v 1.809645 5.478045 -0.994075
v 1.701154 5.478045 -0.994075
v 1.592663 5.478045 -0.994075
v 1.439234 5.478045 -1.205925
v 1.500689 5.478045 -1.205925
v 1.963074 5.478045 -1.205925
v 1.901619 5.478045 -1.205925
v 1.809645 5.478045 -1.205925
v 1.701154 5.478045 -1.205925
v 1.592663 5.478045 -1.205925
v 5.151594 8.488415 -1.295651
v 5.128596 8.444266 -0.697719
v 5.218063 8.392172 -1.300200
v 5.195065 8.348022 -0.702269
v 5.242641 8.277972 -1.307688
v 5.219643 8.233822 -0.709756
v 5.221585 8.163202 -1.316972
v 5.198587 8.119052 -0.719041
v 5.158102 8.065334 -1.326640
v 5.135104 8.021184 -0.728709
v 5.061855 7.999269 -1.335220
v 5.038857 7.955118 -0.737289
v 4.947499 7.975063 -1.341406
v 4.924500 7.930912 -0.743475
v 4.832441 7.996401 -1.344256
v 4.809443 7.952250 -0.746325
v 4.734200 8.060037 -1.343336
v 4.711202 8.015886 -0.745405
v 4.667730 8.156280 -1.338786
v 4.644732 8.112129 -0.740855
v 4.643153 8.270479 -1.331299
v 4.620154 8.226330 -0.733368
v 4.664208 8.385250 -1.322015
v 4.641210 8.341099 -0.724083
v 4.727692 8.483117 -1.312346
v 4.704693 8.438967 -0.714415
v 4.823938 8.549183 -1.303766
v 4.800940 8.505033 -0.705835
v 4.938295 8.573389 -1.297580
v 4.915297 8.529239 -0.699649
v 5.053352 8.552050 -1.294731
v 5.030354 8.507900 -0.696799
v 2.180047 12.173710 -0.827435
v 2.219191 12.138246 -0.798973
v 2.186055 12.169044 -0.841511
v 2.225199 12.133580 -0.813049
v 2.487978 12.364483 -1.022723
v 2.527121 12.329019 -0.994261
v 2.493986 12.359818 -1.036799
v 2.533129 12.324353 -1.008338
v 2.309301 12.068649 -1.019117
v 2.270157 12.104114 -1.047579
v 2.303293 12.073315 -1.005041
v 2.264149 12.108779 -1.033503
v 1.925178 11.690653 -1.283116
v 1.995731 11.695372 -1.282984
v 2.152226 11.862940 -1.045829
v 2.184691 11.831421 -0.972262
v 2.041555 11.961116 -1.076686
v 2.106451 11.904419 -1.079281
v 1.963077 12.025023 -0.963091
v 1.995507 11.999846 -1.039254
v 1.995504 11.990526 -0.818111
v 1.963038 12.022046 -0.891678
v 2.106174 11.892351 -0.787254
v 2.041278 11.949047 -0.784659
v 2.184652 11.828444 -0.900849
v 2.152222 11.853621 -0.824686
v 2.354143 12.025003 -0.964101
v 2.321678 12.056523 -1.037668
v 2.275902 12.098002 -1.071121
v 2.211007 12.154699 -1.068526
v 2.164959 12.193428 -1.031093
v 2.132529 12.218605 -0.954931
v 2.132490 12.215630 -0.883518
v 2.164955 12.184110 -0.809950
v 2.210730 12.142631 -0.776498
v 2.275626 12.085934 -0.779093
v 2.321674 12.047204 -0.816526
v 2.354104 12.022027 -0.892688
v 2.287919 12.083934 -0.986904
v 2.305289 12.067069 -0.947542
v 2.226031 12.138885 -1.005368
v 2.260754 12.108549 -1.006756
v 2.181367 12.175328 -0.942414
v 2.198718 12.161858 -0.983165
v 2.198714 12.156699 -0.860715
v 2.181343 12.173563 -0.900076
v 2.260601 12.101748 -0.842251
v 2.225879 12.132083 -0.840863
v 2.305266 12.065305 -0.905204
v 2.287914 12.078775 -0.864454
v 1.986639 11.928413 -1.272945
v 2.037148 11.911364 -1.273730
v 1.855327 11.899200 -1.274069
v 1.903113 11.922827 -1.273101
v 2.099092 11.857243 -1.276122
v 2.101817 11.816565 -1.277875
v 1.803878 11.796635 -1.278432
v 1.801153 11.837312 -1.276678
v 1.617206 11.446614 -1.215708
v 1.641220 11.474048 -1.214551
v 1.559425 11.446179 -1.215668
v 1.595211 11.439120 -1.216008
v 1.530160 11.495956 -1.213496
v 1.541932 11.461464 -1.214992
v 1.558676 11.546168 -1.211364
v 1.534663 11.518734 -1.212520
v 1.616458 11.546602 -1.211404
v 1.580672 11.553660 -1.211063
v 1.645723 11.496825 -1.213576
v 1.633950 11.531319 -1.212079
v 1.668162 11.455650 -1.215370
v 1.639047 11.422389 -1.216772
v 1.592734 11.406610 -1.217405
v 1.549345 11.415170 -1.216993
v 1.512513 11.447351 -1.215570
v 1.498240 11.489171 -1.213756
v 1.507720 11.537131 -1.211701
v 1.536836 11.570393 -1.210299
v 1.583149 11.586172 -1.209667
v 1.626537 11.577613 -1.210079
v 1.663370 11.545432 -1.211501
v 1.677643 11.503611 -1.213316
v 1.639115 11.419496 -1.149547
v 1.668230 11.452757 -1.148144
v 1.498308 11.486278 -1.146530
v 1.512581 11.444457 -1.148344
v 1.536903 11.567499 -1.143073
v 1.507788 11.534238 -1.144475
v 1.626605 11.574719 -1.142853
v 1.583217 11.583279 -1.142441
v 1.677711 11.500717 -1.146090
v 1.663438 11.542539 -1.144275
v 1.635641 11.403605 -0.810620
v 1.669355 11.442120 -0.808996
v 1.546721 11.400338 -0.810670
v 1.596961 11.390427 -0.811148
v 1.499432 11.475640 -0.807381
v 1.515959 11.427216 -0.809482
v 1.541063 11.554210 -0.804042
v 1.507350 11.515696 -0.805665
v 1.629984 11.557478 -0.803991
v 1.579743 11.567389 -0.803514
v 1.677273 11.482175 -0.807280
v 1.660745 11.530601 -0.805179
v 1.669145 11.451034 -1.016097
v 1.635432 11.412519 -1.017721
v 1.596752 11.399341 -1.018249
v 1.546512 11.409252 -1.017772
v 1.515750 11.436129 -1.016584
v 1.499222 11.484554 -1.014483
v 1.507140 11.524610 -1.012767
v 1.540854 11.563124 -1.011143
v 1.579533 11.576303 -1.010615
v 1.629774 11.566391 -1.011092
v 1.660536 11.539515 -1.012280
v 1.677063 11.491089 -1.014381
v 2.351789 12.128717 -1.002705
v 2.478625 12.273616 -0.996597
v 2.439481 12.309080 -1.025059
v 2.312645 12.164181 -1.031167
v 2.484633 12.268950 -1.010673
v 2.357797 12.124052 -1.016781
v 2.318653 12.159516 -1.045243
v 2.445489 12.304415 -1.039135
v 2.295637 12.294231 -0.836233
v 2.334781 12.258767 -0.807772
v 2.289629 12.298897 -0.822157
v 2.328773 12.263433 -0.793695
v 1.925258 11.687256 -1.204189
v 1.995811 11.691975 -1.204057
v 2.099172 11.853845 -1.197195
v 2.101896 11.813168 -1.198948
v 1.803958 11.793238 -1.199505
v 1.801233 11.833915 -1.197751
v 2.037228 11.907967 -1.194803
v 1.986719 11.925016 -1.194018
v 1.855407 11.895803 -1.195142
v 1.903192 11.919430 -1.194174
v -1.845467 1.412757 -4.678950
v -1.828183 1.237269 -4.678950
v -1.776995 1.068528 -4.678950
v -1.693871 0.913012 -4.678950
v -1.582005 0.776702 -4.678950
v -1.445695 0.664836 -4.678950
v -1.290181 0.581713 -4.678950
v -1.121438 0.530525 -4.678950
v -0.945951 0.513239 -4.678950
v -0.770464 0.530525 -4.678950
v -0.601721 0.581713 -4.678950
v -0.446207 0.664836 -4.678950
v -0.309897 0.776702 -4.678950
v -0.198031 0.913012 -4.678950
v -0.114906 1.068526 -4.678950
v -0.063719 1.237269 -4.678950
v -0.046435 1.412757 -4.678950
v -0.063719 1.588243 -4.678950
v -0.114906 1.756986 -4.678950
v -0.198031 1.912500 -4.678950
v -0.309897 2.048810 -4.678950
v -0.446206 2.160677 -4.678950
v -0.601721 2.243802 -4.678950
v -0.770464 2.294989 -4.678950
v -0.945951 2.312274 -4.678950
v -1.121438 2.294989 -4.678950
v -1.290181 2.243802 -4.678950
v -1.445695 2.160677 -4.678950
v -1.582005 2.048810 -4.678950
v -1.693871 1.912500 -4.678950
v -1.776995 1.756986 -4.678950
v -1.828183 1.588243 -4.678950
v -1.845467 1.412757 -3.638950
v -1.828183 1.237270 -3.638950
v -1.776995 1.068528 -3.638950
v -1.693871 0.913012 -3.638950
v -1.582005 0.776703 -3.638950
v -1.445695 0.664836 -3.638950
v -1.290181 0.581713 -3.638950
v -1.121438 0.530526 -3.638950
v -0.945951 0.513240 -3.638950
v -0.770464 0.530525 -3.638950
v -0.601721 0.581713 -3.638950
v -0.446207 0.664836 -3.638950
v -0.309897 0.776703 -3.638950
v -0.198030 0.913012 -3.638950
v -0.114906 1.068528 -3.638950
v -0.063719 1.237270 -3.638950
v -0.046435 1.412757 -3.638950
v -0.063719 1.588243 -3.638950
v -0.114906 1.756987 -3.638950
v -0.198031 1.912501 -3.638950
v -0.309897 2.048810 -3.638950
v -0.446206 2.160677 -3.638950
v -0.601721 2.243802 -3.638950
v -0.770464 2.294989 -3.638950
v -0.945951 2.312273 -3.638950
v -1.121438 2.294989 -3.638950
v -1.290181 2.243802 -3.638950
v -1.445695 2.160677 -3.638950
v -1.582005 2.048811 -3.638950
v -1.693871 1.912501 -3.638950
v -1.776995 1.756987 -3.638950
v -1.828183 1.588243 -3.638950
v -0.945951 1.612757 -4.495615
v -0.945951 1.612757 -4.342281
v -0.845951 1.585960 -4.342281
v -0.845951 1.585960 -4.495615
v -0.772745 1.512755 -4.342281
v -0.772745 1.512755 -4.495615
v -0.745951 1.412756 -4.342281
v -0.745951 1.412756 -4.495615
v -0.772745 1.312757 -4.342281
v -0.772745 1.312757 -4.495615
v -0.845951 1.239551 -4.342281
v -0.845951 1.239551 -4.495615
v -0.945951 1.212757 -4.342281
v -0.945951 1.212757 -4.495615
v -1.045951 1.239551 -4.342281
v -1.045951 1.239551 -4.495615
v -1.119156 1.312757 -4.342281
v -1.119156 1.312757 -4.495615
v -1.145951 1.412756 -4.342281
v -1.145951 1.412756 -4.495615
v -1.119156 1.512755 -4.342281
v -1.119156 1.512755 -4.495615
v -1.045951 1.585960 -4.342281
v -1.045951 1.585960 -4.495615
v -0.764777 2.288904 -3.995615
v -0.764777 2.288904 -3.742281
v -0.664777 2.262110 -3.742281
v -0.664777 2.262110 -3.995615
v -0.096598 1.693931 -3.742281
v -0.096598 1.693931 -3.995615
v -0.069803 1.593930 -3.742281
v -0.069803 1.593930 -3.995615
v -0.277771 0.817782 -3.742281
v -0.277771 0.817782 -3.995615
v -0.350976 0.744577 -3.742281
v -0.350976 0.744577 -3.995615
v -1.127124 0.536609 -3.742281
v -1.127124 0.536609 -3.995615
v -1.227124 0.563404 -3.742281
v -1.227124 0.563404 -3.995615
v -1.795304 1.131584 -3.742281
v -1.795304 1.131584 -3.995615
v -1.822099 1.231584 -3.742281
v -1.822099 1.231583 -3.995615
v -1.614130 2.007731 -3.742281
v -1.614130 2.007730 -3.995615
v -1.540925 2.080936 -3.742281
v -1.540925 2.080936 -3.995615
v -0.945951 1.612757 -3.904504
v -0.945951 1.612757 -3.806726
v -0.845951 1.585961 -3.806726
v -0.845951 1.585961 -3.904504
v -0.772745 1.512756 -3.806726
v -0.772745 1.512756 -3.904504
v -0.745951 1.412756 -3.806726
v -0.745951 1.412756 -3.904504
v -0.772745 1.312757 -3.806726
v -0.772745 1.312757 -3.904504
v -0.845951 1.239552 -3.806726
v -0.845951 1.239552 -3.904504
v -0.945951 1.212757 -3.806726
v -0.945951 1.212757 -3.904504
v -1.045951 1.239552 -3.806726
v -1.045951 1.239552 -3.904504
v -1.119156 1.312757 -3.806726
v -1.119156 1.312757 -3.904504
v -1.145951 1.412756 -3.806726
v -1.145951 1.412756 -3.904504
v -1.119156 1.512756 -3.806726
v -1.119156 1.512756 -3.904504
v -1.045951 1.585961 -3.806726
v -1.045951 1.585961 -3.904504
v -0.350976 2.080936 -3.806726
v -0.350976 2.080936 -3.904503
v -0.277771 2.007731 -3.806726
v -0.277771 2.007731 -3.904503
v -0.664777 0.563404 -3.806726
v -0.664777 0.563404 -3.904504
v -0.764777 0.536609 -3.806726
v -0.764777 0.536609 -3.904504
v -1.822099 1.593930 -3.806726
v -1.822099 1.593930 -3.904504
v -1.795304 1.693931 -3.806726
v -1.795304 1.693931 -3.904504
v -0.815427 2.099875 -4.314966
v -0.842657 1.998252 -4.453534
v -0.868070 1.903409 -4.537695
v -0.906731 1.759124 -4.560556
v -0.742658 1.971457 -4.453534
v -0.715427 2.073081 -4.314966
v -0.806731 1.732328 -4.560556
v -0.768070 1.876614 -4.537695
v -0.599583 1.451974 -4.560556
v -0.455298 1.490635 -4.537695
v -0.360455 1.516049 -4.453534
v -0.258832 1.543280 -4.314966
v -0.482093 1.590636 -4.537695
v -0.626378 1.551975 -4.560556
v -0.285627 1.643279 -4.314966
v -0.387250 1.616049 -4.453534
v -1.153099 1.693110 -4.560556
v -1.258723 1.798735 -4.537695
v -1.328153 1.868163 -4.453534
v -1.402547 1.942556 -4.314966
v -1.331928 1.725530 -4.537695
v -1.226304 1.619905 -4.560556
v -1.475752 1.869351 -4.314966
v -1.401358 1.794958 -4.453534
v -1.409809 1.234877 -4.537695
v -1.265523 1.273538 -4.560556
v -1.606275 1.182232 -4.314966
v -1.504651 1.209463 -4.453534
v -1.531446 1.309464 -4.453534
v -1.633070 1.282233 -4.314966
v -1.292318 1.373538 -4.560556
v -1.436603 1.334877 -4.537695
v -1.085170 1.093184 -4.560556
v -1.123831 0.948898 -4.537695
v -1.149244 0.854055 -4.453534
v -1.176474 0.752432 -4.314966
v -1.023831 0.922103 -4.537695
v -0.985170 1.066389 -4.560556
v -1.076474 0.725637 -4.314966
v -1.049244 0.827260 -4.453534
v -0.559973 1.099985 -4.537695
v -0.665597 1.205607 -4.560556
v -0.416150 0.956160 -4.314966
v -0.490543 1.030555 -4.453534
v -0.563748 0.957350 -4.453534
v -0.489355 0.882955 -4.314966
v -0.738802 1.132402 -4.560556
v -0.633178 1.026780 -4.537695
v -0.945951 1.612757 -3.286281
v -0.845951 1.585961 -3.286281
v -0.772745 1.512756 -3.286281
v -0.745951 1.412756 -3.286281
v -0.772745 1.312757 -3.286281
v -0.845951 1.239552 -3.286281
v -0.945951 1.212757 -3.286281
v -1.045951 1.239552 -3.286281
v -1.119156 1.312757 -3.286281
v -1.145951 1.412756 -3.286281
v -1.119156 1.512756 -3.286281
v -1.045951 1.585961 -3.286281
v -0.945951 1.672757 -3.286235
v -0.815951 1.637923 -3.286235
v -0.720784 1.542757 -3.286235
v -0.685951 1.412756 -3.286235
v -0.720784 1.282757 -3.286235
v -0.815951 1.187591 -3.286235
v -0.945951 1.152757 -3.286235
v -1.075951 1.187591 -3.286235
v -1.171117 1.282757 -3.286235
v -1.205951 1.412756 -3.286235
v -1.171117 1.542757 -3.286235
v -1.075951 1.637923 -3.286235
v -0.577031 2.303409 -4.678950
v -0.757877 2.358268 -4.678950
v -0.757877 0.467246 -4.678950
v -0.577031 0.522106 -4.678950
v -0.945951 2.376791 -4.678950
v -0.410362 0.611193 -4.678950
v -1.134025 2.358268 -4.678950
v -0.264276 0.731082 -4.678950
v -1.314871 2.303409 -4.678950
v -0.144386 0.877169 -4.678950
v -1.481539 2.214322 -4.678950
v -0.055300 1.043837 -4.678950
v -1.909985 1.412757 -4.678950
v -1.891461 1.224684 -4.678950
v -1.627626 2.094432 -4.678950
v -0.000441 1.224684 -4.678950
v -1.836602 1.043837 -4.678950
v -1.747516 1.948346 -4.678950
v 0.018083 1.412757 -4.678950
v -1.747516 0.877169 -4.678950
v -1.836602 1.781675 -4.678950
v -0.000441 1.600830 -4.678950
v -1.627626 0.731082 -4.678950
v -1.891461 1.600830 -4.678950
v -0.055300 1.781675 -4.678950
v -1.481539 0.611193 -4.678950
v -0.144386 1.948346 -4.678950
v -1.314871 0.522106 -4.678950
v -0.264276 2.094432 -4.678950
v -1.134025 0.467246 -4.678950
v -0.410362 2.214322 -4.678950
v -0.945951 0.448723 -4.678950
v -1.889190 1.224442 -3.638950
v -1.834583 1.044425 -3.638950
v -1.745905 0.878520 -3.638950
v -1.626565 0.733105 -3.638950
v -1.481148 0.613765 -3.638950
v -1.315244 0.525086 -3.638950
v -1.135227 0.470479 -3.638950
v -0.948016 0.452041 -3.638950
v -0.760805 0.470479 -3.638950
v -0.580788 0.525086 -3.638950
v -0.414884 0.613765 -3.638950
v -0.269467 0.733105 -3.638950
v -0.150127 0.878521 -3.638950
v -0.061449 1.044425 -3.638950
v -0.006842 1.224442 -3.638950
v 0.011597 1.411654 -3.638950
v -0.006842 1.598865 -3.638950
v -0.061449 1.778881 -3.638950
v -0.150127 1.944786 -3.638950
v -0.269467 2.090201 -3.638950
v -0.414884 2.209541 -3.638950
v -0.580788 2.298220 -3.638950
v -0.760805 2.352828 -3.638950
v -0.948016 2.371266 -3.638950
v -1.135227 2.352828 -3.638950
v -1.315244 2.298220 -3.638950
v -1.481148 2.209542 -3.638950
v -1.626564 2.090201 -3.638950
v -1.745905 1.944786 -3.638950
v -1.834583 1.778882 -3.638950
v -1.889190 1.598865 -3.638950
v -1.907629 1.411654 -3.638950
v -0.915949 1.724722 -4.391960
v -0.860456 1.931826 -4.359145
v -0.850272 1.969833 -4.325417
v -0.811186 2.115704 -4.126520
v -0.760456 1.905032 -4.359145
v -0.815949 1.697928 -4.391960
v -0.711187 2.088908 -4.126520
v -0.750272 1.943039 -4.325417
v -0.243004 1.547521 -4.126520
v -0.388873 1.508435 -4.325418
v -0.426881 1.498251 -4.359145
v -0.633984 1.442758 -4.391960
v -0.660779 1.542758 -4.391960
v -0.453676 1.598250 -4.359145
v -0.415667 1.608436 -4.325418
v -0.269799 1.647520 -4.126520
v -1.414133 1.954144 -4.126520
v -1.307350 1.847361 -4.325418
v -1.279526 1.819538 -4.359145
v -1.127916 1.667925 -4.391960
v -1.380555 1.774156 -4.325418
v -1.487338 1.880939 -4.126520
v -1.201121 1.594720 -4.391960
v -1.352731 1.746333 -4.359145
v -1.465020 1.327262 -4.359145
v -1.257917 1.382755 -4.391960
v -1.648897 1.277992 -4.126520
v -1.503029 1.317078 -4.325418
v -1.476234 1.217077 -4.325418
v -1.622102 1.177991 -4.126520
v -1.231122 1.282754 -4.391960
v -1.438225 1.227262 -4.359145
v -1.180715 0.736606 -4.126520
v -1.141630 0.882473 -4.325418
v -1.131445 0.920482 -4.359145
v -1.075952 1.127585 -4.391960
v -1.041630 0.855678 -4.325418
v -1.080715 0.709810 -4.126520
v -0.975952 1.100790 -4.391960
v -1.031445 0.893688 -4.359145
v -0.690780 1.230791 -4.391960
v -0.539170 1.079182 -4.359145
v -0.511346 1.051357 -4.325418
v -0.404563 0.944574 -4.126520
v -0.612375 1.005977 -4.359145
v -0.763986 1.157586 -4.391960
v -0.477768 0.871369 -4.126520
v -0.584551 0.978152 -4.325418
v -6.011582 1.371502 -4.678949
v -5.991388 1.196326 -4.678949
v -5.937407 1.028457 -4.678949
v -5.851713 0.874343 -4.678949
v -5.737598 0.739910 -4.678949
v -5.599452 0.630320 -4.678949
v -5.442578 0.549789 -4.678949
v -5.273009 0.501409 -4.678949
v -5.097260 0.487041 -4.678949
v -4.922084 0.507235 -4.678949
v -4.754213 0.561215 -4.678949
v -4.600101 0.646912 -4.678949
v -4.465667 0.761024 -4.678949
v -4.356079 0.899173 -4.678949
v -4.275547 1.056045 -4.678949
v -4.227167 1.225614 -4.678949
v -4.212799 1.401363 -4.678949
v -4.232993 1.576539 -4.678949
v -4.286975 1.744410 -4.678949
v -4.372669 1.898522 -4.678949
v -4.486782 2.032958 -4.678949
v -4.624929 2.142546 -4.678949
v -4.781803 2.223077 -4.678949
v -4.951372 2.271457 -4.678949
v -5.127122 2.285826 -4.678949
v -5.302298 2.265632 -4.678949
v -5.470168 2.211649 -4.678949
v -5.624281 2.125956 -4.678949
v -5.758715 2.011841 -4.678949
v -5.868302 1.873694 -4.678949
v -5.948834 1.716822 -4.678949
v -5.997214 1.547253 -4.678949
v -6.011582 1.371502 -3.638949
v -5.991388 1.196326 -3.638949
v -5.937407 1.028457 -3.638949
v -5.851713 0.874343 -3.638949
v -5.737598 0.739910 -3.638949
v -5.599452 0.630320 -3.638949
v -5.442578 0.549789 -3.638949
v -5.273009 0.501410 -3.638949
v -5.097260 0.487041 -3.638949
v -4.922084 0.507236 -3.638949
v -4.754213 0.561217 -3.638949
v -4.600101 0.646912 -3.638949
v -4.465667 0.761024 -3.638949
v -4.356079 0.899173 -3.638949
v -4.275547 1.056046 -3.638950
v -4.227167 1.225615 -3.638949
v -4.212799 1.401364 -3.638949
v -4.232993 1.576540 -3.638949
v -4.286975 1.744411 -3.638950
v -4.372669 1.898523 -3.638949
v -4.486782 2.032958 -3.638950
v -4.624929 2.142546 -3.638949
v -4.781803 2.223078 -3.638949
v -4.951372 2.271457 -3.638949
v -5.127122 2.285826 -3.638949
v -5.302298 2.265632 -3.638949
v -5.470168 2.211649 -3.638949
v -5.624281 2.125956 -3.638949
v -5.758715 2.011843 -3.638949
v -5.868302 1.873694 -3.638949
v -5.948834 1.716822 -3.638949
v -5.997213 1.547253 -3.638949
v -5.115510 1.586405 -4.495614
v -5.115510 1.586405 -4.342281
v -5.015079 1.561274 -4.342281
v -5.015079 1.561274 -4.495614
v -4.940669 1.489294 -4.342281
v -4.940669 1.489294 -4.495614
v -4.912218 1.389752 -4.342281
v -4.912218 1.389752 -4.495614
v -4.937349 1.289321 -4.342281
v -4.937349 1.289321 -4.495614
v -5.009329 1.214911 -4.342281
v -5.009329 1.214911 -4.495614
v -5.108871 1.186460 -4.342281
v -5.108871 1.186460 -4.495614
v -5.209302 1.211593 -4.342281
v -5.209302 1.211593 -4.495614
v -5.283711 1.283571 -4.342281
v -5.283711 1.283571 -4.495614
v -5.312162 1.383113 -4.342281
v -5.312162 1.383113 -4.495614
v -5.287032 1.483543 -4.342281
v -5.287032 1.483543 -4.495614
v -5.215052 1.557953 -4.342281
v -5.215052 1.557953 -4.495614
v -4.945584 2.265468 -3.995614
v -4.945584 2.265468 -3.742281
v -4.845154 2.240336 -3.742281
v -4.845154 2.240336 -3.995614
v -4.267622 1.681666 -3.742281
v -4.267622 1.681665 -3.995614
v -4.239170 1.582125 -3.742281
v -4.239170 1.582125 -3.995614
v -4.434227 0.802631 -3.742281
v -4.434227 0.802631 -3.995614
v -4.506207 0.728221 -3.742281
v -4.506207 0.728221 -3.995614
v -5.278796 0.507399 -3.742281
v -5.278796 0.507399 -3.995614
v -5.379227 0.532529 -3.742281
v -5.379227 0.532529 -3.995614
v -5.956759 1.091200 -3.742281
v -5.956759 1.091199 -3.995614
v -5.985210 1.190742 -3.742281
v -5.985210 1.190741 -3.995614
v -5.790154 1.970234 -3.742281
v -5.790154 1.970234 -3.995614
v -5.718175 2.044644 -3.742281
v -5.718175 2.044643 -3.995614
v -5.115510 1.586406 -3.904503
v -5.115510 1.586406 -3.806725
v -5.015079 1.561275 -3.806725
v -5.015079 1.561275 -3.904503
v -4.940669 1.489295 -3.806725
v -4.940669 1.489295 -3.904503
v -4.912218 1.389752 -3.806725
v -4.912218 1.389752 -3.904503
v -4.937349 1.289321 -3.806725
v -4.937349 1.289321 -3.904503
v -5.009329 1.214911 -3.806725
v -5.009329 1.214911 -3.904503
v -5.108871 1.186460 -3.806725
v -5.108871 1.186460 -3.904503
v -5.209302 1.211593 -3.806725
v -5.209302 1.211593 -3.904503
v -5.283711 1.283571 -3.806725
v -5.283711 1.283571 -3.904503
v -5.312162 1.383113 -3.806725
v -5.312162 1.383113 -3.904503
v -5.287032 1.483544 -3.806725
v -5.287032 1.483544 -3.904503
v -5.215052 1.557955 -3.806725
v -5.215052 1.557955 -3.904503
v -4.528389 2.064397 -3.806725
v -4.528389 2.064397 -3.904503
v -4.453978 1.992416 -3.806725
v -4.453978 1.992416 -3.904503
v -4.816957 0.541864 -3.806725
v -4.816957 0.541864 -3.904503
v -4.916499 0.513413 -3.806725
v -4.916499 0.513413 -3.904503
v -5.991224 1.553039 -3.806725
v -5.991224 1.553039 -3.904503
v -5.966094 1.653470 -3.806725
v -5.966094 1.653470 -3.904503
v -4.993091 2.075624 -4.314965
v -5.018630 1.973562 -4.453533
v -5.042466 1.878312 -4.537694
v -5.078726 1.733405 -4.560556
v -4.918199 1.948430 -4.453534
v -4.892660 2.050492 -4.314965
v -4.978294 1.708272 -4.560556
v -4.942034 1.853179 -4.537694
v -4.766521 1.431396 -4.560556
v -4.622898 1.472446 -4.537694
v -4.528491 1.499431 -4.453534
v -4.427333 1.528344 -4.314965
v -4.651349 1.571988 -4.537694
v -4.794972 1.530938 -4.560556
v -4.455784 1.627884 -4.314965
v -4.556942 1.598970 -4.453534
v -5.323964 1.663309 -4.560556
v -5.431327 1.767166 -4.537694
v -5.501899 1.835433 -4.453534
v -5.577518 1.908583 -4.314965
v -5.503306 1.692757 -4.537694
v -5.395944 1.588899 -4.560556
v -5.649498 1.834172 -4.314965
v -5.573878 1.761023 -4.453534
v -5.573031 1.200879 -4.537694
v -5.429408 1.241928 -4.560556
v -5.768597 1.144981 -4.314965
v -5.667439 1.173894 -4.453534
v -5.695890 1.273435 -4.453534
v -5.797049 1.244522 -4.314965
v -5.457859 1.341470 -4.560556
v -5.601482 1.300418 -4.537694
v -5.246086 1.064593 -4.560556
v -5.282347 0.919686 -4.537695
v -5.306182 0.824436 -4.453534
v -5.331721 0.722373 -4.314965
v -5.181916 0.894555 -4.537694
v -5.145655 1.039462 -4.560556
v -5.231291 0.697243 -4.314965
v -5.205750 0.799304 -4.453534
v -4.721074 1.080110 -4.537694
v -4.828437 1.183967 -4.560556
v -4.574883 0.938694 -4.314965
v -4.650502 1.011843 -4.453534
v -4.722482 0.937432 -4.453534
v -4.646864 0.864284 -4.314965
v -4.900416 1.109557 -4.560556
v -4.793054 1.005700 -4.537695
v -5.115510 1.586406 -3.286281
v -5.015079 1.561275 -3.286281
v -4.940669 1.489295 -3.286281
v -4.912218 1.389752 -3.286281
v -4.937349 1.289321 -3.286281
v -5.009329 1.214911 -3.286281
v -5.108871 1.186460 -3.286281
v -5.209302 1.211593 -3.286281
v -5.283711 1.283571 -3.286281
v -5.312162 1.383113 -3.286281
v -5.287032 1.483544 -3.286281
v -5.215052 1.557955 -3.286281
v -5.116506 1.646398 -3.286235
v -4.985946 1.613727 -3.286235
v -4.889213 1.520153 -3.286235
v -4.852227 1.390749 -3.286235
v -4.884897 1.260189 -3.286235
v -4.978471 1.163455 -3.286235
v -5.107875 1.126470 -3.286235
v -5.238435 1.159140 -3.286235
v -5.335168 1.252714 -3.286235
v -5.372155 1.382117 -3.286235
v -5.339484 1.512678 -3.286235
v -5.245910 1.609410 -3.286235
v -4.758106 2.283086 -4.678949
v -4.939837 2.334935 -4.678949
v -4.908449 0.444176 -4.678949
v -4.728538 0.502028 -4.678949
v -5.128193 2.350334 -4.678949
v -4.563371 0.593868 -4.678949
v -5.315933 2.328691 -4.678949
v -4.419294 0.716166 -4.678949
v -5.495844 2.270839 -4.678949
v -4.301846 0.864223 -4.678949
v -5.661011 2.178998 -4.678949
v -4.215539 1.032348 -4.678949
v -6.076092 1.370431 -4.678949
v -6.054449 1.182691 -4.678949
v -5.805087 2.056700 -4.678949
v -4.163689 1.214078 -4.678949
v -5.996595 1.002780 -4.678949
v -5.922536 1.908644 -4.678949
v -4.148290 1.402434 -4.678949
v -5.904755 0.837613 -4.678949
v -6.008842 1.740518 -4.678949
v -4.169932 1.590176 -4.678949
v -5.782456 0.693538 -4.678949
v -6.060693 1.558786 -4.678949
v -4.227786 1.770084 -4.678949
v -5.634400 0.576088 -4.678949
v -4.319627 1.935254 -4.678949
v -5.466276 0.489780 -4.678949
v -4.441925 2.079329 -4.678949
v -5.284544 0.437931 -4.678949
v -4.589981 2.196777 -4.678949
v -5.096189 0.422532 -4.678949
v -6.052174 1.182487 -3.638949
v -5.994586 1.003403 -3.638949
v -5.903167 0.838993 -3.638949
v -5.781429 0.695578 -3.638949
v -5.634051 0.578668 -3.638949
v -5.466699 0.492755 -3.638949
v -5.285800 0.441143 -3.638949
v -5.098309 0.425815 -3.638949
v -4.911429 0.447359 -3.638949
v -4.732344 0.504947 -3.638949
v -4.567935 0.596364 -3.638949
v -4.424519 0.718103 -3.638949
v -4.307609 0.865480 -3.638949
v -4.221697 1.032834 -3.638950
v -4.170085 1.213733 -3.638949
v -4.154757 1.401225 -3.638949
v -4.176300 1.588103 -3.638949
v -4.233889 1.767189 -3.638950
v -4.325308 1.931599 -3.638949
v -4.447044 2.075014 -3.638950
v -4.594421 2.191924 -3.638949
v -4.761776 2.277836 -3.638949
v -4.942674 2.329448 -3.638949
v -5.130166 2.344777 -3.638949
v -5.317045 2.323233 -3.638949
v -5.496131 2.265645 -3.638949
v -5.660540 2.174226 -3.638949
v -5.803956 2.052487 -3.638949
v -5.920866 1.905110 -3.638949
v -6.006778 1.737757 -3.638949
v -6.058390 1.556859 -3.638949
v -6.073718 1.369367 -3.638949
v -5.087372 1.698854 -4.391959
v -5.035324 1.906849 -4.359145
v -5.025772 1.945022 -4.325417
v -4.989113 2.091519 -4.126519
v -4.934893 1.881719 -4.359145
v -4.986940 1.673724 -4.391959
v -4.888681 2.066389 -4.126519
v -4.925341 1.919890 -4.325417
v -4.411578 1.532846 -4.126519
v -4.556777 1.491345 -4.325417
v -4.594612 1.480532 -4.359145
v -4.800765 1.421608 -4.391959
v -4.829216 1.521150 -4.391959
v -4.623062 1.580072 -4.359145
v -4.585228 1.590886 -4.325417
v -4.440029 1.632388 -4.126519
v -5.589294 1.919973 -4.126519
v -5.480754 1.814978 -4.325417
v -5.452472 1.787620 -4.359145
v -5.298366 1.638547 -4.391959
v -5.552733 1.740569 -4.325417
v -5.661275 1.845563 -4.126519
v -5.370346 1.564137 -4.391959
v -5.524452 1.713210 -4.359145
v -5.629769 1.292334 -4.359145
v -5.423615 1.351257 -4.391959
v -5.812804 1.240020 -4.126519
v -5.667603 1.281519 -4.325417
v -5.639153 1.181980 -4.325417
v -5.784351 1.140478 -4.126519
v -5.395164 1.251716 -4.391959
v -5.601318 1.192792 -4.359145
v -5.335699 0.706478 -4.126520
v -5.299041 0.852974 -4.325417
v -5.289489 0.891148 -4.359145
v -5.237441 1.099143 -4.391959
v -5.198609 0.827844 -4.325417
v -5.235268 0.681346 -4.126520
v -5.137010 1.074012 -4.391959
v -5.189057 0.866015 -4.359145
v -4.854034 1.208729 -4.391959
v -4.699929 1.059656 -4.359145
v -4.671647 1.032298 -4.325417
v -4.563106 0.927301 -4.126520
v -4.771909 0.985246 -4.359145
v -4.926015 1.134317 -4.391959
v -4.635086 0.852891 -4.126520
v -4.743627 0.957888 -4.325417
v -0.046436 1.412758 4.678949
v -0.063720 1.237271 4.678949
v -0.114907 1.068529 4.678949
v -0.198031 0.913014 4.678949
v -0.309898 0.776704 4.678949
v -0.446207 0.664838 4.678950
v -0.601722 0.581715 4.678950
v -0.770465 0.530527 4.678950
v -0.945952 0.513243 4.678950
v -1.121438 0.530527 4.678950
v -1.290181 0.581714 4.678950
v -1.445696 0.664838 4.678950
v -1.582005 0.776704 4.678950
v -1.693872 0.913014 4.678950
v -1.776996 1.068529 4.678950
v -1.828184 1.237271 4.678950
v -1.845468 1.412758 4.678950
v -1.828184 1.588245 4.678950
v -1.776996 1.756989 4.678950
v -1.693872 1.912502 4.678950
v -1.582006 2.048812 4.678950
v -1.445696 2.160678 4.678950
v -1.290182 2.243803 4.678950
v -1.121438 2.294991 4.678950
v -0.945952 2.312274 4.678950
v -0.770465 2.294991 4.678950
v -0.601722 2.243803 4.678950
v -0.446207 2.160678 4.678950
v -0.309898 2.048812 4.678950
v -0.198031 1.912502 4.678949
v -0.114907 1.756989 4.678949
v -0.063719 1.588245 4.678949
v -0.046436 1.412758 3.638950
v -0.063720 1.237271 3.638950
v -0.114908 1.068529 3.638950
v -0.198032 0.913014 3.638950
v -0.309898 0.776704 3.638950
v -0.446208 0.664838 3.638950
v -0.601722 0.581715 3.638950
v -0.770465 0.530527 3.638950
v -0.945952 0.513243 3.638950
v -1.121439 0.530527 3.638950
v -1.290182 0.581715 3.638950
v -1.445696 0.664838 3.638950
v -1.582006 0.776704 3.638950
v -1.693872 0.913014 3.638950
v -1.776996 1.068529 3.638950
v -1.828184 1.237271 3.638950
v -1.845468 1.412758 3.638950
v -1.828184 1.588245 3.638950
v -1.776996 1.756989 3.638950
v -1.693872 1.912502 3.638950
v -1.582006 2.048812 3.638950
v -1.445696 2.160678 3.638950
v -1.290182 2.243803 3.638950
v -1.121439 2.294991 3.638950
v -0.945952 2.312274 3.638950
v -0.770465 2.294991 3.638950
v -0.601722 2.243803 3.638950
v -0.446208 2.160678 3.638950
v -0.309898 2.048812 3.638950
v -0.198032 1.912502 3.638950
v -0.114907 1.756989 3.638950
v -0.063720 1.588245 3.638950
v -0.945952 1.612759 4.495615
v -0.945952 1.612759 4.342281
v -1.045952 1.585963 4.342281
v -1.045952 1.585963 4.495615
v -1.119157 1.512758 4.342281
v -1.119157 1.512758 4.495615
v -1.145952 1.412758 4.342281
v -1.145952 1.412758 4.495615
v -1.119157 1.312758 4.342281
v -1.119157 1.312758 4.495615
v -1.045952 1.239553 4.342281
v -1.045952 1.239553 4.495615
v -0.945952 1.212759 4.342281
v -0.945952 1.212759 4.495615
v -0.845952 1.239553 4.342281
v -0.845952 1.239553 4.495615
v -0.772747 1.312758 4.342281
v -0.772747 1.312758 4.495615
v -0.745952 1.412758 4.342281
v -0.745952 1.412758 4.495615
v -0.772747 1.512758 4.342281
v -0.772747 1.512758 4.495615
v -0.845952 1.585963 4.342281
v -0.845952 1.585963 4.495615
v -1.127125 2.288907 3.995615
v -1.127125 2.288907 3.742281
v -1.227125 2.262112 3.742281
v -1.227125 2.262112 3.995615
v -1.795305 1.693932 3.742281
v -1.795305 1.693932 3.995615
v -1.822100 1.593931 3.742281
v -1.822100 1.593931 3.995615
v -1.614132 0.817783 3.742282
v -1.614132 0.817783 3.995615
v -1.540927 0.744578 3.742281
v -1.540927 0.744578 3.995615
v -0.764779 0.536611 3.742281
v -0.764778 0.536611 3.995615
v -0.664778 0.563406 3.742281
v -0.664778 0.563406 3.995615
v -0.096599 1.131586 3.742281
v -0.096599 1.131586 3.995614
v -0.069804 1.231585 3.742281
v -0.069804 1.231585 3.995614
v -0.277772 2.007733 3.742281
v -0.277772 2.007733 3.995614
v -0.350977 2.080938 3.742281
v -0.350977 2.080938 3.995614
v -0.945952 1.612759 3.904504
v -0.945952 1.612759 3.806726
v -1.045952 1.585963 3.806726
v -1.045952 1.585963 3.904504
v -1.119157 1.512758 3.806726
v -1.119157 1.512758 3.904504
v -1.145952 1.412758 3.806726
v -1.145952 1.412758 3.904504
v -1.119157 1.312758 3.806726
v -1.119157 1.312758 3.904504
v -1.045952 1.239553 3.806726
v -1.045952 1.239553 3.904504
v -0.945952 1.212759 3.806726
v -0.945952 1.212759 3.904504
v -0.845952 1.239553 3.806726
v -0.845952 1.239553 3.904504
v -0.772747 1.312758 3.806726
v -0.772747 1.312758 3.904503
v -0.745952 1.412758 3.806726
v -0.745952 1.412758 3.904503
v -0.772747 1.512758 3.806726
v -0.772747 1.512758 3.904503
v -0.845952 1.585963 3.806726
v -0.845952 1.585963 3.904503
v -1.540927 2.080937 3.806726
v -1.540927 2.080937 3.904504
v -1.614132 2.007732 3.806726
v -1.614132 2.007732 3.904504
v -1.227126 0.563406 3.806726
v -1.227126 0.563406 3.904504
v -1.127126 0.536611 3.806726
v -1.127126 0.536611 3.904504
v -0.069804 1.593931 3.806726
v -0.069804 1.593931 3.904503
v -0.096599 1.693932 3.806726
v -0.096599 1.693932 3.904503
v -1.076475 2.099877 4.314966
v -1.049245 1.998253 4.453534
v -1.023832 1.903411 4.537695
v -0.985171 1.759126 4.560556
v -1.149245 1.971458 4.453534
v -1.176475 2.073082 4.314966
v -1.085171 1.732330 4.560556
v -1.123832 1.876616 4.537695
v -1.292319 1.451978 4.560556
v -1.436605 1.490639 4.537695
v -1.531447 1.516051 4.453534
v -1.633071 1.543282 4.314966
v -1.409810 1.590639 4.537695
v -1.265524 1.551978 4.560556
v -1.606276 1.643281 4.314966
v -1.504652 1.616052 4.453534
v -0.738803 1.693111 4.560556
v -0.633179 1.798737 4.537695
v -0.563750 1.868165 4.453534
v -0.489356 1.942559 4.314966
v -0.559974 1.725531 4.537695
v -0.665598 1.619906 4.560556
v -0.416151 1.869354 4.314965
v -0.490545 1.794960 4.453534
v -0.482094 1.234879 4.537695
v -0.626379 1.273540 4.560556
v -0.285628 1.182236 4.314965
v -0.387252 1.209466 4.453534
v -0.360457 1.309465 4.453534
v -0.258833 1.282236 4.314965
v -0.599584 1.373539 4.560556
v -0.455299 1.334878 4.537695
v -0.806733 1.093185 4.560556
v -0.768072 0.948900 4.537695
v -0.742659 0.854058 4.453534
v -0.715428 0.752435 4.314966
v -0.868071 0.922105 4.537695
v -0.906733 1.066391 4.560556
v -0.815429 0.725639 4.314966
v -0.842659 0.827263 4.453534
v -1.331930 1.099986 4.537695
v -1.226305 1.205609 4.560556
v -1.475753 0.956162 4.314966
v -1.401359 1.030557 4.453534
v -1.328154 0.957352 4.453534
v -1.402548 0.882957 4.314966
v -1.153100 1.132404 4.560556
v -1.258724 1.026781 4.537695
v -0.945952 1.612759 3.286281
v -1.045952 1.585963 3.286281
v -1.119157 1.512758 3.286281
v -1.145952 1.412758 3.286281
v -1.119157 1.312758 3.286281
v -1.045952 1.239553 3.286281
v -0.945952 1.212759 3.286281
v -0.845952 1.239553 3.286281
v -0.772747 1.312758 3.286281
v -0.745952 1.412758 3.286281
v -0.772747 1.512758 3.286281
v -0.845952 1.585963 3.286281
v -0.945952 1.672759 3.286235
v -1.075952 1.637924 3.286235
v -1.171119 1.542758 3.286235
v -1.205952 1.412758 3.286235
v -1.171119 1.282759 3.286235
v -1.075952 1.187592 3.286235
v -0.945952 1.152759 3.286235
v -0.815952 1.187592 3.286235
v -0.720786 1.282759 3.286235
v -0.685952 1.412758 3.286235
v -0.720786 1.542758 3.286235
v -0.815952 1.637924 3.286235
v -1.314871 2.303410 4.678950
v -1.134025 2.358269 4.678950
v -1.134025 0.467248 4.678950
v -1.314871 0.522108 4.678950
v -0.945951 2.376792 4.678950
v -1.481540 0.611194 4.678950
v -0.757878 2.358269 4.678950
v -1.627626 0.731083 4.678950
v -0.577032 2.303410 4.678950
v -1.747516 0.877171 4.678950
v -0.410363 2.214324 4.678950
v -1.836603 1.043839 4.678950
v 0.018082 1.412758 4.678949
v -0.000441 1.224685 4.678949
v -0.264277 2.094434 4.678950
v -1.891462 1.224685 4.678950
v -0.055300 1.043839 4.678949
v -0.144387 1.948347 4.678949
v -1.909985 1.412758 4.678950
v -0.144387 0.877171 4.678949
v -0.055300 1.781678 4.678949
v -1.891462 1.600832 4.678950
v -0.264277 0.731083 4.678949
v -0.000441 1.600832 4.678949
v -1.836603 1.781678 4.678950
v -0.410363 0.611194 4.678950
v -1.747516 1.948347 4.678950
v -0.577032 0.522108 4.678950
v -1.627626 2.094434 4.678950
v -0.757878 0.467248 4.678950
v -1.481540 2.214324 4.678950
v -0.945951 0.448724 4.678950
v -0.002713 1.224443 3.638950
v -0.057320 1.044426 3.638950
v -0.145998 0.878522 3.638950
v -0.265338 0.733107 3.638950
v -0.410755 0.613766 3.638950
v -0.576659 0.525087 3.638950
v -0.756676 0.470480 3.638950
v -0.943887 0.452042 3.638950
v -1.131098 0.470480 3.638950
v -1.311115 0.525087 3.638950
v -1.477019 0.613766 3.638950
v -1.622435 0.733107 3.638950
v -1.741776 0.878522 3.638950
v -1.830453 1.044426 3.638950
v -1.885061 1.224443 3.638950
v -1.903500 1.411654 3.638950
v -1.885061 1.598866 3.638950
v -1.830453 1.778883 3.638950
v -1.741775 1.944787 3.638950
v -1.622436 2.090203 3.638950
v -1.477019 2.209543 3.638950
v -1.311115 2.298222 3.638950
v -1.131098 2.352829 3.638950
v -0.943887 2.371267 3.638950
v -0.756676 2.352829 3.638950
v -0.576659 2.298222 3.638950
v -0.410755 2.209543 3.638950
v -0.265338 2.090203 3.638950
v -0.145998 1.944787 3.638950
v -0.057320 1.778883 3.638950
v -0.002713 1.598866 3.638950
v 0.015726 1.411654 3.638950
v -0.975953 1.724725 4.391960
v -1.031446 1.931828 4.359145
v -1.041631 1.969836 4.325417
v -1.080716 2.115705 4.126520
v -1.131446 1.905034 4.359145
v -1.075953 1.697929 4.391960
v -1.180716 2.088909 4.126520
v -1.141631 1.943041 4.325418
v -1.648899 1.547523 4.126520
v -1.503030 1.508438 4.325418
v -1.465022 1.498252 4.359145
v -1.257918 1.442760 4.391960
v -1.231123 1.542759 4.391960
v -1.438227 1.598252 4.359145
v -1.476235 1.608437 4.325418
v -1.622104 1.647522 4.126520
v -0.477770 1.954145 4.126520
v -0.584553 1.847363 4.325417
v -0.612377 1.819539 4.359145
v -0.763987 1.667929 4.391960
v -0.511347 1.774158 4.325417
v -0.404565 1.880940 4.126520
v -0.690782 1.594724 4.391960
v -0.539172 1.746334 4.359145
v -0.426882 1.327263 4.359145
v -0.633986 1.382756 4.391960
v -0.243005 1.277995 4.126520
v -0.388874 1.317080 4.325417
v -0.415669 1.217080 4.325417
v -0.269800 1.177995 4.126520
v -0.660780 1.282756 4.391960
v -0.453677 1.227263 4.359145
v -0.711188 0.736607 4.126520
v -0.750273 0.882475 4.325418
v -0.760457 0.920484 4.359145
v -0.815951 1.127586 4.391960
v -0.850273 0.855680 4.325418
v -0.811188 0.709811 4.126520
v -0.915951 1.100791 4.391960
v -0.860457 0.893689 4.359145
v -1.201122 1.230793 4.391960
v -1.352732 1.079183 4.359145
v -1.380556 1.051358 4.325418
v -1.487339 0.944575 4.126520
v -1.279527 1.005978 4.359145
v -1.127917 1.157588 4.391960
v -1.414134 0.871370 4.126520
v -1.307351 0.978153 4.325418
v -4.232224 1.412758 4.678949
v -4.249509 1.237271 4.678949
v -4.300695 1.068529 4.678949
v -4.383821 0.913014 4.678949
v -4.495687 0.776704 4.678949
v -4.631997 0.664838 4.678950
v -4.787511 0.581715 4.678950
v -4.956254 0.530527 4.678950
v -5.131741 0.513243 4.678950
v -5.307228 0.530527 4.678950
v -5.475971 0.581714 4.678950
v -5.631485 0.664838 4.678950
v -5.767794 0.776704 4.678950
v -5.879661 0.913014 4.678950
v -5.962785 1.068529 4.678950
v -6.013973 1.237271 4.678950
v -6.031257 1.412758 4.678950
v -6.013973 1.588245 4.678950
v -5.962785 1.756989 4.678950
v -5.879661 1.912502 4.678950
v -5.767795 2.048812 4.678950
v -5.631485 2.160678 4.678950
v -5.475971 2.243803 4.678950
v -5.307228 2.294991 4.678950
v -5.131741 2.312274 4.678950
v -4.956254 2.294991 4.678950
v -4.787511 2.243803 4.678950
v -4.631997 2.160678 4.678950
v -4.495687 2.048812 4.678950
v -4.383821 1.912502 4.678949
v -4.300695 1.756989 4.678949
v -4.249509 1.588245 4.678949
v -4.232224 1.412758 3.638950
v -4.249509 1.237271 3.638950
v -4.300696 1.068529 3.638950
v -4.383821 0.913014 3.638950
v -4.495687 0.776704 3.638950
v -4.631997 0.664838 3.638950
v -4.787511 0.581715 3.638950
v -4.956254 0.530527 3.638950
v -5.131741 0.513243 3.638950
v -5.307228 0.530527 3.638950
v -5.475971 0.581715 3.638950
v -5.631485 0.664838 3.638950
v -5.767795 0.776704 3.638950
v -5.879661 0.913014 3.638950
v -5.962786 1.068529 3.638950
v -6.013973 1.237271 3.638950
v -6.031257 1.412758 3.638950
v -6.013973 1.588245 3.638950
v -5.962786 1.756989 3.638950
v -5.879661 1.912502 3.638950
v -5.767795 2.048812 3.638950
v -5.631486 2.160678 3.638950
v -5.475971 2.243803 3.638950
v -5.307228 2.294991 3.638950
v -5.131741 2.312274 3.638950
v -4.956254 2.294991 3.638950
v -4.787511 2.243803 3.638950
v -4.631997 2.160678 3.638950
v -4.495687 2.048812 3.638950
v -4.383821 1.912502 3.638950
v -4.300696 1.756989 3.638950
v -4.249509 1.588245 3.638950
v -5.131741 1.612759 4.495615
v -5.131741 1.612759 4.342281
v -5.231741 1.585963 4.342281
v -5.231741 1.585963 4.495615
v -5.304946 1.512758 4.342281
v -5.304946 1.512758 4.495615
v -5.331740 1.412758 4.342281
v -5.331740 1.412758 4.495615
v -5.304946 1.312758 4.342281
v -5.304946 1.312758 4.495615
v -5.231741 1.239553 4.342281
v -5.231741 1.239553 4.495615
v -5.131741 1.212759 4.342281
v -5.131741 1.212759 4.495615
v -5.031741 1.239553 4.342281
v -5.031741 1.239553 4.495615
v -4.958536 1.312758 4.342281
v -4.958536 1.312758 4.495615
v -4.931741 1.412758 4.342281
v -4.931741 1.412758 4.495615
v -4.958536 1.512758 4.342281
v -4.958536 1.512758 4.495615
v -5.031741 1.585963 4.342281
v -5.031741 1.585963 4.495615
v -5.312914 2.288907 3.995615
v -5.312914 2.288907 3.742281
v -5.412915 2.262112 3.742281
v -5.412915 2.262112 3.995615
v -5.981093 1.693932 3.742281
v -5.981093 1.693932 3.995615
v -6.007889 1.593931 3.742281
v -6.007889 1.593931 3.995615
v -5.799921 0.817783 3.742282
v -5.799921 0.817783 3.995615
v -5.726716 0.744578 3.742281
v -5.726716 0.744578 3.995615
v -4.950568 0.536611 3.742281
v -4.950568 0.536611 3.995615
v -4.850568 0.563406 3.742281
v -4.850568 0.563406 3.995615
v -4.282388 1.131586 3.742281
v -4.282388 1.131586 3.995614
v -4.255592 1.231585 3.742281
v -4.255592 1.231585 3.995614
v -4.463561 2.007733 3.742281
v -4.463561 2.007733 3.995614
v -4.536767 2.080938 3.742281
v -4.536766 2.080938 3.995614
v -5.131741 1.612759 3.904504
v -5.131741 1.612759 3.806726
v -5.231741 1.585963 3.806726
v -5.231741 1.585963 3.904504
v -5.304946 1.512758 3.806726
v -5.304946 1.512758 3.904504
v -5.331740 1.412758 3.806726
v -5.331740 1.412758 3.904504
v -5.304946 1.312758 3.806726
v -5.304946 1.312758 3.904504
v -5.231741 1.239553 3.806726
v -5.231741 1.239553 3.904504
v -5.131741 1.212759 3.806726
v -5.131741 1.212759 3.904504
v -5.031741 1.239553 3.806726
v -5.031741 1.239553 3.904504
v -4.958536 1.312758 3.806726
v -4.958536 1.312758 3.904503
v -4.931741 1.412758 3.806726
v -4.931741 1.412758 3.904503
v -4.958536 1.512758 3.806726
v -4.958536 1.512758 3.904503
v -5.031741 1.585963 3.806726
v -5.031741 1.585963 3.904503
v -5.726716 2.080937 3.806726
v -5.726716 2.080937 3.904504
v -5.799921 2.007732 3.806726
v -5.799921 2.007732 3.904504
v -5.412915 0.563406 3.806726
v -5.412915 0.563406 3.904504
v -5.312915 0.536611 3.806726
v -5.312915 0.536611 3.904504
v -4.255592 1.593931 3.806726
v -4.255592 1.593931 3.904503
v -4.282388 1.693932 3.806726
v -4.282388 1.693932 3.904503
v -5.262263 2.099877 4.314966
v -5.235034 1.998253 4.453534
v -5.209620 1.903411 4.537695
v -5.170959 1.759126 4.560556
v -5.335033 1.971458 4.453534
v -5.362264 2.073082 4.314966
v -5.270960 1.732330 4.560556
v -5.309621 1.876616 4.537695
v -5.478108 1.451978 4.560556
v -5.622394 1.490639 4.537695
v -5.717236 1.516051 4.453534
v -5.818860 1.543282 4.314966
v -5.595599 1.590639 4.537695
v -5.451314 1.551978 4.560556
v -5.792065 1.643281 4.314966
v -5.690441 1.616052 4.453534
v -4.924593 1.693111 4.560556
v -4.818968 1.798737 4.537695
v -4.749538 1.868165 4.453534
v -4.675145 1.942559 4.314966
v -4.745763 1.725531 4.537695
v -4.851387 1.619906 4.560556
v -4.601940 1.869354 4.314965
v -4.676333 1.794960 4.453534
v -4.667883 1.234879 4.537695
v -4.812168 1.273540 4.560556
v -4.471416 1.182236 4.314965
v -4.573041 1.209466 4.453534
v -4.546246 1.309465 4.453534
v -4.444622 1.282236 4.314965
v -4.785374 1.373539 4.560556
v -4.641088 1.334878 4.537695
v -4.992521 1.093185 4.560556
v -4.953861 0.948900 4.537695
v -4.928448 0.854058 4.453534
v -4.901217 0.752435 4.314966
v -5.053861 0.922105 4.537695
v -5.092522 1.066391 4.560556
v -5.001218 0.725639 4.314966
v -5.028448 0.827263 4.453534
v -5.517718 1.099986 4.537695
v -5.412094 1.205609 4.560556
v -5.661542 0.956162 4.314966
v -5.587148 1.030557 4.453534
v -5.513943 0.957352 4.453534
v -5.588337 0.882957 4.314966
v -5.338889 1.132404 4.560556
v -5.444513 1.026781 4.537695
v -5.131741 1.612759 3.286281
v -5.231742 1.585963 3.286281
v -5.304947 1.512758 3.286281
v -5.331740 1.412758 3.286281
v -5.304947 1.312758 3.286281
v -5.231742 1.239553 3.286281
v -5.131741 1.212759 3.286281
v -5.031742 1.239553 3.286281
v -4.958537 1.312758 3.286281
v -4.931742 1.412758 3.286281
v -4.958537 1.512758 3.286281
v -5.031742 1.585963 3.286281
v -5.131741 1.672759 3.286235
v -5.261742 1.637924 3.286235
v -5.356908 1.542758 3.286235
v -5.391741 1.412758 3.286235
v -5.356908 1.282759 3.286235
v -5.261742 1.187592 3.286235
v -5.131741 1.152759 3.286235
v -5.001741 1.187592 3.286235
v -4.906575 1.282759 3.286235
v -4.871741 1.412758 3.286235
v -4.906575 1.542758 3.286235
v -5.001741 1.637924 3.286235
v -5.500661 2.303410 4.678950
v -5.319814 2.358269 4.678950
v -5.319814 0.467248 4.678950
v -5.500660 0.522108 4.678950
v -5.131741 2.376792 4.678950
v -5.667329 0.611194 4.678950
v -4.943666 2.358269 4.678950
v -5.813415 0.731083 4.678950
v -4.762821 2.303410 4.678950
v -5.933306 0.877171 4.678950
v -4.596151 2.214324 4.678950
v -6.022391 1.043839 4.678950
v -4.167706 1.412758 4.678949
v -4.186231 1.224685 4.678949
v -4.450066 2.094434 4.678950
v -6.077250 1.224685 4.678950
v -4.241090 1.043839 4.678949
v -4.330175 1.948347 4.678949
v -6.095775 1.412758 4.678950
v -4.330175 0.877171 4.678949
v -4.241090 1.781678 4.678949
v -6.077250 1.600832 4.678950
v -4.450066 0.731083 4.678949
v -4.186231 1.600832 4.678949
v -6.022391 1.781678 4.678950
v -4.596151 0.611194 4.678950
v -5.933306 1.948347 4.678950
v -4.762821 0.522108 4.678950
v -5.813416 2.094434 4.678950
v -4.943666 0.467248 4.678950
v -5.667329 2.214324 4.678950
v -5.131741 0.448724 4.678950
v -4.188501 1.224443 3.638950
v -4.243109 1.044426 3.638950
v -4.331787 0.878522 3.638950
v -4.451127 0.733107 3.638950
v -4.596543 0.613766 3.638950
v -4.762447 0.525087 3.638950
v -4.942465 0.470480 3.638950
v -5.129676 0.452042 3.638950
v -5.316887 0.470480 3.638950
v -5.496903 0.525087 3.638950
v -5.662807 0.613766 3.638950
v -5.808225 0.733107 3.638950
v -5.927565 0.878522 3.638950
v -6.016242 1.044426 3.638950
v -6.070849 1.224443 3.638950
v -6.089289 1.411654 3.638950
v -6.070849 1.598866 3.638950
v -6.016242 1.778883 3.638950
v -5.927565 1.944787 3.638950
v -5.808225 2.090203 3.638950
v -5.662807 2.209543 3.638950
v -5.496903 2.298222 3.638950
v -5.316887 2.352829 3.638950
v -5.129676 2.371267 3.638950
v -4.942465 2.352829 3.638950
v -4.762447 2.298222 3.638950
v -4.596543 2.209543 3.638950
v -4.451127 2.090203 3.638950
v -4.331787 1.944787 3.638950
v -4.243109 1.778883 3.638950
v -4.188501 1.598866 3.638950
v -4.170063 1.411654 3.638950
v -5.161742 1.724725 4.391960
v -5.217236 1.931828 4.359145
v -5.227420 1.969836 4.325417
v -5.266504 2.115705 4.126520
v -5.317236 1.905034 4.359145
v -5.261742 1.697929 4.391960
v -5.366505 2.088909 4.126520
v -5.327420 1.943041 4.325418
v -5.834688 1.547523 4.126520
v -5.688819 1.508438 4.325418
v -5.650811 1.498252 4.359145
v -5.443707 1.442760 4.391960
v -5.416912 1.542759 4.391960
v -5.624016 1.598252 4.359145
v -5.662024 1.608437 4.325418
v -5.807893 1.647522 4.126520
v -4.663559 1.954145 4.126520
v -4.770342 1.847363 4.325417
v -4.798165 1.819539 4.359145
v -4.949776 1.667929 4.391960
v -4.697137 1.774158 4.325417
v -4.590354 1.880940 4.126520
v -4.876571 1.594724 4.391960
v -4.724960 1.746334 4.359145
v -4.612671 1.327263 4.359145
v -4.819775 1.382756 4.391960
v -4.428795 1.277995 4.126520
v -4.574663 1.317080 4.325417
v -4.601458 1.217080 4.325417
v -4.455589 1.177995 4.126520
v -4.846570 1.282756 4.391960
v -4.639465 1.227263 4.359145
v -4.896976 0.736607 4.126520
v -4.936062 0.882475 4.325418
v -4.946247 0.920484 4.359145
v -5.001740 1.127586 4.391960
v -5.036061 0.855680 4.325418
v -4.996977 0.709811 4.126520
v -5.101740 1.100791 4.391960
v -5.046246 0.893689 4.359145
v -5.386910 1.230793 4.391960
v -5.538521 1.079183 4.359145
v -5.566346 1.051358 4.325418
v -5.673129 0.944575 4.126520
v -5.465316 1.005978 4.359145
v -5.313705 1.157588 4.391960
v -5.599924 0.871370 4.126520
v -5.493141 0.978153 4.325418
v 1.541247 5.211379 0.638197
v 1.541247 5.138724 0.861803
v 1.541247 4.903610 0.861803
v 1.541247 4.830956 0.638197
v 1.541247 5.205828 0.760000
v 1.541247 5.021167 0.894164
v 1.541247 5.135294 0.542918
v 1.541247 4.836507 0.760000
v 1.541247 5.021167 0.500000
v 1.541247 4.907042 0.542918
v 1.541232 5.293170 0.611621
v 1.341365 5.293170 0.611621
v 1.541232 5.189274 0.931379
v 1.341365 5.189274 0.931379
v 1.341365 5.021167 0.414000
v 1.541232 5.021167 0.414000
v 1.541232 5.184369 0.475373
v 1.541232 4.853061 0.931379
v 1.541232 4.757103 0.785800
v 1.541232 4.749166 0.611621
v 1.541232 4.857967 0.475373
v 1.541232 5.021167 0.977655
v 1.541232 5.285233 0.785800
v 1.341365 4.853061 0.931379
v 1.341365 4.749166 0.611621
v 1.341365 5.285233 0.785800
v 1.341365 5.021167 0.977655
v 1.341365 5.184369 0.475373
v 1.341365 4.757103 0.785800
v 1.341365 4.857967 0.475373
v -0.592854 5.944338 0.700000
v -0.553090 5.944338 0.631126
v -0.473560 5.809339 0.631126
v -0.473560 5.944338 0.631126
v -0.433795 5.944338 0.700000
v -0.473560 5.809339 0.768875
v -0.473560 5.944338 0.768875
v -0.553090 5.809339 0.768875
v -0.553090 5.944338 0.768875
v -0.433795 5.809339 0.700000
v -0.592854 5.809339 0.700000
v -0.553090 5.809339 0.631126
v -0.538505 5.650767 0.776528
v -0.567010 5.650767 0.760070
v -0.459640 5.650767 0.760070
v -0.488145 5.650767 0.776528
v -0.434461 5.650767 0.683543
v -0.434461 5.650767 0.716458
v -0.488145 5.650767 0.623473
v -0.459640 5.650767 0.639931
v -0.567010 5.650767 0.639931
v -0.538505 5.650767 0.623473
v -0.592189 5.650767 0.716458
v -0.592189 5.650767 0.683543
v -0.459640 5.800767 0.639931
v -0.488145 5.800767 0.623473
v -0.473542 5.809303 0.631095
v -0.488145 5.800767 0.776528
v -0.459640 5.800767 0.760070
v -0.473543 5.809303 0.768906
v -0.567010 5.800767 0.760070
v -0.538505 5.800767 0.776528
v -0.553108 5.809303 0.768906
v -0.592189 5.800767 0.683543
v -0.592189 5.800767 0.716458
v -0.592890 5.809303 0.700000
v -0.434461 5.800767 0.716458
v -0.434461 5.800767 0.683543
v -0.433759 5.809303 0.700000
v -0.538505 5.800767 0.623473
v -0.567010 5.800767 0.639931
v -0.553108 5.809303 0.631095
v -0.586028 5.048549 1.809348
v -0.586028 4.994290 1.809348
v -0.526182 5.097946 1.809348
v -0.573171 5.070817 1.809348
v -0.526182 4.944892 1.409348
v -0.573171 4.972022 1.409348
v -0.453479 4.972022 1.409348
v -0.500469 4.944892 1.409348
v -0.440622 5.048549 1.409348
v -0.440622 4.994290 1.409348
v -0.500468 5.097946 1.409348
v -0.453478 5.070817 1.409348
v -0.573171 5.070817 1.409348
v -0.526182 5.097946 1.409348
v -0.586028 4.994290 1.409348
v -0.586028 5.048549 1.409348
v -0.453478 5.070817 1.809348
v -0.500468 5.097946 1.809348
v -0.440622 4.994290 1.809348
v -0.440622 5.048549 1.809348
v -0.500469 4.944892 1.809348
v -0.453479 4.972022 1.809348
v -0.573171 4.972022 1.809348
v -0.526182 4.944892 1.809348
v 1.341349 5.156847 0.834310
v 1.341349 5.106977 0.870543
v 1.341349 5.190831 0.612465
v 1.341349 5.209880 0.671091
v 1.341349 4.935359 0.870543
v 1.341349 4.885489 0.834310
v 1.341349 4.832455 0.671092
v 1.341349 4.851504 0.612465
v 1.341349 5.207328 0.727105
v 1.341349 5.187706 0.787494
v 1.341349 5.052917 0.885424
v 1.341349 4.989419 0.885424
v 1.341349 5.104472 0.531327
v 1.341349 5.155842 0.568650
v 1.341349 4.854630 0.787494
v 1.341349 4.835008 0.727105
v 1.341349 4.886493 0.568650
v 1.341349 4.937863 0.531327
v 1.341349 4.990346 0.511591
v 1.341349 5.051991 0.511591
v -1.719569 5.214091 1.668555
v -1.657087 5.214091 1.668555
v -1.719569 5.214091 1.631443
v -1.657087 5.214091 1.631443
v -1.713321 5.714091 1.664844
v -1.663335 5.714091 1.664844
v -1.663335 5.714091 1.635154
v -1.713321 5.714091 1.635154
v -2.936041 5.059816 0.084897
v -2.936041 4.993362 0.067091
v -2.936041 5.108464 0.133545
v -2.936041 5.126271 0.200000
v -2.936041 5.108464 0.266455
v -2.936041 5.059816 0.315103
v -2.936041 4.993362 0.332909
v -2.936041 4.926908 0.315103
v -2.936041 4.878259 0.266454
v -2.936041 4.860452 0.200000
v -2.936041 4.878259 0.133545
v -2.936041 4.926908 0.084897
v -3.357924 4.883207 1.589842
v -3.496950 4.889959 1.589842
v -3.637775 4.886437 1.589842
v -3.361201 4.735460 1.589842
v -3.501436 4.742272 1.589842
v -3.637775 4.738638 1.589842
v -3.335645 4.697251 1.589842
v -3.330730 4.918855 1.589842
v -3.496728 4.926917 1.589842
v -3.501643 4.705312 1.589842
v -3.664166 4.922730 1.589842
v -3.664166 4.700980 1.589842
v -3.361201 4.735460 1.479842
v -3.357924 4.883207 1.479842
v -3.496950 4.889959 1.479842
v -3.501436 4.742272 1.479842
v -3.637775 4.886437 1.479842
v -3.637775 4.738638 1.479842
v -3.519593 4.760822 1.479842
v -3.478095 4.760822 1.479842
v -3.478095 4.760822 1.039842
v -3.519593 4.760822 1.039842
v -3.453019 4.779040 1.479842
v -3.440195 4.818508 1.479842
v -3.440195 4.818508 1.039842
v -3.453019 4.779040 1.039842
v -3.449773 4.847986 1.479842
v -3.483346 4.872378 1.479842
v -3.483346 4.872378 1.039842
v -3.449773 4.847986 1.039842
v -3.514341 4.872378 1.479842
v -3.547914 4.847986 1.479842
v -3.547914 4.847986 1.039842
v -3.514341 4.872378 1.039842
v -3.557492 4.818508 1.479842
v -3.544669 4.779040 1.479842
v -3.544669 4.779040 1.039842
v -3.557492 4.818508 1.039842
v -0.821497 4.484652 -0.560000
v -0.829549 4.484652 -1.000000
v -0.766898 4.734652 -1.000000
v -0.766898 4.734652 -0.560000
v 0.366154 4.734652 -0.560000
v 0.441154 4.484652 -0.560000
v 0.441154 4.484652 -1.000000
v 0.371154 4.734652 -1.000000
v 0.121154 4.484652 -1.000000
v 0.041154 4.484652 -0.560000
v 0.116154 4.734652 -0.560000
v 0.121154 4.734652 -1.000000
v 0.041154 4.484652 1.800000
v 0.116154 4.734652 1.800000
v 0.366154 4.734652 1.800000
v 0.441154 4.484652 1.800000
v 0.041154 4.084651 1.800000
v 0.441154 4.084651 1.800000
v 0.430469 4.520267 2.091563
v 0.441154 4.427869 2.120240
v 0.041154 4.427869 2.120240
v 0.051839 4.520267 2.091563
v 0.441154 4.381935 2.104254
v 0.441154 4.286339 2.038580
v 0.041154 4.286339 2.038580
v 0.041154 4.381935 2.104254
v 3.061155 3.502409 0.400000
v 3.061155 3.268409 0.400000
v 3.061155 3.502409 -1.600000
v 3.061155 3.268409 -1.600000
v 3.561155 3.437791 0.335382
v 3.561155 3.333028 0.335382
v 3.561155 3.502409 -1.600000
v 3.561155 3.268409 -1.600000
v 3.561155 3.333028 -0.535382
v 3.561155 3.437791 -0.535382
v 3.561155 3.268409 -0.600000
v 3.561155 3.268409 0.400000
v 3.561155 3.502409 0.400000
v 3.561155 3.502409 -0.600000
v 3.361154 3.333028 -0.535382
v 3.361154 3.333028 0.335382
v 3.361154 3.437791 0.335382
v 3.361154 3.437791 -0.535382
v 3.170278 2.581169 1.457616
v 3.105899 2.581169 1.393239
v 3.105899 2.581169 1.211482
v 3.170278 2.581169 1.147104
v 3.416412 2.581169 1.393239
v 3.352035 2.581169 1.457616
v 3.352035 2.581169 1.147104
v 3.416412 2.581169 1.211482
v 3.061157 2.959169 1.411772
v 3.151744 2.959169 1.502360
v 3.151744 2.959169 1.102360
v 3.061157 2.959169 1.192948
v 3.461156 2.959169 1.192948
v 3.370568 2.959169 1.102360
v 3.370568 2.959169 1.502360
v 3.461156 2.959169 1.411772
v 3.151744 2.581169 1.102360
v 3.061157 2.581169 1.192948
v 3.461156 2.581169 1.192948
v 3.370568 2.581169 1.102360
v 3.370568 2.581169 1.502360
v 3.461156 2.581169 1.411772
v 3.061157 2.581169 1.411772
v 3.151744 2.581169 1.502360
v 3.170278 2.641169 1.147104
v 3.105899 2.641169 1.211482
v 3.416412 2.641169 1.211482
v 3.352035 2.641169 1.147104
v 3.352035 2.641169 1.457616
v 3.416412 2.641169 1.393239
v 3.105899 2.641169 1.393239
v 3.170278 2.641169 1.457616
v -5.530347 3.049662 1.029207
v -5.530347 3.049662 1.670793
v -5.645845 3.272732 1.029207
v -5.645845 3.272732 1.670793
v -5.998528 5.230088 0.840547
v -6.097440 5.173013 0.916851
v -6.163531 5.134877 1.031048
v -6.186739 5.121485 1.165753
v -6.163531 5.134877 1.300457
v -6.097440 5.173013 1.414654
v -5.998528 5.230088 1.490958
v -5.881855 5.297413 1.517753
v -5.765182 5.364738 1.490958
v -5.666269 5.421812 1.414654
v -5.600181 5.459949 1.300457
v -5.576973 5.473339 1.165753
v -5.600181 5.459949 1.031048
v -5.666269 5.421812 0.916851
v -5.765182 5.364738 0.840547
v -5.881855 5.297413 0.813753
v -6.119480 5.439695 0.840547
v -6.218390 5.382621 0.916851
v -6.284481 5.344484 1.031048
v -6.307689 5.331093 1.165753
v -6.284481 5.344484 1.300457
v -6.218390 5.382621 1.414654
v -6.119480 5.439695 1.490958
v -6.002806 5.507020 1.517753
v -5.886130 5.574344 1.490957
v -5.787221 5.631419 1.414654
v -5.721129 5.669555 1.300457
v -5.697923 5.682947 1.165753
v -5.721129 5.669555 1.031048
v -5.787221 5.631419 0.916851
v -5.886130 5.574344 0.840547
v -6.002806 5.507020 0.813753
v -6.103375 5.436288 0.870111
v -6.193294 5.384401 0.939479
v -6.253376 5.349733 1.043294
v -6.274475 5.337558 1.165753
v -6.253376 5.349733 1.288211
v -6.193294 5.384401 1.392027
v -6.103375 5.436288 1.461394
v -5.997308 5.497492 1.485753
v -5.891240 5.558696 1.461393
v -5.801322 5.610582 1.392027
v -5.741240 5.645251 1.288211
v -5.720141 5.657426 1.165753
v -5.741240 5.645251 1.043293
v -5.801322 5.610582 0.939479
v -5.891240 5.558696 0.870111
v -5.997308 5.497492 0.845753
v -5.859963 5.308615 0.907585
v -5.817286 5.333238 0.913858
v -5.662718 5.422432 1.200714
v -5.671207 5.417534 1.232248
v -5.902534 5.284046 1.423920
v -5.945212 5.259424 1.417647
v -6.099780 5.170231 1.130791
v -6.091291 5.175128 1.099257
v -5.859963 5.308615 0.879396
v -5.802686 5.341661 0.887814
v -5.624565 5.444442 1.200714
v -5.635959 5.437870 1.243036
v -5.902534 5.284046 1.452109
v -5.959813 5.251000 1.443691
v -6.137933 5.148219 1.130791
v -6.126540 5.154792 1.088469
v -5.650229 4.945193 0.879396
v -5.592951 4.978239 0.887814
v -5.414830 5.081021 1.200714
v -5.426224 5.074448 1.243036
v -5.692800 4.920624 1.452109
v -5.750078 4.887579 1.443691
v -5.928198 4.784797 1.130791
v -5.916803 4.791370 1.088469
v -5.650229 4.945193 0.907585
v -5.607551 4.969816 0.913858
v -5.452983 5.059011 1.200714
v -5.461472 5.054112 1.232248
v -5.692800 4.920624 1.423920
v -5.735477 4.896002 1.417647
v -5.890045 4.806808 1.130791
v -5.881556 4.811707 1.099257
v -3.732173 2.785939 -2.870399
v -3.760284 2.813639 -2.870399
v -3.682483 2.736975 -3.097966
v -3.661900 2.716693 -2.978399
v -3.809975 2.862602 -2.902031
v -3.760284 2.813639 -3.129599
v -3.682483 2.736975 -2.902031
v -3.661900 2.716693 -3.021599
v -3.830557 2.882884 -3.021599
v -3.830557 2.882884 -2.978399
v -3.732173 2.785939 -3.129599
v -3.809975 2.862602 -3.097966
v -3.242899 3.279529 -2.814671
v -3.171783 3.209571 -2.859905
v -3.840937 2.885941 -2.859905
v -3.870394 2.914919 -2.969111
v -3.629016 2.677471 -2.969111
v -3.658474 2.706448 -2.859905
v -3.629016 2.677471 -3.030887
v -3.658474 2.706448 -3.140092
v -3.729589 2.776407 -3.185327
v -3.283130 3.319106 -2.814671
v -3.283130 3.319106 -3.185327
v -3.354246 3.389064 -3.140092
v -3.769821 2.815983 -3.185327
v -3.840937 2.885941 -3.140092
v -3.729589 2.776407 -2.814671
v -3.769821 2.815983 -2.814671
v -3.242899 3.279529 -3.185327
v -3.870394 2.914919 -3.030887
v -3.171783 3.209571 -3.140092
v -3.142326 3.180593 -2.969111
v -3.142326 3.180593 -3.030887
v -3.354246 3.389064 -2.859905
v -3.383703 3.418041 -2.969111
v -3.383703 3.418041 -3.030887
v -2.343631 2.789163 -3.137601
v -2.315984 2.817326 -3.137601
v -2.392502 2.739381 -2.910033
v -2.412746 2.718761 -3.029601
v -2.267113 2.867108 -3.105968
v -2.315984 2.817326 -2.878401
v -2.392502 2.739381 -3.105968
v -2.412746 2.718761 -2.986401
v -2.246870 2.887728 -2.986401
v -2.246870 2.887728 -3.029601
v -2.343631 2.789163 -2.878401
v -2.267113 2.867108 -2.910033
v -2.841032 3.274564 -3.193328
v -2.910976 3.203435 -3.148094
v -2.236543 2.890957 -3.148094
v -2.207571 2.920420 -3.038889
v -2.444974 2.678998 -3.038889
v -2.416002 2.708460 -3.148094
v -2.444974 2.678998 -2.977113
v -2.416001 2.708460 -2.867907
v -2.346057 2.779590 -2.822673
v -2.801463 3.314803 -3.193328
v -2.801462 3.314803 -2.822673
v -2.731518 3.385932 -2.867907
v -2.306488 2.819828 -2.822673
v -2.236543 2.890957 -2.867907
v -2.346057 2.779590 -3.193329
v -2.306488 2.819828 -3.193329
v -2.841032 3.274564 -2.822673
v -2.207571 2.920420 -2.977113
v -2.910976 3.203435 -2.867907
v -2.939949 3.173973 -3.038889
v -2.939949 3.173973 -2.977113
v -2.731518 3.385932 -3.148094
v -2.702546 3.415394 -3.038889
v -2.702546 3.415394 -2.977113
v 5.244678 3.418308 -3.161206
v 5.268585 3.479830 -3.133089
v 5.278487 3.505314 -3.065206
v 5.268585 3.479830 -2.997324
v 5.244678 3.418308 -2.969206
v 5.220771 3.356786 -2.997324
v 5.210868 3.331303 -3.065206
v 5.220771 3.356786 -3.133089
v 5.317597 3.366173 -3.180407
v 5.317598 3.469854 -3.146665
v 5.273293 3.492176 -3.146665
v 5.317598 3.512799 -3.065206
v 5.285176 3.522756 -3.065206
v 5.317598 3.469854 -2.983747
v 5.273293 3.492176 -2.983747
v 5.317597 3.366173 -2.950006
v 5.244605 3.418349 -2.950006
v 5.317598 3.262493 -2.983747
v 5.215918 3.344522 -2.983747
v 5.317598 3.219548 -3.065206
v 5.204033 3.313943 -3.065206
v 5.317598 3.262493 -3.146665
v 5.215918 3.344522 -3.146665
v 5.244605 3.418349 -3.180407
v 2.824815 4.309181 -3.161206
v 2.844163 4.372970 -3.133089
v 2.852177 4.399392 -3.065206
v 2.844163 4.372970 -2.997324
v 2.824815 4.309181 -2.969206
v 2.805468 4.245393 -2.997324
v 2.797454 4.218970 -3.065206
v 2.805468 4.245393 -3.133089
v 2.374449 4.611667 -3.169745
v 2.344654 4.513433 -3.213046
v 2.904842 4.275137 -3.213046
v 2.386791 4.652358 -3.065206
v 2.374449 4.611667 -2.960668
v 2.344654 4.513433 -2.917366
v 2.314859 4.415198 -2.960668
v 2.302517 4.374509 -3.065206
v 2.314859 4.415197 -3.169745
v 2.934638 4.373373 -3.169745
v 2.946980 4.414063 -3.065206
v 2.934638 4.373373 -2.960668
v 2.904842 4.275139 -2.917366
v 2.875047 4.176905 -2.960668
v 2.862706 4.136215 -3.065206
v 2.875047 4.176905 -3.169745
v -3.728680 2.789164 3.137601
v -3.756327 2.817326 3.137601
v -3.679809 2.739381 2.910033
v -3.659566 2.718761 3.029601
v -3.805198 2.867108 3.105968
v -3.756327 2.817326 2.878401
v -3.679809 2.739381 3.105968
v -3.659566 2.718761 2.986401
v -3.825441 2.887728 2.986401
v -3.825441 2.887728 3.029601
v -3.728680 2.789164 2.878401
v -3.805198 2.867108 2.910033
v -3.231280 3.274565 3.193329
v -3.161335 3.203436 3.148094
v -3.835768 2.890958 3.148094
v -3.864740 2.920420 3.038889
v -3.627337 2.678998 3.038889
v -3.656310 2.708461 3.148094
v -3.627337 2.678998 2.977113
v -3.656310 2.708461 2.867907
v -3.726254 2.779590 2.822673
v -3.270849 3.314804 3.193329
v -3.270849 3.314804 2.822673
v -3.340793 3.385933 2.867907
v -3.765823 2.819829 2.822673
v -3.835768 2.890958 2.867907
v -3.726254 2.779590 3.193329
v -3.765823 2.819829 3.193329
v -3.231280 3.274565 2.822673
v -3.864740 2.920420 2.977113
v -3.161335 3.203436 2.867907
v -3.132362 3.173973 3.038889
v -3.132362 3.173973 2.977113
v -3.340793 3.385933 3.148094
v -3.369765 3.415395 3.038889
v -3.369765 3.415395 2.977113
v -2.343631 2.789164 2.870399
v -2.315984 2.817326 2.870399
v -2.392502 2.739381 3.097967
v -2.412746 2.718761 2.978399
v -2.267113 2.867108 2.902032
v -2.315984 2.817326 3.129599
v -2.392502 2.739381 2.902032
v -2.412746 2.718761 3.021599
v -2.246870 2.887728 3.021599
v -2.246870 2.887728 2.978399
v -2.343631 2.789164 3.129599
v -2.267113 2.867108 3.097967
v -2.841032 3.274565 2.814672
v -2.910976 3.203436 2.859906
v -2.236543 2.890958 2.859906
v -2.207571 2.920420 2.969111
v -2.444974 2.678998 2.969111
v -2.416002 2.708461 2.859906
v -2.444974 2.678998 3.030887
v -2.416001 2.708461 3.140093
v -2.346057 2.779590 3.185327
v -2.801463 3.314804 2.814672
v -2.801462 3.314804 3.185327
v -2.731518 3.385933 3.140093
v -2.306488 2.819829 3.185327
v -2.236543 2.890958 3.140093
v -2.346057 2.779590 2.814671
v -2.306488 2.819829 2.814671
v -2.841032 3.274565 3.185327
v -2.207571 2.920420 3.030887
v -2.910976 3.203436 3.140093
v -2.939949 3.173973 2.969111
v -2.939949 3.173973 3.030887
v -2.731518 3.385933 2.859906
v -2.702546 3.415395 2.969111
v -2.702546 3.415395 3.030887
v 5.244677 3.418308 2.958194
v 5.268583 3.479830 2.986311
v 5.278485 3.505314 3.054194
v 5.268583 3.479830 3.122076
v 5.244677 3.418308 3.150194
v 5.220769 3.356786 3.122076
v 5.210867 3.331303 3.054194
v 5.220769 3.356786 2.986311
v 5.317595 3.366173 2.938993
v 5.317596 3.469854 2.972735
v 5.273292 3.492176 2.972735
v 5.317596 3.512799 3.054194
v 5.285174 3.522756 3.054194
v 5.317596 3.469854 3.135653
v 5.273292 3.492176 3.135653
v 5.317595 3.366173 3.169394
v 5.244603 3.418349 3.169394
v 5.317596 3.262493 3.135653
v 5.215916 3.344522 3.135653
v 5.317596 3.219548 3.054194
v 5.204032 3.313943 3.054194
v 5.317596 3.262493 2.972735
v 5.215916 3.344522 2.972735
v 5.244603 3.418349 2.938993
v 2.824813 4.309181 2.958194
v 2.844161 4.372971 2.986311
v 2.852175 4.399392 3.054194
v 2.844161 4.372971 3.122076
v 2.824813 4.309181 3.150194
v 2.805466 4.245393 3.122076
v 2.797452 4.218971 3.054194
v 2.805466 4.245393 2.986311
v 2.374447 4.611668 2.949655
v 2.344652 4.513433 2.906354
v 2.904841 4.275139 2.906354
v 2.386789 4.652358 3.054194
v 2.374447 4.611669 3.158732
v 2.344652 4.513433 3.202034
v 2.314857 4.415199 3.158732
v 2.302515 4.374509 3.054194
v 2.314857 4.415199 2.949655
v 2.934636 4.373373 2.949655
v 2.946978 4.414064 3.054194
v 2.934636 4.373374 3.158732
v 2.904841 4.275139 3.202034
v 2.875045 4.176907 3.158732
v 2.862704 4.136215 3.054194
v 2.875045 4.176906 2.949655
v 1.701154 4.481650 -1.400000
v 1.815959 4.481650 -1.377164
v 1.913286 4.481650 -1.312132
v 1.978318 4.481650 -1.214805
v 2.001154 4.481650 -1.100000
v 1.978318 4.481650 -0.985195
v 1.913286 4.481650 -0.887868
v 1.815959 4.481650 -0.822836
v 1.701154 4.481650 -0.800000
v 1.586349 4.481650 -0.822836
v 1.489022 4.481650 -0.887868
v 1.423990 4.481650 -0.985195
v 1.401154 4.481650 -1.100000
v 1.423990 4.481650 -1.214805
v 1.489022 4.481650 -1.312132
v 1.586349 4.481650 -1.377164
v 1.873361 4.486652 -1.515746
v 2.019352 4.486652 -1.418198
v 2.116900 4.486652 -0.927793
v 2.019352 4.486652 -0.781802
v 1.528946 4.486652 -0.684254
v 1.382956 4.486652 -0.781802
v 1.285408 4.486652 -1.272208
v 1.382956 4.486652 -1.418198
v 1.959465 4.481651 -1.723619
v 2.178451 4.481651 -1.577297
v 2.324772 4.481651 -0.841689
v 2.178451 4.481651 -0.622703
v 1.442843 4.481651 -0.476382
v 1.223857 4.481651 -0.622703
v 1.077535 4.481651 -1.358311
v 1.223857 4.481651 -1.577297
v 1.815959 4.656651 -1.377164
v 1.913286 4.656651 -1.312132
v 1.978318 4.656651 -1.214805
v 2.001154 4.656651 -1.100000
v 1.978318 4.656651 -0.985195
v 1.913286 4.656651 -0.887868
v 1.815959 4.656651 -0.822836
v 1.701154 4.656651 -0.800000
v 1.586349 4.656651 -0.822836
v 1.489022 4.656651 -0.887868
v 1.423990 4.656651 -0.985195
v 1.401154 4.656651 -1.100000
v 1.423990 4.656651 -1.214805
v 1.489022 4.656651 -1.312132
v 1.586349 4.656651 -1.377164
v 1.701154 4.656651 -1.400000
v 1.873361 4.703652 -1.515746
v 2.019352 4.703652 -1.418198
v 2.116900 4.703652 -0.927793
v 2.019352 4.703652 -0.781802
v 1.528946 4.703652 -0.684254
v 1.382956 4.703652 -0.781802
v 1.285408 4.703652 -1.272208
v 1.382956 4.703652 -1.418198
v 1.959465 4.698651 -1.723619
v 2.178451 4.698651 -1.577297
v 2.324772 4.698651 -0.841689
v 2.178451 4.698651 -0.622703
v 1.442843 4.698651 -0.476382
v 1.223857 4.698651 -0.622703
v 1.077535 4.698651 -1.358312
v 1.223857 4.698651 -1.577297
v 1.925978 11.061472 -1.164597
v 1.993065 11.130325 -1.156933
v 1.990953 11.126270 -1.102027
v 1.942509 11.076082 -1.093848
v 1.900389 11.031518 -1.059604
v 1.871007 10.999363 -1.004510
v 1.858835 10.984512 -0.936954
v 1.865726 10.989225 -0.867219
v 1.890632 11.012786 -0.805923
v 1.929760 11.051608 -0.762398
v 1.977154 11.099780 -0.743269
v 2.025598 11.149968 -0.751449
v 2.067717 11.194532 -0.785692
v 2.097100 11.226687 -0.840786
v 2.109272 11.241538 -0.908343
v 2.102380 11.236824 -0.978077
v 2.077475 11.213264 -1.039373
v 2.038346 11.174441 -1.082899
v 1.869105 11.003102 -1.171095
v 1.825789 10.953897 -1.037255
v 1.808748 10.933105 -0.942676
v 1.818395 10.939705 -0.845048
v 1.851082 10.968504 -0.702525
v 1.907955 11.026874 -0.696028
v 1.975042 11.095725 -0.688363
v 2.042128 11.164577 -0.680699
v 2.099002 11.222947 -0.674202
v 2.142318 11.272151 -0.808041
v 2.159360 11.292943 -0.902620
v 2.149711 11.286344 -1.000249
v 2.117024 11.257545 -1.142771
v 2.060151 11.199176 -1.149269
v 1.894646 11.473400 -1.135386
v 1.837772 11.415030 -1.141884
v 1.770686 11.346179 -1.149548
v 1.927333 11.502198 -0.992864
v 1.936981 11.508798 -0.895235
v 1.919940 11.488007 -0.800656
v 1.876623 11.438802 -0.666816
v 1.819750 11.380432 -0.673314
v 1.752663 11.311580 -0.680978
v 1.685577 11.242728 -0.688643
v 1.628703 11.184359 -0.695140
v 1.596017 11.155560 -0.837663
v 1.586369 11.148960 -0.935291
v 1.603410 11.169752 -1.029870
v 1.646726 11.218957 -1.163710
v 1.703599 11.277327 -1.157212
v 2.473641 12.235927 -0.829640
v 2.436679 12.266771 -0.793829
v 2.429758 12.273371 -0.806656
v 2.466719 12.242526 -0.842468
v 2.308723 12.062029 -0.850077
v 2.271761 12.092874 -0.814265
v 2.315644 12.055429 -0.837249
v 2.278682 12.086274 -0.801438
v 2.344675 12.135694 -1.012056
v 2.475768 12.285456 -1.005742
v 2.453848 12.305315 -1.021681
v 2.322754 12.155553 -1.027994
v 2.479133 12.282843 -1.013625
v 2.348039 12.133080 -1.019938
v 2.326119 12.152941 -1.035877
v 2.457212 12.302703 -1.029563
v 2.301773 12.288883 -0.828568
v 2.421654 12.425837 -0.822795
v 2.446706 12.403140 -0.804580
v 2.417810 12.428823 -0.813786
v 2.442861 12.406126 -0.795571
v 2.322980 12.269172 -0.801344
v 2.326825 12.266186 -0.810353
v 2.297927 12.291869 -0.819560
v -2.756041 5.143362 1.300000
v -2.756041 4.903362 1.300000
v -2.756041 5.143362 0.500000
v -2.756041 4.903362 0.500000
v -2.856041 5.071821 1.228459
v -2.856041 4.974903 1.228459
v -2.856041 5.071821 0.571541
v -2.856041 4.974903 0.571541
v -2.856041 5.071821 0.900000
v -2.856041 4.974903 0.900000
v -2.856041 4.903362 0.500000
v -2.856041 5.143362 0.500000
v -2.856041 5.143362 0.900000
v -2.856041 4.903362 0.900000
v -2.856041 4.903362 1.300000
v -2.856041 5.143362 1.300000
v -2.856041 4.974903 0.735770
v -2.856041 5.071821 0.735770
v -2.856041 5.071821 1.064229
v -2.856041 4.974903 1.064229
v -2.786040 4.994287 0.604387
v -2.786040 5.052438 0.604387
v -2.786040 5.052438 0.702925
v -2.786040 4.994287 1.097075
v -2.786040 4.994287 1.195613
v -2.786040 5.052438 1.195613
v -2.786040 4.994287 0.702925
v -2.786040 5.052438 1.097075
v -3.498844 4.915747 0.869842
v -3.498844 4.915747 1.039842
v -3.412242 4.865747 0.869842
v -3.412242 4.865747 1.039842
v -3.412242 4.765747 0.869842
v -3.412242 4.765747 1.039842
v -3.498844 4.715747 0.869842
v -3.498844 4.715747 1.039842
v -3.585446 4.765747 0.869842
v -3.585446 4.765747 1.039842
v -3.585446 4.865747 0.869842
v -3.585446 4.865747 1.039842
v 3.634294 3.427587 1.430236
v 3.661155 3.427587 1.403375
v 3.661155 3.454448 1.430236
v 3.661155 3.427587 1.201345
v 3.634294 3.427587 1.174484
v 3.661155 3.454448 1.174484
v 3.588017 3.427587 1.174484
v 3.561156 3.427587 1.201345
v 3.534295 3.427587 1.174484
v 3.561156 3.454448 1.174484
v 3.561156 3.427587 1.403375
v 3.588017 3.427587 1.430236
v 3.561156 3.454448 1.430236
v 3.534295 3.427587 1.430236
v 3.634294 2.727587 1.174484
v 3.661155 2.727587 1.201345
v 3.661155 2.727587 1.403375
v 3.634294 2.727587 1.430236
v 3.561156 2.727587 1.201345
v 3.588017 2.727587 1.174484
v 3.588017 2.727587 1.430236
v 3.561156 2.727587 1.403375
v -4.590086 4.467057 -0.489219
v -4.554730 4.502413 -0.507387
v -5.332548 5.280231 -0.507387
v -5.367904 5.244875 -0.489219
v -4.520946 4.536198 -0.486613
v -4.508769 4.548375 -0.439219
v -5.286587 5.326193 -0.439219
v -5.298762 5.314016 -0.486613
v -4.538623 4.518521 -0.354780
v -4.573978 4.483165 -0.336613
v -5.351796 5.260983 -0.336613
v -5.316440 5.296339 -0.354780
v -4.607762 4.449381 -0.357387
v -4.619940 4.437204 -0.404781
v -5.397758 5.215022 -0.404781
v -5.385581 5.227198 -0.357387
v 0.717030 4.487568 0.034638
v 0.805282 4.487568 0.034638
v 0.805282 5.214768 0.034638
v 0.717030 5.214768 0.034638
v 0.855622 4.487568 0.055490
v 0.918026 4.487568 0.117893
v 0.918026 5.214768 0.117893
v 0.855622 5.214768 0.055490
v 0.938878 4.487568 0.168234
v 0.938878 4.487568 0.256486
v 0.938878 5.214768 0.256486
v 0.938878 5.214768 0.168234
v 0.918026 4.487568 0.306827
v 0.855622 4.487568 0.369231
v 0.855622 5.214768 0.369231
v 0.918026 5.214768 0.306827
v 0.805282 4.487568 0.390083
v 0.717030 4.487568 0.390083
v 0.717030 5.214768 0.390083
v 0.805282 5.214768 0.390083
v 0.666689 4.487568 0.369231
v 0.604285 4.487568 0.306827
v 0.604285 5.214768 0.306827
v 0.666689 5.214768 0.369231
v 0.583433 4.487568 0.256486
v 0.583433 4.487568 0.168234
v 0.583433 5.214768 0.168234
v 0.583433 5.214768 0.256486
v 0.604285 4.487568 0.117893
v 0.666689 4.487568 0.055490
v 0.666689 5.214768 0.055490
v 0.604285 5.214768 0.117893
v 5.541371 3.080997 -3.404560
v 5.629059 3.080997 -3.393015
v 5.710772 3.080997 -3.359169
v 5.780939 3.080997 -3.305328
v 5.834782 3.080997 -3.235160
v 5.868628 3.080997 -3.153447
v 5.880171 3.080997 -3.065759
v 5.868628 3.080997 -2.978072
v 5.834782 3.080997 -2.896360
v 5.780939 3.080997 -2.826192
v 5.710772 3.080997 -2.772350
v 5.629059 3.080997 -2.738504
v 5.541371 3.080997 -2.726960
v 5.453683 3.080997 -2.738504
v 5.371972 3.080997 -2.772350
v 5.301805 3.080997 -2.826192
v 5.247962 3.080997 -2.896360
v 5.214116 3.080997 -2.978072
v 5.202572 3.080997 -3.065760
v 5.214116 3.080997 -3.153447
v 5.247962 3.080997 -3.235160
v 5.301805 3.080997 -3.305327
v 5.371971 3.080997 -3.359169
v 5.453683 3.080997 -3.393016
v 5.629059 3.278435 -3.393015
v 5.541371 3.278435 -3.404560
v 5.710772 3.278435 -3.359169
v 5.780939 3.278435 -3.305328
v 5.834782 3.278435 -3.235160
v 5.868628 3.278435 -3.153447
v 5.880171 3.278435 -3.065759
v 5.868628 3.278435 -2.978072
v 5.834782 3.278435 -2.896360
v 5.780939 3.278435 -2.826192
v 5.710772 3.278435 -2.772350
v 5.629059 3.278435 -2.738504
v 5.541371 3.278435 -2.726960
v 5.453683 3.278435 -2.738504
v 5.371972 3.278435 -2.772350
v 5.301805 3.278435 -2.826192
v 5.247962 3.278435 -2.896360
v 5.214116 3.278435 -2.978072
v 5.202572 3.278435 -3.065760
v 5.214116 3.278435 -3.153447
v 5.247962 3.278435 -3.235160
v 5.301805 3.278435 -3.305327
v 5.371971 3.278435 -3.359169
v 5.453683 3.278435 -3.393016
v 5.541370 3.080997 2.714840
v 5.629058 3.080997 2.726385
v 5.710770 3.080997 2.760231
v 5.780937 3.080997 2.814072
v 5.834779 3.080997 2.884240
v 5.868626 3.080997 2.965953
v 5.880170 3.080997 3.053641
v 5.868626 3.080997 3.141328
v 5.834779 3.080997 3.223040
v 5.780937 3.080997 3.293208
v 5.710770 3.080997 3.347050
v 5.629058 3.080997 3.380896
v 5.541370 3.080997 3.392440
v 5.453682 3.080997 3.380896
v 5.371970 3.080997 3.347050
v 5.301803 3.080997 3.293208
v 5.247960 3.080997 3.223040
v 5.214114 3.080997 3.141328
v 5.202570 3.080997 3.053640
v 5.214114 3.080997 2.965953
v 5.247960 3.080997 2.884240
v 5.301803 3.080997 2.814073
v 5.371969 3.080997 2.760231
v 5.453682 3.080997 2.726384
v 5.629058 3.278435 2.726385
v 5.541370 3.278435 2.714840
v 5.710770 3.278435 2.760231
v 5.780937 3.278435 2.814072
v 5.834779 3.278435 2.884240
v 5.868626 3.278435 2.965953
v 5.880170 3.278435 3.053641
v 5.868626 3.278435 3.141328
v 5.834779 3.278435 3.223040
v 5.780937 3.278435 3.293208
v 5.710770 3.278435 3.347050
v 5.629058 3.278435 3.380896
v 5.541370 3.278435 3.392440
v 5.453682 3.278435 3.380896
v 5.371970 3.278435 3.347050
v 5.301803 3.278435 3.293208
v 5.247960 3.278435 3.223040
v 5.214114 3.278435 3.141328
v 5.202570 3.278435 3.053640
v 5.214114 3.278435 2.965953
v 5.247960 3.278435 2.884240
v 5.301803 3.278435 2.814073
v 5.371969 3.278435 2.760231
v 5.453682 3.278435 2.726384
v 2.287919 12.083934 -0.986904
v 2.305289 12.067069 -0.947542
v 2.226031 12.138885 -1.005368
v 2.260754 12.108549 -1.006756
v 2.181367 12.175328 -0.942414
v 2.198718 12.161858 -0.983165
v 2.198714 12.156699 -0.860715
v 2.181343 12.173563 -0.900076
v 2.260601 12.101748 -0.842251
v 2.225879 12.132083 -0.840863
v 2.305266 12.065305 -0.905204
v 2.287914 12.078775 -0.864454
v 2.448203 12.230335 -0.940660
v 2.430832 12.247199 -0.980022
v 2.430828 12.242042 -0.857572
v 2.448180 12.228570 -0.898322
v 2.368793 12.295349 -0.833980
v 2.403514 12.265014 -0.835368
v 2.324257 12.336829 -0.893194
v 2.341628 12.319964 -0.853832
v 2.341632 12.325123 -0.976282
v 2.324280 12.338593 -0.935532
v 2.403667 12.271815 -0.999874
v 2.368945 12.302151 -0.998485
v 1.617206 11.446614 -1.215708
v 1.641220 11.474048 -1.214551
v 1.559425 11.446179 -1.215668
v 1.595211 11.439120 -1.216008
v 1.530160 11.495956 -1.213496
v 1.541932 11.461464 -1.214992
v 1.558676 11.546168 -1.211364
v 1.534663 11.518734 -1.212520
v 1.616458 11.546602 -1.211404
v 1.580672 11.553660 -1.211063
v 1.645723 11.496825 -1.213576
v 1.633950 11.531319 -1.212079
v 1.641018 11.482648 -1.414366
v 1.617005 11.455215 -1.415523
v 1.595009 11.447721 -1.415823
v 1.559223 11.454781 -1.415483
v 1.541730 11.470064 -1.414807
v 1.529958 11.504557 -1.413311
v 1.534461 11.527334 -1.412335
v 1.558474 11.554768 -1.411179
v 1.580470 11.562262 -1.410878
v 1.616255 11.555202 -1.411218
v 1.633748 11.539919 -1.411894
v 1.645521 11.505425 -1.413390
v 2.381790 12.201160 -0.935170
v 2.371835 12.210825 -0.957728
v 2.353114 12.227790 -0.971410
v 2.333214 12.245174 -0.970614
v 2.314405 12.260995 -0.955324
v 2.304461 12.268715 -0.931970
v 2.304445 12.267501 -0.902836
v 2.314400 12.257835 -0.880278
v 2.333121 12.240871 -0.866596
v 2.353021 12.223486 -0.867392
v 2.371830 12.207666 -0.882682
v 2.381774 12.199945 -0.906036
v 2.415021 12.260160 -0.955648
v 2.424976 12.250496 -0.933090
v 2.424960 12.249282 -0.903956
v 2.415016 12.257002 -0.880602
v 2.396207 12.272821 -0.865312
v 2.376307 12.290207 -0.864517
v 2.357586 12.307171 -0.878198
v 2.347631 12.316835 -0.900757
v 2.347647 12.318051 -0.929890
v 2.357591 12.310330 -0.953244
v 2.376400 12.294511 -0.968534
v 2.396299 12.277124 -0.969330
v -3.663844 4.695747 0.899842
v -3.663844 4.695747 0.699842
v -3.333844 4.695747 0.899842
v -3.333844 4.695747 0.699842
v -3.386259 4.695747 0.699842
v -3.611430 4.695747 0.699842
v -3.611430 4.695747 0.899842
v -3.386259 4.695747 0.899842
v -3.663844 4.862816 0.899842
v -3.663844 4.915747 0.846910
v -3.663844 4.889281 0.892750
v -3.663844 4.908656 0.873376
v -3.663844 4.915747 0.752773
v -3.663844 4.862816 0.699842
v -3.663844 4.908656 0.726308
v -3.663844 4.889281 0.706933
v -3.333844 4.915747 0.846910
v -3.333844 4.862816 0.899842
v -3.333844 4.908656 0.873376
v -3.333844 4.889281 0.892750
v -3.333844 4.862816 0.699842
v -3.333844 4.915747 0.752773
v -3.333844 4.889281 0.706933
v -3.333844 4.908656 0.726308
v -3.611430 4.862816 0.699842
v -3.611430 4.915747 0.752773
v -3.611430 4.889281 0.706933
v -3.611430 4.908656 0.726308
v -3.386259 4.915747 0.752773
v -3.386259 4.862816 0.699842
v -3.386259 4.908656 0.726308
v -3.386259 4.889281 0.706933
v -3.386259 4.862816 0.899842
v -3.386259 4.915747 0.846910
v -3.386259 4.889281 0.892750
v -3.386259 4.908656 0.873376
v -3.611430 4.915747 0.846910
v -3.611430 4.862816 0.899842
v -3.611430 4.908656 0.873376
v -3.611430 4.889281 0.892750
v -3.328844 4.695747 0.699842
v -3.328844 4.695747 0.899842
v -3.668843 4.695747 0.699842
v -3.668843 4.695747 0.899842
v -3.358844 4.635747 0.729842
v -3.358844 4.635747 0.869842
v -3.638844 4.635747 0.869842
v -3.638844 4.635747 0.729842
v -3.328844 4.635747 0.699842
v -3.328844 4.635747 0.899842
v -3.668843 4.635747 0.899842
v -3.668843 4.635747 0.699842
v -3.358844 4.485747 0.729842
v -3.358844 4.485747 0.869842
v -3.638844 4.485747 0.869842
v -3.638844 4.485747 0.729842
v -3.612184 4.461168 -0.327262
v -3.465505 4.461168 -0.327262
v -3.357625 4.461168 -0.282577
v -3.253907 4.461168 -0.178859
v -3.209222 4.461168 -0.070979
v -3.209222 4.461168 0.075699
v -3.253907 4.461168 0.183579
v -3.357625 4.461168 0.287297
v -3.465505 4.461168 0.331982
v -3.612184 4.461168 0.331982
v -3.720063 4.461168 0.287297
v -3.823781 4.461168 0.183579
v -3.868466 4.461168 0.075699
v -3.868466 4.461168 -0.070979
v -3.823781 4.461168 -0.178859
v -3.720063 4.461168 -0.282577
v -3.253907 5.181170 -0.178859
v -3.357625 5.181170 -0.282577
v -3.465505 5.181170 -0.327262
v -3.612184 5.181170 -0.327262
v -3.209222 5.181170 0.075699
v -3.209222 5.181170 -0.070979
v -3.357625 5.181170 0.287297
v -3.253907 5.181170 0.183579
v -3.612184 5.181170 0.331982
v -3.465505 5.181170 0.331982
v -3.823781 5.181170 0.183579
v -3.720063 5.181170 0.287297
v -3.868466 5.181170 -0.070979
v -3.868466 5.181170 0.075699
v -3.720063 5.181170 -0.282577
v -3.823781 5.181170 -0.178859
v -3.574477 5.181170 -0.180522
v -3.503212 5.181170 -0.180522
v -3.434724 5.181170 -0.152153
v -3.384331 5.181170 -0.101761
v -3.355962 5.181170 -0.033273
v -3.355962 5.181170 0.037993
v -3.384331 5.181170 0.106481
v -3.434724 5.181170 0.156873
v -3.503212 5.181170 0.185242
v -3.574477 5.181170 0.185242
v -3.642965 5.181170 0.156873
v -3.693357 5.181170 0.106481
v -3.721726 5.181170 0.037993
v -3.721726 5.181170 -0.033273
v -3.693357 5.181170 -0.101761
v -3.642965 5.181170 -0.152153
v -1.374344 4.486169 1.102360
v -1.374344 4.486169 0.302360
v -1.143344 4.486169 1.102360
v -1.143344 4.486169 0.302360
v -1.374344 4.920357 0.943374
v -1.374344 4.777793 0.800810
v -1.374344 4.834896 0.886271
v -1.374344 4.757741 0.700002
v -1.374344 4.777793 0.599194
v -1.374344 4.920357 0.456630
v -1.374344 4.834896 0.513733
v -1.143344 4.777793 0.599194
v -1.143344 4.834896 0.513733
v -1.143344 4.920357 0.456630
v -1.143344 4.920357 0.943374
v -1.143344 4.834896 0.886271
v -1.143344 4.757741 0.700002
v -1.143344 4.777793 0.800810
v -1.143344 4.916168 0.302360
v -1.143344 4.916168 1.102360
v -1.374344 4.916168 0.302360
v -1.374344 4.916168 1.102360
v -4.252521 4.542858 -0.647087
v -4.302410 4.492970 -0.492442
v -4.623065 4.172314 -0.323112
v -4.732415 4.062964 -0.393666
v -4.852150 3.943229 -0.847142
v -4.802260 3.993119 -1.001786
v -4.481605 4.313774 -1.171116
v -4.372254 4.423123 -1.100562
v -4.375947 4.683495 -0.432838
v -4.314382 4.745059 -0.623676
v -4.182351 4.613029 -0.623676
v -4.243917 4.551463 -0.432838
v -4.639619 4.155760 -0.223877
v -4.774562 4.020817 -0.310944
v -4.922319 3.873059 -0.870553
v -4.860754 3.934625 -1.061390
v -4.465051 4.330328 -1.270351
v -4.330109 4.465271 -1.183285
v -4.040930 4.471607 -0.623676
v -4.102495 4.410041 -0.432838
v -4.498198 4.014339 -0.223877
v -4.633141 3.879396 -0.310944
v -4.780898 3.731638 -0.870553
v -4.719333 3.793204 -1.061390
v -4.323629 4.188906 -1.270351
v -4.188686 4.323849 -1.183285
v -4.111098 4.401437 -0.647087
v -4.160989 4.351548 -0.492442
v -4.481644 4.030893 -0.323112
v -4.590994 3.921542 -0.393666
v -4.710729 3.801808 -0.847142
v -4.660839 3.851698 -1.001786
v -4.340184 4.172352 -1.171116
v -4.230834 4.281702 -1.100562
v -4.484467 4.574974 -0.289846
v -4.623419 4.436022 -0.216468
v -4.771649 4.287791 -0.223877
v -4.309143 4.750299 -0.833306
v -4.361029 4.698412 -1.029815
v -4.462139 4.597302 -1.183285
v -5.090435 5.521112 -0.623676
v -5.151999 5.459547 -0.432838
v -5.260520 5.351027 -0.289846
v -5.399472 5.212074 -0.216468
v -5.547703 5.063843 -0.223877
v -5.085196 5.526351 -0.833306
v -5.137081 5.474465 -1.029815
v -5.238193 5.373354 -1.183285
v -5.392948 5.218599 -0.703581
v -4.616895 4.442546 -0.703581
v -4.269145 4.790298 -1.058762
v -5.045197 5.566349 -1.058762
v -5.058531 5.553015 -0.579058
v -4.282477 4.776962 -0.579058
v -5.159677 4.675817 -0.223877
v -5.353690 4.869830 -0.223877
vn 0.7071 -0.0000 -0.7071
vn 0.9659 -0.0000 -0.2588
vn -0.2588 -0.0000 -0.9659
vn 0.2588 -0.0000 -0.9659
vn -0.9659 -0.0000 -0.2588
vn -0.7071 -0.0000 -0.7071
vn 0.9659 -0.0000 0.2588
vn 0.7071 -0.0000 0.7071
vn -0.0000 0.7230 0.6908
vn -0.0000 0.9011 0.4336
vn -0.0000 0.4336 0.9011
vn -0.0000 0.1339 0.9910
vn -0.0000 -0.4742 -0.8804
vn -0.0000 -0.1789 -0.9839
vn -0.7071 -0.0000 0.7071
vn -0.9659 -0.0000 0.2588
vn 0.2588 -0.0000 0.9659
vn -0.2588 -0.0000 0.9659
vn -0.0000 0.3520 -0.9360
vn -0.0000 0.5878 -0.8090
vn -0.0001 0.3484 -0.9373
vn -0.0000 0.1789 -0.9839
vn -0.0000 0.4742 -0.8804
vn -0.0000 -0.9011 0.4336
vn -0.0000 -0.7230 0.6908
vn -0.0000 0.8804 -0.4742
vn -0.0000 0.6908 -0.7230
vn -0.0000 0.9839 0.1789
vn -0.0000 0.9910 -0.1339
vn -0.0000 -0.6908 -0.7230
vn -0.0000 -0.8804 -0.4742
vn -0.0000 -0.9910 -0.1339
vn -0.0000 -0.9839 0.1789
vn -0.0000 -0.0000 1.0000
vn -0.0000 -0.2654 0.9641
vn -0.0000 0.2654 0.9641
vn 0.0409 -0.0231 0.9989
vn 0.8394 -0.0533 0.5409
vn -0.0000 -0.9511 0.3090
vn -0.0000 -0.8349 0.5503
vn -0.0000 0.7814 -0.6240
vn -0.0000 0.9990 0.0455
vn -0.0000 0.9733 0.2296
vn -0.0001 0.9990 0.0456
vn -0.0000 -0.7814 -0.6240
vn -0.0000 0.9511 0.3090
vn -0.0000 0.8349 0.5504
vn -0.0000 -0.9990 0.0455
vn 0.0001 -0.9990 0.0454
vn 0.0001 -0.9733 0.2296
vn -0.0000 -0.5878 -0.8090
vn -0.0000 -0.3520 -0.9360
vn 0.7071 0.7071 -0.0000
vn 0.9659 0.2588 -0.0000
vn -0.2588 0.9659 -0.0000
vn 0.2588 0.9659 -0.0000
vn -0.9659 0.2588 -0.0000
vn -0.7071 0.7071 -0.0000
vn 0.9659 -0.2588 -0.0000
vn 0.7071 -0.7071 -0.0000
vn -0.7071 -0.7071 -0.0000
vn -0.9659 -0.2588 -0.0000
vn 0.2588 -0.9659 -0.0000
vn -0.2588 -0.9659 -0.0000
vn -0.0000 1.0000 -0.0000
vn -0.0000 -0.4336 0.9011
vn -0.0000 -0.1339 0.9910
vn 1.0000 -0.0000 -0.0000
vn -0.0000 -0.9239 0.3827
vn -0.0000 -1.0000 -0.0000
vn -0.0398 -0.7106 -0.7025
vn -0.0313 -0.5553 -0.8311
vn -0.0716 -0.5712 -0.8177
vn -0.0000 0.9239 -0.3827
vn -0.0000 -0.9239 -0.3827
vn -0.0000 0.9239 0.3827
vn -0.0000 -0.7071 -0.7071
vn -0.0000 0.7071 0.7071
vn -0.0000 -0.3827 -0.9239
vn -0.0000 0.3827 0.9239
vn -0.0000 -0.0000 -1.0000
vn -0.0000 -0.3827 0.9239
vn -0.0000 0.3827 -0.9239
vn -0.0000 -0.7071 0.7071
vn -0.0000 0.7071 -0.7071
vn -0.0459 0.7135 0.6992
vn -0.0313 0.5553 0.8311
vn -0.0716 0.5712 0.8177
vn -0.0026 -0.0015 -1.0000
vn -0.0042 -0.2007 -0.9796
vn -0.0000 -0.2165 -0.9763
vn -0.0094 -0.3876 0.9218
vn -0.0024 0.0016 1.0000
vn -0.0000 -0.1706 0.9853
vn -0.0024 0.0021 1.0000
vn -0.0267 0.4176 0.9082
vn -0.0041 0.2007 0.9796
vn 0.1863 0.2685 -0.9451
vn -0.0071 0.4150 -0.9098
vn -0.0380 -0.7157 0.6974
vn -0.0128 -0.4200 0.9074
vn -0.0169 -0.5555 0.8314
vn -0.0354 0.7130 -0.7003
vn -0.0196 0.5707 -0.8210
vn -0.0404 0.7748 -0.6309
vn -0.0243 -0.8623 0.5059
vn -0.0623 -0.9453 0.3203
vn -0.0625 0.9250 -0.3748
vn -0.0561 0.8436 -0.5340
vn -0.0697 -0.9236 0.3771
vn -0.0692 -0.9808 0.1822
vn -0.0760 -0.9971 -0.0048
vn -0.0771 0.9970 0.0018
vn -0.0697 0.9461 -0.3164
vn -0.0749 0.9796 -0.1867
vn -0.0779 -0.9970 0.0016
vn -0.0798 -0.9791 -0.1870
vn -0.0738 -0.9436 -0.3227
vn -0.0705 0.9236 0.3769
vn -0.0795 0.9968 0.0073
vn -0.0761 0.9790 0.1890
vn -0.0660 -0.9242 -0.3761
vn -0.0672 -0.8359 -0.5447
vn -0.0562 -0.7755 -0.6289
vn -0.0696 0.9453 0.3186
vn -0.0584 0.8351 0.5470
vn -0.5878 -0.8090 -0.0000
vn 0.9511 -0.3090 -0.0000
vn -0.9511 -0.3090 -0.0000
vn 0.5878 -0.8090 -0.0000
vn 0.5878 0.8090 -0.0000
vn -0.9511 0.3090 -0.0000
vn 0.9511 0.3090 -0.0000
vn -0.5878 0.8090 -0.0000
vn -0.0000 -0.2560 0.9667
vn -0.0000 0.2560 0.9667
vn -1.0000 -0.0000 -0.0000
vn -0.0000 -0.9893 -0.1458
vn -0.0000 -0.9893 0.1458
vn -0.0000 0.2560 -0.9667
vn -0.0000 -0.2560 -0.9667
vn -0.0000 0.9893 -0.1458
vn -0.0000 0.9575 -0.2884
vn -0.0000 0.4949 -0.8689
vn -0.0000 -0.9575 -0.2884
vn -0.0000 -0.4949 -0.8689
vn -0.0000 0.9893 0.1458
vn -0.0000 0.9575 0.2884
vn -0.0000 0.4949 0.8689
vn -0.0000 -0.9575 0.2884
vn -0.0000 -0.4949 0.8689
vn -0.0000 0.5000 -0.8660
vn -0.0000 0.8660 -0.5000
vn -0.0000 0.8660 0.5000
vn -0.0000 0.5000 0.8660
vn -0.0000 -0.5000 0.8660
vn -0.0000 -0.8660 0.5000
vn -0.0000 -0.8660 -0.5000
vn -0.0000 -0.5000 -0.8660
vn -0.0000 0.8000 -0.6000
vn -0.0289 0.0167 0.9994
vn -0.0289 -0.0167 0.9994
vn -0.0000 0.0333 0.9994
vn -0.0000 -0.0333 0.9994
vn 0.0289 0.0167 0.9994
vn 0.5000 0.8660 -0.0000
vn 0.5000 -0.8660 -0.0000
vn -0.5000 0.8660 -0.0000
vn -0.5000 -0.8660 -0.0000
vn 0.0289 -0.0167 0.9994
vn 0.5556 -0.0000 0.8315
vn 0.1951 -0.0000 0.9808
vn 0.8315 -0.0000 -0.5556
vn 0.9808 -0.0000 -0.1951
vn 0.9808 -0.0000 0.1951
vn 0.8315 -0.0000 0.5556
vn -0.9808 -0.0000 -0.1951
vn -0.8315 -0.0000 -0.5556
vn -0.1951 -0.0000 0.9808
vn -0.5556 -0.0000 0.8315
vn -0.5556 -0.0000 -0.8315
vn -0.1951 -0.0000 -0.9808
vn -0.8315 -0.0000 0.5556
vn -0.9808 -0.0000 0.1951
vn 0.1951 -0.0000 -0.9808
vn 0.5556 -0.0000 -0.8315
vn 0.3912 0.9203 -0.0000
vn -0.0103 0.9999 -0.0000
vn -0.0051 1.0000 -0.0000
vn 0.7682 -0.6402 -0.0000
vn 0.9239 -0.0000 -0.3827
vn 0.3827 -0.0000 -0.9239
vn -0.3827 -0.0000 -0.9239
vn -0.9239 -0.0000 -0.3827
vn 0.9239 -0.0000 0.3827
vn 0.3827 -0.0000 0.9239
vn -0.3827 -0.0000 0.9239
vn -0.9239 -0.0000 0.3827
vn -0.7674 -0.6411 -0.0000
vn -0.4731 0.8810 0.0014
vn -0.4747 0.8801 -0.0000
vn -0.5019 0.8650 -0.0000
vn -0.4756 0.8797 -0.0000
vn -0.1589 -0.1589 -0.9744
vn -0.0270 -0.0270 -0.9993
vn 0.0176 0.0176 -0.9997
vn 0.2576 0.2576 -0.9313
vn 0.2926 0.2926 -0.9104
vn 0.4924 0.4924 -0.7177
vn 0.5131 0.5131 -0.6881
vn 0.6511 0.6511 -0.3902
vn 0.6572 0.6572 -0.3691
vn 0.6572 0.6572 0.3691
vn 0.6511 0.6511 0.3902
vn 0.5131 0.5131 0.6881
vn 0.4924 0.4924 0.7177
vn 0.3929 0.3929 0.8315
vn -0.5531 0.8331 -0.0000
vn -0.5148 0.8573 -0.0000
vn -0.7169 -0.6972 -0.0000
vn -0.4745 0.8803 0.0017
vn -0.4716 0.8818 -0.0067
vn 0.6790 0.7106 0.1845
vn 0.6976 0.7164 0.0078
vn 0.7071 0.7071 0.0001
vn -0.2992 0.9542 -0.0000
vn -0.1593 -0.9872 -0.0000
vn -0.8880 -0.4598 -0.0000
vn -0.5711 0.8209 -0.0000
vn -0.0000 -1.0000 -0.0001
vn -0.0000 1.0000 0.0001
vn -0.5350 0.8449 -0.0000
vn -0.4598 0.8880 -0.0000
vn -0.5165 0.8563 -0.0000
vn -0.3145 -0.9492 -0.0000
vn -0.5774 -0.5773 0.5773
vn -0.5774 -0.5773 -0.5773
vn 0.5774 -0.5774 -0.5773
vn 0.5774 -0.5774 0.5774
vn 0.4598 -0.8880 -0.0000
vn -0.9239 -0.3827 -0.0000
vn -0.9808 -0.1951 -0.0000
vn -0.7253 -0.6884 -0.0000
vn -0.9591 -0.2830 -0.0000
vn -0.5982 -0.8014 -0.0000
vn 0.5981 -0.8014 -0.0000
vn 0.7253 -0.6884 -0.0000
vn 0.9239 -0.3827 -0.0000
vn 0.9959 -0.0908 -0.0000
vn 0.9239 0.3827 -0.0000
vn 0.3827 0.9239 -0.0000
vn -0.3827 0.9239 -0.0000
vn 0.0480 -0.0095 -0.9988
vn -0.8315 0.5556 -0.0000
vn -0.9239 0.3827 -0.0000
vn 0.0073 -1.0000 -0.0000
vn -0.9999 0.0153 -0.0000
vn 0.0565 -0.0105 -0.9983
vn 0.1467 -0.0020 -0.9892
vn -0.0566 0.0105 0.9983
vn -0.1467 0.0020 0.9892
vn -0.1469 -0.0000 0.9891
vn -0.0071 1.0000 -0.0000
vn 0.9999 0.0145 -0.0000
vn -0.4748 0.8801 0.0007
vn -0.4736 0.8807 -0.0003
vn -0.4757 0.8796 0.0040
vn -0.4766 0.8791 0.0021
vn -0.4655 0.8849 -0.0185
vn 0.6895 0.7243 -0.0000
vn 0.3315 0.1913 -0.9239
vn 0.6125 0.3534 -0.7071
vn 0.8002 0.4617 -0.3827
vn 0.8661 0.4998 -0.0000
vn 0.8002 0.4617 0.3827
vn 0.6125 0.3534 0.7071
vn 0.3315 0.1913 0.9239
vn -0.3315 -0.1913 0.9239
vn -0.6125 -0.3534 0.7071
vn -0.8002 -0.4617 0.3827
vn -0.8661 -0.4998 -0.0000
vn -0.8002 -0.4617 -0.3827
vn -0.6125 -0.3534 -0.7071
vn -0.4998 0.8661 -0.0000
vn -0.3315 -0.1913 -0.9239
vn 0.4998 -0.8661 -0.0000
vn 0.6882 0.6882 0.2296
vn 0.5737 0.5737 0.5846
vn 0.3718 0.3718 0.8506
vn 0.1134 0.1134 0.9871
vn -0.1624 -0.1624 0.9733
vn -0.2075 -0.2075 0.9560
vn -0.4134 -0.4134 0.8113
vn -0.6014 -0.6014 0.5259
vn -0.6980 -0.6980 0.1603
vn -0.3718 -0.3718 -0.8506
vn -0.1134 -0.1134 -0.9871
vn 0.6980 0.6980 -0.1603
vn 0.6014 0.6014 -0.5259
vn 0.3546 0.3546 -0.8652
vn -0.5737 -0.5737 -0.5846
vn -0.6882 -0.6882 -0.2296
vn 0.1624 0.1624 -0.9733
vn 0.4134 0.4134 -0.8113
vn -0.6760 -0.6760 -0.2935
vn 0.3745 0.3745 -0.8482
vn 0.2076 0.2075 -0.9560
vn -0.5998 -0.5998 -0.5296
vn 0.5998 0.5998 0.5296
vn 0.6760 0.6759 0.2935
vn -0.3745 -0.3745 0.8482
vn -0.2075 -0.2076 0.9560
vn -0.6889 -0.6889 0.2253
vn -0.4504 -0.4504 0.7709
vn -0.0250 -0.0250 0.9994
vn -0.0999 -0.0999 0.9900
vn -0.7067 -0.7067 -0.0353
vn -0.2935 -0.2935 0.9098
vn -0.6433 -0.6433 -0.4151
vn 0.0250 0.0250 -0.9994
vn 0.2226 0.3099 0.9243
vn 0.6433 0.6433 0.4151
vn 0.6624 0.6624 -0.3498
vn 0.5173 0.5173 -0.6817
vn 0.7071 0.7071 -0.0054
vn 0.7067 0.7067 0.0353
vn -0.0000 0.9808 -0.1951
vn -0.0000 0.2903 -0.9569
vn -0.0000 0.2900 -0.9570
vn -0.0000 0.9716 -0.2366
vn -0.0000 0.6566 -0.7543
vn -0.0000 0.3456 -0.9384
vn -0.0000 -0.9510 0.3093
vn -0.0000 -0.6566 -0.7543
vn -0.0267 -0.4176 -0.9082
vn -0.0118 -0.3859 -0.9225
vn -0.0118 0.3859 0.9225
vn -0.0445 0.7885 0.6134
vn -0.0000 0.0276 -0.9996
vn -0.0032 -0.2042 0.9789
vn -0.0000 0.0680 0.9977
vn -0.0118 0.3859 -0.9225
vn -0.0277 -0.5792 0.8147
vn -0.0437 -0.7758 0.6295
vn 0.5876 0.8091 -0.0012
vn 0.6863 0.7209 0.0970
vn -0.0480 0.0095 0.9988
vn -0.9592 -0.2827 -0.0000
vn 0.0566 -0.0105 -0.9983
vn 0.1469 -0.0000 -0.9891
vn 0.9959 -0.0906 -0.0000
vn -0.4998 0.8662 -0.0000
vn 0.4998 -0.8662 -0.0000
vn -0.3117 -0.3117 -0.8976
vn -0.1001 -0.1001 0.9899
vn -0.2077 -0.2077 0.9559
vn 0.5803 0.5803 -0.5715
vn 1.0000 0.0001 -0.0000
vn 0.0001 0.3827 -0.9239
vn -0.7892 -0.6142 -0.0000
vn -0.6033 -0.7975 -0.0000
vn 0.6224 -0.7827 -0.0000
vn 0.2654 -0.9641 -0.0000
vn 0.0068 -1.0000 -0.0000
vn -0.4941 -0.8694 -0.0000
vn -0.8027 0.5964 -0.0000
vn -0.9677 0.2522 -0.0000
vn -1.0000 -0.0068 -0.0000
vn -0.8626 -0.5059 -0.0000
vn -0.0335 0.9994 -0.0000
vn 0.1600 0.9871 -0.0000
vn 0.9839 -0.1788 -0.0000
vn 0.9770 0.2131 -0.0000
vn 0.0167 -0.9999 -0.0000
vn 0.2116 -0.9774 -0.0000
vn 0.3983 -0.9173 -0.0000
vn 0.9301 -0.3672 -0.0000
vn 0.9160 0.4012 -0.0000
vn 0.3474 0.9377 -0.0000
vn 0.0166 -0.9999 -0.0000
vn 0.6903 0.7235 -0.0000
vn 0.7187 -0.6953 -0.0000
vn 0.9999 0.0165 -0.0000
vn -0.2445 0.9697 -0.0000
vn -0.1383 0.9904 -0.0000
vn -0.0305 0.9995 -0.0000
vn -0.6846 -0.7289 -0.0000
vn 0.7136 -0.7005 -0.0000
vn 0.7201 -0.6939 -0.0000
vn -0.7239 0.6899 -0.0000
vn -0.3980 0.9174 -0.0000
vn -0.7187 0.6953 -0.0000
vn 0.1646 -0.9863 0.0067
vn 0.0151 -0.9999 -0.0019
vn 0.4412 -0.8974 -0.0067
vn -0.3240 -0.9461 0.0044
vn 0.0296 0.9996 0.0042
vn -0.3552 0.9348 -0.0044
vn -0.3673 -0.9301 -0.0000
vn 0.1788 0.9838 -0.0087
vn -0.7277 -0.6859 -0.0044
vn 0.5010 0.8654 0.0063
vn 0.6952 0.7187 -0.0091
vn -0.9168 -0.3993 0.0019
vn -0.6953 -0.7187 -0.0000
vn 0.8230 0.5681 0.0019
vn 0.8147 -0.5799 -0.0044
vn -0.9999 -0.0151 0.0019
vn -0.9774 -0.2113 -0.0091
vn 0.8406 -0.5417 -0.0000
vn 0.9666 0.2562 -0.0044
vn -0.9461 0.3240 -0.0044
vn -0.9301 0.3673 -0.0000
vn 0.5705 -0.8213 0.0019
vn 0.9774 0.2113 -0.0000
vn -0.0001 -0.0000 1.0000
vn 0.7993 -0.6010 -0.0000
vn 0.6165 -0.7874 -0.0000
vn -0.6093 -0.7929 -0.0000
vn -0.2494 -0.9684 -0.0000
vn 0.0098 -1.0000 -0.0000
vn 0.5084 -0.8611 -0.0000
vn 0.7927 0.6097 -0.0000
vn 0.9634 0.2682 -0.0000
vn 1.0000 0.0098 -0.0000
vn 0.8709 -0.4915 -0.0000
vn 0.0169 0.9999 -0.0000
vn -0.1763 0.9843 -0.0000
vn -0.9804 0.1968 -0.0000
vn -0.0001 -1.0000 -0.0000
vn -0.1953 -0.9807 -0.0000
vn -0.3830 -0.9237 -0.0000
vn -0.9239 -0.3826 -0.0000
vn -0.9225 0.3860 -0.0000
vn -0.3629 0.9318 -0.0000
vn -0.7022 0.7120 -0.0000
vn -1.0000 -0.0001 -0.0000
vn 0.2284 0.9736 -0.0000
vn 0.1218 0.9925 -0.0000
vn 0.0139 0.9999 -0.0000
vn 0.6966 -0.7175 -0.0000
vn -0.7019 -0.7123 -0.0000
vn -0.7085 -0.7057 -0.0000
vn 0.7124 0.7018 -0.0000
vn -0.1482 -0.9889 -0.0067
vn 0.0015 -1.0000 0.0019
vn -0.4262 -0.9046 0.0067
vn 0.3396 -0.9405 -0.0044
vn -0.0461 0.9989 -0.0042
vn 0.3396 0.9406 0.0044
vn 0.3827 -0.9239 -0.0000
vn -0.1951 0.9807 0.0087
vn 0.7390 -0.6737 0.0044
vn -0.5153 0.8570 -0.0063
vn -0.7071 0.7071 0.0091
vn 0.9233 -0.3840 -0.0019
vn -0.8323 0.5543 -0.0019
vn -0.8049 -0.5934 0.0044
vn 1.0000 0.0015 -0.0019
vn 0.9807 -0.1951 0.0091
vn -0.8315 -0.5556 -0.0000
vn -0.9707 0.2402 0.0044
vn 0.9405 0.3396 0.0044
vn -0.5568 -0.8307 -0.0019
vn -0.9808 0.1951 -0.0000
vn -0.4804 0.1605 0.8622
vn -0.2029 0.1582 0.9663
vn -0.4016 0.1140 0.9087
vn 0.1716 -0.7487 -0.6404
vn -0.0000 -0.7487 -0.6629
vn -0.0000 -0.7487 0.6629
vn -0.1716 -0.7487 0.6403
vn -0.6629 -0.7487 -0.0000
vn -0.6403 -0.7487 0.1716
vn -0.1716 -0.7487 -0.6403
vn -0.3315 -0.7487 -0.5741
vn 0.6403 -0.7487 -0.1716
vn 0.6629 -0.7487 -0.0000
vn 0.3315 -0.7487 0.5741
vn 0.1716 -0.7487 0.6403
vn -0.5741 -0.7487 0.3315
vn -0.4688 -0.7487 0.4688
vn -0.4688 -0.7487 -0.4688
vn -0.5741 -0.7487 -0.3315
vn 0.5741 -0.7487 -0.3315
vn 0.4688 -0.7487 -0.4688
vn 0.4688 -0.7487 0.4688
vn 0.5741 -0.7487 0.3315
vn -0.3315 -0.7487 0.5741
vn -0.6403 -0.7487 -0.1716
vn 0.3315 -0.7487 -0.5741
vn 0.6404 -0.7487 0.1716
vn 0.6403 -0.7487 0.1716
vn -0.1305 -0.0000 -0.9914
vn -0.0439 -0.0000 -0.9990
vn -0.1761 -0.0000 0.9844
vn -0.3722 0.0001 0.9281
vn 0.1305 -0.0000 0.9914
vn 0.8489 0.1979 0.4901
vn 0.6931 0.1979 0.6931
vn -0.2537 0.1979 -0.9468
vn -0.0000 0.1979 -0.9802
vn 0.4901 0.1979 -0.8489
vn 0.2537 0.1979 -0.9468
vn -1.0000 0.0099 -0.0000
vn 0.4901 0.1979 0.8489
vn 0.6931 0.1979 -0.6931
vn 0.2537 0.1979 0.9468
vn 0.8489 0.1979 -0.4901
vn -0.0000 0.1979 0.9802
vn 0.9468 0.1979 -0.2537
vn -0.2537 0.1979 0.9468
vn 0.9802 0.1979 -0.0000
vn -0.4804 0.1605 -0.8622
vn -0.2030 0.1582 -0.9663
vn -0.4069 0.1858 -0.8944
vn -0.4901 0.1979 0.8489
vn 0.9468 0.1979 0.2537
vn -0.4901 0.1979 -0.8489
vn -0.4069 0.1858 0.8944
vn 0.1246 0.9896 0.0720
vn 0.1239 0.9897 -0.0715
vn 0.1886 0.9764 -0.1056
vn 0.1305 -0.0000 -0.9914
vn 0.2177 -0.0000 -0.9760
vn -0.0439 -0.0000 0.9990
vn 0.1767 -0.0000 0.9843
vn 0.2176 -0.0000 0.9760
vn -0.3721 -0.0000 -0.9282
vn 0.9998 -0.0000 0.0201
vn -0.3082 -0.9513 -0.0000
vn -0.3082 -0.9513 0.0075
vn -0.3107 -0.9505 0.0104
vn 0.3352 0.9421 -0.0000
vn 0.3391 0.9406 0.0157
vn 0.3391 0.9406 -0.0157
vn 0.3382 0.9409 -0.0206
vn 0.3352 0.9421 -0.0046
vn -0.3082 -0.9513 -0.0075
vn 0.3298 0.9440 -0.0073
vn -0.3150 -0.9326 0.1763
vn -0.3298 -0.9440 0.0071
vn -0.3302 -0.9439 -0.0000
vn -0.1762 -0.0000 -0.9844
vn 0.1897 0.9761 0.1062
vn 0.3317 0.9434 0.0071
vn 0.3321 0.9433 -0.0000
vn -0.3167 -0.9318 -0.1772
vn -0.3317 -0.9434 -0.0074
vn -0.3161 -0.9310 -0.1825
vn 0.1767 -0.0000 -0.9843
vn -0.3107 -0.9505 -0.0104
vn 0.3382 0.9409 0.0206
vn 0.3459 0.9375 0.0384
vn -0.3111 -0.9502 0.0214
vn -0.3183 -0.9472 0.0377
vn 0.9998 -0.0000 -0.0201
vn -0.3111 -0.9502 -0.0214
vn -0.9998 -0.0000 0.0201
vn -0.9998 -0.0000 -0.0201
vn -0.0000 0.9995 -0.0329
vn -0.1919 0.9810 -0.0284
vn -0.0000 0.9995 0.0329
vn -0.1919 0.9810 0.0284
vn -0.1983 0.9797 0.0282
vn -0.0000 -0.9999 0.0140
vn -0.1923 -0.9813 0.0099
vn -0.0000 -0.9999 -0.0140
vn -0.1923 -0.9813 -0.0099
vn -0.1978 -0.9802 -0.0098
vn -0.9802 -0.1972 0.0169
vn -0.9816 0.1906 0.0135
vn -0.9811 -0.1929 0.0170
vn -0.9816 0.1906 -0.0135
vn -0.9802 -0.1972 -0.0169
vn -0.9811 -0.1929 -0.0170
vn -0.3827 0.9236 0.0227
vn -0.9239 0.3826 -0.0060
vn -0.9798 0.1994 -0.0131
vn -0.9238 -0.3827 -0.0132
vn -0.3827 -0.9239 0.0053
vn -0.1978 -0.9802 0.0098
vn -0.9798 0.1994 0.0131
vn -0.9239 0.3826 0.0060
vn -0.3827 0.9236 -0.0227
vn -0.1983 0.9797 -0.0282
vn -0.3826 -0.9239 -0.0053
vn -0.3827 -0.9239 -0.0053
vn -0.9238 -0.3827 0.0132
vn -0.4016 0.1140 -0.9087
vn -0.1305 -0.0000 0.9914
vn 0.3352 0.9421 0.0046
vn 0.3459 0.9375 -0.0384
vn 0.1763 -0.0000 0.9843
vn 0.1888 0.9763 -0.1054
vn 0.3302 0.9439 -0.0000
vn 0.3298 0.9440 -0.0071
vn -0.3144 -0.9318 0.1815
vn -0.3167 -0.9318 -0.1771
vn -0.3321 -0.9433 -0.0000
vn -0.3317 -0.9434 -0.0071
vn -0.1759 -0.0000 0.9844
vn -0.3183 -0.9472 -0.0377
vn -0.7993 -0.6010 -0.0000
vn -0.6165 -0.7874 -0.0000
vn 0.6093 -0.7929 -0.0000
vn 0.2494 -0.9684 -0.0000
vn -0.0098 -1.0000 -0.0000
vn -0.5084 -0.8611 -0.0000
vn -0.7927 0.6097 -0.0000
vn -0.9634 0.2682 -0.0000
vn -1.0000 0.0098 -0.0000
vn -0.8709 -0.4915 -0.0000
vn -0.0169 0.9999 -0.0000
vn 0.1763 0.9843 -0.0000
vn 0.9808 -0.1951 -0.0000
vn 0.9804 0.1968 -0.0000
vn 0.0001 -1.0000 -0.0000
vn 0.1953 -0.9807 -0.0000
vn 0.3830 -0.9237 -0.0000
vn 0.9239 -0.3826 -0.0000
vn 0.9225 0.3860 -0.0000
vn 0.3629 0.9318 -0.0000
vn 0.7022 0.7120 -0.0000
vn 1.0000 -0.0001 -0.0000
vn -0.2284 0.9736 -0.0000
vn -0.1218 0.9925 -0.0000
vn -0.0139 0.9999 -0.0000
vn -0.6966 -0.7175 -0.0000
vn 0.7019 -0.7123 -0.0000
vn 0.7085 -0.7057 -0.0000
vn -0.7124 0.7018 -0.0000
vn 0.1482 -0.9889 0.0067
vn -0.0015 -1.0000 -0.0019
vn 0.4262 -0.9046 -0.0067
vn -0.3396 -0.9405 0.0044
vn 0.0461 0.9989 0.0042
vn -0.3396 0.9406 -0.0044
vn -0.3827 -0.9239 -0.0000
vn 0.1951 0.9807 -0.0087
vn -0.7390 -0.6737 -0.0044
vn 0.5153 0.8570 0.0063
vn 0.7071 0.7071 -0.0091
vn -0.9233 -0.3840 0.0019
vn 0.8323 0.5544 0.0019
vn 0.8049 -0.5934 -0.0044
vn -1.0000 0.0015 0.0019
vn -0.9807 -0.1951 -0.0091
vn 0.8315 -0.5556 -0.0000
vn 0.9707 0.2402 -0.0044
vn -0.9405 0.3396 -0.0044
vn 0.5568 -0.8307 0.0019
vn 0.9808 0.1951 -0.0000
vn 0.0001 -0.0000 1.0000
vn 0.3396 -0.9406 -0.0044
vn 0.9406 0.3396 0.0044
vn -0.0001 -0.0000 -1.0000
vn 0.0001 -0.0000 -1.0000
vn 0.1716 -0.7487 -0.6403
vn 0.6404 -0.7487 -0.1716
vn -0.3722 -0.0000 0.9281
vn -0.2029 0.1582 -0.9663
vn 0.1885 0.9764 -0.1056
vn 0.3391 0.9406 -0.0158
vn -0.3167 -0.9318 -0.1773
vn -0.0000 -0.9999 0.0141
vn -0.0000 -0.9999 -0.0141
vn -0.9798 0.1994 -0.0132
vn -0.3826 -0.9239 0.0053
vn -0.1983 0.9797 -0.0283
vn -0.3597 0.7621 0.5384
vn 0.3597 0.7621 -0.5384
vn 0.5384 0.7621 0.3597
vn -0.5384 0.7621 -0.3597
vn -0.0188 0.9997 -0.0126
vn -0.0126 0.9997 0.0188
vn 0.0188 0.9997 0.0126
vn 0.0126 0.9997 -0.0188
vn -0.8339 0.5520 -0.0000
vn -0.7101 0.7041 -0.0000
vn 0.7101 -0.7041 -0.0000
vn 0.5591 -0.8291 -0.0000
vn 0.5592 -0.8291 -0.0000
vn -0.5520 -0.8339 -0.0000
vn -0.8291 -0.5591 -0.0000
vn -0.8291 -0.5592 -0.0000
vn 0.7041 0.7101 -0.0000
vn -0.0043 1.0000 -0.0000
vn 1.0000 0.0043 -0.0000
vn 0.7102 -0.7040 -0.0000
vn 0.3867 -0.9222 -0.0000
vn 0.0043 -1.0000 -0.0000
vn -0.3787 -0.9255 -0.0000
vn -0.7040 -0.7102 -0.0000
vn -0.7041 -0.7101 -0.0000
vn -0.9222 -0.3867 -0.0000
vn -1.0000 -0.0043 -0.0000
vn -0.9255 0.3787 -0.0000
vn -0.7102 0.7040 -0.0000
vn -0.3867 0.9222 -0.0000
vn 0.3787 0.9255 -0.0000
vn 0.9222 0.3867 -0.0000
vn 0.9255 -0.3787 -0.0000
vn 0.8224 -0.5689 -0.0000
vn 0.6472 -0.7623 -0.0000
vn 0.1793 -0.9838 -0.0000
vn -0.0814 -0.9967 -0.0000
vn -0.9039 -0.4278 -0.0000
vn -0.9967 0.0814 -0.0000
vn -0.9416 0.3366 -0.0000
vn -0.8224 0.5689 -0.0000
vn -0.4278 0.9039 -0.0000
vn -0.1793 0.9838 -0.0000
vn 0.0814 0.9967 -0.0000
vn -0.0964 0.9953 -0.0000
vn 0.4738 -0.8806 -0.0000
vn 0.4739 -0.8806 -0.0000
vn -0.5689 -0.8224 -0.0000
vn -0.7623 -0.6472 -0.0000
vn 0.6957 0.7140 0.0795
vn -0.7174 0.6963 0.0238
vn -0.7173 0.6963 0.0238
vn -0.0383 -0.0736 0.9966
vn -0.6957 -0.7140 -0.0795
vn 0.0383 0.0736 -0.9966
vn -0.3965 0.9165 0.0524
vn 0.3682 0.9261 0.0825
vn -0.9172 -0.3932 -0.0643
vn -0.9290 0.3701 -0.0084
vn -0.9172 -0.3931 -0.0643
vn 0.3682 0.9261 0.0826
vn -0.0010 0.0430 -0.9991
vn 0.7527 -0.6580 -0.0220
vn -0.6577 -0.7494 -0.0757
vn -0.6576 -0.7532 0.0124
vn 0.0668 -0.9968 -0.0430
vn 0.5566 -0.8300 -0.0363
vn -0.4411 -0.8967 -0.0381
vn -0.8307 -0.5563 -0.0231
vn 0.0110 -0.0598 0.9981
vn 0.0120 -0.0616 0.9980
vn 0.0015 -0.0425 0.9991
vn -0.0002 0.0416 -0.9991
vn -0.0003 0.0417 -0.9991
vn -0.6583 -0.7521 -0.0317
vn 0.0192 -0.9989 -0.0430
vn 0.7527 -0.6577 -0.0291
vn 0.6583 0.7521 0.0317
vn 0.0010 -0.0430 0.9991
vn -0.7527 0.6577 0.0291
vn 0.7527 -0.6574 -0.0362
vn -0.7527 0.6580 0.0220
vn -0.7527 0.6574 0.0362
vn -0.0001 -0.0451 0.9990
vn -0.0002 -0.0449 0.9990
vn -0.0003 -0.0445 0.9990
vn -0.0020 0.0405 -0.9992
vn 0.1942 -0.1290 -0.9724
vn 0.5327 -0.4357 -0.7256
vn 0.5327 -0.4356 -0.7256
vn 0.5326 -0.4357 -0.7256
vn -0.5343 0.4966 -0.6840
vn -0.1977 0.2134 -0.9568
vn -0.7273 0.6463 -0.2310
vn -0.7272 0.6246 0.2847
vn 0.7272 -0.6246 -0.2847
vn 0.7273 -0.6463 0.2310
vn 0.5344 -0.4966 0.6840
vn 0.1977 -0.2134 0.9568
vn 0.7272 -0.6463 0.2310
vn -0.1942 0.1290 0.9724
vn -0.5327 0.4357 0.7256
vn -0.5344 0.4966 -0.6840
vn 0.5343 -0.4966 0.6840
vn 0.9978 0.0667 0.0019
vn -0.9978 -0.0667 -0.0019
vn -0.9978 -0.0668 -0.0019
vn -0.6098 0.7918 0.0347
vn -0.2601 0.9647 0.0418
vn -0.5326 0.4357 0.7256
vn -0.6565 -0.7538 -0.0295
vn -0.6566 -0.7537 -0.0292
vn -0.6559 -0.7542 -0.0308
vn -0.6558 -0.7542 -0.0324
vn -0.6558 -0.7543 -0.0311
vn -0.6560 -0.7541 -0.0328
vn -0.6566 -0.7534 -0.0343
vn -0.6565 -0.7536 -0.0340
vn -0.6589 -0.7515 -0.0349
vn -0.6578 -0.7524 -0.0350
vn -0.6575 -0.7527 -0.0350
vn -0.6578 -0.7527 -0.0285
vn -0.6575 -0.7529 -0.0285
vn -0.6592 -0.7512 -0.0349
vn -0.6591 -0.7515 -0.0285
vn -0.6607 -0.7499 -0.0326
vn -0.6602 -0.7504 -0.0339
vn -0.6600 -0.7505 -0.0342
vn -0.6589 -0.7517 -0.0285
vn -0.6601 -0.7506 -0.0294
vn -0.6600 -0.7507 -0.0291
vn -0.6609 -0.7498 -0.0323
vn -0.6607 -0.7500 -0.0306
vn -0.6609 -0.7499 -0.0310
vn 0.4988 0.8659 0.0368
vn 0.1292 0.9907 0.0425
vn 0.0488 -0.1281 0.9906
vn 0.0026 0.0365 -0.9993
vn 0.6583 0.7521 0.0310
vn 0.6583 0.7520 0.0317
vn 0.6584 0.7520 0.0317
vn 0.6583 0.7521 0.0316
vn -0.0000 -0.0455 0.9990
vn -0.0020 0.0407 -0.9992
vn -0.0023 0.0415 -0.9991
vn -0.0021 0.0406 -0.9992
vn 0.4989 0.8659 0.0368
vn -0.3090 -0.9511 -0.0000
vn -0.1564 -0.9877 -0.0000
vn -0.1564 0.9877 -0.0000
vn -0.3090 0.9511 -0.0000
vn 0.3090 0.9511 -0.0000
vn 0.8090 0.5878 -0.0000
vn 0.8090 -0.5878 -0.0000
vn 0.3090 -0.9511 -0.0000
vn -0.2902 -0.0068 0.9570
vn -0.0981 -0.0071 0.9952
vn -0.2904 -0.0068 0.9569
vn 0.7732 -0.0045 0.6341
vn 0.8818 -0.0033 0.4717
vn 0.8821 -0.0033 0.4711
vn 0.9571 -0.0021 0.2899
vn 0.9951 -0.0007 0.0984
vn 0.9952 -0.0007 0.0976
vn 0.9951 0.0007 -0.0984
vn 0.9675 0.0018 -0.2527
vn 0.9676 0.0015 -0.2526
vn 0.9313 0.0013 -0.3643
vn 0.7537 0.0010 -0.6572
vn 0.7543 0.0007 -0.6565
vn 0.2785 -0.0000 -0.9604
vn 0.2832 0.0002 -0.9591
vn -0.2793 -0.0000 -0.9602
vn -0.7546 0.0012 -0.6562
vn -0.9313 0.0013 -0.3643
vn -0.7532 0.0004 -0.6578
vn -0.9675 0.0018 -0.2527
vn -0.9951 0.0007 -0.0984
vn -0.9676 0.0015 -0.2526
vn -0.9951 -0.0007 0.0984
vn -0.9571 -0.0021 0.2899
vn -0.9952 -0.0007 0.0976
vn -0.8817 -0.0033 0.4717
vn -0.7732 -0.0045 0.6341
vn -0.8821 -0.0033 0.4711
vn -0.6342 -0.0055 0.7732
vn -0.4716 -0.0063 0.8818
vn -0.6346 -0.0055 0.7728
vn -0.0017 -0.9999 -0.0122
vn 0.0039 -0.9997 -0.0254
vn 0.0021 -0.9999 -0.0114
vn 0.4716 -0.0063 0.8818
vn 0.6342 -0.0055 0.7732
vn 0.6346 -0.0055 0.7728
vn 0.0981 -0.0071 0.9952
vn 0.2902 -0.0068 0.9569
vn 0.2904 -0.0068 0.9569
vn -0.0980 -0.0071 0.9952
vn 0.4712 -0.0063 0.8820
vn 0.7728 -0.0045 0.6346
vn 0.9568 -0.0021 0.2907
vn 0.9952 0.0007 -0.0976
vn 0.9308 0.0021 -0.3655
vn -0.2824 0.0002 -0.9593
vn -0.9308 0.0022 -0.3655
vn -0.9952 0.0007 -0.0976
vn -0.9568 -0.0021 0.2907
vn -0.7728 -0.0045 0.6346
vn -0.4712 -0.0063 0.8820
vn -0.0025 0.9999 0.0104
vn -0.0006 0.9999 0.0147
vn 0.0001 0.9999 0.0133
vn -0.9492 0.3145 -0.0000
vn -0.3146 -0.9492 -0.0000
vn 0.9492 -0.3146 -0.0000
vn -0.1562 -0.9877 -0.0000
vn -0.1562 0.9877 -0.0000
vn -0.0000 -0.9999 -0.0139
vn -0.0000 -0.9999 -0.0138
vn 0.0001 -0.9999 -0.0140
vn 0.0001 -0.9999 -0.0139
vn -0.0038 -0.9999 -0.0137
vn -0.0161 -0.9997 -0.0171
vn -0.0039 -0.9999 -0.0147
vn 0.0093 -0.9999 -0.0053
vn -0.0072 -0.9992 -0.0400
vn -0.0001 -0.9999 -0.0139
vn 0.0038 -0.9999 -0.0137
vn 0.0147 -0.9998 -0.0152
vn 0.0161 -0.9997 -0.0171
vn 0.0171 -0.9997 -0.0176
vn 0.0171 -0.9997 -0.0175
vn 0.0980 -0.0071 0.9952
vn -0.0000 0.9999 0.0139
vn -0.0000 0.9999 0.0138
vn -0.0000 0.9999 0.0140
vn -0.0001 0.9999 0.0136
vn -0.0001 0.9999 0.0138
vn -0.0008 0.9999 0.0134
vn -0.0038 0.9999 0.0137
vn -0.0165 0.9997 0.0172
vn -0.0187 0.9997 0.0182
vn 0.0054 1.0000 -0.0024
vn -0.0021 0.9995 0.0327
vn 0.0024 0.9999 0.0129
vn 0.0099 0.9998 0.0147
vn 0.0167 0.9997 0.0172
vn -0.0093 0.9999 0.0053
vn -0.7025 0.6844 -0.1951
vn -0.7041 0.6870 0.1798
vn -0.7041 0.6870 -0.1798
vn 0.1442 -0.1372 0.9800
vn 0.2973 -0.2852 0.9112
vn 0.1512 -0.1451 0.9778
vn 0.6708 -0.6359 0.3816
vn 0.7133 -0.6772 0.1808
vn 0.6777 -0.6446 0.3538
vn -0.7025 0.6844 0.1951
vn -0.6692 0.6529 0.3549
vn -0.2762 0.2663 0.9235
vn -0.1521 0.1478 0.9772
vn -0.2961 0.2879 0.9107
vn 0.7132 -0.6771 -0.1810
vn 0.6708 -0.6359 -0.3816
vn 0.6777 -0.6446 -0.3538
vn 0.2973 -0.2852 -0.9112
vn 0.1442 -0.1372 -0.9800
vn 0.1512 -0.1451 -0.9778
vn -0.1523 0.1480 -0.9772
vn -0.2762 0.2663 -0.9235
vn -0.2961 0.2879 -0.9107
vn -0.6692 0.6529 -0.3549
vn -0.1382 0.1333 0.9814
vn -0.1383 0.1333 -0.9814
vn 0.7120 -0.6748 -0.1942
vn 0.7120 -0.6748 0.1942
vn 0.2773 -0.2638 0.9238
vn -0.6624 0.6441 0.3827
vn 0.7133 -0.6772 -0.1804
vn 0.6708 -0.6359 -0.3817
vn 0.2774 -0.2638 -0.9238
vn -0.1519 0.1476 -0.9773
vn -0.6624 0.6441 -0.3827
vn 0.6911 0.6960 0.1950
vn 0.6926 0.6986 -0.1798
vn 0.6926 0.6986 0.1798
vn -0.1419 -0.1396 -0.9800
vn -0.2926 -0.2901 -0.9112
vn -0.1488 -0.1476 -0.9778
vn -0.6602 -0.6469 -0.3816
vn -0.7019 -0.6889 -0.1808
vn -0.6669 -0.6558 -0.3539
vn 0.6911 0.6960 -0.1950
vn 0.6582 0.6639 -0.3549
vn 0.2717 0.2709 -0.9235
vn 0.1496 0.1504 -0.9772
vn 0.2913 0.2928 -0.9107
vn -0.7019 -0.6889 0.1810
vn -0.6602 -0.6469 0.3816
vn -0.6669 -0.6558 0.3539
vn -0.2926 -0.2901 0.9112
vn -0.1419 -0.1396 0.9800
vn -0.1488 -0.1476 0.9778
vn 0.1499 0.1506 0.9772
vn 0.2717 0.2709 0.9235
vn 0.2913 0.2928 0.9107
vn 0.6582 0.6639 0.3549
vn 0.1360 0.1355 -0.9814
vn 0.1360 0.1356 0.9814
vn -0.7007 -0.6865 0.1942
vn -0.7007 -0.6865 -0.1942
vn -0.2729 -0.2684 -0.9238
vn 0.6516 0.6550 -0.3827
vn -0.7020 -0.6889 0.1806
vn -0.6603 -0.6470 0.3814
vn -0.2729 -0.2684 0.9238
vn 0.1494 0.1502 0.9773
vn 0.2717 0.2708 0.9235
vn 0.6516 0.6550 0.3827
vn -0.1345 -0.3653 -0.9211
vn -0.1353 -0.3678 -0.9200
vn -0.1353 -0.3679 -0.9200
vn -0.3199 -0.8696 -0.3762
vn -0.3202 -0.8706 -0.3736
vn -0.3202 -0.8706 -0.3735
vn -0.3202 -0.8706 0.3736
vn -0.3199 -0.8696 0.3762
vn -0.3202 -0.8706 0.3735
vn -0.1353 -0.3678 0.9200
vn -0.1345 -0.3653 0.9211
vn -0.1353 -0.3679 0.9200
vn 0.1354 0.3678 0.9200
vn 0.1346 0.3653 0.9211
vn 0.3207 0.8704 0.3736
vn 0.3204 0.8694 0.3762
vn 0.3207 0.8704 0.3735
vn 0.3204 0.8694 -0.3762
vn 0.3207 0.8704 -0.3736
vn 0.3207 0.8704 -0.3735
vn 0.1346 0.3653 -0.9211
vn 0.1354 0.3678 -0.9200
vn -1.0000 -0.0000 0.0065
vn 0.9287 -0.3707 -0.0061
vn -0.1345 -0.3652 -0.9211
vn -0.3199 -0.8695 0.3762
vn 0.1345 0.3652 0.9211
vn 0.1345 0.3652 -0.9211
vn 0.5000 -0.0000 -0.8660
vn 0.8660 -0.0000 -0.5000
vn 0.8660 -0.0000 0.5000
vn 0.5000 -0.0000 0.8660
vn -0.5000 -0.0000 0.8660
vn -0.8660 -0.0000 0.5000
vn -0.8660 -0.0000 -0.5000
vn -0.5000 -0.0000 -0.8660
vn -0.0000 1.0000 0.0039
vn 0.0001 0.9999 0.0149
vn -0.0000 0.9996 -0.0293
vn 0.0005 -0.9999 0.0149
vn -0.0005 -0.9999 -0.0111
vn -0.1951 -0.9808 -0.0000
vn 0.1951 -0.9808 -0.0000
vn 0.5556 -0.8315 -0.0000
vn -0.5556 -0.8315 -0.0000
vn 0.8315 0.5556 -0.0000
vn 0.5556 0.8315 -0.0000
vn -0.5556 0.8315 -0.0000
vn 0.1951 0.9808 -0.0000
vn -0.1951 0.9808 -0.0000
vn 0.0007 -0.0004 -1.0000
vn 0.0008 -0.0000 -1.0000
vn -0.0007 0.0004 -1.0000
vn -0.0004 0.0007 -1.0000
vn 0.0004 0.0007 -1.0000
vn -0.0000 0.0008 -1.0000
vn -0.0004 -0.0007 -1.0000
vn -0.0007 -0.0004 -1.0000
vn 0.0004 -0.0007 -1.0000
vn 0.0007 0.0004 -1.0000
vn -0.0008 -0.0000 -1.0000
vn -0.0000 -0.0008 -1.0000
vn -0.4210 0.9071 -0.0000
vn -0.0891 0.9960 -0.0000
vn -0.4209 0.9071 -0.0000
vn -0.9960 0.0890 -0.0000
vn -0.9071 0.4209 -0.0000
vn -0.9960 0.0891 -0.0000
vn -0.5751 -0.8181 -0.0000
vn -0.8181 -0.5751 -0.0000
vn -0.3805 -0.1020 0.9191
vn -0.1219 -0.0327 0.9920
vn 0.4210 -0.9071 -0.0000
vn 0.0891 -0.9960 -0.0000
vn 0.4209 -0.9071 -0.0000
vn 0.9960 -0.0890 -0.0000
vn 0.9071 -0.4209 -0.0000
vn 0.9960 -0.0891 -0.0000
vn 0.5751 0.8181 -0.0000
vn 0.8181 0.5751 -0.0000
vn -0.6806 0.6806 -0.2714
vn -0.9297 -0.2491 -0.2714
vn -0.2491 -0.9297 -0.2714
vn 0.6806 -0.6806 -0.2714
vn 0.9297 0.2491 -0.2714
vn 0.2491 0.9297 -0.2714
vn 0.5838 -0.5838 -0.5643
vn -0.7974 -0.2137 -0.5643
vn -0.2785 0.2785 0.9191
vn -0.0892 0.0892 0.9920
vn -0.1020 -0.3805 0.9191
vn -0.0327 -0.1219 0.9920
vn 0.3805 0.1020 0.9191
vn 0.1219 0.0327 0.9920
vn -0.2785 0.2785 -0.9191
vn -0.0892 0.0892 -0.9920
vn 0.3805 0.1020 -0.9191
vn 0.1219 0.0327 -0.9920
vn -0.8270 -0.2216 0.5167
vn -0.8753 -0.2345 0.4229
vn -0.2216 -0.8270 0.5167
vn -0.2345 -0.8753 0.4229
vn -0.1020 -0.3805 -0.9191
vn -0.0327 -0.1219 -0.9920
vn 0.1079 0.4029 -0.9089
vn 0.1883 0.7029 -0.6859
vn 0.1080 0.4029 -0.9089
vn 0.6054 -0.6054 0.5167
vn 0.6408 -0.6408 0.4229
vn -0.4029 -0.1080 0.9089
vn -0.7029 -0.1884 0.6859
vn 0.7974 0.2137 -0.5643
vn -0.3805 -0.1020 -0.9191
vn -0.1219 -0.0327 -0.9920
vn 0.4029 0.1079 -0.9089
vn 0.7029 0.1883 -0.6859
vn 0.2949 -0.2949 0.9089
vn 0.5146 -0.5146 0.6859
vn -0.5838 0.5838 -0.5643
vn 0.2785 -0.2785 -0.9191
vn 0.0892 -0.0892 -0.9920
vn -0.2949 0.2949 -0.9089
vn -0.5146 0.5146 -0.6859
vn 0.4029 0.1080 0.9089
vn 0.7029 0.1884 0.6859
vn -0.4029 -0.1080 -0.9089
vn -0.7029 -0.1884 -0.6859
vn 0.8270 0.2216 0.5167
vn 0.8753 0.2345 0.4229
vn 0.2216 0.8270 0.5167
vn 0.2345 0.8753 0.4229
vn 0.1080 0.4029 0.9089
vn 0.1884 0.7029 0.6859
vn -0.2137 -0.7974 -0.5643
vn 0.1020 0.3805 -0.9191
vn 0.0327 0.1219 -0.9920
vn -0.1080 -0.4029 -0.9089
vn -0.1884 -0.7029 -0.6859
vn 0.2949 -0.2949 -0.9089
vn 0.5146 -0.5146 -0.6859
vn -0.6054 0.6054 0.5167
vn -0.6408 0.6408 0.4229
vn 0.2785 -0.2785 0.9191
vn 0.0892 -0.0892 0.9920
vn -0.2949 0.2949 0.9089
vn -0.5146 0.5146 0.6859
vn -0.0890 0.9960 -0.0000
vn -0.8181 0.5751 -0.0000
vn -0.9071 0.4210 -0.0000
vn -0.9960 -0.0890 -0.0000
vn -0.8660 -0.5000 -0.0000
vn -0.0890 -0.9960 -0.0000
vn 0.0890 -0.9960 -0.0000
vn 0.5751 -0.8181 -0.0000
vn 0.9071 -0.4210 -0.0000
vn 0.8660 -0.5000 -0.0000
vn 0.9071 0.4210 -0.0000
vn 0.4210 0.9071 -0.0000
vn 0.2137 0.7974 -0.5643
vn -0.8660 0.5000 -0.0000
vn 0.8660 0.5000 -0.0000
vn -0.1884 -0.7029 0.6859
vn 0.1883 0.7029 0.6859
vn 0.1020 0.3805 0.9191
vn 0.0327 0.1219 0.9920
vn -0.1080 -0.4029 0.9089
vn -0.6911 0.6960 -0.1950
vn -0.6926 0.6986 0.1798
vn -0.6926 0.6986 -0.1798
vn 0.1419 -0.1396 0.9800
vn 0.2926 -0.2901 0.9112
vn 0.1488 -0.1476 0.9778
vn 0.6602 -0.6469 0.3816
vn 0.7019 -0.6889 0.1808
vn 0.6669 -0.6558 0.3539
vn -0.6911 0.6960 0.1950
vn -0.6582 0.6639 0.3549
vn -0.2717 0.2709 0.9235
vn -0.1496 0.1504 0.9772
vn -0.2913 0.2928 0.9107
vn 0.7018 -0.6889 -0.1812
vn 0.6602 -0.6469 -0.3816
vn 0.6669 -0.6558 -0.3538
vn 0.2926 -0.2901 -0.9112
vn 0.1419 -0.1396 -0.9800
vn 0.1488 -0.1476 -0.9778
vn -0.1499 0.1506 -0.9772
vn -0.2717 0.2709 -0.9235
vn -0.2913 0.2928 -0.9107
vn -0.6582 0.6639 -0.3549
vn -0.1360 0.1356 0.9814
vn -0.1360 0.1355 -0.9814
vn 0.7007 -0.6865 -0.1942
vn 0.7007 -0.6865 0.1942
vn 0.2729 -0.2684 0.9238
vn -0.6516 0.6550 0.3827
vn 0.7019 -0.6890 -0.1806
vn 0.6602 -0.6469 -0.3815
vn 0.2729 -0.2684 -0.9238
vn -0.1494 0.1502 -0.9773
vn -0.6516 0.6550 -0.3827
vn -0.7019 -0.6889 0.1812
vn -0.6602 -0.6469 0.3818
vn 0.2713 0.2704 0.9237
vn 0.0005 1.0000 0.0019
vn -0.0000 0.9999 -0.0148
vn -0.0000 0.9996 0.0294
vn -0.0000 -1.0000 -0.0002
vn 0.0002 -1.0000 -0.0037
vn -0.0007 -0.0004 1.0000
vn -0.0008 -0.0000 1.0000
vn 0.0007 0.0004 1.0000
vn 0.0004 0.0007 1.0000
vn -0.0004 0.0007 1.0000
vn -0.0000 0.0008 1.0000
vn 0.0004 -0.0007 1.0000
vn 0.0007 -0.0004 1.0000
vn -0.0004 -0.0007 1.0000
vn -0.0007 0.0004 1.0000
vn 0.0008 -0.0000 1.0000
vn -0.0000 -0.0008 1.0000
vn 0.0891 0.9960 -0.0000
vn 0.4209 0.9071 -0.0000
vn 0.9960 0.0890 -0.0000
vn 0.9071 0.4209 -0.0000
vn 0.8181 -0.5751 -0.0000
vn 0.3805 -0.1020 -0.9191
vn 0.1219 -0.0327 -0.9920
vn -0.4210 -0.9071 -0.0000
vn -0.0891 -0.9960 -0.0001
vn -0.4209 -0.9071 -0.0000
vn -0.9071 -0.4209 -0.0000
vn -0.5751 0.8181 -0.0000
vn 0.6806 0.6806 0.2714
vn 0.9297 -0.2491 0.2714
vn 0.2491 -0.9297 0.2714
vn -0.6806 -0.6806 0.2714
vn -0.9297 0.2491 0.2714
vn -0.2491 0.9297 0.2714
vn -0.5838 -0.5838 0.5643
vn 0.7974 -0.2137 0.5643
vn 0.2785 0.2785 -0.9191
vn 0.0892 0.0892 -0.9920
vn 0.1020 -0.3805 -0.9191
vn 0.0327 -0.1219 -0.9920
vn -0.3805 0.1020 -0.9191
vn -0.1219 0.0327 -0.9920
vn 0.2785 0.2785 0.9191
vn 0.0892 0.0892 0.9920
vn -0.3805 0.1020 0.9191
vn -0.1219 0.0327 0.9920
vn 0.8270 -0.2216 -0.5167
vn 0.8753 -0.2345 -0.4229
vn 0.2216 -0.8270 -0.5167
vn 0.2345 -0.8753 -0.4229
vn 0.1020 -0.3805 0.9191
vn 0.0327 -0.1219 0.9920
vn -0.1080 0.4029 0.9089
vn -0.1884 0.7029 0.6859
vn -0.6054 -0.6054 -0.5167
vn -0.6408 -0.6408 -0.4229
vn 0.4029 -0.1080 -0.9089
vn 0.7029 -0.1884 -0.6859
vn -0.7974 0.2137 0.5643
vn 0.3805 -0.1019 0.9191
vn 0.1219 -0.0327 0.9920
vn -0.4029 0.1080 0.9089
vn -0.7029 0.1884 0.6859
vn -0.2949 -0.2949 -0.9089
vn -0.5146 -0.5146 -0.6859
vn 0.5838 0.5838 0.5643
vn -0.2785 -0.2785 0.9191
vn -0.0892 -0.0892 0.9920
vn 0.2949 0.2949 0.9089
vn 0.5146 0.5146 0.6859
vn -0.4029 0.1080 -0.9089
vn -0.7029 0.1883 -0.6859
vn 0.4029 -0.1080 0.9089
vn 0.7029 -0.1884 0.6859
vn -0.8270 0.2216 -0.5167
vn -0.8753 0.2345 -0.4229
vn -0.2216 0.8270 -0.5167
vn -0.2345 0.8753 -0.4229
vn -0.1079 0.4029 -0.9089
vn -0.1883 0.7029 -0.6859
vn -0.1080 0.4029 -0.9089
vn 0.2137 -0.7974 0.5643
vn -0.1020 0.3805 0.9191
vn -0.0327 0.1219 0.9920
vn 0.1080 -0.4029 0.9089
vn 0.1884 -0.7029 0.6859
vn -0.2949 -0.2949 0.9089
vn -0.5146 -0.5146 0.6859
vn 0.6054 0.6054 -0.5167
vn 0.6408 0.6408 -0.4229
vn -0.2785 -0.2785 -0.9191
vn -0.0892 -0.0892 -0.9920
vn -0.2786 -0.2786 -0.9191
vn 0.2949 0.2949 -0.9089
vn 0.5146 0.5146 -0.6859
vn 0.0890 0.9960 -0.0000
vn -0.9071 -0.4210 -0.0000
vn -0.2137 0.7974 0.5643
vn 0.1884 -0.7029 -0.6859
vn -0.1020 0.3805 -0.9191
vn -0.0327 0.1219 -0.9920
vn 0.1079 -0.4029 -0.9089
vn 0.1080 -0.4029 -0.9089
vn 0.3805 -0.1020 0.9191
vn 0.9990 0.0454 -0.0000
vn 0.9986 -0.0528 -0.0000
vn -0.9986 -0.0528 -0.0000
vn -0.9990 0.0454 -0.0000
vn 0.4935 0.4838 0.7228
vn 0.7099 0.3424 -0.6155
vn 0.5446 0.5817 -0.6042
vn 0.6589 0.2443 0.7115
vn 0.7710 0.0583 -0.6342
vn 0.7200 -0.0396 0.6929
vn 0.7187 -0.2270 -0.6572
vn 0.6676 -0.3252 0.6698
vn 0.5608 -0.4705 -0.6813
vn 0.5098 -0.5685 0.6457
vn 0.3214 -0.6349 -0.7026
vn 0.2705 -0.7328 0.6244
vn 0.0369 -0.6951 -0.7180
vn -0.0139 -0.7931 0.6090
vn -0.2492 -0.6420 -0.7251
vn -0.3003 -0.7399 0.6019
vn -0.4936 -0.4837 -0.7228
vn -0.5446 -0.5817 0.6042
vn -0.6589 -0.2444 -0.7115
vn -0.7099 -0.3424 0.6155
vn -0.7200 0.0396 -0.6929
vn -0.7710 -0.0583 0.6341
vn -0.6677 0.3250 -0.6698
vn -0.7186 0.2272 0.6573
vn -0.5097 0.5685 -0.6457
vn -0.5607 0.4706 0.6813
vn -0.2703 0.7329 -0.6244
vn -0.3214 0.6349 0.7026
vn 0.0139 0.7931 -0.6090
vn -0.0369 0.6951 0.7180
vn 0.3003 0.7400 -0.6019
vn 0.2492 0.6420 0.7251
vn -0.8307 -0.5562 -0.0231
vn -0.8975 0.4406 0.0199
vn -0.0668 0.9968 0.0430
vn -0.5567 0.8299 0.0363
vn 0.8307 0.5562 0.0231
vn 0.4411 0.8967 0.0381
vn 0.9978 0.0668 0.0019
vn 0.8975 -0.4406 -0.0199
vn 0.5567 -0.8299 -0.0363
vn 0.3755 -0.2916 -0.8798
vn -0.6524 0.5911 -0.4744
vn -0.7272 0.6463 -0.2310
vn 0.6583 0.7521 0.0318
vn -0.3755 0.2916 0.8798
vn 0.6524 -0.5911 0.4744
vn -0.6524 0.5911 -0.4743
vn 0.5568 -0.8299 -0.0363
vn -0.8308 -0.5561 -0.0231
vn 0.6524 -0.5911 0.4743
vn -0.0891 0.9960 0.0001
vn 0.1884 0.7029 -0.6859
vn -0.4029 -0.1079 0.9089
vn -0.7029 -0.1883 0.6859
vn 0.4029 0.1080 -0.9089
vn 0.7029 0.1884 -0.6859
vn 0.4029 0.1079 0.9089
vn -0.7029 -0.1883 -0.6859
vn -0.4029 -0.1079 -0.9089
vn 0.1079 0.4029 0.9089
vn 0.1019 0.3805 -0.9191
vn -0.1883 -0.7029 -0.6859
vn 0.2786 -0.2785 0.9191
vn -0.1883 -0.7029 0.6859
vn -0.1079 -0.4029 0.9089
vn -0.2786 0.2785 0.9191
vn -0.1788 -0.9839 -0.0000
vn 0.2113 -0.9774 -0.0000
vn 0.3980 -0.9174 -0.0000
vn 0.5693 -0.8221 -0.0000
vn -0.5417 -0.8406 -0.0000
vn -0.8221 -0.5693 -0.0000
vn 0.9301 -0.3673 -0.0000
vn -0.9174 -0.3980 -0.0000
vn -0.9774 -0.2113 -0.0000
vn -0.9999 -0.0166 -0.0000
vn 0.9999 0.0166 -0.0000
vn -0.9839 0.1788 -0.0000
vn 0.9174 0.3980 -0.0000
vn -0.8406 0.5417 -0.0000
vn 0.8221 0.5693 -0.0000
vn 0.6953 0.7187 -0.0000
vn 0.5417 0.8406 -0.0000
vn -0.5693 0.8221 -0.0000
vn 0.3673 0.9301 -0.0000
vn 0.1788 0.9839 -0.0000
vn -0.2113 0.9774 -0.0000
vn -0.0166 0.9999 -0.0000
vn -0.4360 0.9000 -0.0000
vn -0.1056 0.9944 -0.0000
vn -0.4359 0.9000 -0.0000
vn -0.9974 0.0724 -0.0000
vn -0.9140 0.4058 -0.0000
vn -0.9974 0.0725 -0.0000
vn -0.5614 -0.8275 -0.0000
vn -0.8084 -0.5886 -0.0000
vn -0.5615 -0.8275 -0.0000
vn -0.3788 -0.1083 0.9191
vn -0.1213 -0.0347 0.9920
vn 0.4360 -0.9000 -0.0000
vn 0.1056 -0.9944 -0.0000
vn 0.4359 -0.9000 -0.0000
vn 0.9974 -0.0724 -0.0000
vn 0.9140 -0.4058 0.0001
vn 0.9974 -0.0725 -0.0000
vn 0.5614 0.8275 -0.0000
vn 0.8084 0.5886 -0.0000
vn 0.5615 0.8275 -0.0000
vn -0.7188 0.6953 -0.0000
vn -0.6918 0.6692 -0.2714
vn -0.9615 -0.2748 -0.0000
vn -0.9254 -0.2645 -0.2714
vn -0.2427 -0.9701 -0.0000
vn -0.2336 -0.9337 -0.2714
vn 0.6918 -0.6692 -0.2714
vn 0.9615 0.2748 -0.0000
vn 0.9254 0.2645 -0.2714
vn 0.2336 0.9337 -0.2714
vn 0.2428 0.9701 -0.0000
vn 0.5934 -0.5740 -0.5643
vn -0.7938 -0.2269 -0.5643
vn -0.2831 0.2739 0.9191
vn -0.0907 0.0877 0.9920
vn -0.2748 0.9615 -0.0000
vn -0.0956 -0.3821 0.9191
vn -0.0306 -0.1224 0.9920
vn 0.3787 0.1083 0.9191
vn 0.1213 0.0347 0.9920
vn -0.2831 0.2739 -0.9191
vn -0.0907 0.0877 -0.9920
vn 0.3788 0.1083 -0.9191
vn 0.1213 0.0347 -0.9920
vn -0.9701 0.2428 -0.0000
vn -0.9701 0.2427 -0.0000
vn -0.8232 -0.2353 0.5167
vn -0.8713 -0.2490 0.4229
vn -0.2078 -0.8305 0.5167
vn -0.2200 -0.8791 0.4229
vn -0.0956 -0.3821 -0.9191
vn -0.0306 -0.1224 -0.9920
vn 0.1013 0.4046 -0.9089
vn 0.1767 0.7060 -0.6859
vn 0.1012 0.4046 -0.9089
vn 0.2748 -0.9615 -0.0000
vn 0.6154 -0.5953 0.5167
vn 0.6513 -0.6300 0.4229
vn -0.4010 -0.1146 0.9089
vn -0.6997 -0.2000 0.6859
vn 0.7938 0.2269 -0.5643
vn -0.3788 -0.1083 -0.9191
vn -0.1213 -0.0347 -0.9920
vn 0.4010 0.1146 -0.9089
vn 0.6997 0.2000 -0.6859
vn 0.2998 -0.2900 0.9089
vn 0.5231 -0.5060 0.6859
vn -0.5934 0.5740 -0.5643
vn 0.2831 -0.2739 -0.9191
vn 0.0907 -0.0877 -0.9920
vn -0.2998 0.2900 -0.9089
vn -0.5231 0.5060 -0.6859
vn 0.4010 0.1146 0.9089
vn 0.6997 0.2000 0.6859
vn -0.4010 -0.1146 -0.9089
vn -0.6997 -0.2000 -0.6859
vn 0.8232 0.2353 0.5167
vn 0.8713 0.2490 0.4229
vn 0.2078 0.8305 0.5167
vn 0.2200 0.8791 0.4229
vn 0.9701 -0.2428 -0.0000
vn 0.9701 -0.2427 -0.0000
vn 0.1012 0.4046 0.9089
vn 0.1767 0.7060 0.6859
vn 0.1013 0.4046 0.9089
vn -0.2004 -0.8009 -0.5643
vn 0.0956 0.3821 -0.9191
vn 0.0306 0.1224 -0.9920
vn -0.1012 -0.4046 -0.9089
vn -0.1767 -0.7060 -0.6859
vn 0.2998 -0.2900 -0.9089
vn 0.5231 -0.5060 -0.6859
vn -0.6154 0.5953 0.5167
vn -0.6513 0.6300 0.4229
vn 0.2831 -0.2739 0.9191
vn 0.0907 -0.0877 0.9920
vn -0.2998 0.2900 0.9089
vn -0.5231 0.5060 0.6859
vn -0.5143 0.8576 -0.0000
vn -0.1055 0.9944 -0.0000
vn -0.8275 0.5614 -0.0000
vn -0.9139 0.4059 -0.0000
vn -0.9944 -0.1055 -0.0000
vn -0.8576 -0.5143 -0.0000
vn -0.8085 -0.5886 -0.0000
vn -0.4856 -0.8742 -0.0000
vn -0.0724 -0.9974 -0.0000
vn 0.1055 -0.9944 -0.0000
vn 0.5886 -0.8084 -0.0000
vn 0.9139 -0.4059 -0.0000
vn 0.8742 -0.4856 -0.0000
vn 0.8742 -0.4855 -0.0000
vn 0.9000 0.4360 -0.0000
vn 0.8085 0.5886 -0.0000
vn 0.4059 0.9139 -0.0000
vn 0.2427 0.9701 -0.0000
vn -0.2428 -0.9701 -0.0000
vn 0.2004 0.8009 -0.5643
vn -0.8742 0.4856 -0.0000
vn 0.5143 -0.8576 -0.0000
vn 0.8576 0.5143 -0.0000
vn 0.4856 0.8742 -0.0000
vn 0.6953 0.7188 -0.0000
vn -0.1767 -0.7060 0.6859
vn 0.0956 0.3821 0.9191
vn 0.0306 0.1224 0.9920
vn -0.1013 -0.4046 0.9089
vn -0.1012 -0.4046 0.9089
vn -0.3787 -0.1083 -0.9191
vn 0.9960 0.0891 -0.0000
vn -0.9960 -0.0891 -0.0000
vn -0.7029 0.1883 0.6859
vn -0.7029 0.1884 -0.6859
vn 0.1883 -0.7029 0.6859
vn -0.2786 -0.2785 -0.9191
vn 0.1883 -0.7029 -0.6859
vn -0.1884 0.7029 -0.6859
vn 0.2786 0.2785 -0.9191
vn -0.1019 0.3805 0.9191
vn -0.0891 -0.9960 -0.0000
vn -0.9744 -0.0112 0.2245
vn 0.9744 -0.0112 -0.2245
vn 0.2928 -0.0112 -0.9561
vn -0.6816 -0.0112 -0.7316
vn -0.0000 0.6660 -0.7460
vn -0.0000 0.6698 -0.7426
vn -0.0008 0.6614 -0.7500
vn 0.6460 0.6660 0.3730
vn 0.6468 0.6672 0.3695
vn 0.6496 0.6667 0.3654
vn 0.6461 0.6659 -0.3730
vn 0.6481 0.6655 -0.3702
vn 0.6453 0.6681 -0.3704
vn -0.6460 0.6660 -0.3730
vn -0.6468 0.6639 -0.3752
vn -0.6514 0.6717 -0.3528
vn -0.6460 0.6660 0.3730
vn -0.6442 0.6644 0.3789
vn -0.6429 0.6690 0.3730
vn -0.0000 0.6660 0.7460
vn -0.0000 0.6591 0.7521
vn 0.0001 0.6616 0.7498
vn 1.0000 0.0001 0.0001
vn 1.0000 0.0002 0.0001
vn 1.0000 -0.0001 0.0001
vn 1.0000 -0.0002 0.0001
vn -1.0000 -0.0001 0.0001
vn -1.0000 -0.0002 0.0001
vn 1.0000 0.0002 -0.0001
vn 1.0000 0.0001 -0.0001
vn 1.0000 -0.0000 -0.0002
vn -1.0000 0.0002 0.0001
vn -1.0000 0.0002 -0.0000
vn 1.0000 -0.0000 0.0002
vn -1.0000 -0.0002 -0.0000
vn 1.0000 -0.0002 -0.0001
vn 1.0000 -0.0001 -0.0001
vn -1.0000 -0.0002 -0.0001
vn -1.0000 -0.0000 -0.0002
vn -1.0000 0.0002 -0.0001
vn -1.0000 0.0001 -0.0002
vn 0.6816 -0.0112 0.7316
vn -0.2928 -0.0112 0.9561
vn 0.6816 -0.0112 -0.7316
vn 0.4983 -0.0818 -0.8631
vn 0.2928 -0.0112 0.9561
vn 0.4983 -0.0818 0.8631
vn -0.6816 -0.0112 0.7316
vn -0.4983 -0.0818 0.8631
vn -0.9744 -0.0112 -0.2245
vn -0.9966 -0.0819 -0.0000
vn 0.9744 -0.0112 0.2245
vn 0.9966 -0.0820 -0.0000
vn -0.2928 -0.0112 -0.9561
vn -0.4983 -0.0818 -0.8631
vn -1.0000 -0.0001 -0.0001
vn -1.0000 -0.0001 -0.0002
vn -1.0000 -0.0000 0.0002
vn -1.0000 0.0001 0.0001
vn -1.0000 0.0001 0.0002
vn -1.0000 0.0001 -0.0001
vn -1.0000 -0.0001 0.0002
vn -0.0000 0.0074 -1.0000
vn 0.9999 0.0125 -0.0000
vn -0.9999 0.0125 -0.0000
vn -0.0000 0.0074 1.0000
vn 0.0266 -0.9996 -0.0000
vn -0.0109 -0.9999 -0.0000
vn -0.0485 -0.9988 -0.0000
vn 0.9998 -0.0222 -0.0000
vn 0.0118 0.9999 -0.0000
vn -0.0250 0.9997 -0.0000
vn 0.0485 0.9988 -0.0000
vn 0.9612 0.2757 0.0037
vn 0.9587 0.2843 0.0036
vn 0.9630 0.2696 -0.0000
vn -0.0000 -0.7637 0.6456
vn -0.0001 -0.6712 0.7413
vn 0.9985 0.0532 0.0094
vn 0.9811 0.1934 0.0014
vn 0.9848 0.1733 0.0149
vn -0.9811 0.1934 0.0014
vn -0.9985 0.0532 0.0094
vn 0.9578 0.2873 0.0054
vn -0.9578 0.2873 -0.0000
vn 0.9578 0.2873 -0.0000
vn -0.0000 -0.3287 0.9444
vn -0.0000 -0.4515 0.8923
vn -0.9747 0.2234 0.0060
vn -0.9724 0.2331 0.0118
vn -0.9699 0.2430 0.0177
vn -0.0000 0.2964 0.9551
vn -0.0000 -0.6709 0.7415
vn -0.0000 0.8057 0.5924
vn -0.9848 0.1733 0.0149
vn -0.7328 0.6690 -0.1244
vn -0.6717 0.7042 -0.2299
vn -0.7542 0.6566 -0.0000
vn -0.7328 0.6690 0.1244
vn -0.6717 0.7042 0.2299
vn -0.4726 0.8191 0.3251
vn -0.3649 0.8813 0.3003
vn -0.5804 0.7569 0.3003
vn -0.2735 0.9340 0.2299
vn -0.2125 0.9692 0.1244
vn -0.1911 0.9816 -0.0000
vn -0.2125 0.9692 -0.1244
vn -0.2735 0.9340 -0.2299
vn -0.3649 0.8813 -0.3003
vn -0.4726 0.8191 -0.3251
vn -0.5804 0.7569 -0.3003
vn -0.6718 0.7042 -0.2299
vn 0.8271 0.4773 0.2968
vn -0.8271 -0.4773 -0.2968
vn 0.1094 0.0631 -0.9920
vn 0.4997 -0.8662 -0.0000
vn -0.2219 -0.1281 0.9666
vn -0.1094 -0.0631 0.9920
vn 0.2219 0.1281 -0.9666
vn 0.7271 0.4196 0.5433
vn -0.7271 -0.4196 -0.5434
vn -0.7271 -0.4196 -0.5433
vn -0.0011 0.6589 -0.7523
vn -0.0000 0.6660 -0.7459
vn -0.0000 0.6719 -0.7407
vn 0.6514 0.6671 0.3615
vn 0.6473 0.6679 0.3674
vn 0.6450 0.6691 -0.3692
vn 0.6460 0.6660 -0.3730
vn 0.6492 0.6654 -0.3686
vn -0.6542 0.6744 -0.3425
vn -0.6473 0.6629 -0.3764
vn -0.6411 0.6706 0.3732
vn -0.6431 0.6637 0.3819
vn 0.0001 0.6594 0.7518
vn -0.0000 0.6660 0.7459
vn -0.0000 0.6554 0.7553
vn -0.9770 0.2134 -0.0000
vn -0.7642 -0.6447 0.0168
vn -0.7643 -0.6447 -0.0169
vn -0.7642 -0.6447 -0.0168
vn -0.6510 -0.7568 0.0590
vn -0.6858 -0.7226 0.0870
vn -0.6850 -0.7233 0.0868
vn -0.6510 -0.7568 -0.0590
vn -0.6858 -0.7226 -0.0870
vn -0.6529 -0.7549 -0.0617
vn -0.7129 -0.6960 0.0862
vn -0.7115 -0.6974 0.0861
vn 0.6722 -0.6503 0.3539
vn 0.7070 -0.6839 0.1800
vn 0.6722 -0.6503 -0.3539
vn 0.7070 -0.6839 -0.1800
vn 0.7070 -0.6840 -0.1797
vn 0.1529 -0.1478 -0.9771
vn 0.2968 -0.2871 -0.9107
vn 0.1526 -0.1476 0.9772
vn 0.2968 -0.2871 0.9107
vn 0.1511 -0.1461 0.9777
vn -0.7070 0.6839 0.1800
vn -0.7070 0.6840 -0.1797
vn -0.7070 0.6840 -0.1798
vn -0.2968 0.2871 0.9107
vn -0.1526 0.1476 0.9772
vn -0.1511 0.1461 -0.9777
vn 0.1511 -0.1461 -0.9777
vn 0.1524 -0.1474 -0.9773
vn -0.7070 0.6839 -0.1803
vn -0.6722 0.6503 -0.3539
vn -0.6722 0.6503 0.3539
vn -0.7070 0.6840 0.1797
vn -0.1511 0.1461 0.9777
vn 0.7070 -0.6840 0.1797
vn -0.2968 0.2871 -0.9107
vn -0.1526 0.1476 -0.9772
vn -0.7449 -0.6647 0.0573
vn -0.7643 -0.6447 0.0169
vn -0.7429 -0.6668 0.0598
vn -0.7449 -0.6647 -0.0573
vn -0.7115 -0.6974 -0.0861
vn -0.7129 -0.6960 -0.0862
vn -0.6291 -0.7771 -0.0177
vn -0.6291 -0.7771 -0.0178
vn -0.6291 -0.7771 0.0178
vn -0.6291 -0.7771 0.0177
vn -0.6529 -0.7549 0.0617
vn -0.6850 -0.7233 -0.0868
vn -0.7429 -0.6668 -0.0598
vn 0.7748 -0.6319 -0.0168
vn 0.7749 -0.6319 0.0169
vn 0.7748 -0.6319 0.0168
vn 0.6634 -0.7459 -0.0590
vn 0.6977 -0.7111 -0.0870
vn 0.6970 -0.7118 -0.0868
vn 0.6634 -0.7459 0.0590
vn 0.6977 -0.7111 0.0870
vn 0.6654 -0.7440 0.0617
vn 0.7243 -0.6840 -0.0862
vn 0.7230 -0.6855 -0.0861
vn -0.6614 -0.6614 -0.3539
vn -0.6956 -0.6956 -0.1800
vn -0.6613 -0.6613 -0.3539
vn -0.6613 -0.6614 0.3539
vn -0.6956 -0.6956 0.1800
vn -0.6956 -0.6956 0.1797
vn -0.1503 -0.1503 0.9772
vn -0.2920 -0.2920 0.9107
vn -0.1501 -0.1501 -0.9772
vn -0.2920 -0.2920 -0.9107
vn -0.1486 -0.1486 -0.9777
vn 0.6956 0.6956 -0.1800
vn 0.6956 0.6956 0.1797
vn 0.6956 0.6955 0.1798
vn 0.2920 0.2920 -0.9107
vn 0.1501 0.1501 -0.9772
vn 0.1486 0.1486 0.9777
vn -0.1486 -0.1486 0.9777
vn -0.1499 -0.1499 0.9773
vn 0.6955 0.6955 0.1802
vn 0.6614 0.6614 0.3539
vn 0.6614 0.6613 -0.3539
vn 0.6956 0.6956 -0.1797
vn 0.1486 0.1486 -0.9777
vn -0.6956 -0.6956 -0.1797
vn 0.2920 0.2920 0.9107
vn 0.1501 0.1501 0.9772
vn 0.7558 -0.6523 -0.0573
vn 0.7749 -0.6319 -0.0169
vn 0.7538 -0.6543 -0.0598
vn 0.7558 -0.6523 0.0573
vn 0.7230 -0.6855 0.0861
vn 0.7243 -0.6840 0.0862
vn 0.6420 -0.7665 0.0177
vn 0.6419 -0.7666 0.0178
vn 0.6419 -0.7666 -0.0178
vn 0.6420 -0.7665 -0.0177
vn 0.6654 -0.7440 -0.0617
vn 0.6970 -0.7118 0.0868
vn 0.7538 -0.6543 0.0598
vn -0.6614 -0.6613 0.3539
vn 0.6613 0.6614 -0.3539
vn 0.5860 0.1714 0.7920
vn 0.3346 -0.4632 0.8207
vn 0.1436 -0.9279 0.3442
vn 0.1436 -0.9278 -0.3442
vn 0.3346 -0.4632 -0.8207
vn -0.9310 0.3651 0.0030
vn -0.9305 0.3663 -0.0000
vn -0.9305 0.3664 -0.0000
vn -0.9321 0.3622 -0.0043
vn -0.9310 0.3651 -0.0030
vn -0.9332 0.3593 -0.0030
vn -0.9337 0.3581 -0.0000
vn -0.9321 0.3622 0.0043
vn -0.9332 0.3593 0.0031
vn -0.9332 0.3593 -0.0031
vn -0.9332 0.3593 0.0030
vn -0.2382 -0.3139 -0.9191
vn -0.2389 -0.3113 -0.9198
vn -0.2422 -0.3003 -0.9226
vn -0.5885 -0.7215 -0.3648
vn -0.5903 -0.7174 -0.3699
vn -0.5924 -0.7127 -0.3757
vn -0.5903 -0.7174 0.3700
vn -0.5885 -0.7215 0.3648
vn -0.5924 -0.7127 0.3757
vn -0.2389 -0.3113 0.9198
vn -0.2382 -0.3139 0.9191
vn -0.2422 -0.3002 0.9226
vn 0.1945 0.3296 0.9239
vn 0.2043 0.3172 0.9261
vn 0.2160 0.3022 0.9285
vn 0.3156 0.8648 0.3906
vn 0.3775 0.8279 0.4149
vn 0.4071 0.8080 0.4260
vn 0.3775 0.8279 -0.4149
vn 0.3154 0.8649 -0.3905
vn 0.4071 0.8080 -0.4260
vn 0.2043 0.3172 -0.9261
vn 0.1945 0.3296 -0.9239
vn 0.2160 0.3022 -0.9285
vn 0.1529 0.3594 -0.9206
vn 0.3629 0.8531 -0.3749
vn 0.3629 0.8531 0.3749
vn 0.1529 0.3594 0.9206
vn -0.1529 -0.3594 0.9206
vn -0.3629 -0.8531 0.3749
vn -0.3629 -0.8531 -0.3749
vn -0.1529 -0.3594 -0.9206
vn 0.7449 0.5873 0.3165
vn 0.7449 0.5873 -0.3165
vn 0.5860 0.1714 -0.7920
vn 0.1436 -0.9278 0.3442
vn 0.1436 -0.9279 -0.3442
vn -0.2341 -0.3274 -0.9154
vn -0.5862 -0.7266 -0.3583
vn -0.5903 -0.7174 0.3699
vn -0.5862 -0.7266 0.3583
vn -0.2340 -0.3274 0.9154
vn 0.1770 0.3514 0.9193
vn 0.3154 0.8649 0.3905
vn 0.2724 0.8871 0.3727
vn 0.3773 0.8280 0.4148
vn 0.2724 0.8871 -0.3727
vn 0.1770 0.3514 -0.9193
vn -0.7748 -0.6319 0.0168
vn -0.7749 -0.6319 -0.0169
vn -0.7748 -0.6319 -0.0168
vn -0.6634 -0.7459 0.0590
vn -0.6977 -0.7111 0.0870
vn -0.6970 -0.7118 0.0868
vn -0.6634 -0.7459 -0.0590
vn -0.6977 -0.7111 -0.0870
vn -0.6654 -0.7440 -0.0617
vn -0.7243 -0.6840 0.0862
vn -0.7230 -0.6855 0.0861
vn 0.6613 -0.6613 0.3539
vn 0.6956 -0.6956 0.1800
vn 0.6613 -0.6613 -0.3539
vn 0.6956 -0.6956 -0.1800
vn 0.6956 -0.6956 -0.1797
vn 0.1503 -0.1503 -0.9772
vn 0.2920 -0.2920 -0.9107
vn 0.1501 -0.1501 0.9772
vn 0.2920 -0.2920 0.9107
vn 0.1486 -0.1486 0.9777
vn -0.6956 0.6956 0.1800
vn -0.6956 0.6956 -0.1797
vn -0.6956 0.6955 -0.1798
vn -0.2920 0.2920 0.9107
vn -0.1501 0.1501 0.9772
vn -0.1486 0.1486 -0.9777
vn 0.1486 -0.1486 -0.9777
vn 0.1499 -0.1499 -0.9773
vn -0.6955 0.6955 -0.1802
vn -0.6614 0.6614 -0.3539
vn -0.6614 0.6613 0.3539
vn -0.6956 0.6956 0.1797
vn -0.1486 0.1486 0.9777
vn 0.6956 -0.6956 0.1797
vn -0.2920 0.2920 -0.9107
vn -0.1501 0.1501 -0.9772
vn -0.7558 -0.6523 0.0573
vn -0.7749 -0.6319 0.0169
vn -0.7538 -0.6543 0.0598
vn -0.7558 -0.6523 -0.0573
vn -0.7230 -0.6855 -0.0861
vn -0.7243 -0.6840 -0.0862
vn -0.6420 -0.7665 -0.0177
vn -0.6419 -0.7666 -0.0178
vn -0.6419 -0.7666 0.0178
vn -0.6420 -0.7665 0.0177
vn -0.6654 -0.7440 0.0617
vn -0.6970 -0.7118 -0.0868
vn -0.7538 -0.6543 -0.0598
vn 0.6614 -0.6613 -0.3539
vn -0.6614 0.6614 0.3539
vn -0.6614 -0.6613 -0.3539
vn -0.6613 -0.6613 0.3539
vn 0.6614 0.6614 -0.3539
vn -0.9332 0.3592 0.0030
vn 0.7449 0.5873 -0.3166
vn 0.3773 0.8280 0.4149
vn 0.7173 -0.6963 -0.0238
vn 0.7174 -0.6963 -0.0238
vn -0.6748 -0.6859 -0.2724
vn 0.6613 0.6912 -0.2913
vn 0.6332 0.6373 0.4392
vn -0.6898 -0.7146 0.1165
vn 0.6748 0.6859 0.2724
vn -0.6613 -0.6912 0.2913
vn -0.6332 -0.6373 -0.4392
vn 0.6898 0.7146 -0.1165
vn 0.4326 -0.4124 0.8017
vn -0.4326 0.4125 -0.8017
vn 0.6160 -0.5141 -0.5968
vn 0.6160 -0.5141 -0.5969
vn -0.6160 0.5141 0.5969
vn 0.6524 -0.5910 0.4745
vn 0.6584 0.7520 0.0316
vn 0.6584 0.7520 0.0315
vn -0.6524 0.5910 -0.4744
vn -0.6521 0.5908 -0.4750
vn -0.2669 -0.9637 -0.0000
vn -0.2669 0.9637 -0.0000
vn -0.4248 -0.0000 0.9053
vn -0.4248 -0.0000 -0.9053
vn 0.5773 -0.5774 0.5774
vn 0.5773 -0.5774 -0.5774
vn 0.0002 -0.7071 -0.7071
vn -0.5773 -0.5773 -0.5774
vn -0.6325 -0.6325 -0.4472
vn -0.2819 -0.2819 0.9171
vn -0.2820 -0.2820 0.9171
vn 0.6325 0.6325 0.4472
vn 0.2819 0.2819 -0.9171
vn -0.2415 -0.2415 -0.9399
vn 0.6646 0.6646 -0.3415
vn 0.2415 0.2415 0.9399
vn -0.6646 -0.6646 0.3415
vn -0.0003 -0.7071 -0.7071
vn -0.5773 -0.5773 0.5774
vn -0.0438 -0.0000 -0.9990
vn -0.0438 -0.0000 0.9990
vn -0.3724 -0.0000 0.9281
vn -0.3723 -0.0000 -0.9281
vn -0.0667 0.9968 0.0430
vn -0.4411 -0.8967 -0.0382
vn 0.6558 0.7543 0.0327
vn 0.6557 0.7544 0.0309
vn 0.6564 0.7539 0.0293
vn 0.6564 0.7538 0.0293
vn 0.6557 0.7544 0.0308
vn 0.6565 0.7536 0.0343
vn 0.6564 0.7536 0.0342
vn 0.6609 0.7498 0.0325
vn 0.6609 0.7498 0.0326
vn 0.6602 0.7503 0.0341
vn 0.6577 0.7528 0.0283
vn 0.6602 0.7506 0.0291
vn 0.6590 0.7516 0.0283
vn 0.6577 0.7525 0.0351
vn 0.6576 0.7528 0.0283
vn 0.6590 0.7513 0.0351
vn 0.6576 0.7525 0.0351
vn 0.6602 0.7505 0.0292
vn 0.6609 0.7499 0.0307
vn -0.0011 0.0430 -0.9991
vn -0.0010 0.0431 -0.9991
vn -0.0000 0.9659 -0.2588
vn -0.0000 0.2588 -0.9659
vn -0.0000 0.9659 0.2588
vn -0.0000 0.2588 0.9659
vn -0.0000 0.9997 0.0263
vn -0.0000 0.5556 0.8315
vn -0.0000 0.5556 -0.8315
vn -0.0000 0.9996 -0.0271
vn 0.3745 0.3745 -0.8483
vn 0.2935 0.2935 -0.9098
vn 0.2076 0.2076 -0.9559
vn -0.6759 -0.6760 -0.2936
vn 0.6760 0.6759 0.2936
vn -0.3745 -0.3745 0.8483
vn -0.2076 -0.2076 0.9559
vn 0.7066 0.7066 0.0393
vn 0.3545 0.3545 -0.8652
vn -0.1800 -0.1800 0.9670
vn -0.7018 0.7069 0.0880
vn -0.7050 0.7078 0.0441
vt 0.392537 0.758622
vt 0.291720 0.768847
vt 0.291720 0.758622
vt 0.392537 0.732610
vt 0.291720 0.742835
vt 0.291720 0.732610
vt 0.291720 0.862667
vt 0.392537 0.872892
vt 0.291720 0.872892
vt 0.392537 0.784633
vt 0.291720 0.794858
vt 0.291720 0.784633
vt 0.004109 0.663742
vt 0.493790 0.674512
vt 0.004109 0.674513
vt 0.004109 0.651898
vt 0.493789 0.641126
vt 0.493789 0.651898
vt 0.004109 0.537759
vt 0.493789 0.526988
vt 0.493789 0.537760
vt 0.392537 0.836656
vt 0.291720 0.846881
vt 0.291720 0.836656
vt 0.392537 0.810645
vt 0.291720 0.820869
vt 0.291720 0.810645
vt 0.301302 0.471804
vt 0.277569 0.472260
vt 0.301228 0.467929
vt 0.493790 0.515146
vt 0.004109 0.504372
vt 0.493790 0.504375
vt 0.004109 0.595542
vt 0.493789 0.606314
vt 0.004109 0.606313
vt 0.004109 0.481403
vt 0.493790 0.492177
vt 0.004109 0.492174
vt 0.004109 0.686711
vt 0.493790 0.697482
vt 0.004109 0.697482
vt 0.004109 0.549958
vt 0.493789 0.560730
vt 0.004109 0.560729
vt 0.004109 0.572572
vt 0.493789 0.583344
vt 0.004109 0.583344
vt 0.420326 0.471597
vt 0.396522 0.471638
vt 0.404816 0.464764
vt 0.444129 0.471970
vt 0.420320 0.467710
vt 0.420388 0.467710
vt 0.372717 0.471679
vt 0.388029 0.456329
vt 0.396500 0.459428
vt 0.253836 0.472716
vt 0.254995 0.444777
vt 0.491733 0.472716
vt 0.468369 0.444389
vt 0.468865 0.444363
vt 0.348912 0.471721
vt 0.333620 0.456424
vt 0.347162 0.443733
vt 0.467931 0.472343
vt 0.444320 0.459761
vt 0.452834 0.456781
vt 0.372177 0.443689
vt 0.372668 0.443722
vt 0.325107 0.471763
vt 0.301295 0.467917
vt 0.317254 0.464917
vt 0.165313 0.795121
vt 0.288084 0.787174
vt 0.288084 0.795121
vt 0.165313 0.820827
vt 0.288084 0.812880
vt 0.288084 0.820827
vt 0.288084 0.846533
vt 0.165313 0.838586
vt 0.288084 0.838586
vt 0.165313 0.769414
vt 0.288084 0.761467
vt 0.288084 0.769415
vt 0.165313 0.872239
vt 0.288084 0.864292
vt 0.288084 0.872239
vt 0.165313 0.743708
vt 0.288084 0.735761
vt 0.288084 0.743708
vt 0.392537 0.820869
vt 0.392537 0.768847
vt 0.392537 0.846881
vt 0.392537 0.862667
vt 0.392537 0.794858
vt 0.392537 0.742835
vt 0.291720 0.716824
vt 0.392537 0.716824
vt 0.288084 0.718002
vt 0.165313 0.735761
vt 0.165313 0.718002
vt 0.165313 0.787173
vt 0.165313 0.864292
vt 0.165313 0.846533
vt 0.165313 0.761467
vt 0.165313 0.812880
vt 0.186087 0.946254
vt 0.195229 0.940309
vt 0.202907 0.953608
vt 0.252466 0.946254
vt 0.243325 0.940309
vt 0.252466 0.924328
vt 0.241683 0.945015
vt 0.246393 0.958634
vt 0.237762 0.951806
vt 0.192634 0.914851
vt 0.213994 0.902519
vt 0.215593 0.913407
vt 0.251912 0.949076
vt 0.251912 0.924410
vt 0.004109 0.709326
vt 0.004109 0.618157
vt 0.004109 0.515144
vt 0.004109 0.526988
vt 0.493789 0.628928
vt 0.004109 0.641127
vt 0.004109 0.628928
vt 0.186087 0.924328
vt 0.193188 0.912029
vt 0.202907 0.916974
vt 0.235647 0.953608
vt 0.226377 0.969515
vt 0.226955 0.958626
vt 0.245366 0.958552
vt 0.226377 0.901067
vt 0.245366 0.912029
vt 0.235647 0.916974
vt 0.243325 0.930273
vt 0.226955 0.911955
vt 0.211599 0.958626
vt 0.211599 0.911955
vt 0.212176 0.969515
vt 0.212176 0.901067
vt 0.193188 0.958552
vt 0.195229 0.930273
vt 0.225032 0.970967
vt 0.225032 0.902519
vt 0.246393 0.914851
vt 0.237762 0.921680
vt 0.241682 0.928470
vt 0.223434 0.960078
vt 0.223434 0.913407
vt 0.213994 0.970967
vt 0.215593 0.960078
vt 0.201264 0.921680
vt 0.201264 0.951806
vt 0.192634 0.958634
vt 0.197344 0.928470
vt 0.197344 0.945015
vt 0.187115 0.924410
vt 0.187115 0.949075
vt 0.493790 0.663740
vt 0.493789 0.595542
vt 0.493790 0.481405
vt 0.493790 0.686710
vt 0.493789 0.549958
vt 0.493789 0.572572
vt 0.493790 0.709324
vt 0.493789 0.618156
vt 0.155895 0.173063
vt 0.160594 0.183837
vt 0.155895 0.182902
vt 0.126244 0.153251
vt 0.137017 0.148552
vt 0.136083 0.153251
vt 0.152130 0.191992
vt 0.156113 0.194654
vt 0.106431 0.173063
vt 0.101732 0.183837
vt 0.101732 0.172128
vt 0.117154 0.198949
vt 0.125309 0.207413
vt 0.114492 0.202933
vt 0.110196 0.163973
vt 0.106213 0.161311
vt 0.145172 0.157016
vt 0.156113 0.161311
vt 0.152130 0.163973
vt 0.145172 0.198949
vt 0.147834 0.202933
vt 0.147834 0.153032
vt 0.117154 0.157016
vt 0.114492 0.153032
vt 0.110196 0.191992
vt 0.106213 0.194654
vt 0.137017 0.207413
vt 0.136083 0.202714
vt 0.160594 0.172128
vt 0.125309 0.148552
vt 0.106431 0.182902
vt 0.126244 0.202714
vt 0.065109 0.422735
vt 0.005089 0.404337
vt 0.065109 0.404337
vt 0.069165 0.223033
vt 0.078882 0.228850
vt 0.076601 0.237444
vt 0.065109 0.275545
vt 0.005089 0.257147
vt 0.065109 0.257147
vt 0.005089 0.385938
vt 0.065109 0.385938
vt 0.005089 0.238748
vt 0.065109 0.238748
vt 0.005089 0.367539
vt 0.065109 0.367539
vt 0.065109 0.220349
vt 0.005089 0.220349
vt 0.005089 0.349140
vt 0.065109 0.349140
vt 0.005089 0.201950
vt 0.065109 0.201950
vt 0.005089 0.330742
vt 0.065109 0.330742
vt 0.065109 0.183551
vt 0.005089 0.165153
vt 0.065109 0.165153
vt 0.005089 0.183551
vt 0.065109 0.312343
vt 0.005089 0.312343
vt 0.065109 0.146754
vt 0.005089 0.146754
vt 0.005089 0.293944
vt 0.065109 0.293944
vt 0.005089 0.441134
vt 0.005089 0.422736
vt 0.005089 0.275545
vt 0.092451 0.231988
vt 0.105912 0.228122
vt 0.098203 0.235831
vt 0.102069 0.222370
vt 0.115985 0.223949
vt 0.114636 0.217164
vt 0.126888 0.223949
vt 0.128238 0.217164
vt 0.136961 0.228122
vt 0.140805 0.222370
vt 0.144671 0.235831
vt 0.150423 0.231988
vt 0.148843 0.245904
vt 0.155629 0.244555
vt 0.148843 0.256807
vt 0.150423 0.270724
vt 0.155629 0.258157
vt 0.140805 0.280342
vt 0.144671 0.266880
vt 0.128238 0.285548
vt 0.136961 0.274590
vt 0.114636 0.285548
vt 0.126888 0.278762
vt 0.102069 0.280342
vt 0.115985 0.278762
vt 0.092451 0.270724
vt 0.105912 0.274590
vt 0.087245 0.258157
vt 0.098203 0.266880
vt 0.087245 0.244555
vt 0.094030 0.256807
vt 0.094030 0.245904
vt 0.072517 0.356599
vt 0.082846 0.361387
vt 0.081476 0.370220
vt 0.069343 0.256321
vt 0.071036 0.255772
vt 0.070870 0.256310
vt 0.077810 0.406516
vt 0.076216 0.389861
vt 0.077744 0.389714
vt 0.081111 0.372670
vt 0.077851 0.389132
vt 0.075382 0.270976
vt 0.075977 0.272919
vt 0.079480 0.423165
vt 0.084560 0.405666
vt 0.088581 0.416250
vt 0.069082 0.289787
vt 0.078861 0.283868
vt 0.084598 0.289151
vt 0.072759 0.156585
vt 0.093745 0.167033
vt 0.097844 0.174628
vt 0.069244 0.306520
vt 0.091168 0.298013
vt 0.071168 0.173154
vt 0.099039 0.181551
vt 0.100535 0.191410
vt 0.069844 0.323242
vt 0.096069 0.305172
vt 0.097997 0.311967
vt 0.070012 0.189758
vt 0.098664 0.197976
vt 0.096049 0.207804
vt 0.070961 0.339938
vt 0.100535 0.321666
vt 0.099359 0.328428
vt 0.069370 0.206390
vt 0.089136 0.217216
vt 0.084596 0.223706
vt 0.097784 0.338530
vt 0.091868 0.348671
vt 0.196142 0.175568
vt 0.164234 0.155566
vt 0.196143 0.155566
vt 0.114432 0.319400
vt 0.164234 0.355584
vt 0.133454 0.377947
vt 0.196143 0.235573
vt 0.164234 0.215571
vt 0.196143 0.215571
vt 0.196143 0.295579
vt 0.180188 0.275577
vt 0.196143 0.275577
vt 0.196143 0.355584
vt 0.164234 0.335582
vt 0.196143 0.335582
vt 0.196143 0.195570
vt 0.164234 0.195570
vt 0.196143 0.255575
vt 0.164234 0.255575
vt 0.196143 0.315581
vt 0.164234 0.315581
vt 0.164234 0.175568
vt 0.164234 0.235573
vt 0.180188 0.295579
vt 0.200912 0.003544
vt 0.181279 0.142712
vt 0.181279 0.003544
vt 0.024216 0.142712
vt 0.004584 0.003544
vt 0.024216 0.003544
vt 0.043849 0.142712
vt 0.043849 0.003544
vt 0.063482 0.142712
vt 0.063482 0.003544
vt 0.083115 0.142712
vt 0.083115 0.003544
vt 0.102748 0.142712
vt 0.102748 0.003544
vt 0.122381 0.142712
vt 0.122381 0.003544
vt 0.142013 0.142712
vt 0.142013 0.003544
vt 0.161646 0.142712
vt 0.161646 0.003544
vt 0.164234 0.275577
vt 0.164234 0.295579
vt 0.169251 0.290562
vt 0.169251 0.280593
vt 0.175172 0.280593
vt 0.175172 0.290562
vt 0.665727 0.005684
vt 0.611350 0.091520
vt 0.611350 0.005684
vt 0.918102 0.331582
vt 0.678715 0.342299
vt 0.693452 0.262047
vt 0.897260 0.091520
vt 0.693452 0.005684
vt 0.897260 0.005684
vt 0.672611 0.106677
vt 0.911997 0.095960
vt 0.897260 0.176212
vt 0.979363 0.091520
vt 0.924986 0.005684
vt 0.979363 0.005684
vt 0.912652 0.262047
vt 0.897260 0.262047
vt 0.991697 0.091520
vt 0.991697 0.005684
vt 0.912652 0.091520
vt 0.912652 0.005684
vt 0.924986 0.091520
vt 0.678061 0.176211
vt 0.693452 0.176211
vt 0.599016 0.005684
vt 0.599016 0.091520
vt 0.678061 0.091520
vt 0.678061 0.005684
vt 0.258875 0.357840
vt 0.285331 0.408386
vt 0.258875 0.408386
vt 0.285331 0.357840
vt 0.311786 0.408386
vt 0.311786 0.357840
vt 0.338242 0.408386
vt 0.338242 0.357840
vt 0.364697 0.408386
vt 0.364697 0.357840
vt 0.391153 0.408386
vt 0.391153 0.357840
vt 0.417608 0.408386
vt 0.444064 0.357840
vt 0.444064 0.408386
vt 0.470519 0.357840
vt 0.470519 0.408386
vt 0.496975 0.408386
vt 0.523431 0.357839
vt 0.523431 0.408386
vt 0.924365 0.100143
vt 0.955999 0.121907
vt 0.924365 0.121907
vt 0.205964 0.357839
vt 0.232419 0.408386
vt 0.205964 0.408386
vt 0.232420 0.357840
vt 0.883271 0.568775
vt 0.921231 0.492855
vt 0.921231 0.568775
vt 0.883271 0.492855
vt 0.921231 0.442241
vt 0.883271 0.619389
vt 0.921231 0.619389
vt 0.832657 0.568775
vt 0.832657 0.492855
vt 0.984498 0.492855
vt 0.959192 0.442241
vt 0.959192 0.619389
vt 0.589823 0.263610
vt 0.559994 0.263709
vt 0.570975 0.252729
vt 0.615606 0.278610
vt 0.585804 0.278610
vt 0.630434 0.252728
vt 0.611586 0.263610
vt 0.656316 0.237900
vt 0.641415 0.263709
vt 0.641316 0.212117
vt 0.641316 0.233880
vt 0.630434 0.193269
vt 0.656316 0.208098
vt 0.615605 0.167388
vt 0.641415 0.182288
vt 0.589823 0.182388
vt 0.611586 0.182388
vt 0.570975 0.193269
vt 0.585803 0.167388
vt 0.545093 0.208098
vt 0.559994 0.182289
vt 0.560093 0.212117
vt 0.545093 0.237900
vt 0.560093 0.233881
vt 0.924365 0.143670
vt 0.955999 0.165434
vt 0.924365 0.165434
vt 0.924365 0.296015
vt 0.955999 0.317778
vt 0.924365 0.317778
vt 0.924365 0.230724
vt 0.955999 0.252488
vt 0.924365 0.252488
vt 0.955999 0.143670
vt 0.955999 0.187197
vt 0.924365 0.187197
vt 0.955999 0.339542
vt 0.924365 0.339542
vt 0.955999 0.274251
vt 0.924365 0.274251
vt 0.955998 0.208961
vt 0.924365 0.208961
vt 0.955999 0.361305
vt 0.924365 0.361305
vt 0.955999 0.296015
vt 0.955998 0.230724
vt 0.541738 0.087194
vt 0.588977 0.039021
vt 0.588977 0.087194
vt 0.541738 0.039021
vt 0.588977 -0.000747
vt 0.541572 0.087669
vt 0.588812 0.039497
vt 0.588812 0.087669
vt 0.541572 0.127438
vt 0.541572 0.039497
vt 0.588812 -0.000272
vt 0.541738 0.126962
vt 0.466339 0.122937
vt 0.408615 0.105003
vt 0.421944 0.097306
vt 0.524066 0.105004
vt 0.466340 0.138329
vt 0.408617 0.038349
vt 0.421947 0.046045
vt 0.510736 0.097309
vt 0.524066 0.038350
vt 0.315163 0.413381
vt 0.242367 0.346737
vt 0.315163 0.346737
vt 0.315163 0.146804
vt 0.242367 0.080160
vt 0.315163 0.080160
vt 0.315163 0.280093
vt 0.242367 0.213449
vt 0.315163 0.213449
vt 0.315163 0.013516
vt 0.242367 0.013516
vt 0.242367 0.280093
vt 0.242367 0.146804
vt 0.466342 0.020415
vt 0.466342 0.005023
vt 0.468574 0.380887
vt 0.395853 0.506845
vt 0.323131 0.380887
vt 0.510737 0.046047
vt 0.486496 0.626068
vt 0.480132 0.990685
vt 0.480132 0.626068
vt 0.511954 0.626046
vt 0.505589 0.990662
vt 0.505589 0.626045
vt 0.499225 0.626057
vt 0.492861 0.990673
vt 0.492861 0.626056
vt 0.448311 0.626102
vt 0.441946 0.990718
vt 0.441946 0.626102
vt 0.473768 0.626079
vt 0.467403 0.990696
vt 0.467403 0.626079
vt 0.435582 0.626113
vt 0.429218 0.990730
vt 0.429218 0.626113
vt 0.564851 0.531597
vt 0.586265 0.498749
vt 0.619113 0.520163
vt 0.461039 0.626091
vt 0.454675 0.990707
vt 0.454675 0.626090
vt 0.486496 0.990685
vt 0.422853 0.626124
vt 0.410125 0.626136
vt 0.416489 0.990741
vt 0.410125 0.990752
vt 0.448311 0.990719
vt 0.473768 0.990696
vt 0.416489 0.626124
vt 0.915487 0.899106
vt 0.892992 0.933611
vt 0.892992 0.899106
vt 0.627008 0.983904
vt 0.643537 0.961354
vt 0.643537 0.983904
vt 0.853659 0.756442
vt 0.886387 0.610523
vt 0.886387 0.756442
vt 0.627008 0.812597
vt 0.599461 0.944825
vt 0.599461 0.812597
vt 0.599461 0.983904
vt 0.993561 0.963618
vt 0.937487 0.992622
vt 0.908483 0.963618
vt 0.853659 0.802644
vt 0.886387 0.802644
vt 0.937487 0.895376
vt 0.892992 0.833419
vt 0.915487 0.833419
vt 0.993561 0.754224
vt 0.936037 0.754224
vt 0.853659 0.898209
vt 0.886387 0.898209
vt 0.827353 0.685157
vt 0.800838 0.705866
vt 0.800838 0.685157
vt 0.827352 0.653605
vt 0.685377 0.368814
vt 0.710421 0.336258
vt 0.710421 0.368814
vt 0.915487 0.768185
vt 0.936037 0.614039
vt 0.993561 0.614039
vt 0.853659 0.993119
vt 0.723619 0.653605
vt 0.736877 0.642999
vt 0.736877 0.653605
vt 0.745612 0.716520
vt 0.742506 0.695763
vt 0.753112 0.685157
vt 0.723619 0.685157
vt 0.736877 0.685157
vt 0.744994 0.653605
vt 0.753112 0.653605
vt 0.744994 0.685157
vt 0.715502 0.653605
vt 0.715502 0.685157
vt 0.707385 0.653605
vt 0.800838 0.653605
vt 0.772599 0.339192
vt 0.775533 0.358797
vt 0.765516 0.368814
vt 0.744994 0.642999
vt 0.720438 0.368814
vt 0.715502 0.642999
vt 0.753112 0.642999
vt 0.659658 0.653605
vt 0.707385 0.642999
vt 0.723619 0.642999
vt 0.800838 0.642999
vt 0.650383 0.944825
vt 0.627008 0.944825
vt 0.906023 0.756442
vt 0.682339 0.812597
vt 0.672934 0.944825
vt 0.599461 0.997205
vt 0.627008 0.997205
vt 0.643537 0.997205
vt 0.659658 0.685157
vt 0.827353 0.727077
vt 0.827353 0.705866
vt 0.784929 0.727077
vt 0.800838 0.727077
vt 0.800838 0.742986
vt 0.827353 0.742986
vt 0.892034 0.768185
vt 0.914528 0.802690
vt 0.892034 0.802690
vt 0.654861 0.984488
vt 0.638333 0.961938
vt 0.654861 0.945409
vt 0.852935 0.610850
vt 0.885662 0.756769
vt 0.852935 0.756769
vt 0.682409 0.945409
vt 0.654861 0.813180
vt 0.682409 0.813180
vt 0.682409 0.984488
vt 0.937269 0.613896
vt 0.993343 0.642900
vt 0.908266 0.642900
vt 0.885662 0.802971
vt 0.852935 0.802971
vt 0.937269 0.711142
vt 0.993343 0.711142
vt 0.892034 0.868377
vt 0.914528 0.868377
vt 0.993343 0.852294
vt 0.935819 0.852294
vt 0.885662 0.898535
vt 0.852935 0.898535
vt 0.780109 0.836908
vt 0.800818 0.810393
vt 0.800818 0.836908
vt 0.832370 0.810393
vt 0.710536 0.368483
vt 0.685492 0.335927
vt 0.710536 0.335927
vt 0.914528 0.933611
vt 0.935819 0.992479
vt 0.885662 0.993445
vt 0.842976 0.900869
vt 0.832370 0.914127
vt 0.832370 0.900869
vt 0.790212 0.895240
vt 0.769455 0.892134
vt 0.766349 0.836908
vt 0.800818 0.914127
vt 0.832370 0.892752
vt 0.800818 0.884634
vt 0.832370 0.884634
vt 0.800818 0.892752
vt 0.832370 0.922244
vt 0.832370 0.930361
vt 0.800817 0.922244
vt 0.832370 0.836908
vt 0.775648 0.345944
vt 0.772714 0.365549
vt 0.720553 0.368483
vt 0.842976 0.892752
vt 0.720553 0.335927
vt 0.842976 0.922244
vt 0.842976 0.884634
vt 0.842976 0.930361
vt 0.832370 0.978088
vt 0.842976 0.914127
vt 0.842976 0.836908
vt 0.631486 0.945409
vt 0.833298 0.756769
vt 0.599531 0.936004
vt 0.599531 0.813180
vt 0.682409 0.997789
vt 0.654861 0.997789
vt 0.638333 0.984488
vt 0.638333 0.997789
vt 0.800817 0.978088
vt 0.758897 0.810393
vt 0.758897 0.836908
vt 0.758897 0.852817
vt 0.793366 0.852817
vt 0.742988 0.836908
vt 0.742988 0.810393
vt 0.391310 0.910403
vt 0.354254 0.987590
vt 0.346175 0.907063
vt 0.470647 0.909563
vt 0.392204 0.994918
vt 0.837308 0.139058
vt 0.800775 0.057390
vt 0.837308 0.001534
vt 0.892731 0.669393
vt 0.813291 0.722828
vt 0.807900 0.659726
vt 0.908246 0.926509
vt 0.972668 0.988069
vt 0.908246 0.988069
vt 0.604479 0.528444
vt 0.695349 0.540291
vt 0.600238 0.545692
vt 0.693094 0.560009
vt 0.595616 0.565545
vt 0.691351 0.579698
vt 0.591867 0.585348
vt 0.690555 0.599334
vt 0.589730 0.605059
vt 0.690995 0.618899
vt 0.589699 0.624651
vt 0.591948 0.644114
vt 0.692773 0.638388
vt 0.596303 0.663456
vt 0.695787 0.657807
vt 0.598466 0.670437
vt 0.697223 0.664829
vt 0.972668 0.900864
vt 0.972668 0.926509
vt 0.491709 0.989673
vt 0.471541 0.994078
vt 0.122729 0.877190
vt 0.166807 0.785207
vt 0.166807 0.877190
vt 0.864167 0.926509
vt 0.864167 0.988069
vt 0.033102 0.872462
vt 0.097524 0.780480
vt 0.097524 0.872462
vt 0.122729 0.785207
vt 0.007897 0.785207
vt 0.007897 0.877190
vt 0.478816 0.715652
vt 0.627495 0.697245
vt 0.627445 0.715285
vt 0.296707 0.149042
vt 0.383974 0.092318
vt 0.383974 0.149042
vt 0.296707 0.092318
vt 0.198531 0.005051
vt 0.296707 0.005051
vt 0.296707 0.205765
vt 0.198531 0.149042
vt 0.296707 0.286488
vt 0.198531 0.205765
vt 0.296707 0.345393
vt 0.198531 0.286488
vt 0.296707 0.480657
vt 0.198531 0.413025
vt 0.296707 0.413025
vt 0.383974 0.480657
vt 0.482150 0.512292
vt 0.383974 0.512292
vt 0.383974 0.345393
vt 0.383974 0.413025
vt 0.383974 0.286488
vt 0.383974 0.205766
vt 0.198531 0.092318
vt 0.198531 0.600142
vt 0.296707 0.572346
vt 0.296707 0.600142
vt 0.349067 0.555925
vt 0.198531 0.480657
vt 0.013088 0.092318
vt 0.100356 0.149042
vt 0.013088 0.149042
vt 0.980486 0.820928
vt 0.994048 0.902303
vt 0.980486 0.902303
vt 0.100356 0.092318
vt 0.100356 0.005051
vt 0.100356 0.205765
vt 0.100356 0.286488
vt 0.100356 0.345393
vt 0.100355 0.480657
vt 0.100355 0.413025
vt 0.580325 0.480657
vt 0.580325 0.512292
vt 0.013088 0.413025
vt 0.056721 0.412263
vt 0.013088 0.286488
vt 0.013088 0.345393
vt 0.013088 0.205765
vt 0.837625 0.500712
vt 0.799650 0.415268
vt 0.837625 0.415268
vt 0.023312 0.543145
vt 0.013088 0.512292
vt 0.149443 0.572346
vt 0.100355 0.572346
vt 0.198531 0.632645
vt 0.100355 0.632645
vt 0.416699 0.148686
vt 0.482150 0.092318
vt 0.482150 0.148686
vt 0.416699 0.205766
vt 0.416699 0.286488
vt 0.416699 0.345393
vt 0.416699 0.447932
vt 0.416699 0.396663
vt 0.482150 0.480657
vt 0.547600 0.148686
vt 0.580325 0.092318
vt 0.547600 0.205766
vt 0.580325 0.149042
vt 0.580325 0.205766
vt 0.580325 0.286488
vt 0.547600 0.286488
vt 0.580325 0.345393
vt 0.547600 0.345393
vt 0.547600 0.396663
vt 0.580325 0.413025
vt 0.547600 0.447932
vt 0.482150 0.447932
vt 0.433026 0.213139
vt 0.481851 0.213139
vt 0.530677 0.251385
vt 0.994048 0.983678
vt 0.980486 0.983678
vt 0.424889 0.393792
vt 0.433027 0.436372
vt 0.424889 0.436372
vt 0.538814 0.436372
vt 0.530676 0.393792
vt 0.538814 0.393792
vt 0.424889 0.333574
vt 0.433026 0.393792
vt 0.530676 0.333574
vt 0.538814 0.333574
vt 0.424889 0.289632
vt 0.433026 0.333574
vt 0.530677 0.289632
vt 0.538814 0.289632
vt 0.424889 0.213139
vt 0.433026 0.251385
vt 0.424889 0.251385
vt 0.538814 0.251385
vt 0.481851 0.205002
vt 0.433026 0.205002
vt 0.530677 0.205002
vt 0.530677 0.213139
vt 0.538814 0.213139
vt 0.433026 0.289632
vt 0.433026 0.436372
vt 0.013088 0.480657
vt 0.198531 0.345393
vt 0.100356 0.361756
vt 0.198531 0.396663
vt 0.424802 0.886410
vt 0.464277 0.886410
vt 0.455337 0.895350
vt 0.503752 0.856240
vt 0.494812 0.895350
vt 0.385326 0.886410
vt 0.424802 0.826071
vt 0.415862 0.895350
vt 0.464277 0.786596
vt 0.503752 0.826071
vt 0.464277 0.826071
vt 0.345851 0.886410
vt 0.376386 0.895350
vt 0.662199 0.966832
vt 0.680356 0.966832
vt 0.671278 0.982557
vt 0.613029 0.966832
vt 0.631186 0.966832
vt 0.622107 0.982557
vt 0.563858 0.966832
vt 0.582015 0.966833
vt 0.572937 0.982557
vt 0.514688 0.966833
vt 0.532845 0.966832
vt 0.523766 0.982557
vt 0.464277 0.856240
vt 0.345851 0.856240
vt 0.385326 0.826071
vt 0.815814 0.940444
vt 0.763091 0.961059
vt 0.763091 0.940444
vt 0.810277 0.994344
vt 0.763091 0.988807
vt 0.815814 0.961059
vt 0.768317 0.219865
vt 0.744250 0.213401
vt 0.750715 0.158314
vt 0.742476 0.988807
vt 0.757553 0.994344
vt 0.777890 0.418041
vt 0.754042 0.427535
vt 0.754042 0.418041
vt 0.149443 0.600142
vt 0.790157 0.367800
vt 0.741775 0.405775
vt 0.741775 0.367800
vt 0.741775 0.548181
vt 0.790157 0.510206
vt 0.790157 0.548181
vt 0.694306 0.415268
vt 0.732282 0.500712
vt 0.694306 0.500712
vt 0.836429 0.988806
vt 0.821351 0.994344
vt 0.051925 0.701531
vt 0.069241 0.708806
vt 0.062141 0.711747
vt 0.062141 0.740588
vt 0.054866 0.757903
vt 0.051925 0.750803
vt 0.012868 0.740588
vt 0.020143 0.757903
vt 0.005768 0.743529
vt 0.023084 0.701531
vt 0.005768 0.708805
vt 0.020143 0.694431
vt 0.054866 0.694431
vt 0.069241 0.743529
vt 0.023084 0.750803
vt 0.012868 0.711746
vt 0.744548 0.488445
vt 0.732282 0.415268
vt 0.744548 0.427535
vt 0.787384 0.488445
vt 0.799650 0.500712
vt 0.790157 0.405775
vt 0.777890 0.497939
vt 0.741775 0.510206
vt 0.754042 0.497939
vt 0.754042 0.488445
vt 0.777890 0.488445
vt 0.777890 0.427535
vt 0.787384 0.427535
vt 0.085764 0.014738
vt 0.076632 0.047932
vt 0.054516 0.039971
vt 0.888628 0.532791
vt 0.905351 0.476252
vt 0.905351 0.532791
vt 0.345735 0.676943
vt 0.361767 0.642446
vt 0.362175 0.676748
vt 0.871906 0.476252
vt 0.888628 0.476252
vt 0.378614 0.676552
vt 0.378206 0.642250
vt 0.854555 0.532791
vt 0.871906 0.532791
vt 0.184358 0.688194
vt 0.099498 0.679872
vt 0.197782 0.678703
vt 0.533212 0.193759
vt 0.523167 0.161026
vt 0.533212 0.161026
vt 0.376586 0.582683
vt 0.460879 0.569833
vt 0.461137 0.579324
vt 0.523167 0.193759
vt 0.513485 0.161026
vt 0.170689 0.718359
vt 0.100123 0.703568
vt 0.174518 0.702128
vt 0.213813 0.644205
vt 0.214221 0.678507
vt 0.503804 0.161026
vt 0.494123 0.193759
vt 0.494123 0.161026
vt 0.230253 0.644010
vt 0.230661 0.678312
vt 0.484441 0.161026
vt 0.246692 0.643814
vt 0.247100 0.678117
vt 0.484441 0.193759
vt 0.474760 0.161026
vt 0.263539 0.677921
vt 0.263131 0.643619
vt 0.474760 0.193759
vt 0.465078 0.161026
vt 0.279571 0.643423
vt 0.279978 0.677725
vt 0.455397 0.193759
vt 0.455397 0.161026
vt 0.296010 0.643228
vt 0.296418 0.677530
vt 0.445715 0.193759
vt 0.312857 0.677334
vt 0.312449 0.643032
vt 0.020014 0.685762
vt 0.019128 0.634840
vt 0.062707 0.643508
vt 0.436034 0.161026
vt 0.445715 0.161026
vt 0.329296 0.677139
vt 0.328888 0.642837
vt 0.595360 0.341931
vt 0.623385 0.411622
vt 0.595352 0.415782
vt 0.345327 0.642641
vt 0.243926 0.686624
vt 0.245496 0.746192
vt 0.317020 0.584303
vt 0.011122 0.614799
vt 0.054702 0.571220
vt 0.063370 0.614799
vt 0.387157 0.596071
vt 0.461523 0.593529
vt 0.391850 0.612074
vt 0.461979 0.610284
vt 0.463229 0.675546
vt 0.101006 0.737080
vt 0.100564 0.720324
vt 0.099748 0.689363
vt 0.388034 0.628308
vt 0.462820 0.641244
vt 0.462434 0.627039
vt 0.175368 0.734366
vt 0.101380 0.751284
vt 0.513486 0.193759
vt 0.503804 0.193759
vt 0.587131 0.415722
vt 0.587148 0.340253
vt 0.623393 0.337771
vt 0.631606 0.411563
vt 0.659652 0.340169
vt 0.631606 0.336094
vt 0.099090 0.645569
vt 0.197374 0.644401
vt 0.133057 0.903186
vt 0.153401 0.987274
vt 0.133057 0.987274
vt 0.010995 0.987274
vt 0.010995 0.903186
vt 0.795126 0.030185
vt 0.779041 0.007122
vt 0.770311 0.001534
vt 0.801525 0.139058
vt 0.795126 0.084595
vt 0.705491 0.139058
vt 0.726571 0.128479
vt 0.754968 0.123068
vt 0.779041 0.107658
vt 0.701970 0.123065
vt 0.900025 0.605386
vt 0.815194 0.595718
vt 0.530677 0.436372
vt 0.155728 0.259891
vt 0.011634 0.287151
vt 0.011635 0.259891
vt 0.155728 0.287150
vt 0.011635 0.314410
vt 0.155728 0.314410
vt 0.011635 0.341669
vt 0.155728 0.368929
vt 0.011635 0.368929
vt 0.011635 0.396188
vt 0.155728 0.423447
vt 0.011635 0.423447
vt 0.155728 0.450707
vt 0.011635 0.450707
vt 0.155728 0.014557
vt 0.011635 0.041816
vt 0.011635 0.014556
vt 0.155728 0.041816
vt 0.011635 0.069076
vt 0.155728 0.096335
vt 0.011635 0.096335
vt 0.011635 0.123594
vt 0.155728 0.123594
vt 0.011635 0.150854
vt 0.155728 0.150854
vt 0.011634 0.178113
vt 0.155728 0.205372
vt 0.011635 0.205372
vt 0.120784 0.707421
vt 0.075041 0.775880
vt 0.006583 0.730138
vt 0.011634 0.232632
vt 0.054419 0.596423
vt 0.063324 0.641192
vt 0.018555 0.650097
vt 0.645962 0.300180
vt 0.677706 0.273478
vt 0.677706 0.300180
vt 0.677706 0.246777
vt 0.645962 0.220075
vt 0.677706 0.220075
vt 0.645961 0.193374
vt 0.677706 0.193374
vt 0.645961 0.620598
vt 0.677706 0.593896
vt 0.677706 0.620598
vt 0.645962 0.593896
vt 0.677706 0.567195
vt 0.841181 0.540493
vt 0.817412 0.567195
vt 0.817412 0.540493
vt 0.677706 0.460389
vt 0.645962 0.433687
vt 0.677706 0.433687
vt 0.645962 0.567195
vt 0.645962 0.540493
vt 0.645962 0.326881
vt 0.677706 0.326881
vt 0.444899 0.504076
vt 0.509510 0.491224
vt 0.522362 0.555835
vt 0.645962 0.273478
vt 0.645962 0.246777
vt 0.444899 0.555835
vt 0.451694 0.577752
vt 0.435834 0.561892
vt 0.427251 0.541170
vt 0.437943 0.539043
vt 0.427251 0.518741
vt 0.437943 0.520868
vt 0.457751 0.491224
vt 0.435834 0.498019
vt 0.451694 0.482159
vt 0.472416 0.473576
vt 0.474543 0.484268
vt 0.492718 0.484268
vt 0.494845 0.473576
vt 0.531427 0.498019
vt 0.522362 0.504076
vt 0.529317 0.520868
vt 0.540010 0.518741
vt 0.529317 0.539043
vt 0.540010 0.541170
vt 0.509510 0.568687
vt 0.531427 0.561892
vt 0.515567 0.577752
vt 0.492718 0.575642
vt 0.494845 0.586335
vt 0.472416 0.586335
vt 0.474543 0.575642
vt 0.677706 0.353583
vt 0.677706 0.380284
vt 0.645962 0.353583
vt 0.677706 0.487090
vt 0.645962 0.513792
vt 0.645962 0.487090
vt 0.645962 0.406986
vt 0.677706 0.406986
vt 0.645962 0.380284
vt 0.645962 0.460389
vt 0.677706 0.513792
vt 0.677706 0.540493
vt 0.841181 0.513792
vt 0.817412 0.513792
vt 0.841181 0.460389
vt 0.817412 0.487090
vt 0.817412 0.460389
vt 0.841181 0.380284
vt 0.817413 0.406986
vt 0.817412 0.380284
vt 0.841181 0.433687
vt 0.841181 0.406986
vt 0.841181 0.487090
vt 0.817412 0.353583
vt 0.841181 0.353583
vt 0.817412 0.326881
vt 0.841181 0.326881
vt 0.841181 0.273478
vt 0.817412 0.246777
vt 0.841181 0.246777
vt 0.817412 0.300180
vt 0.841181 0.300180
vt 0.817412 0.433687
vt 0.817412 0.593896
vt 0.841181 0.567195
vt 0.841181 0.593896
vt 0.817412 0.620598
vt 0.841181 0.620598
vt 0.841181 0.220075
vt 0.817412 0.193374
vt 0.841181 0.193374
vt 0.817412 0.220075
vt 0.817412 0.273478
vt 0.712632 0.540493
vt 0.747559 0.513792
vt 0.712632 0.513792
vt 0.747559 0.593896
vt 0.847814 0.400649
vt 0.878367 0.358739
vt 0.878364 0.400651
vt 0.878368 0.328188
vt 0.910408 0.358741
vt 0.712632 0.593896
vt 0.910406 0.400653
vt 0.909701 0.402017
vt 0.877662 0.360103
vt 0.909704 0.360105
vt 0.940252 0.402019
vt 0.940254 0.360107
vt 0.877658 0.432566
vt 0.909699 0.432568
vt 0.940957 0.400654
vt 0.940959 0.358742
vt 0.878363 0.431201
vt 0.910405 0.431203
vt 0.909705 0.329554
vt 0.877664 0.329552
vt 0.847111 0.360101
vt 0.877659 0.402015
vt 0.847109 0.402013
vt 0.579990 0.333555
vt 0.600674 0.346618
vt 0.597961 0.365454
vt 0.645962 0.342738
vt 0.645962 0.328325
vt 0.645962 0.377955
vt 0.645962 0.322639
vt 0.536160 0.045764
vt 0.538589 0.051381
vt 0.542852 0.045764
vt 0.528086 0.040549
vt 0.527436 0.041199
vt 0.528737 0.041199
vt 0.532932 0.044427
vt 0.541557 0.044058
vt 0.536160 0.052664
vt 0.532666 0.045764
vt 0.532666 0.053031
vt 0.532267 0.045764
vt 0.529173 0.049924
vt 0.634037 0.381913
vt 0.638059 0.391624
vt 0.638059 0.420462
vt 0.627024 0.447104
vt 0.606632 0.467496
vt 0.579990 0.478531
vt 0.551152 0.478531
vt 0.524510 0.467496
vt 0.504119 0.447104
vt 0.493083 0.420462
vt 0.493083 0.391624
vt 0.504119 0.364982
vt 0.524510 0.344590
vt 0.551152 0.333555
vt 0.602400 0.342837
vt 0.277344 0.460533
vt 0.285254 0.465272
vt 0.435931 0.464981
vt 0.268761 0.457147
vt 0.253197 0.439491
vt 0.492255 0.439395
vt 0.325086 0.460000
vt 0.348854 0.438394
vt 0.075984 0.239829
vt 0.069218 0.239677
vt 0.065109 0.441134
vt 0.074331 0.373234
vt 0.088016 0.355640
vt 0.070878 0.256337
vt 0.083763 0.403796
vt 0.077741 0.389688
vt 0.069175 0.273054
vt 0.090610 0.417712
vt 0.094841 0.420899
vt 0.080726 0.285536
vt 0.088173 0.157580
vt 0.114432 0.371766
vt 0.102675 0.355584
vt 0.102675 0.335582
vt 0.133455 0.313220
vt 0.152477 0.319400
vt 0.152477 0.371766
vt 0.200912 0.142712
vt 0.004584 0.142712
vt 0.665727 0.091520
vt 0.911997 0.266487
vt 0.918102 0.277205
vt 0.911997 0.342299
vt 0.897260 0.346739
vt 0.693452 0.346739
vt 0.672611 0.331581
vt 0.672611 0.277204
vt 0.678715 0.266487
vt 0.693452 0.091520
vt 0.678715 0.171772
vt 0.672611 0.161054
vt 0.678715 0.095960
vt 0.918102 0.106677
vt 0.918102 0.161054
vt 0.911997 0.171772
vt 0.912652 0.176212
vt 0.678061 0.262047
vt 0.417608 0.357840
vt 0.496975 0.357839
vt 0.955999 0.100143
vt 0.883271 0.442241
vt 0.984499 0.568775
vt 0.541738 -0.000747
vt 0.588812 0.127438
vt 0.541572 -0.000272
vt 0.588977 0.126962
vt 0.242367 0.413381
vt 0.395853 0.338902
vt 0.468574 0.464859
vt 0.323131 0.464859
vt 0.511954 0.990662
vt 0.499225 0.990674
vt 0.435582 0.990730
vt 0.619113 0.531597
vt 0.615209 0.541022
vt 0.607124 0.549107
vt 0.597699 0.553011
vt 0.586265 0.553011
vt 0.576840 0.549107
vt 0.568755 0.541022
vt 0.564851 0.520163
vt 0.568755 0.510739
vt 0.576840 0.502653
vt 0.597699 0.498749
vt 0.607123 0.502653
vt 0.615209 0.510738
vt 0.461039 0.990707
vt 0.422853 0.990741
vt 0.915487 0.933611
vt 0.853659 0.610523
vt 0.993561 0.992622
vt 0.993561 0.895376
vt 0.685377 0.336258
vt 0.892992 0.768185
vt 0.886387 0.993119
vt 0.800838 0.719626
vt 0.753112 0.719626
vt 0.742506 0.709020
vt 0.745612 0.688263
vt 0.707385 0.685157
vt 0.720438 0.336258
vt 0.765516 0.336258
vt 0.775533 0.346275
vt 0.772599 0.365880
vt 0.659658 0.642999
vt 0.650383 0.812597
vt 0.906023 0.610523
vt 0.682339 0.935421
vt 0.784929 0.692608
vt 0.914528 0.768185
vt 0.885662 0.610850
vt 0.993343 0.613896
vt 0.780109 0.810393
vt 0.685492 0.368483
vt 0.892034 0.933611
vt 0.993343 0.992479
vt 0.852935 0.993445
vt 0.797711 0.892134
vt 0.776954 0.895240
vt 0.766348 0.884634
vt 0.800818 0.900869
vt 0.800817 0.930361
vt 0.765631 0.335927
vt 0.772714 0.338861
vt 0.775648 0.358466
vt 0.765631 0.368483
vt 0.842976 0.978088
vt 0.631486 0.813180
vt 0.833298 0.610850
vt 0.608936 0.945409
vt 0.905016 0.729715
vt 0.697223 0.523178
vt 0.908246 0.900864
vt 0.497078 0.907063
vt 0.033102 0.780480
vt 0.477228 0.697245
vt 0.198531 0.572346
vt 0.373750 0.543145
vt 0.994048 0.820928
vt 0.012362 0.371406
vt 0.055995 0.370644
vt 0.047995 0.555925
vt 0.100355 0.600142
vt 0.296707 0.632645
vt 0.530676 0.436372
vt 0.198531 0.361756
vt 0.100355 0.396662
vt 0.433742 0.895350
vt 0.473217 0.895350
vt 0.503752 0.886410
vt 0.394266 0.895350
vt 0.503752 0.786596
vt 0.354791 0.895350
vt 0.345851 0.826071
vt 0.815814 0.988806
vt 0.768628 0.994344
vt 0.768317 0.158314
vt 0.750715 0.219865
vt 0.744250 0.164779
vt 0.748013 0.994344
vt 0.742476 0.961059
vt 0.836429 0.961059
vt 0.830891 0.994344
vt 0.054516 0.016412
vt 0.063649 0.006777
vt 0.076632 0.006081
vt 0.085764 0.038297
vt 0.063649 0.048628
vt 0.854555 0.476252
vt 0.362673 0.573925
vt 0.465078 0.193759
vt 0.067399 0.654834
vt 0.067399 0.667093
vt 0.062707 0.678419
vt 0.054039 0.687088
vt 0.042713 0.691779
vt 0.030011 0.692442
vt 0.010017 0.679082
vt 0.005768 0.667093
vt 0.042713 0.630148
vt 0.054039 0.634840
vt 0.030454 0.630148
vt 0.005768 0.654834
vt 0.010460 0.643508
vt 0.436034 0.193759
vt 0.232071 0.755683
vt 0.216037 0.759314
vt 0.199833 0.756532
vt 0.185928 0.747762
vt 0.213816 0.675072
vt 0.230020 0.677853
vt 0.253416 0.700048
vt 0.257048 0.716083
vt 0.254266 0.732286
vt 0.364790 0.651752
vt 0.348758 0.655397
vt 0.332552 0.652629
vt 0.318639 0.643870
vt 0.309137 0.630453
vt 0.305493 0.614422
vt 0.308261 0.598216
vt 0.330436 0.574801
vt 0.346468 0.571157
vt 0.031117 0.628159
vt 0.019791 0.623468
vt 0.006431 0.603473
vt 0.005768 0.590771
vt 0.012448 0.580774
vt 0.019128 0.570777
vt 0.031117 0.566529
vt 0.043376 0.628159
vt 0.054702 0.623468
vt 0.068061 0.591214
vt 0.068061 0.603473
vt 0.063370 0.579889
vt 0.043376 0.566529
vt 0.659652 0.415638
vt 0.153401 0.903186
vt 0.820185 0.551924
vt 0.905016 0.561591
vt 0.155728 0.341669
vt 0.155728 0.396188
vt 0.155728 0.069076
vt 0.155728 0.178113
vt 0.006583 0.707421
vt 0.015276 0.686435
vt 0.031339 0.670372
vt 0.052325 0.661679
vt 0.075042 0.661679
vt 0.096028 0.670372
vt 0.112091 0.686434
vt 0.120784 0.730138
vt 0.112091 0.751125
vt 0.096028 0.767187
vt 0.052325 0.775880
vt 0.031338 0.767187
vt 0.015276 0.751124
vt 0.155728 0.232632
vt 0.009649 0.641192
vt 0.004830 0.629557
vt 0.004830 0.616963
vt 0.009649 0.605328
vt 0.018554 0.596423
vt 0.030190 0.591603
vt 0.042783 0.591603
vt 0.063324 0.605328
vt 0.068143 0.616963
vt 0.068143 0.629557
vt 0.054419 0.650097
vt 0.042783 0.654917
vt 0.030190 0.654917
vt 0.457751 0.568687
vt 0.515567 0.482159
vt 0.747559 0.540493
vt 0.747559 0.620598
vt 0.847816 0.358737
vt 0.910410 0.328190
vt 0.712632 0.620598
vt 0.645962 0.370551
vt 0.532779 0.044058
vt 0.531821 0.052421
vt 0.529173 0.048623
vt 0.241622 0.510735
vt 0.262199 0.510897
vt 0.286090 0.562227
vt 0.489608 0.005306
vt 0.412377 0.408469
vt 0.393727 0.416523
vt 0.489280 0.541730
vt 0.476932 0.554704
vt 0.467015 0.487651
vt 0.355586 0.650679
vt 0.322106 0.581599
vt 0.355325 0.581474
vt 0.355122 0.527739
vt 0.321971 0.545776
vt 0.321904 0.527865
vt 0.355189 0.545651
vt 0.322039 0.563688
vt 0.322571 0.704539
vt 0.355721 0.686502
vt 0.355789 0.704413
vt 0.322503 0.686627
vt 0.355654 0.668590
vt 0.322435 0.668716
vt 0.359014 0.718922
vt 0.466215 0.740939
vt 0.359014 0.740939
vt 0.524386 0.718922
vt 0.496445 0.740938
vt 0.496445 0.718922
vt 0.465644 0.774585
vt 0.465073 0.808231
vt 0.597839 0.740938
vt 0.554889 0.718922
vt 0.597839 0.718922
vt 0.422129 0.652351
vt 0.465644 0.685276
vt 0.466215 0.718922
vt 0.554889 0.740938
vt 0.539637 0.718922
vt 0.539637 0.740938
vt 0.481330 0.718922
vt 0.481330 0.740938
vt 0.489863 0.632665
vt 0.457290 0.585440
vt 0.489863 0.585440
vt 0.556644 0.632665
vt 0.540452 0.585440
vt 0.556644 0.585440
vt 0.506172 0.632665
vt 0.540452 0.632665
vt 0.506172 0.585440
vt 0.545275 0.644195
vt 0.590017 0.689389
vt 0.545755 0.678472
vt 0.383404 0.632665
vt 0.362342 0.585440
vt 0.383404 0.585440
vt 0.621737 0.632665
vt 0.590017 0.528716
vt 0.621737 0.585440
vt 0.545755 0.539634
vt 0.557446 0.528264
vt 0.545275 0.573910
vt 0.557446 0.689842
vt 0.387036 0.496738
vt 0.390568 0.561476
vt 0.373158 0.557269
vt 0.360184 0.544921
vt 0.459751 0.559766
vt 0.413904 0.510586
vt 0.493487 0.524320
vt 0.289409 0.496661
vt 0.303742 0.557895
vt 0.316852 0.545313
vt 0.213057 0.493957
vt 0.216178 0.560147
vt 0.199008 0.555032
vt 0.186683 0.541999
vt 0.182530 0.524541
vt 0.480205 0.713200
vt 0.485803 0.699160
vt 0.485331 0.671223
vt 0.479258 0.657233
vt 0.465073 0.651630
vt 0.479258 0.802628
vt 0.485803 0.760701
vt 0.480205 0.746661
vt 0.485331 0.788638
vt 0.353162 0.008700
vt 0.320336 0.112629
vt 0.319944 0.008825
vt 0.353554 0.112504
vt 0.351243 0.008725
vt 0.015007 0.718923
vt 0.015007 0.740939
vt 0.182530 0.004687
vt 0.263125 0.406809
vt 0.242722 0.406644
vt 0.322372 0.007743
vt 0.069176 0.510735
vt 0.089753 0.510897
vt 0.113644 0.562227
vt 0.317162 0.005306
vt 0.239931 0.408469
vt 0.221281 0.416523
vt 0.316834 0.541730
vt 0.304486 0.554704
vt 0.294569 0.487651
vt 0.183140 0.650679
vt 0.149661 0.581599
vt 0.182879 0.581474
vt 0.182676 0.527740
vt 0.149525 0.545776
vt 0.149458 0.527865
vt 0.182744 0.545651
vt 0.149593 0.563688
vt 0.150125 0.704539
vt 0.183276 0.686502
vt 0.183343 0.704413
vt 0.150057 0.686627
vt 0.183208 0.668590
vt 0.149990 0.668716
vt 0.358473 0.718923
vt 0.465674 0.740939
vt 0.358473 0.740939
vt 0.523845 0.718922
vt 0.495904 0.740938
vt 0.495904 0.718922
vt 0.465103 0.774585
vt 0.464532 0.808231
vt 0.597298 0.740938
vt 0.554348 0.718922
vt 0.597298 0.718922
vt 0.421588 0.652351
vt 0.465103 0.685276
vt 0.465674 0.718922
vt 0.554348 0.740938
vt 0.539097 0.718922
vt 0.539097 0.740938
vt 0.480789 0.718922
vt 0.480790 0.740939
vt 0.214590 0.496738
vt 0.218122 0.561476
vt 0.200712 0.557269
vt 0.187738 0.544921
vt 0.287305 0.559766
vt 0.241458 0.510587
vt 0.321041 0.524320
vt 0.116963 0.496661
vt 0.131296 0.557895
vt 0.144407 0.545313
vt 0.040612 0.493957
vt 0.043732 0.560147
vt 0.026563 0.555032
vt 0.014238 0.541999
vt 0.010084 0.524541
vt 0.479664 0.713200
vt 0.485262 0.699160
vt 0.484790 0.671223
vt 0.478717 0.657233
vt 0.464532 0.651630
vt 0.478718 0.802628
vt 0.485262 0.760701
vt 0.479664 0.746661
vt 0.484790 0.788638
vt 0.180716 0.008700
vt 0.147890 0.112629
vt 0.147498 0.008825
vt 0.181108 0.112504
vt 0.178797 0.008725
vt 0.014467 0.718923
vt 0.014467 0.740940
vt 0.010084 0.004687
vt 0.090679 0.406809
vt 0.070276 0.406644
vt 0.149926 0.007743
vt 0.041319 0.640085
vt 0.048123 0.567897
vt 0.048068 0.640090
vt 0.091856 0.640067
vt 0.088455 0.567875
vt 0.095205 0.567872
vt 0.081814 0.640078
vt 0.034570 0.640080
vt 0.041374 0.567892
vt 0.081706 0.567885
vt 0.031332 0.567879
vt 0.074957 0.567895
vt 0.024528 0.640068
vt 0.021290 0.567867
vt 0.068316 0.640098
vt 0.075065 0.640088
vt 0.017778 0.640055
vt 0.112104 0.640045
vt 0.105247 0.567862
vt 0.111996 0.567852
vt 0.061567 0.640100
vt 0.064915 0.567905
vt 0.105355 0.640055
vt 0.011247 0.567842
vt 0.054872 0.567902
vt 0.054817 0.640095
vt 0.098605 0.640065
vt 0.118745 0.567842
vt 0.118853 0.640035
vt 0.203386 0.653880
vt 0.252675 0.674297
vt 0.216271 0.718655
vt 0.247843 0.705742
vt 0.199276 0.710525
vt 0.199276 0.657175
vt 0.375498 0.480017
vt 0.474507 0.468769
vt 0.471095 0.438735
vt 0.371238 0.460154
vt 0.459557 0.422014
vt 0.379579 0.431101
vt 0.432689 0.408165
vt 0.322368 0.650804
vt 0.355257 0.563563
vt 0.524386 0.740938
vt 0.422129 0.807510
vt 0.457290 0.632665
vt 0.362342 0.632665
vt 0.642307 0.580916
vt 0.642307 0.637190
vt 0.443938 0.507174
vt 0.203707 0.479271
vt 0.301010 0.479645
vt 0.305221 0.459500
vt 0.199888 0.459461
vt 0.204282 0.437423
vt 0.300863 0.438172
vt 0.223782 0.414267
vt 0.289721 0.421211
vt 0.203053 0.480017
vt 0.302061 0.468769
vt 0.298649 0.438735
vt 0.198792 0.460154
vt 0.287111 0.422014
vt 0.207133 0.431101
vt 0.260243 0.408165
vt 0.149922 0.650804
vt 0.182811 0.563562
vt 0.523845 0.740938
vt 0.421588 0.807510
vt 0.271492 0.507174
vt 0.031261 0.479271
vt 0.128564 0.479645
vt 0.132775 0.459500
vt 0.027442 0.459461
vt 0.031836 0.437423
vt 0.128417 0.438171
vt 0.051336 0.414267
vt 0.117276 0.421211
vt 0.011029 0.640034
vt 0.186631 0.674296
vt 0.192978 0.662422
vt 0.223036 0.649972
vt 0.235920 0.653880
vt 0.246328 0.662422
vt 0.252675 0.694331
vt 0.241545 0.710989
vt 0.229670 0.717336
vt 0.197762 0.710989
vt 0.186631 0.694331
vt 0.211151 0.650828
vt 0.224551 0.649509
vt 0.237435 0.653417
vt 0.247843 0.661959
vt 0.254190 0.673833
vt 0.254190 0.693868
vt 0.237435 0.714284
vt 0.224550 0.718192
vt 0.211151 0.716872
vt 0.190735 0.700117
vt 0.186826 0.687233
vt 0.190735 0.667583
vt 0.158491 0.932821
vt 0.236822 0.926542
vt 0.164577 0.949018
vt 0.141144 0.497956
vt 0.170140 0.518034
vt 0.139172 0.518034
vt 0.272475 0.481245
vt 0.260245 0.574143
vt 0.185908 0.517102
vt 0.314867 0.591543
vt 0.282148 0.578375
vt 0.293126 0.569490
vt 0.202555 0.613260
vt 0.228006 0.588844
vt 0.221839 0.619191
vt 0.141144 0.538112
vt 0.175607 0.545607
vt 0.146983 0.557424
vt 0.184794 0.432376
vt 0.214508 0.451376
vt 0.202075 0.458074
vt 0.281333 0.422434
vt 0.282148 0.457693
vt 0.269652 0.451114
vt 0.241907 0.621258
vt 0.256115 0.588977
vt 0.261994 0.619382
vt 0.156467 0.575230
vt 0.191182 0.569006
vt 0.169233 0.590852
vt 0.169233 0.445217
vt 0.182246 0.477997
vt 0.156467 0.460838
vt 0.261994 0.416686
vt 0.242054 0.445777
vt 0.241907 0.414810
vt 0.281333 0.613634
vt 0.299185 0.604235
vt 0.184794 0.603692
vt 0.214508 0.584692
vt 0.171520 0.532089
vt 0.175607 0.490462
vt 0.171520 0.503980
vt 0.202555 0.422808
vt 0.228006 0.447224
vt 0.299184 0.431833
vt 0.293126 0.466578
vt 0.242054 0.590291
vt 0.182246 0.558071
vt 0.191182 0.467062
vt 0.256115 0.447091
vt 0.269652 0.584954
vt 0.202075 0.577995
vt 0.146983 0.478645
vt 0.221839 0.416877
vt 0.355951 0.674789
vt 0.331741 0.729534
vt 0.331741 0.674789
vt 0.292802 0.853465
vt 0.265293 0.845822
vt 0.281298 0.833540
vt 0.272936 0.873331
vt 0.281561 0.862091
vt 0.267514 0.886421
vt 0.253011 0.861828
vt 0.265665 0.900469
vt 0.245291 0.880467
vt 0.245290 0.920471
vt 0.242657 0.900469
vt 0.272936 0.927606
vt 0.267514 0.914516
vt 0.265293 0.955115
vt 0.253011 0.939110
vt 0.281561 0.938847
vt 0.281298 0.967397
vt 0.356133 0.729666
vt 0.380343 0.674921
vt 0.380343 0.729666
vt 0.303026 0.871163
vt 0.283061 0.895406
vt 0.287456 0.870483
vt 0.322059 0.870992
vt 0.305232 0.896374
vt 0.346583 0.881324
vt 0.326898 0.891571
vt 0.331314 0.859962
vt 0.362945 0.866331
vt 0.351179 0.836287
vt 0.341247 0.848124
vt 0.360434 0.825257
vt 0.374868 0.847615
vt 0.382510 0.804279
vt 0.381542 0.826450
vt 0.353925 0.791268
vt 0.357298 0.806484
vt 0.304133 0.674789
vt 0.287130 0.729534
vt 0.287130 0.674789
vt 0.137404 0.836450
vt 0.214768 0.843977
vt 0.138260 0.850593
vt 0.162255 0.712532
vt 0.228028 0.753951
vt 0.156678 0.725557
vt 0.147576 0.752382
vt 0.224503 0.763524
vt 0.221476 0.773266
vt 0.169701 0.961063
vt 0.240512 0.935215
vt 0.215908 0.854115
vt 0.139844 0.864672
vt 0.144077 0.766112
vt 0.218956 0.783151
vt 0.175200 0.973990
vt 0.244471 0.944522
vt 0.217571 0.864180
vt 0.142154 0.878651
vt 0.141291 0.780004
vt 0.216950 0.793154
vt 0.248430 0.953829
vt 0.180699 0.986916
vt 0.219752 0.874145
vt 0.145183 0.892492
vt 0.139226 0.794021
vt 0.215464 0.803246
vt 0.252120 0.962501
vt 0.185823 0.998961
vt 0.148922 0.906158
vt 0.222444 0.883985
vt 0.214500 0.813402
vt 0.137888 0.808126
vt 0.175388 0.687433
vt 0.252120 0.704389
vt 0.241500 0.726502
vt 0.153362 0.919613
vt 0.225641 0.893672
vt 0.214062 0.823594
vt 0.137280 0.822282
vt 0.236539 0.735416
vt 0.168497 0.699813
vt 0.229334 0.903182
vt 0.214152 0.833795
vt 0.232044 0.744574
vt 0.151780 0.738852
vt 0.296054 0.819148
vt 0.237437 0.785305
vt 0.256976 0.751463
vt 0.352529 0.647548
vt 0.331923 0.674921
vt 0.335527 0.647548
vt 0.368952 0.643148
vt 0.356133 0.674921
vt 0.368770 0.761307
vt 0.355951 0.729534
vt 0.379336 0.735800
vt 0.335345 0.756907
vt 0.352347 0.756907
vt 0.287312 0.729666
vt 0.304315 0.674921
vt 0.304315 0.729666
vt 0.270310 0.729666
vt 0.287312 0.674921
vt 0.331923 0.729666
vt 0.270128 0.729534
vt 0.270128 0.674789
vt 0.380161 0.674789
vt 0.304133 0.729534
vt 0.956039 0.781802
vt 0.893884 0.852332
vt 0.932111 0.769751
vt 0.890865 0.898939
vt 0.857526 0.982512
vt 0.833885 0.894386
vt 0.319939 0.846194
vt 0.299937 0.825820
vt 0.319939 0.823187
vt 0.305892 0.848043
vt 0.292802 0.947472
vt 0.305892 0.952894
vt 0.319939 0.954743
vt 0.299937 0.975117
vt 0.319939 0.977751
vt 0.933060 0.769976
vt 0.879378 0.743141
vt 0.935547 0.750207
vt 0.895048 0.851037
vt 0.836230 0.865353
vt 0.838153 0.845521
vt 0.835472 0.874525
vt 0.892452 0.879077
vt 0.937430 0.723339
vt 0.878987 0.736985
vt 0.881155 0.717178
vt 0.876891 0.762910
vt 0.027237 0.272773
vt 0.355043 0.316332
vt 0.012606 0.315985
vt 0.038157 0.252523
vt 0.369674 0.273121
vt 0.023486 0.336257
vt 0.355043 0.336257
vt 0.038551 0.379319
vt 0.370109 0.379319
vt 0.039338 0.273096
vt 0.371101 0.252831
vt 0.371122 0.272756
vt 0.024232 0.316144
vt 0.356037 0.335729
vt 0.013381 0.336432
vt 0.356017 0.315804
vt 0.028138 0.379600
vt 0.370794 0.378897
vt 0.324265 0.104617
vt 0.404101 0.124543
vt 0.324265 0.124542
vt 0.404102 0.106439
vt 0.324265 0.126364
vt 0.324265 0.106439
vt 0.030359 0.208893
vt 0.000348 0.124541
vt 0.030359 0.020265
vt 0.351027 0.029399
vt 0.351594 0.009483
vt 0.030927 0.000348
vt 0.000348 0.104616
vt 0.030359 0.022088
vt 0.351026 0.031221
vt 0.000348 0.106440
vt 0.351594 0.221499
vt 0.030359 0.210717
vt 0.351027 0.201582
vt 0.000348 0.126365
vt 0.835720 0.899164
vt 0.889841 0.897450
vt 0.912984 0.985458
vt 0.589710 0.208842
vt 0.475662 0.169892
vt 0.475662 0.130942
vt 0.833846 0.892038
vt 0.883411 0.716663
vt 0.938656 0.723597
vt 0.938656 0.977793
vt 0.915886 0.891205
vt 0.935261 0.743146
vt 0.876765 0.763676
vt 0.830450 0.847439
vt 0.837807 0.847835
vt 0.826533 0.891137
vt 0.876003 0.715704
vt 0.869336 0.762890
vt 0.873627 0.770455
vt 0.588812 0.132482
vt 0.475302 0.105696
vt 0.589350 0.105696
vt 0.589171 0.104156
vt 0.475123 0.104156
vt 0.589171 0.027512
vt 0.475662 0.000739
vt 0.589710 0.000738
vt 0.588811 0.001021
vt 0.475302 0.027795
vt 0.474763 0.001022
vt 0.440380 0.027718
vt 0.408834 0.001132
vt 0.439841 0.000945
vt 0.458631 0.202443
vt 0.451948 0.155304
vt 0.474764 0.132481
vt 0.459169 0.099011
vt 0.452487 0.050608
vt 0.409194 0.027402
vt 0.440740 0.000816
vt 0.440201 0.027590
vt 0.374265 0.027129
vt 0.391010 0.000424
vt 0.391728 0.027205
vt 0.408476 0.000620
vt 0.457662 0.027580
vt 0.458200 0.000806
vt 0.475123 0.027512
vt 0.408116 0.027914
vt 0.391369 0.001329
vt 0.390650 0.028110
vt 0.373906 0.001405
vt 0.457840 0.027728
vt 0.457302 0.000954
vt 0.475123 0.065834
vt 0.458990 0.034194
vt 0.452308 0.081333
vt 0.458990 0.097471
vt 0.452308 0.050325
vt 0.459529 0.137626
vt 0.452846 0.153764
vt 0.459529 0.202160
vt 0.475662 0.208842
vt 0.452846 0.186029
vt 0.304147 0.812937
vt 0.327305 0.795419
vt 0.327305 0.804844
vt 0.327305 0.785305
vt 0.304147 0.785305
vt 0.327305 0.775191
vt 0.304147 0.757673
vt 0.327305 0.765766
vt 0.189563 0.503461
vt 0.196624 0.491231
vt 0.206610 0.481245
vt 0.218840 0.474184
vt 0.232481 0.470528
vt 0.246604 0.470528
vt 0.260245 0.474183
vt 0.282461 0.491230
vt 0.289522 0.503461
vt 0.293177 0.517102
vt 0.293177 0.531224
vt 0.289522 0.544865
vt 0.282461 0.557095
vt 0.272475 0.567081
vt 0.246604 0.577798
vt 0.232482 0.577798
vt 0.218841 0.574143
vt 0.206610 0.567081
vt 0.196624 0.557095
vt 0.189563 0.544865
vt 0.185908 0.531224
vt 0.314867 0.444525
vt 0.377707 0.782613
vt 0.183637 0.672223
vt 0.266401 0.747559
vt 0.276515 0.746227
vt 0.286629 0.747559
vt 0.296054 0.751463
vt 0.286629 0.823051
vt 0.276515 0.824383
vt 0.266401 0.823051
vt 0.256976 0.819147
vt 0.248883 0.812937
vt 0.242673 0.804844
vt 0.238769 0.795419
vt 0.238769 0.775191
vt 0.242673 0.765766
vt 0.248883 0.757673
vt 0.379518 0.668655
vt 0.270310 0.674921
vt 0.380161 0.729534
vt 0.918428 0.863051
vt 0.914063 0.985413
vt 0.893125 0.870869
vt 0.369714 0.253196
vt 0.028445 0.252831
vt 0.404101 0.104618
vt 0.404102 0.126364
vt 0.351026 0.199760
vt 0.030927 0.230633
vt 0.857431 0.981727
vt 0.855531 0.974503
vt 0.589710 0.130942
vt 0.828132 0.874130
vt 0.828935 0.864453
vt 0.872190 0.742210
vt 0.871778 0.736223
vt 0.840903 0.841148
vt 0.589350 0.027795
vt 0.588811 0.209125
vt 0.474764 0.209125
vt 0.451948 0.186312
vt 0.458631 0.139166
vt 0.452487 0.082873
vt 0.459169 0.034477
vt 0.373547 0.000348
vt 0.373188 0.028186
vt 0.137046 0.774263
vt 0.174826 0.707327
vt 0.175448 0.773904
vt 0.133831 0.429874
vt 0.171612 0.362938
vt 0.172233 0.429515
vt 0.103558 0.561683
vt 0.126956 0.681827
vt 0.006396 0.660676
vt 0.135974 0.659467
vt 0.173755 0.592530
vt 0.174376 0.659108
vt 0.134902 0.544670
vt 0.172683 0.477734
vt 0.173305 0.544312
vt 0.136424 0.707685
vt 0.174601 0.683218
vt 0.136199 0.683576
vt 0.135127 0.568780
vt 0.173530 0.568421
vt 0.135353 0.592889
vt 0.134056 0.453983
vt 0.172458 0.453625
vt 0.134281 0.478093
vt 0.137271 0.798372
vt 0.175673 0.798014
vt 0.137496 0.822482
vt 0.271539 0.560115
vt 0.294936 0.680259
vt 0.206120 0.265816
vt 0.190699 0.283868
vt 0.190699 0.265816
vt 0.206120 0.283868
vt 0.190699 0.301919
vt 0.206120 0.301919
vt 0.190699 0.319971
vt 0.206120 0.319971
vt 0.190699 0.338023
vt 0.206120 0.338023
vt 0.190699 0.356074
vt 0.206120 0.356074
vt 0.190699 0.374126
vt 0.206120 0.374126
vt 0.190699 0.392177
vt 0.206120 0.392177
vt 0.190699 0.410229
vt 0.206120 0.410229
vt 0.190699 0.428280
vt 0.206120 0.428280
vt 0.190699 0.446332
vt 0.206120 0.446332
vt 0.190699 0.464384
vt 0.206120 0.464384
vt 0.190699 0.482435
vt 0.206120 0.482435
vt 0.190699 0.500487
vt 0.206120 0.500487
vt 0.190699 0.518538
vt 0.206120 0.518538
vt 0.190699 0.536590
vt 0.206120 0.536590
vt 0.190699 0.554642
vt 0.300277 0.221770
vt 0.270920 0.140260
vt 0.300277 0.140260
vt 0.329634 0.221770
vt 0.329634 0.140260
vt 0.232095 0.197909
vt 0.199160 0.136912
vt 0.232075 0.126588
vt 0.178839 0.028623
vt 0.260349 -0.000735
vt 0.260349 0.028623
vt 0.178839 0.057980
vt 0.260349 0.057980
vt 0.178839 0.087337
vt 0.260349 0.087337
vt 0.135972 0.316915
vt 0.103851 0.274559
vt 0.142382 0.274548
vt 0.301090 0.057980
vt 0.219580 0.087337
vt 0.219580 0.057980
vt 0.301090 0.028623
vt 0.219580 0.028623
vt 0.301090 -0.000735
vt 0.219580 -0.000735
vt 0.234287 0.199748
vt 0.201352 0.138751
vt 0.234266 0.128427
vt 0.270138 0.221403
vt 0.240781 0.139894
vt 0.270138 0.139893
vt 0.299496 0.221403
vt 0.299496 0.139893
vt 0.328853 0.221403
vt 0.328853 0.139893
vt 0.109535 0.317816
vt 0.141632 0.275441
vt 0.135223 0.317808
vt 0.270920 0.221770
vt 0.241563 0.140260
vt 0.198411 0.137805
vt 0.149060 0.225160
vt 0.149034 0.136722
vt 0.233537 0.200641
vt 0.200603 0.139644
vt 0.233517 0.129320
vt 0.231346 0.198802
vt 0.231325 0.127481
vt 0.133031 0.315969
vt 0.100910 0.273613
vt 0.139441 0.273602
vt 0.108093 0.315083
vt 0.140190 0.272709
vt 0.133780 0.315076
vt 0.091238 0.136738
vt 0.151251 0.226999
vt 0.093429 0.138577
vt 0.151226 0.138561
vt 0.149809 0.224267
vt 0.091987 0.135845
vt 0.149784 0.135829
vt 0.152001 0.226106
vt 0.094179 0.137684
vt 0.151975 0.137668
vt 0.103101 0.275452
vt 0.101659 0.272720
vt 0.044054 0.139689
vt 0.093455 0.227015
vt 0.044079 0.228127
vt 0.042611 0.136956
vt 0.092012 0.224283
vt 0.042636 0.225395
vt 0.041862 0.137850
vt 0.091263 0.225176
vt 0.041887 0.226288
vt 0.008962 0.198866
vt 0.011154 0.200705
vt 0.009711 0.197973
vt 0.011903 0.199812
vt 0.044803 0.138796
vt 0.044828 0.227234
vt 0.094204 0.226122
vt 0.201338 0.091130
vt 0.234255 0.090023
vt 0.133209 0.363296
vt 0.005774 0.594099
vt 0.014792 0.571738
vt 0.036981 0.562304
vt 0.125918 0.570701
vt 0.104768 0.691261
vt 0.038190 0.691882
vt 0.015830 0.682864
vt 0.175898 0.822123
vt 0.182773 0.570170
vt 0.204961 0.560736
vt 0.293899 0.569133
vt 0.303333 0.591321
vt 0.303955 0.657898
vt 0.272748 0.689693
vt 0.206171 0.690315
vt 0.183811 0.681296
vt 0.206120 0.554642
vt 0.199186 0.225350
vt 0.178839 -0.000735
vt 0.110285 0.316922
vt 0.301090 0.087337
vt 0.201377 0.227189
vt 0.240781 0.221403
vt 0.241563 0.221770
vt 0.198436 0.226243
vt 0.200628 0.228082
vt 0.107344 0.315976
vt 0.008941 0.127545
vt 0.011133 0.129384
vt 0.009691 0.126652
vt 0.011883 0.128491
vt 0.046828 0.461009
vt 0.046828 0.157667
vt 0.073616 0.164646
vt 0.083291 0.454278
vt 0.073442 0.164895
vt 0.083291 0.164895
vt 0.117058 0.164895
vt 0.126907 0.454278
vt 0.117058 0.454278
vt 0.083465 0.484522
vt 0.073616 0.464713
vt 0.083465 0.464713
vt 0.117232 0.454030
vt 0.127081 0.164646
vt 0.127081 0.454030
vt 0.083465 0.454030
vt 0.083465 0.164646
vt 0.127081 0.154776
vt 0.117232 0.134967
vt 0.127081 0.134967
vt 0.090269 0.461257
vt 0.083291 0.484771
vt 0.073442 0.464961
vt 0.083291 0.464961
vt 0.126907 0.125347
vt 0.117058 0.135216
vt 0.117058 0.125347
vt 0.117232 0.154777
vt 0.127081 0.125097
vt 0.117232 0.125097
vt 0.126907 0.155025
vt 0.126907 0.164895
vt 0.126907 0.135216
vt 0.087145 0.484830
vt 0.122878 0.480473
vt 0.122878 0.484830
vt 0.087145 0.480473
vt 0.122878 0.476116
vt 0.087145 0.476116
vt 0.122878 0.471759
vt 0.087145 0.471759
vt 0.122878 0.467402
vt 0.087145 0.467402
vt 0.122878 0.463045
vt 0.087145 0.532756
vt 0.122878 0.528399
vt 0.122878 0.532756
vt 0.087145 0.528399
vt 0.122878 0.524042
vt 0.087145 0.524042
vt 0.122878 0.519686
vt 0.087145 0.519685
vt 0.122878 0.515329
vt 0.087145 0.515329
vt 0.122878 0.510972
vt 0.087145 0.510972
vt 0.122878 0.506615
vt 0.087145 0.506615
vt 0.122878 0.502258
vt 0.087145 0.502258
vt 0.122878 0.497901
vt 0.087145 0.497901
vt 0.122878 0.493544
vt 0.087145 0.493544
vt 0.122878 0.489187
vt 0.087145 0.489187
vt 0.057061 0.038700
vt 0.068931 0.044477
vt 0.057061 0.044477
vt 0.103538 0.052377
vt 0.091668 0.049633
vt 0.103538 0.049633
vt 0.091931 0.038640
vt 0.103801 0.044417
vt 0.091931 0.044417
vt 0.068931 0.038700
vt 0.080801 0.044477
vt 0.072826 0.049802
vt 0.084696 0.052546
vt 0.072826 0.052546
vt 0.080061 0.044417
vt 0.080061 0.038640
vt 0.080801 0.038700
vt 0.092671 0.044477
vt 0.096566 0.049802
vt 0.084696 0.049802
vt 0.068191 0.044417
vt 0.068191 0.038640
vt 0.104541 0.038700
vt 0.092671 0.038700
vt 0.108436 0.049802
vt 0.096566 0.052546
vt 0.056321 0.044417
vt 0.056321 0.038640
vt 0.116411 0.038700
vt 0.104541 0.044477
vt 0.044451 0.044417
vt 0.044451 0.038640
vt 0.128281 0.044477
vt 0.116411 0.044477
vt 0.044188 0.052377
vt 0.032318 0.049633
vt 0.044188 0.049633
vt 0.032581 0.044417
vt 0.032581 0.038640
vt 0.084172 0.130312
vt 0.073261 0.103970
vt 0.099603 0.093058
vt 0.033321 0.038700
vt 0.045191 0.044477
vt 0.033321 0.044477
vt 0.127278 0.052377
vt 0.115408 0.049633
vt 0.127278 0.049633
vt 0.127541 0.038640
vt 0.115671 0.044417
vt 0.115671 0.038640
vt 0.045191 0.038700
vt 0.060956 0.052546
vt 0.049086 0.049802
vt 0.060956 0.049802
vt 0.103801 0.038640
vt 0.099740 0.129955
vt 0.073398 0.119043
vt 0.084309 0.092701
vt 0.073616 0.454030
vt 0.083465 0.459371
vt 0.073616 0.459371
vt 0.083291 0.495454
vt 0.073442 0.490112
vt 0.083291 0.490112
vt 0.073442 0.484771
vt 0.073616 0.495205
vt 0.083465 0.489863
vt 0.083465 0.495205
vt 0.073616 0.489864
vt 0.073442 0.454278
vt 0.083291 0.459620
vt 0.073442 0.459620
vt -0.002734 0.058292
vt 0.036350 0.070598
vt -0.002640 0.070889
vt -0.002546 0.083486
vt 0.036444 0.083195
vt -0.002452 0.096083
vt 0.036720 0.120310
vt 0.036725 0.120895
vt -0.002264 0.121276
vt 0.036599 0.134238
vt -0.002382 0.133870
vt -0.002501 0.146465
vt 0.036480 0.146832
vt -0.002620 0.159059
vt 0.089189 0.070066
vt 0.072594 0.086322
vt 0.067351 0.070066
vt 0.091668 0.052377
vt 0.079798 0.049633
vt 0.109182 0.142560
vt 0.090087 0.153675
vt 0.096666 0.145432
vt 0.115408 0.052377
vt 0.067928 0.052377
vt 0.079798 0.052377
vt 0.078837 0.043236
vt 0.093081 0.039944
vt 0.093081 0.043236
vt 0.056058 0.052377
vt 0.067928 0.049633
vt 0.056058 0.049633
vt 0.083158 0.079933
vt 0.095363 0.078072
vt 0.037216 0.052546
vt 0.049086 0.052546
vt 0.037519 0.099898
vt 0.064188 0.120461
vt 0.037519 0.121736
vt 0.070578 0.131025
vt 0.048438 0.140649
vt 0.080524 0.138340
vt 0.067351 0.151569
vt 0.092512 0.141291
vt 0.089189 0.151569
vt 0.104717 0.139431
vt 0.108102 0.140649
vt 0.062328 0.108256
vt 0.065280 0.096268
vt 0.048438 0.080985
vt 0.107348 0.081034
vt 0.062737 0.113373
vt 0.065606 0.125928
vt 0.037181 0.098770
vt 0.064948 0.100694
vt 0.048982 0.079302
vt 0.071843 0.089826
vt 0.068937 0.068343
vt 0.091698 0.068830
vt 0.082372 0.082424
vt 0.094932 0.079615
vt 0.107611 0.081826
vt 0.083968 0.143279
vt 0.067309 0.153294
vt 0.047773 0.141575
vt 0.073061 0.136430
vt 0.036718 0.121644
vt 0.036242 0.172021
vt -0.002739 0.171653
vt 0.036240 0.055926
vt 0.036256 0.058001
vt 0.036232 0.172701
vt 0.111166 0.080631
vt 0.036538 0.095792
vt -0.002358 0.108680
vt 0.071572 0.458965
vt 0.066637 0.461009
vt 0.041893 0.458965
vt 0.039849 0.454030
vt 0.039849 0.164646
vt 0.066637 0.157667
vt 0.073616 0.484522
vt 0.117232 0.164646
vt 0.090270 0.157916
vt 0.110079 0.157916
vt 0.115013 0.459213
vt 0.110079 0.461257
vt 0.085335 0.459213
vt 0.117058 0.155025
vt 0.087145 0.463046
vt 0.108436 0.052546
vt 0.128281 0.038700
vt 0.032318 0.052377
vt 0.110514 0.103970
vt 0.110514 0.119401
vt 0.099603 0.130312
vt 0.073261 0.119401
vt 0.084172 0.093058
vt 0.127541 0.044417
vt 0.099740 0.092701
vt 0.110652 0.103612
vt 0.110652 0.119043
vt 0.084309 0.129955
vt 0.073398 0.103612
vt 0.073442 0.495454
vt 0.036632 0.108389
vt 0.036361 0.159427
vt 0.110004 0.142616
vt 0.078837 0.039944
vt 0.037216 0.049802
vt 0.108102 0.080985
vt -0.002750 0.056217
vt -0.002750 0.172333
vt 0.355705 0.237792
vt 0.295105 0.328071
vt 0.280266 0.313231
vt 0.391665 0.201832
vt 0.425475 0.197701
vt 0.406504 0.216672
vt 0.458262 0.161182
vt 0.518862 0.070903
vt 0.533701 0.085743
vt 0.422302 0.197142
vt 0.388492 0.201273
vt 0.407462 0.182302
vt 0.557949 0.107683
vt 0.547523 0.053769
vt 0.583119 0.018173
vt 0.291933 0.327512
vt 0.352532 0.237233
vt 0.367372 0.252072
vt 0.557949 0.106662
vt 0.547523 0.052747
vt 0.583119 0.017152
vt 0.546801 0.055378
vt 0.582397 0.019782
vt 0.696705 0.119718
vt 0.546801 0.051138
vt 0.582397 0.015542
vt 0.696705 0.115478
vt 0.373685 0.219812
vt 0.388525 0.234652
vt 0.461435 0.161741
vt 0.428615 0.164882
vt 0.446595 0.146902
vt 0.443455 0.179721
vt 0.410635 0.182862
vt 0.440282 0.179162
vt 0.425442 0.164322
vt 0.385352 0.234092
vt 0.370512 0.219253
vt 0.403332 0.216113
vt 0.522034 0.071463
vt 0.370545 0.252632
vt 0.443422 0.146343
vt 0.697427 0.018173
vt 0.697427 0.118109
vt 0.583119 0.118109
vt 0.547523 0.082513
vt 0.557949 0.028599
vt 0.277093 0.312672
vt 0.697427 0.017152
vt 0.697427 0.117087
vt 0.583119 0.117087
vt 0.547523 0.081492
vt 0.557949 0.027577
vt 0.582397 0.119718
vt 0.557227 0.109292
vt 0.546801 0.084122
vt 0.557227 0.030208
vt 0.696705 0.019782
vt 0.582397 0.115478
vt 0.557227 0.105052
vt 0.546801 0.079883
vt 0.557227 0.025968
vt 0.696705 0.015542
vt 0.536874 0.086302
vt 0.818999 0.778579
vt 0.914116 0.629338
vt 0.914250 0.778493
vt 0.819558 0.776844
vt 0.797985 0.627646
vt 0.819560 0.626737
vt 0.914250 0.607743
vt 0.818864 0.629424
vt 0.818692 0.607829
vt 0.915119 0.626737
vt 0.819713 0.605144
vt 0.914965 0.605144
vt 0.962003 0.951947
vt 0.995228 0.927786
vt 0.995228 0.951947
vt 0.962003 0.973785
vt 0.995228 0.997947
vt 0.962003 0.997947
vt 0.891213 0.476628
vt 0.812319 0.505639
vt 0.812040 0.418794
vt 0.811243 0.242324
vt 0.890323 0.270676
vt 0.890586 0.328813
vt 0.949127 0.418229
vt 0.890991 0.418491
vt 0.987917 0.416256
vt 0.948723 0.328551
vt 0.987521 0.328509
vt 0.724791 0.329561
vt 0.672336 0.417680
vt 0.671940 0.329934
vt 0.811636 0.329170
vt 0.702434 0.776609
vt 0.702733 0.627455
vt 0.895523 0.477370
vt 0.939836 0.465060
vt 0.928300 0.509248
vt 0.797126 0.778598
vt 0.701562 0.778493
vt 0.680153 0.629259
vt 0.701730 0.628386
vt 0.680476 0.776565
vt 0.681162 0.626459
vt 0.797289 0.628491
vt 0.915121 0.776844
vt 0.626731 0.450373
vt 0.578989 0.473778
vt 0.578989 0.450373
vt 0.507357 0.230394
vt 0.494830 0.202378
vt 0.507357 0.202378
vt 0.517136 0.287214
vt 0.532565 0.270977
vt 0.532565 0.287214
vt 0.517136 0.217712
vt 0.532565 0.234161
vt 0.517136 0.234161
vt 0.517136 0.180764
vt 0.532565 0.164103
vt 0.532565 0.180764
vt 0.507357 0.173801
vt 0.494830 0.145344
vt 0.507357 0.145344
vt 0.507357 0.344240
vt 0.494830 0.315784
vt 0.507357 0.315784
vt 0.507357 0.116716
vt 0.494830 0.088480
vt 0.507357 0.088480
vt 0.517136 0.004110
vt 0.532565 0.020771
vt 0.517136 0.020771
vt 0.507357 0.059955
vt 0.494830 0.031939
vt 0.507357 0.031939
vt 0.507357 0.287155
vt 0.494830 0.258919
vt 0.507357 0.258919
vt 0.517136 0.057719
vt 0.532565 0.074168
vt 0.517136 0.074168
vt 0.638821 0.473778
vt 0.638821 0.450373
vt 0.756065 0.473778
vt 0.743975 0.450373
vt 0.756065 0.450373
vt 0.719595 0.473778
vt 0.703799 0.450373
vt 0.719595 0.450373
vt 0.494830 0.287155
vt 0.494830 0.116716
vt 0.507357 0.003361
vt 0.494830 0.003361
vt 0.494830 0.230394
vt 0.517136 0.110984
vt 0.532565 0.127221
vt 0.517136 0.127221
vt 0.532565 0.217712
vt 0.532565 0.324096
vt 0.532565 0.110984
vt 0.517136 0.164103
vt 0.517136 0.270977
vt 0.532565 0.057719
vt 0.489613 0.131072
vt 0.829839 0.948499
vt 0.844705 0.974433
vt 0.818216 0.955939
vt 0.829839 0.935019
vt 0.912270 0.918134
vt 0.912270 0.935361
vt 0.897404 0.909427
vt 0.923894 0.956377
vt 0.909606 0.981126
vt 0.897350 0.974683
vt 0.909657 0.983020
vt 0.897404 0.976677
vt 0.923894 0.958183
vt 0.912270 0.937263
vt 0.912270 0.950743
vt 0.923894 0.929727
vt 0.897351 0.911421
vt 0.909606 0.904978
vt 0.856818 0.891058
vt 0.885343 0.890970
vt 0.885975 0.904853
vt 0.885292 0.997290
vt 0.885921 0.983402
vt 0.818216 0.927483
vt 0.844759 0.909178
vt 0.856189 0.904945
vt 0.856135 0.983495
vt 0.818216 0.930165
vt 0.832453 0.905328
vt 0.844706 0.911671
vt 0.856767 0.997378
vt 0.832504 0.983370
vt 0.844759 0.976927
vt 0.829840 0.937605
vt 0.818216 0.958621
vt 0.829840 0.951085
vt 0.885292 0.888814
vt 0.885921 0.902702
vt 0.856135 0.902609
vt 0.856766 0.888726
vt 0.832504 0.902734
vt 0.856189 0.981159
vt 0.832453 0.980776
vt 0.885974 0.981251
vt 0.856818 0.995046
vt 0.885343 0.995134
vt 0.909657 0.903084
vt 0.912270 0.948841
vt 0.923894 0.927921
vt 0.663201 0.450373
vt 0.663201 0.473778
vt 0.678997 0.473778
vt 0.743975 0.473778
vt 0.558039 0.473778
vt 0.678997 0.450373
vt 0.703799 0.473778
vt 0.803807 0.450373
vt 0.803807 0.473778
vt 0.797685 0.776800
vt 0.962003 0.927786
vt 0.995228 0.973785
vt 0.865200 0.505469
vt 0.864095 0.242086
vt 0.725195 0.419186
vt 0.913902 0.509248
vt 0.902576 0.502709
vt 0.895483 0.490423
vt 0.902746 0.465036
vt 0.914112 0.458521
vt 0.928510 0.458521
vt 0.946929 0.477346
vt 0.946889 0.490400
vt 0.939666 0.502733
vt 0.679605 0.778412
vt 0.626731 0.473778
vt 0.494830 0.173801
vt 0.494830 0.344240
vt 0.532565 0.004110
vt 0.494830 0.059955
vt 0.517136 0.324096
vt 0.558039 0.450373
vt 0.121108 0.926152
vt 0.006943 0.943285
vt 0.006943 0.926152
vt 0.121108 0.960418
vt 0.006943 0.960418
vt 0.006943 0.977551
vt 0.121108 0.977550
vt 0.006943 0.994683
vt 0.121108 0.720560
vt 0.006943 0.737692
vt 0.006943 0.720560
vt 0.121108 0.737693
vt 0.006943 0.754825
vt 0.121108 0.754825
vt 0.006943 0.771958
vt 0.121108 0.771958
vt 0.006943 0.789090
vt 0.121108 0.789091
vt 0.006943 0.806223
vt 0.121108 0.806223
vt 0.006943 0.823356
vt 0.121108 0.823356
vt 0.006943 0.840489
vt 0.121108 0.840489
vt 0.006943 0.857621
vt 0.121108 0.857621
vt 0.006943 0.874754
vt 0.121108 0.874754
vt 0.006943 0.891887
vt 0.121108 0.891887
vt 0.006943 0.909020
vt 0.121108 0.909020
vt 0.661280 0.239191
vt 0.673515 0.203130
vt 0.673515 0.242469
vt 0.555326 0.267580
vt 0.580438 0.296206
vt 0.546370 0.276536
vt 0.644890 0.178018
vt 0.661280 0.206408
vt 0.616499 0.161627
vt 0.653846 0.169062
vt 0.583717 0.161626
vt 0.619778 0.149392
vt 0.546371 0.169061
vt 0.580439 0.149392
vt 0.992853 0.453888
vt 0.964383 0.421702
vt 0.992853 0.421702
vt 0.964383 0.486074
vt 0.992853 0.486075
vt 0.964383 0.132027
vt 0.992853 0.099840
vt 0.992853 0.132027
vt 0.992853 0.164213
vt 0.992853 0.196399
vt 0.964383 0.164213
vt 0.964383 0.228585
vt 0.992853 0.228585
vt 0.964383 0.260771
vt 0.992853 0.260771
vt 0.964383 0.292957
vt 0.992853 0.292957
vt 0.964383 0.325144
vt 0.992853 0.325144
vt 0.964383 0.357330
vt 0.992853 0.357330
vt 0.964383 0.389516
vt 0.992853 0.389516
vt 0.526701 0.242468
vt 0.538935 0.239190
vt 0.653845 0.276537
vt 0.644889 0.267581
vt 0.526701 0.203129
vt 0.538936 0.206407
vt 0.616498 0.283972
vt 0.619777 0.296206
vt 0.555327 0.178017
vt 0.583716 0.283971
vt 0.482416 0.200277
vt 0.436433 0.207016
vt 0.438622 0.200277
vt 0.402573 0.091427
vt 0.435813 0.058946
vt 0.438003 0.065686
vt 0.403193 0.091236
vt 0.382574 0.132886
vt 0.397460 0.087071
vt 0.438002 0.200468
vt 0.483985 0.207207
vt 0.435813 0.207207
vt 0.531378 0.132886
vt 0.523578 0.087071
vt 0.538464 0.132886
vt 0.517226 0.091427
vt 0.537844 0.133077
vt 0.530758 0.133077
vt 0.397460 0.178701
vt 0.403193 0.174536
vt 0.389040 0.133077
vt 0.396840 0.087262
vt 0.438622 0.065495
vt 0.436433 0.058756
vt 0.481796 0.200468
vt 0.522958 0.178892
vt 0.523578 0.178701
vt 0.517845 0.174536
vt 0.481796 0.065686
vt 0.522958 0.087262
vt 0.389660 0.132886
vt 0.396840 0.178892
vt 0.381954 0.133077
vt 0.482416 0.065495
vt 0.484606 0.058756
vt 0.517225 0.174727
vt 0.484605 0.207016
vt 0.483986 0.058946
vt 0.402573 0.174727
vt 0.517846 0.091236
vt 0.637868 0.373338
vt 0.594512 0.415854
vt 0.594512 0.373338
vt 0.272507 0.058756
vt 0.233535 0.018988
vt 0.272507 0.018988
vt 0.272507 0.058678
vt 0.233535 0.018909
vt 0.272507 0.018909
vt 0.898000 0.415854
vt 0.854645 0.373338
vt 0.898000 0.373338
vt 0.854645 0.415854
vt 0.811289 0.373338
vt 0.811289 0.415854
vt 0.767934 0.373339
vt 0.767934 0.415854
vt 0.724578 0.373339
vt 0.681223 0.415854
vt 0.681223 0.373338
vt 0.637868 0.415854
vt 0.320680 0.058756
vt 0.320680 0.207016
vt 0.233535 0.178701
vt 0.808881 0.415431
vt 0.852567 0.372591
vt 0.852567 0.415431
vt 0.765195 0.372591
vt 0.765195 0.415431
vt 0.721509 0.372591
vt 0.721509 0.415431
vt 0.677823 0.372591
vt 0.677823 0.415431
vt 0.634137 0.372591
vt 0.634137 0.415431
vt 0.590451 0.372591
vt 0.590451 0.415431
vt 0.896253 0.372591
vt 0.957996 0.415431
vt 0.896253 0.415431
vt 0.338125 0.102633
vt 0.374538 0.132808
vt 0.347929 0.132808
vt 0.320680 0.058678
vt 0.359652 0.086993
vt 0.312457 0.083985
vt 0.255062 0.102633
vt 0.280730 0.083985
vt 0.245258 0.132808
vt 0.233535 0.086993
vt 0.255062 0.162982
vt 0.218648 0.132808
vt 0.280730 0.181631
vt 0.233535 0.178623
vt 0.320680 0.206938
vt 0.272507 0.206938
vt 0.312457 0.181631
vt 0.359652 0.178623
vt 0.338125 0.162982
vt 0.522958 0.019178
vt 0.959276 0.415854
vt 0.528708 0.372591
vt 0.359652 0.018909
vt 0.397460 0.018988
vt 0.436433 0.018988
vt 0.396840 0.019178
vt 0.435813 0.019178
vt 0.523578 0.018988
vt 0.533237 0.373338
vt 0.359652 0.018988
vt 0.359652 0.087071
vt 0.541312 0.703998
vt 0.530876 0.774385
vt 0.530876 0.703998
vt 0.582248 0.703998
vt 0.571812 0.774385
vt 0.571812 0.703998
vt 0.623184 0.703998
vt 0.612748 0.774385
vt 0.612748 0.703998
vt 0.664120 0.703998
vt 0.653684 0.774385
vt 0.653684 0.703998
vt 0.328154 0.784583
vt 0.324808 0.792661
vt 0.296653 0.787126
vt 0.643652 0.703998
vt 0.633216 0.774385
vt 0.633216 0.703998
vt 0.684588 0.703998
vt 0.674152 0.774385
vt 0.674152 0.703998
vt 0.602716 0.703998
vt 0.592280 0.774385
vt 0.592280 0.703998
vt 0.561780 0.703998
vt 0.551344 0.774385
vt 0.551344 0.703998
vt 0.541312 0.774385
vt 0.582248 0.774385
vt 0.623184 0.774385
vt 0.520844 0.703998
vt 0.664120 0.774385
vt 0.337627 0.746152
vt 0.343163 0.774306
vt 0.319090 0.753830
vt 0.335085 0.777652
vt 0.304332 0.768588
vt 0.399473 0.787126
vt 0.371318 0.792661
vt 0.367972 0.784583
vt 0.367972 0.810540
vt 0.371318 0.802462
vt 0.399473 0.807997
vt 0.324808 0.802462
vt 0.328154 0.810540
vt 0.296653 0.807997
vt 0.391794 0.768588
vt 0.361042 0.777652
vt 0.352964 0.774306
vt 0.319090 0.841293
vt 0.304332 0.826534
vt 0.335084 0.817470
vt 0.377036 0.753830
vt 0.358499 0.746152
vt 0.337627 0.848971
vt 0.343163 0.820816
vt 0.352964 0.820816
vt 0.358499 0.848971
vt 0.361042 0.817470
vt 0.377036 0.841293
vt 0.391794 0.826534
vt 0.697059 0.724178
vt 0.703175 0.779316
vt 0.697059 0.779316
vt 0.703175 0.724178
vt 0.709291 0.779316
vt 0.709291 0.724178
vt 0.715407 0.779316
vt 0.715407 0.724178
vt 0.721523 0.779316
vt 0.721523 0.724178
vt 0.727639 0.779316
vt 0.727639 0.724178
vt 0.733755 0.779316
vt 0.733755 0.724178
vt 0.739871 0.779316
vt 0.739871 0.724178
vt 0.745987 0.779316
vt 0.745987 0.724178
vt 0.752103 0.779316
vt 0.752103 0.724178
vt 0.758219 0.779316
vt 0.758219 0.724178
vt 0.764335 0.779316
vt 0.690943 0.724178
vt 0.690943 0.779316
vt 0.705414 0.793787
vt 0.685646 0.799084
vt 0.696945 0.724178
vt 0.703062 0.779316
vt 0.696946 0.779316
vt 0.703061 0.724178
vt 0.709178 0.779316
vt 0.709177 0.724178
vt 0.715294 0.779316
vt 0.715294 0.724178
vt 0.721410 0.779316
vt 0.721410 0.724178
vt 0.727526 0.779316
vt 0.727526 0.724178
vt 0.733642 0.779316
vt 0.733642 0.724178
vt 0.739758 0.779316
vt 0.739758 0.724178
vt 0.745874 0.779316
vt 0.745874 0.724178
vt 0.751990 0.779316
vt 0.751990 0.724178
vt 0.758106 0.779316
vt 0.758106 0.724178
vt 0.764222 0.779316
vt 0.690829 0.724178
vt 0.690830 0.779316
vt 0.705300 0.793787
vt 0.685533 0.799084
vt 0.779634 0.944371
vt 0.712017 0.932122
vt 0.779634 0.932122
vt 0.685346 0.978896
vt 0.704618 0.971497
vt 0.712017 0.978896
vt 0.779634 0.920796
vt 0.712017 0.908923
vt 0.779634 0.908923
vt 0.779634 0.991145
vt 0.779634 0.978896
vt 0.779634 0.967570
vt 0.712017 0.955697
vt 0.779634 0.955697
vt 0.779634 0.973233
vt 0.712017 0.973233
vt 0.712017 0.950034
vt 0.712017 0.944371
vt 0.779634 0.950034
vt 0.712017 0.926459
vt 0.712017 0.920796
vt 0.779634 0.926459
vt 0.779634 0.897597
vt 0.712017 0.903260
vt 0.712017 0.897597
vt 0.779634 0.903260
vt 0.751619 0.779437
vt 0.757735 0.724299
vt 0.757735 0.779437
vt 0.745503 0.779437
vt 0.751619 0.724299
vt 0.739387 0.779437
vt 0.745503 0.724299
vt 0.733271 0.779437
vt 0.739387 0.724299
vt 0.727155 0.779437
vt 0.733271 0.724299
vt 0.721039 0.779437
vt 0.727155 0.724299
vt 0.714923 0.779437
vt 0.721039 0.724299
vt 0.708807 0.779437
vt 0.714923 0.724299
vt 0.702691 0.779437
vt 0.708807 0.724299
vt 0.696575 0.779437
vt 0.702691 0.724299
vt 0.690459 0.779437
vt 0.696575 0.724299
vt 0.763851 0.724299
vt 0.763851 0.779437
vt 0.749381 0.793908
vt 0.752438 0.782495
vt 0.772206 0.787792
vt 0.751505 0.779437
vt 0.757621 0.724299
vt 0.757622 0.779437
vt 0.745389 0.779437
vt 0.751505 0.724299
vt 0.739273 0.779437
vt 0.745389 0.724299
vt 0.733157 0.779437
vt 0.739273 0.724299
vt 0.727041 0.779437
vt 0.733157 0.724299
vt 0.720925 0.779437
vt 0.727041 0.724299
vt 0.714809 0.779437
vt 0.720925 0.724299
vt 0.708693 0.779437
vt 0.714809 0.724299
vt 0.702577 0.779437
vt 0.708693 0.724299
vt 0.696461 0.779437
vt 0.702577 0.724299
vt 0.690345 0.779437
vt 0.696461 0.724299
vt 0.763737 0.724299
vt 0.763738 0.779437
vt 0.749267 0.793908
vt 0.752325 0.782495
vt 0.772092 0.787792
vt 0.711618 0.959159
vt 0.779235 0.946910
vt 0.779235 0.959159
vt 0.684946 0.912385
vt 0.711618 0.912385
vt 0.704219 0.919784
vt 0.711618 0.982359
vt 0.779235 0.970485
vt 0.779235 0.982358
vt 0.779235 0.900136
vt 0.779235 0.912385
vt 0.711618 0.935584
vt 0.779235 0.923711
vt 0.779235 0.935585
vt 0.779235 0.918048
vt 0.711618 0.918048
vt 0.711618 0.941247
vt 0.711618 0.946910
vt 0.779235 0.941247
vt 0.711618 0.964822
vt 0.711618 0.970485
vt 0.779235 0.964822
vt 0.711618 0.988021
vt 0.779235 0.993684
vt 0.711618 0.993684
vt 0.779235 0.988021
vt 0.764335 0.724178
vt 0.702356 0.782374
vt 0.705414 0.787671
vt 0.702356 0.799084
vt 0.697059 0.802142
vt 0.690943 0.802142
vt 0.682588 0.793787
vt 0.682588 0.787671
vt 0.685646 0.782375
vt 0.764222 0.724178
vt 0.702242 0.782374
vt 0.705300 0.787671
vt 0.702242 0.799084
vt 0.696946 0.802142
vt 0.690830 0.802142
vt 0.682475 0.793787
vt 0.682475 0.787671
vt 0.685533 0.782375
vt 0.685346 0.991145
vt 0.687513 0.973664
vt 0.692745 0.971497
vt 0.709850 0.973664
vt 0.712017 0.991145
vt 0.709850 0.996377
vt 0.704618 0.998544
vt 0.692745 0.998544
vt 0.687513 0.996377
vt 0.712017 0.967570
vt 0.690459 0.724299
vt 0.769148 0.782495
vt 0.772206 0.793908
vt 0.757735 0.802263
vt 0.769148 0.799205
vt 0.763851 0.802263
vt 0.752439 0.799205
vt 0.749380 0.787792
vt 0.690345 0.724299
vt 0.769034 0.782495
vt 0.772092 0.793908
vt 0.757622 0.802263
vt 0.769034 0.799205
vt 0.763738 0.802263
vt 0.752325 0.799205
vt 0.749267 0.787792
vt 0.687113 0.917617
vt 0.692345 0.919784
vt 0.684946 0.900136
vt 0.687113 0.894904
vt 0.692345 0.892737
vt 0.704219 0.892737
vt 0.711618 0.900136
vt 0.709450 0.894904
vt 0.709450 0.917617
vt 0.711618 0.923711
vt 0.948019 0.228502
vt 0.985539 0.217620
vt 0.985550 0.228514
vt 0.985746 0.143946
vt 0.948279 0.133040
vt 0.985811 0.133052
vt 0.985925 0.115756
vt 0.948469 0.104850
vt 0.986001 0.104862
vt 0.986124 0.087566
vt 0.948669 0.076660
vt 0.986200 0.076672
vt 0.986284 0.059159
vt 0.948804 0.039082
vt 0.986334 0.038849
vt 0.948644 0.024222
vt 0.985805 0.009575
vt 0.986159 0.024003
vt 0.948805 0.408606
vt 0.986292 0.393944
vt 0.986334 0.408848
vt 0.948699 0.378840
vt 0.986192 0.358787
vt 0.986230 0.379096
vt 0.948587 0.341262
vt 0.986049 0.330379
vt 0.986119 0.341273
vt 0.948405 0.313072
vt 0.985867 0.302189
vt 0.985937 0.313083
vt 0.948232 0.284882
vt 0.985706 0.273999
vt 0.985764 0.284893
vt 0.948096 0.256692
vt 0.985590 0.245810
vt 0.985628 0.256703
vt 0.768998 0.109947
vt 0.884175 0.013099
vt 0.933585 0.109997
vt 0.985613 0.172135
vt 0.948126 0.161230
vt 0.985657 0.161242
vt 0.985544 0.200325
vt 0.948031 0.189419
vt 0.985562 0.189431
vt 0.717778 0.061312
vt 0.734477 0.017107
vt 0.757271 0.035365
vt 0.948008 0.217609
vt 0.948081 0.172124
vt 0.948214 0.143934
vt 0.948393 0.115745
vt 0.948592 0.087555
vt 0.948753 0.059150
vt 0.948762 0.393702
vt 0.948661 0.358772
vt 0.948518 0.330367
vt 0.948336 0.302177
vt 0.948174 0.273988
vt 0.948058 0.245798
vt 0.772731 0.043641
vt 0.914422 0.021679
vt 0.901367 0.153609
vt 0.581573 0.040485
vt 0.447303 0.048622
vt 0.447303 0.040485
vt 0.447304 0.072704
vt 0.313035 0.048622
vt 0.589710 0.048622
vt 0.581573 0.072704
vt 0.581573 0.048622
vt 0.313035 0.040485
vt 0.304897 0.048622
vt 0.313035 0.072704
vt 0.304897 0.072704
vt 0.447304 0.080841
vt 0.581573 0.080841
vt 0.313035 0.080841
vt 0.634152 0.094807
vt 0.598550 0.087100
vt 0.634152 0.087100
vt 0.634152 0.036240
vt 0.696322 0.102514
vt 0.660721 0.173718
vt 0.660721 0.102514
vt 0.660721 0.094807
vt 0.660721 0.087100
vt 0.696322 0.094807
vt 0.634152 0.102515
vt 0.598550 0.094807
vt 0.634152 0.173718
vt 0.598550 0.173718
vt 0.598550 0.102514
vt 0.634152 0.200287
vt 0.931302 0.536102
vt 0.995310 0.472094
vt 0.995310 0.536102
vt 0.598550 0.009672
vt 0.634152 0.009672
vt 0.660721 0.036240
vt 0.696322 0.036240
vt 0.696322 0.087100
vt 0.931302 0.555304
vt 0.995310 0.555304
vt 0.931302 0.472094
vt 0.995310 0.452891
vt 0.931302 0.619313
vt 0.995310 0.619313
vt 0.912100 0.555304
vt 0.912100 0.619313
vt 0.121108 0.943285
vt 0.121108 0.994683
vt 0.964383 0.453888
vt 0.964382 0.099841
vt 0.964383 0.196399
vt 0.233535 0.087071
vt 0.724578 0.415854
vt 0.218648 0.132886
vt 0.374539 0.132886
vt 0.359652 0.178701
vt 0.272507 0.207016
vt 0.808881 0.372591
vt 0.957996 0.372591
vt 0.483986 0.019178
vt 0.959276 0.373338
vt 0.528708 0.415431
vt 0.320680 0.018909
vt 0.484606 0.018988
vt 0.533237 0.415854
vt 0.320680 0.018988
vt 0.643652 0.774385
vt 0.684588 0.774385
vt 0.602716 0.774385
vt 0.561780 0.774385
vt 0.520844 0.774385
vt 0.948294 0.008962
vt 0.903989 0.154262
vt 0.893226 0.161449
vt 0.874240 0.169307
vt 0.861547 0.171828
vt 0.840999 0.171821
vt 0.828307 0.169293
vt 0.809326 0.161424
vt 0.798568 0.154230
vt 0.784043 0.139696
vt 0.776856 0.128933
vt 0.766477 0.097252
vt 0.766482 0.076704
vt 0.769010 0.064011
vt 0.775460 0.044234
vt 0.785484 0.022603
vt 0.800364 0.013099
vt 0.818069 0.013100
vt 0.850759 0.013102
vt 0.918522 0.139737
vt 0.925716 0.128978
vt 0.936122 0.076756
vt 0.936114 0.097304
vt 0.927176 0.044276
vt 0.933601 0.064061
vt 0.902308 0.013114
vt 0.917178 0.022633
vt 0.948013 0.200313
vt 0.757271 0.048480
vt 0.746950 0.062685
vt 0.734477 0.066738
vt 0.710069 0.050702
vt 0.710069 0.033143
vt 0.717778 0.022533
vt 0.746950 0.021160
vt 0.871627 0.168672
vt 0.858935 0.171200
vt 0.838388 0.171206
vt 0.825694 0.168685
vt 0.806708 0.160828
vt 0.795946 0.153641
vt 0.781412 0.139115
vt 0.774219 0.128357
vt 0.766349 0.109375
vt 0.763820 0.096682
vt 0.763813 0.076134
vt 0.766334 0.063440
vt 0.782785 0.021708
vt 0.797627 0.012177
vt 0.814772 0.012162
vt 0.848188 0.012165
vt 0.881865 0.012163
vt 0.890608 0.160803
vt 0.923079 0.128312
vt 0.915892 0.139075
vt 0.933458 0.096632
vt 0.930936 0.109326
vt 0.930925 0.063390
vt 0.933453 0.076084
vt 0.924503 0.043600
vt 0.899570 0.012162
vt 0.589710 0.072704
vt 0.598550 0.036240
vt 0.696322 0.173718
vt 0.598550 0.200286
vt 0.931302 0.452891
vt 0.566835 0.188397
vt 0.972358 0.174418
vt 0.972430 0.185814
vt 0.565584 0.122015
vt 0.971579 0.102075
vt 0.971813 0.122275
vt 0.565029 0.100217
vt 0.971543 0.080541
vt 0.566762 0.177004
vt 0.972183 0.152884
vt 0.566458 0.155205
vt 0.971945 0.132683
vt 0.971603 0.069150
vt 0.565316 0.045226
vt 0.971864 0.047617
vt 0.566100 0.023436
vt 0.972308 0.027420
vt 0.972549 0.227551
vt 0.566808 0.210198
vt 0.972530 0.207349
vt 0.565899 0.133407
vt 0.566533 0.012048
vt 0.564916 0.067024
vt 0.564857 0.078417
vt 0.566527 0.232001
vt 0.972549 0.017014
vt 0.071802 0.403474
vt 0.085879 0.981510
vt 0.072027 0.979730
vt 0.057838 0.403204
vt 0.058079 0.978995
vt 0.044131 0.979741
vt 0.030281 0.981533
vt 0.043874 0.403485
vt 0.016430 0.983325
vt 0.029923 0.404157
vt 0.113680 0.984027
vt 0.127630 0.404792
vt 0.127630 0.983289
vt 0.099703 0.404793
vt 0.099731 0.983290
vt 0.085753 0.404133
vt 0.984733 0.357220
vt 0.961131 0.475824
vt 0.961131 0.357220
vt 0.616959 0.323785
vt 0.553909 0.274002
vt 0.638455 0.290060
vt 0.735649 0.249787
vt 0.703948 0.185710
vt 0.755537 0.218417
vt 0.684060 0.217080
vt 0.668548 0.356492
vt 0.690044 0.322768
vt 0.828763 0.357220
vt 0.808055 0.475824
vt 0.808055 0.357220
vt 0.704386 0.019305
vt 0.725304 0.082156
vt 0.659530 0.105997
vt 0.931778 0.357220
vt 0.911070 0.475824
vt 0.911070 0.357220
vt 0.881717 0.357220
vt 0.881717 0.475824
vt 0.858115 0.475824
vt 0.828762 0.475824
vt 0.778702 0.357220
vt 0.778702 0.475824
vt 0.858116 0.357220
vt 0.997191 0.332046
vt 0.780315 0.302446
vt 0.997191 0.302446
vt 0.780315 0.234672
vt 0.997191 0.137298
vt 0.780315 0.137298
vt 0.780315 0.069524
vt 0.996757 0.332673
vt 0.779881 0.303073
vt 0.996758 0.303073
vt 0.996758 0.167525
vt 0.779881 0.137925
vt 0.996758 0.137925
vt 0.997191 0.166898
vt 0.654309 0.137298
vt 0.749192 0.166898
vt 0.654309 0.166898
vt 0.653875 0.167525
vt 0.748758 0.137925
vt 0.748758 0.167525
vt 0.764320 0.332673
vt 0.748758 0.303073
vt 0.764320 0.303073
vt 0.749192 0.302446
vt 0.764754 0.332046
vt 0.749192 0.332046
vt 0.764754 0.302446
vt 0.780315 0.332046
vt 0.764320 0.167525
vt 0.764320 0.137925
vt 0.779881 0.167525
vt 0.780315 0.166898
vt 0.764754 0.137298
vt 0.764754 0.166898
vt 0.749192 0.137298
vt 0.779881 0.070151
vt 0.779881 0.332673
vt 0.765504 0.173480
vt 0.779881 0.235299
vt 0.779881 0.002377
vt 0.765504 0.008333
vt 0.765504 0.297118
vt 0.759549 0.282741
vt 0.759549 0.187857
vt 0.759549 0.022710
vt 0.759549 0.117593
vt 0.765504 0.131970
vt 0.780315 0.001750
vt 0.765938 0.007705
vt 0.759983 0.022082
vt 0.765938 0.131343
vt 0.759983 0.116966
vt 0.765938 0.172853
vt 0.759983 0.187230
vt 0.765938 0.296490
vt 0.759983 0.282114
vt 0.740296 0.392630
vt 0.710143 0.414319
vt 0.630014 0.416402
vt 0.578425 0.383695
vt 0.610616 0.382179
vt 0.607502 0.367837
vt 0.613886 0.357912
vt 0.628228 0.354798
vt 0.636936 0.360398
vt 0.619324 0.387780
vt 0.640050 0.374741
vt 0.633666 0.384666
vt 0.997191 0.001750
vt 0.653875 0.137925
vt 0.748758 0.332673
vt 0.996758 0.002377
vt 0.015973 0.404828
vt 0.113666 0.405066
vt 0.984733 0.475824
vt 0.546978 0.310493
vt 0.638612 0.085079
vt 0.638612 0.043146
vt 0.662453 0.019305
vt 0.725304 0.040223
vt 0.701463 0.105997
vt 0.931778 0.475824
vt 0.462786 0.548643
vt 0.504803 0.522010
vt 0.504802 0.548643
vt 0.462786 0.522010
vt 0.504802 0.495378
vt 0.462786 0.495378
vt 0.504803 0.468745
vt 0.462786 0.468745
vt 0.504803 0.442112
vt 0.462786 0.442112
vt 0.504803 0.415480
vt 0.462786 0.415480
vt 0.504803 0.388847
vt 0.462786 0.388847
vt 0.504803 0.362214
vt 0.462786 0.362214
vt 0.504803 0.335581
vt 0.462786 0.335581
vt 0.504803 0.308949
vt 0.462786 0.308949
vt 0.504803 0.282316
vt 0.462786 0.282316
vt 0.504803 0.255684
vt 0.752572 0.761246
vt 0.714721 0.764886
vt 0.735466 0.744140
vt 0.756212 0.723395
vt 0.776049 0.743232
vt 0.462786 0.841603
vt 0.504803 0.814970
vt 0.504803 0.841603
vt 0.462786 0.814970
vt 0.504803 0.788337
vt 0.462786 0.788337
vt 0.504803 0.761704
vt 0.462786 0.761705
vt 0.504803 0.735072
vt 0.462786 0.735072
vt 0.504803 0.708439
vt 0.462786 0.708439
vt 0.504803 0.681806
vt 0.462786 0.681806
vt 0.504803 0.655174
vt 0.462786 0.655174
vt 0.504803 0.628541
vt 0.462786 0.628541
vt 0.504803 0.601908
vt 0.874472 0.666967
vt 0.894344 0.657632
vt 0.909258 0.657632
vt 0.874472 0.535011
vt 0.945275 0.544332
vt 0.909258 0.544346
vt 0.462786 0.601908
vt 0.504803 0.575276
vt 0.462786 0.575276
vt 0.929130 0.666439
vt 0.858327 0.657118
vt 0.894344 0.657104
vt 0.874472 0.534483
vt 0.945275 0.543804
vt 0.909258 0.543818
vt 0.827074 0.686744
vt 0.789223 0.690384
vt 0.809968 0.669638
vt 0.809060 0.710221
vt 0.701547 0.817734
vt 0.734558 0.784723
vt 0.830714 0.648893
vt 0.850551 0.668730
vt 0.462786 0.255683
vt 0.923664 0.653771
vt 0.929130 0.666967
vt 0.911122 0.671792
vt 0.892480 0.671792
vt 0.858327 0.657646
vt 0.867022 0.646314
vt 0.879938 0.653771
vt 0.856476 0.635768
vt 0.845144 0.644463
vt 0.835823 0.628318
vt 0.830998 0.610310
vt 0.830998 0.591667
vt 0.835823 0.573660
vt 0.845144 0.557514
vt 0.858327 0.544332
vt 0.892480 0.530185
vt 0.911122 0.530185
vt 0.929130 0.535011
vt 0.958458 0.557514
vt 0.967779 0.573660
vt 0.972604 0.591667
vt 0.972604 0.610310
vt 0.967779 0.628318
vt 0.958458 0.644463
vt 0.945275 0.657646
vt 0.936580 0.646314
vt 0.947126 0.635768
vt 0.849018 0.622852
vt 0.845158 0.608446
vt 0.954584 0.622852
vt 0.845158 0.593532
vt 0.958444 0.608446
vt 0.958444 0.593532
vt 0.849018 0.579126
vt 0.856476 0.566209
vt 0.954584 0.579126
vt 0.867022 0.555663
vt 0.947126 0.566209
vt 0.936580 0.555663
vt 0.879938 0.548206
vt 0.894344 0.544346
vt 0.923664 0.548206
vt 0.909258 0.657104
vt 0.923664 0.653244
vt 0.911122 0.671264
vt 0.892480 0.671264
vt 0.874472 0.666439
vt 0.867022 0.645787
vt 0.879938 0.653244
vt 0.856476 0.635241
vt 0.845144 0.643935
vt 0.835823 0.627790
vt 0.830998 0.609783
vt 0.830998 0.591140
vt 0.835823 0.573132
vt 0.845144 0.556987
vt 0.858327 0.543804
vt 0.892480 0.529658
vt 0.911122 0.529658
vt 0.929130 0.534483
vt 0.958458 0.556987
vt 0.967779 0.573132
vt 0.972604 0.591140
vt 0.972604 0.609783
vt 0.967779 0.627790
vt 0.958458 0.643935
vt 0.945275 0.657118
vt 0.936580 0.645787
vt 0.947127 0.635241
vt 0.849018 0.622324
vt 0.845158 0.607918
vt 0.954584 0.622324
vt 0.845158 0.593004
vt 0.958444 0.607918
vt 0.958444 0.593004
vt 0.849018 0.578598
vt 0.856476 0.565682
vt 0.954584 0.578598
vt 0.867022 0.555136
vt 0.947126 0.565682
vt 0.936580 0.555136
vt 0.879938 0.547679
vt 0.894344 0.543818
vt 0.923664 0.547679
vt 0.681710 0.797897
vt 0.463198 0.188097
vt 0.370971 0.188097
vt 0.463198 0.172459
vt 0.463198 0.203734
vt 0.370971 0.172460
vt 0.370971 0.203734
vt 0.463198 0.156822
vt 0.463198 0.219372
vt 0.370971 0.156822
vt 0.370971 0.219372
vt 0.463198 0.235009
vt 0.370971 0.235009
vt 0.463198 0.141185
vt 0.370971 0.141185
vt 0.463198 0.250647
vt 0.370971 0.250647
vt 0.463198 0.125547
vt 0.370971 0.125547
vt 0.463198 0.109910
vt 0.463198 0.266284
vt 0.370971 0.109910
vt 0.370971 0.266284
vt 0.463198 0.281921
vt 0.463197 0.094272
vt 0.370971 0.094272
vt 0.370971 0.281921
vt 0.463198 0.078635
vt 0.370971 0.297559
vt 0.370971 0.078635
vt 0.463198 0.297559
vt 0.463197 0.062998
vt 0.370971 0.062998
vt 0.463198 0.313196
vt 0.370971 0.313196
vt 0.463198 0.328834
vt 0.463197 0.047360
vt 0.370971 0.047360
vt 0.370971 0.328834
vt 0.463198 0.344471
vt 0.370971 0.344471
vt 0.463197 0.031723
vt 0.370971 0.547757
vt 0.370971 0.532120
vt 0.463197 0.532120
vt 0.463197 0.516482
vt 0.463198 0.360108
vt 0.370971 0.516482
vt 0.370971 0.360108
vt 0.463197 0.500845
vt 0.463198 0.375746
vt 0.370971 0.375746
vt 0.370971 0.500845
vt 0.463198 0.391383
vt 0.463198 0.485208
vt 0.370971 0.391383
vt 0.370971 0.485208
vt 0.463198 0.407021
vt 0.463198 0.469570
vt 0.370971 0.407021
vt 0.370971 0.469570
vt 0.463198 0.422658
vt 0.463198 0.453933
vt 0.370971 0.453933
vt 0.370971 0.422658
vt 0.463198 0.438295
vt 0.370971 0.438295
vt 0.053261 0.802122
vt 0.035664 0.793556
vt 0.055556 0.793556
vt 0.037959 0.859227
vt 0.018438 0.857847
vt 0.024708 0.851577
vt 0.017057 0.823024
vt 0.008492 0.840620
vt 0.008492 0.820729
vt 0.074163 0.838325
vt 0.072783 0.857847
vt 0.066512 0.851576
vt 0.072783 0.803502
vt 0.066512 0.809773
vt 0.017057 0.838325
vt 0.759651 0.236742
vt 0.751085 0.219145
vt 0.759651 0.221440
vt 0.055556 0.867793
vt 0.053261 0.859227
vt 0.074163 0.823024
vt 0.082729 0.820729
vt 0.024708 0.809773
vt 0.037959 0.802122
vt 0.035664 0.867793
vt 0.082729 0.840620
vt 0.915727 0.083729
vt 0.938390 0.068427
vt 0.938390 0.083729
vt 0.915727 0.114331
vt 0.938390 0.099030
vt 0.938390 0.114331
vt 0.915727 0.144934
vt 0.938390 0.129633
vt 0.938390 0.144934
vt 0.385927 0.944544
vt 0.411633 0.913230
vt 0.411633 0.944544
vt 0.915727 0.175537
vt 0.938390 0.160235
vt 0.938390 0.175537
vt 0.915727 0.206139
vt 0.938390 0.190838
vt 0.938390 0.206139
vt 0.915727 0.236742
vt 0.938390 0.221440
vt 0.938390 0.236742
vt 0.392729 0.626002
vt 0.367023 0.587929
vt 0.392729 0.587929
vt 0.392739 0.626370
vt 0.367033 0.588297
vt 0.392739 0.588297
vt 0.392570 0.626370
vt 0.366864 0.588297
vt 0.392570 0.588297
vt 0.392065 0.586984
vt 0.366359 0.625057
vt 0.366358 0.586984
vt 0.392475 0.625222
vt 0.366769 0.587149
vt 0.392475 0.587149
vt 0.098480 0.984914
vt 0.128781 0.934861
vt 0.131181 0.983294
vt 0.324552 0.774464
vt 0.350258 0.659558
vt 0.350258 0.774464
vt 0.325226 0.775777
vt 0.350932 0.660871
vt 0.350932 0.775777
vt 0.411623 0.944176
vt 0.385917 0.912862
vt 0.411623 0.912862
vt 0.367033 0.731655
vt 0.367033 0.626370
vt 0.385758 0.944544
vt 0.411464 0.913230
vt 0.411464 0.944544
vt 0.385663 0.943396
vt 0.411369 0.912082
vt 0.411369 0.943396
vt 0.350258 0.928233
vt 0.324552 0.887298
vt 0.350258 0.887298
vt 0.325226 0.929546
vt 0.350932 0.888611
vt 0.350932 0.929546
vt 0.308861 0.730507
vt 0.324962 0.659723
vt 0.324962 0.774630
vt 0.203015 0.712239
vt 0.172547 0.742163
vt 0.169824 0.687207
vt 0.206741 0.688296
vt 0.167800 0.646359
vt 0.366769 0.730507
vt 0.392475 0.730507
vt 0.089444 0.802547
vt 0.096080 0.936481
vt 0.173330 0.559910
vt 0.134555 0.601420
vt 0.143669 0.554187
vt 0.137123 0.688827
vt 0.135099 0.647979
vt 0.350668 0.659723
vt 0.366769 0.625222
vt 0.375723 0.796911
vt 0.350668 0.774630
vt 0.375723 0.734902
vt 0.299907 0.796911
vt 0.324962 0.817830
vt 0.367023 0.731287
vt 0.392729 0.731287
vt 0.379575 0.815542
vt 0.405282 0.802674
vt 0.405282 0.815542
vt 0.352735 0.927365
vt 0.327029 0.886430
vt 0.352735 0.886430
vt 0.350668 0.849941
vt 0.350668 0.817830
vt 0.309115 0.731287
vt 0.325216 0.660503
vt 0.325216 0.775409
vt 0.282497 0.890651
vt 0.325216 0.850721
vt 0.325216 0.888243
vt 0.393641 0.890651
vt 0.350922 0.850721
vt 0.393641 0.836793
vt 0.375977 0.797691
vt 0.350922 0.775409
vt 0.375977 0.735682
vt 0.405536 0.816322
vt 0.379829 0.803453
vt 0.405536 0.803453
vt 0.350922 0.660503
vt 0.325216 0.929178
vt 0.350922 0.888243
vt 0.350922 0.929178
vt 0.350922 0.818610
vt 0.379839 0.816690
vt 0.405545 0.803821
vt 0.405545 0.816690
vt 0.325226 0.851088
vt 0.350932 0.818978
vt 0.350932 0.851088
vt 0.375987 0.798059
vt 0.375987 0.736050
vt 0.392739 0.731655
vt 0.366864 0.731655
vt 0.392570 0.731655
vt 0.300171 0.798059
vt 0.325226 0.818978
vt 0.308957 0.731655
vt 0.325057 0.660871
vt 0.325057 0.775777
vt 0.300003 0.798059
vt 0.325057 0.818978
vt 0.350764 0.660871
vt 0.366864 0.626370
vt 0.375818 0.798059
vt 0.350764 0.775777
vt 0.375818 0.736050
vt 0.379671 0.816690
vt 0.405377 0.803821
vt 0.405377 0.816690
vt 0.350764 0.929546
vt 0.325057 0.888611
vt 0.350764 0.888611
vt 0.350764 0.851089
vt 0.350764 0.818978
vt 0.308451 0.730342
vt 0.324552 0.659558
vt 0.299497 0.796746
vt 0.324552 0.817665
vt 0.324552 0.849775
vt 0.350258 0.817665
vt 0.350258 0.849775
vt 0.392065 0.730342
vt 0.392065 0.625057
vt 0.385253 0.943231
vt 0.410959 0.911917
vt 0.410959 0.943231
vt 0.404872 0.815377
vt 0.379166 0.802508
vt 0.404872 0.802508
vt 0.851024 0.083729
vt 0.915727 0.068427
vt 0.052560 0.968036
vt 0.067012 0.952734
vt 0.067012 0.968036
vt 0.851024 0.099030
vt 0.915727 0.099030
vt 0.052560 0.983337
vt 0.067012 0.983337
vt 0.851024 0.114331
vt 0.948007 0.533596
vt 0.557964 0.479113
vt 0.948007 0.479114
vt 0.851024 0.129633
vt 0.915727 0.129633
vt 0.021310 0.952709
vt 0.035762 0.937407
vt 0.035762 0.952709
vt 0.851024 0.144934
vt 0.021310 0.968010
vt 0.035762 0.968010
vt 0.851024 0.160235
vt 0.915727 0.160235
vt 0.021310 0.983311
vt 0.035762 0.983311
vt 0.851024 0.175537
vt 0.488059 0.282086
vt 0.520375 0.063579
vt 0.520375 0.282086
vt 0.915727 0.190838
vt 0.051522 0.897372
vt 0.066823 0.882920
vt 0.066823 0.897372
vt 0.851024 0.206139
vt 0.036221 0.897372
vt 0.051522 0.882920
vt 0.851024 0.221440
vt 0.915727 0.221440
vt 0.020919 0.882920
vt 0.020919 0.897372
vt 0.851024 0.236742
vt 0.589753 0.276734
vt 0.620275 0.058228
vt 0.620275 0.276734
vt 0.851024 0.068427
vt 0.915727 0.053126
vt 0.836572 0.068427
vt 0.851024 0.053126
vt 0.526915 0.058228
vt 0.494599 0.027706
vt 0.526916 0.027706
vt 0.557964 0.309259
vt 0.503482 0.366945
vt 0.503482 0.309259
vt 0.488059 0.033057
vt 0.520375 0.033058
vt 0.557437 0.058228
vt 0.589753 0.058228
vt 0.583213 0.282086
vt 0.613735 0.063579
vt 0.613735 0.282086
vt 0.526915 0.276734
vt 0.494599 0.058228
vt 0.948007 0.421428
vt 0.557964 0.421427
vt 0.557437 0.276734
vt 0.557964 0.366945
vt 0.948007 0.366945
vt 0.948007 0.309259
vt 0.550897 0.063579
vt 0.550897 0.282086
vt 0.583213 0.063579
vt 0.209319 0.591439
vt 0.163364 0.604294
vt 0.379575 0.802674
vt 0.393387 0.889871
vt 0.393387 0.836013
vt 0.296055 0.815542
vt 0.324962 0.849941
vt 0.282243 0.889871
vt 0.324962 0.887463
vt 0.379829 0.816322
vt 0.296309 0.816322
vt 0.325216 0.818610
vt 0.300161 0.797691
vt 0.296319 0.816690
vt 0.282507 0.891019
vt 0.325226 0.888611
vt 0.379839 0.803821
vt 0.393651 0.891019
vt 0.393651 0.837161
vt 0.379671 0.803821
vt 0.393483 0.891019
vt 0.393483 0.837161
vt 0.296150 0.816690
vt 0.325057 0.851089
vt 0.282338 0.891019
vt 0.295645 0.815377
vt 0.281833 0.889706
vt 0.139846 0.743783
vt 0.147088 0.889956
vt 0.759651 0.083729
vt 0.836572 0.083729
vt 0.759651 0.099030
vt 0.836572 0.099030
vt 0.759651 0.114331
vt 0.836572 0.114331
vt 0.759651 0.129633
vt 0.836572 0.129633
vt 0.759651 0.144934
vt 0.836572 0.144934
vt 0.759651 0.160235
vt 0.836572 0.160235
vt 0.759651 0.175536
vt 0.836572 0.175537
vt 0.836572 0.190838
vt 0.759651 0.206139
vt 0.836572 0.206139
vt 0.836572 0.221441
vt 0.836572 0.236742
vt 0.759651 0.068427
vt 0.836573 0.053126
vt 0.904258 0.728522
vt 0.918833 0.703896
vt 0.913384 0.731290
vt 0.674265 0.605589
vt 0.686645 0.579788
vt 0.692694 0.587160
vt 0.894285 0.752601
vt 0.902695 0.757096
vt 0.709869 0.564270
vt 0.714364 0.572680
vt 0.879805 0.774271
vt 0.887177 0.780320
vt 0.735674 0.553581
vt 0.738442 0.562707
vt 0.861377 0.792700
vt 0.867426 0.800071
vt 0.764004 0.557622
vt 0.763069 0.548132
vt 0.714364 0.807179
vt 0.735675 0.826278
vt 0.709869 0.815589
vt 0.839707 0.807179
vt 0.844202 0.815589
vt 0.791001 0.548132
vt 0.790067 0.557622
vt 0.692694 0.792700
vt 0.686645 0.800071
vt 0.815628 0.817153
vt 0.818396 0.826278
vt 0.818396 0.553581
vt 0.815628 0.562706
vt 0.666894 0.780321
vt 0.674265 0.774271
vt 0.790066 0.822237
vt 0.791001 0.831727
vt 0.844202 0.564270
vt 0.839706 0.572680
vt 0.651376 0.757096
vt 0.659786 0.752601
vt 0.764004 0.822237
vt 0.763070 0.831727
vt 0.867426 0.579788
vt 0.861377 0.587160
vt 0.640687 0.731291
vt 0.649812 0.728523
vt 0.738443 0.817153
vt 0.879805 0.605589
vt 0.887177 0.599539
vt 0.635238 0.703896
vt 0.644728 0.702961
vt 0.894285 0.627259
vt 0.902695 0.622764
vt 0.635238 0.675964
vt 0.644728 0.676899
vt 0.904258 0.651337
vt 0.913384 0.648569
vt 0.640687 0.648569
vt 0.649812 0.651337
vt 0.909343 0.676899
vt 0.918833 0.675964
vt 0.651376 0.622764
vt 0.659786 0.627259
vt 0.909343 0.702961
vt 0.666894 0.599539
vt 0.838989 0.809207
vt 0.866361 0.801933
vt 0.843243 0.817380
vt 0.814910 0.819181
vt 0.817556 0.828020
vt 0.790287 0.833444
vt 0.789349 0.824265
vt 0.762483 0.833444
vt 0.763286 0.824265
vt 0.735214 0.828020
vt 0.737725 0.819181
vt 0.709527 0.817380
vt 0.713646 0.809207
vt 0.686409 0.801933
vt 0.691976 0.794728
vt 0.666749 0.782273
vt 0.673547 0.776299
vt 0.651302 0.759155
vt 0.659068 0.754629
vt 0.640662 0.733468
vt 0.649094 0.730550
vt 0.635238 0.706199
vt 0.644010 0.704989
vt 0.635238 0.678395
vt 0.644010 0.678926
vt 0.640662 0.651126
vt 0.649094 0.653365
vt 0.651302 0.625439
vt 0.659068 0.629286
vt 0.666749 0.602321
vt 0.673547 0.607616
vt 0.686409 0.582661
vt 0.691976 0.589188
vt 0.709527 0.567214
vt 0.713646 0.574708
vt 0.735214 0.556574
vt 0.737725 0.564735
vt 0.762483 0.551150
vt 0.763286 0.559650
vt 0.789349 0.559650
vt 0.790287 0.551150
vt 0.814910 0.564735
vt 0.817556 0.556574
vt 0.838989 0.574708
vt 0.843243 0.567214
vt 0.860659 0.589188
vt 0.866361 0.582661
vt 0.879088 0.607616
vt 0.886021 0.602321
vt 0.893567 0.629287
vt 0.901468 0.625439
vt 0.903541 0.653365
vt 0.912108 0.651126
vt 0.908625 0.678927
vt 0.917532 0.678395
vt 0.908625 0.704989
vt 0.917532 0.706199
vt 0.903541 0.730551
vt 0.912108 0.733468
vt 0.893567 0.754629
vt 0.901468 0.759155
vt 0.879087 0.776299
vt 0.886021 0.782273
vt 0.860659 0.794728
vt 0.220160 0.554180
vt 0.099658 0.565221
vt 0.106630 0.529090
vt 0.350668 0.928398
vt 0.385663 0.912082
vt 0.324962 0.928398
vt 0.289967 0.912082
vt 0.195810 0.797276
vt 0.179790 0.888336
vt 0.385917 0.944176
vt 0.290221 0.912862
vt 0.385927 0.913230
vt 0.290231 0.913230
vt 0.385758 0.913230
vt 0.325057 0.929546
vt 0.290063 0.913230
vt 0.324552 0.928233
vt 0.289557 0.911916
vt 0.385253 0.911917
vt 0.077776 0.797520
vt 0.106569 0.717018
vt 0.110477 0.795900
vt 0.419094 0.836013
vt 0.401429 0.734902
vt 0.419347 0.836793
vt 0.401683 0.735682
vt 0.419357 0.891019
vt 0.401693 0.736050
vt 0.419189 0.837161
vt 0.401525 0.798059
vt 0.392977 0.835848
vt 0.418684 0.889706
vt 0.392977 0.889706
vt 0.375313 0.734737
vt 0.401019 0.796746
vt 0.375313 0.796746
vt 0.069997 0.559498
vt 0.076970 0.523366
vt 0.367023 0.626002
vt 0.081512 0.599051
vt 0.082293 0.665881
vt 0.100494 0.693560
vt 0.101305 0.709930
vt 0.122145 0.800926
vt 0.309125 0.731655
vt 0.325226 0.660871
vt 0.050395 0.666254
vt 0.049614 0.599424
vt 0.068604 0.711550
vt 0.379166 0.815377
vt 0.366359 0.730342
vt 0.751085 0.239037
vt 0.018437 0.803502
vt 0.308861 0.625222
vt 0.206923 0.791121
vt 0.207553 0.704666
vt 0.299907 0.734902
vt 0.327029 0.927365
vt 0.309116 0.626002
vt 0.282497 0.836793
vt 0.300171 0.736050
vt 0.308957 0.626370
vt 0.300002 0.736050
vt 0.308451 0.625057
vt 0.299497 0.734737
vt 0.052560 0.952734
vt 0.557964 0.533595
vt 0.021310 0.937407
vt 0.488059 0.063579
vt 0.851024 0.190838
vt 0.036221 0.882920
vt 0.494599 0.276734
vt 0.220160 0.653917
vt 0.350668 0.887463
vt 0.296055 0.802674
vt 0.282243 0.836013
vt 0.296309 0.803453
vt 0.300161 0.735682
vt 0.296319 0.803821
vt 0.282507 0.837160
vt 0.296150 0.803821
vt 0.282338 0.837161
vt 0.295645 0.802508
vt 0.281833 0.835848
vt 0.759651 0.190838
vt 0.759651 0.053126
vt 0.289967 0.943396
vt 0.202446 0.931211
vt 0.290221 0.944176
vt 0.290231 0.944544
vt 0.290063 0.944544
vt 0.289557 0.943231
vt 0.073868 0.718638
vt 0.419094 0.889871
vt 0.401429 0.796911
vt 0.419347 0.890651
vt 0.401683 0.797691
vt 0.419357 0.837161
vt 0.401693 0.798059
vt 0.419189 0.891019
vt 0.401525 0.736050
vt 0.418684 0.835848
vt 0.401019 0.734737
vt 0.309125 0.626370
vt 0.067793 0.695180
vt 0.504430 0.564988
vt 0.464329 0.590407
vt 0.464329 0.564988
vt 0.504430 0.590407
vt 0.464329 0.615825
vt 0.504430 0.615825
vt 0.464329 0.641244
vt 0.504430 0.641244
vt 0.464329 0.666662
vt 0.504430 0.666662
vt 0.464329 0.692080
vt 0.464185 0.841407
vt 0.504286 0.815989
vt 0.504286 0.841407
vt 0.464185 0.815989
vt 0.504286 0.790571
vt 0.464185 0.790571
vt 0.504286 0.765152
vt 0.464185 0.765152
vt 0.504286 0.739734
vt 0.464185 0.739734
vt 0.504286 0.714316
vt 0.464185 0.714316
vt 0.504286 0.688897
vt 0.795896 0.719174
vt 0.759757 0.722508
vt 0.779633 0.702785
vt 0.799510 0.683062
vt 0.818369 0.702067
vt 0.504430 0.285387
vt 0.464329 0.310805
vt 0.464329 0.285387
vt 0.504430 0.310805
vt 0.464329 0.336223
vt 0.504430 0.336223
vt 0.464329 0.361642
vt 0.504430 0.361642
vt 0.464329 0.387060
vt 0.504430 0.387060
vt 0.464329 0.412479
vt 0.504430 0.412479
vt 0.464329 0.437897
vt 0.504430 0.437897
vt 0.464329 0.463315
vt 0.504430 0.463315
vt 0.464329 0.488734
vt 0.504430 0.488734
vt 0.464329 0.514152
vt 0.955567 0.641979
vt 0.951869 0.621353
vt 0.955553 0.607604
vt 0.833918 0.609383
vt 0.860001 0.546413
vt 0.851117 0.579621
vt 0.504430 0.514152
vt 0.464329 0.539570
vt 0.504430 0.539570
vt 0.838231 0.627323
vt 0.847128 0.559748
vt 0.847141 0.594123
vt 0.964171 0.575157
vt 0.955275 0.642732
vt 0.955261 0.608357
vt 0.724516 0.790003
vt 0.688378 0.793337
vt 0.708254 0.773614
vt 0.831137 0.651678
vt 0.849996 0.670684
vt 0.746989 0.772897
vt 0.778617 0.741513
vt 0.728130 0.753891
vt 0.504430 0.692080
vt 0.464185 0.688897
vt 0.955553 0.593370
vt 0.969068 0.591590
vt 0.969068 0.609383
vt 0.964463 0.626570
vt 0.942986 0.654560
vt 0.934687 0.643746
vt 0.944752 0.633680
vt 0.922360 0.650863
vt 0.927576 0.663457
vt 0.910390 0.668062
vt 0.892597 0.668062
vt 0.875410 0.663457
vt 0.860001 0.654560
vt 0.847420 0.641979
vt 0.838524 0.626570
vt 0.833918 0.591590
vt 0.838523 0.574404
vt 0.847420 0.558995
vt 0.875410 0.537517
vt 0.892597 0.532912
vt 0.910390 0.532912
vt 0.927576 0.537517
vt 0.942985 0.546413
vt 0.955567 0.558995
vt 0.964463 0.574404
vt 0.951869 0.579620
vt 0.944752 0.567293
vt 0.908611 0.654547
vt 0.894376 0.654547
vt 0.934687 0.557228
vt 0.880627 0.650863
vt 0.922360 0.550111
vt 0.908611 0.546427
vt 0.868300 0.643746
vt 0.858235 0.633680
vt 0.894376 0.546427
vt 0.851117 0.621353
vt 0.880627 0.550111
vt 0.868300 0.557228
vt 0.847433 0.607604
vt 0.847433 0.593370
vt 0.858235 0.567293
vt 0.847141 0.608357
vt 0.850825 0.622106
vt 0.833626 0.610136
vt 0.833626 0.592343
vt 0.838231 0.575157
vt 0.857942 0.568046
vt 0.850825 0.580373
vt 0.868007 0.557981
vt 0.859709 0.547166
vt 0.875118 0.538270
vt 0.892305 0.533665
vt 0.910097 0.533665
vt 0.927284 0.538270
vt 0.942693 0.547166
vt 0.955275 0.559748
vt 0.968776 0.592343
vt 0.968776 0.610136
vt 0.964171 0.627323
vt 0.942693 0.655313
vt 0.927284 0.664210
vt 0.910098 0.668815
vt 0.892305 0.668815
vt 0.875118 0.664210
vt 0.859709 0.655313
vt 0.847128 0.642732
vt 0.857942 0.634433
vt 0.868008 0.644498
vt 0.880335 0.550864
vt 0.894084 0.547180
vt 0.880335 0.651616
vt 0.908318 0.547180
vt 0.894084 0.655300
vt 0.908318 0.655300
vt 0.922067 0.550864
vt 0.934395 0.557981
vt 0.922068 0.651616
vt 0.944460 0.568046
vt 0.934395 0.644498
vt 0.944460 0.634433
vt 0.951577 0.580373
vt 0.955261 0.594123
vt 0.951577 0.622106
vt 0.707237 0.812343
vt 0.215273 0.397490
vt 0.242840 0.382682
vt 0.242840 0.397490
vt 0.215273 0.382682
vt 0.242840 0.367874
vt 0.215273 0.367874
vt 0.242840 0.353066
vt 0.215273 0.353066
vt 0.242840 0.338258
vt 0.215273 0.338258
vt 0.242840 0.310849
vt 0.082749 0.751077
vt 0.097524 0.702885
vt 0.097524 0.751077
vt 0.094401 0.920835
vt 0.017398 0.891788
vt 0.097719 0.891788
vt 0.065510 0.748880
vt 0.047270 0.699360
vt 0.065946 0.699129
vt 0.107397 0.702885
vt 0.107396 0.751077
vt 0.096997 0.375052
vt 0.019051 0.342924
vt 0.019051 0.375052
vt 0.092912 0.920835
vt 0.015909 0.891788
vt 0.096229 0.891788
vt 0.215273 0.484131
vt 0.242840 0.456721
vt 0.242840 0.484131
vt 0.215273 0.456721
vt 0.242840 0.441913
vt 0.215273 0.441913
vt 0.242840 0.427105
vt 0.226645 0.920835
vt 0.204414 0.974506
vt 0.204171 0.942966
vt 0.096229 0.974506
vt 0.128612 0.974264
vt 0.150742 0.978666
vt 0.215273 0.427105
vt 0.242840 0.412298
vt 0.215273 0.412298
vt 0.181278 0.990960
vt 0.097719 0.974507
vt 0.152232 0.978666
vt 0.181278 0.850710
vt 0.222357 0.891788
vt 0.193124 0.879942
vt 0.096997 0.444365
vt 0.019051 0.432518
vt 0.019051 0.444365
vt 0.096997 0.432518
vt 0.019051 0.420672
vt 0.096997 0.408825
vt 0.019051 0.408825
vt 0.019051 0.396979
vt 0.096997 0.396979
vt 0.085027 0.698933
vt 0.084278 0.750914
vt 0.017398 0.949882
vt 0.017398 0.920835
vt 0.101299 0.698952
vt 0.098986 0.750931
vt 0.015909 0.867163
vt 0.096229 0.867163
vt 0.109196 0.698933
vt 0.110572 0.751919
vt 0.097719 0.949882
vt 0.019051 0.513677
vt 0.096997 0.491750
vt 0.019051 0.491750
vt 0.019051 0.479904
vt 0.096997 0.479904
vt 0.019051 0.468057
vt 0.096997 0.468057
vt 0.019051 0.456211
vt 0.096997 0.456211
vt 0.079580 0.751590
vt 0.055251 0.815956
vt 0.066445 0.815483
vt 0.053974 0.824672
vt 0.044816 0.812409
vt 0.082195 0.818889
vt 0.077076 0.810921
vt 0.085794 0.802407
vt 0.068339 0.824334
vt 0.040570 0.820096
vt 0.029537 0.811135
vt 0.036313 0.805365
vt 0.022103 0.798647
vt 0.030807 0.795544
vt 0.093983 0.808435
vt 0.091191 0.790388
vt 0.029214 0.783856
vt 0.019234 0.783620
vt 0.102150 0.793236
vt 0.091793 0.775964
vt 0.032028 0.770640
vt 0.021598 0.750802
vt 0.087012 0.761615
vt 0.039857 0.759217
vt 0.031889 0.750746
vt 0.051609 0.751543
vt 0.080104 0.751932
vt 0.047284 0.750838
vt 0.090932 0.751038
vt 0.097719 0.867163
vt 0.130101 0.867406
vt 0.047893 0.751077
vt 0.065321 0.749086
vt 0.052043 0.751728
vt 0.078600 0.751728
vt 0.033118 0.751077
vt 0.040786 0.759249
vt 0.023246 0.751077
vt 0.089857 0.759250
vt 0.082749 0.825860
vt 0.078600 0.815842
vt 0.089857 0.808321
vt 0.033264 0.770506
vt 0.097379 0.770507
vt 0.110863 0.783785
vt 0.019779 0.783785
vt 0.030623 0.783785
vt 0.100020 0.783785
vt 0.023246 0.801213
vt 0.107396 0.801213
vt 0.033264 0.797064
vt 0.097379 0.797064
vt 0.040786 0.808321
vt 0.033118 0.815988
vt 0.097524 0.815988
vt 0.047893 0.825860
vt 0.052043 0.815842
vt 0.065321 0.818484
vt 0.065321 0.829327
vt 0.015909 0.949882
vt 0.015909 0.920835
vt 0.082749 0.702885
vt 0.215273 0.524291
vt 0.031538 0.699549
vt 0.017398 0.867163
vt 0.047893 0.702885
vt 0.065321 0.702885
vt 0.096229 0.949882
vt 0.017398 0.850710
vt 0.097719 0.850710
vt 0.033118 0.702885
vt 0.096997 0.545806
vt 0.096997 0.513677
vt 0.096229 0.990960
vt 0.015909 0.974506
vt 0.215273 0.310849
vt 0.242840 0.270688
vt 0.097719 0.990960
vt 0.017398 0.974506
vt 0.015909 0.850710
vt 0.096229 0.850710
vt 0.179789 0.850710
vt 0.172873 0.867406
vt 0.150742 0.863004
vt 0.096997 0.342924
vt 0.208573 0.920835
vt 0.220868 0.949882
vt 0.191635 0.961727
vt 0.172873 0.974264
vt 0.179789 0.990960
vt 0.150742 0.996738
vt 0.097314 0.942966
vt 0.109850 0.961727
vt 0.210063 0.920835
vt 0.205660 0.898704
vt 0.228135 0.920835
vt 0.222357 0.949882
vt 0.205903 0.974506
vt 0.152231 0.996738
vt 0.205660 0.942966
vt 0.098803 0.942966
vt 0.111339 0.961727
vt 0.193124 0.961727
vt 0.130101 0.974264
vt 0.174362 0.974264
vt 0.174362 0.867406
vt 0.205903 0.867163
vt 0.096997 0.420672
vt 0.098803 0.898704
vt 0.152231 0.844932
vt 0.111339 0.879942
vt 0.152232 0.863004
vt 0.242840 0.524291
vt 0.021061 0.699659
vt 0.023246 0.702885
vt 0.019051 0.545806
vt 0.015909 0.990960
vt 0.215273 0.270688
vt 0.017398 0.990960
vt 0.097314 0.898704
vt 0.150742 0.844932
vt 0.109850 0.879942
vt 0.204414 0.867163
vt 0.220868 0.891788
vt 0.204171 0.898704
vt 0.128611 0.867406
vt 0.191635 0.879942
vt 0.607413 0.036614
vt 0.603145 0.014733
vt 0.607413 0.014733
vt 0.603145 0.036614
vt 0.598876 0.014733
vt 0.598876 0.036614
vt 0.594607 0.014733
vt 0.594607 0.036614
vt 0.590339 0.014733
vt 0.590339 0.036614
vt 0.586070 0.014733
vt 0.586070 0.036614
vt 0.581802 0.014733
vt 0.581802 0.036614
vt 0.577533 0.014733
vt 0.577533 0.036614
vt 0.573264 0.014733
vt 0.573264 0.036614
vt 0.568996 0.014733
vt 0.637294 0.036614
vt 0.633025 0.014733
vt 0.637294 0.014733
vt 0.633025 0.036614
vt 0.628757 0.014733
vt 0.628757 0.036614
vt 0.624488 0.014733
vt 0.624488 0.036614
vt 0.620219 0.014733
vt 0.620219 0.036614
vt 0.615951 0.014733
vt 0.615951 0.036614
vt 0.611682 0.014733
vt 0.611682 0.036614
vt 0.568996 0.036614
vt 0.929180 0.609372
vt 0.990595 0.621480
vt 0.929180 0.621480
vt 0.929181 0.745772
vt 0.990595 0.757879
vt 0.929181 0.757879
vt 0.929181 0.718492
vt 0.990595 0.730599
vt 0.929181 0.730599
vt 0.929181 0.691212
vt 0.990595 0.703319
vt 0.929181 0.703319
vt 0.929181 0.676040
vt 0.990595 0.663932
vt 0.990595 0.676040
vt 0.929180 0.648760
vt 0.990595 0.636652
vt 0.990595 0.648760
vt 0.961280 0.946844
vt 0.928054 0.922682
vt 0.961280 0.922682
vt 0.961280 0.830683
vt 0.928054 0.854844
vt 0.928054 0.830683
vt 0.961280 0.900844
vt 0.928054 0.876682
vt 0.961280 0.876682
vt 0.908920 0.552420
vt 0.991114 0.582047
vt 0.908920 0.582047
vt 0.908920 0.589947
vt 0.582489 0.317517
vt 0.562160 0.244308
vt 0.582489 0.244308
vt 0.716648 0.317517
vt 0.696319 0.244308
vt 0.716648 0.244308
vt 0.671754 0.317517
vt 0.651774 0.244308
vt 0.671754 0.244308
vt 0.627253 0.317517
vt 0.607098 0.244308
vt 0.627253 0.244308
vt 0.805912 0.317517
vt 0.785932 0.244308
vt 0.805912 0.244308
vt 0.761412 0.317517
vt 0.741257 0.244308
vt 0.761411 0.244308
vt 0.608687 0.822261
vt 0.616587 0.851888
vt 0.608687 0.851888
vt 0.592237 0.963953
vt 0.628612 0.993580
vt 0.592237 0.993580
vt 0.652963 0.889415
vt 0.616587 0.859788
vt 0.652963 0.859788
vt 0.628612 0.918525
vt 0.592237 0.926426
vt 0.592237 0.918525
vt 0.616587 0.897316
vt 0.652963 0.897316
vt 0.803807 0.426967
vt 0.678997 0.426967
vt 0.578989 0.426967
vt 0.719595 0.426967
vt 0.743975 0.426967
vt 0.562160 0.317517
vt 0.537595 0.244308
vt 0.785932 0.317517
vt 0.741257 0.317517
vt 0.696319 0.317517
vt 0.651774 0.317517
vt 0.607098 0.317517
vt 0.695109 0.917171
vt 0.675457 0.894803
vt 0.700162 0.894726
vt 0.649450 0.981720
vt 0.637244 0.960729
vt 0.659301 0.953721
vt 0.680403 0.974121
vt 0.700055 0.996489
vt 0.675350 0.996566
vt 0.726062 0.909572
vt 0.708967 0.925115
vt 0.882102 0.885206
vt 0.836291 0.810139
vt 0.903840 0.799880
vt 0.663201 0.426967
vt 0.928054 0.784683
vt 0.961280 0.762844
vt 0.961280 0.784683
vt 0.928054 0.968682
vt 0.961280 0.968682
vt 0.961280 0.854844
vt 0.961280 0.808844
vt 0.928054 0.808844
vt 0.830149 0.564803
vt 0.835887 0.574741
vt 0.814149 0.566716
vt 0.826230 0.587641
vt 0.814149 0.544878
vt 0.929181 0.663932
vt 0.990595 0.594200
vt 0.929180 0.594200
vt 0.929180 0.636652
vt 0.628612 0.956053
vt 0.628612 0.963953
vt 0.652963 0.851888
vt 0.628612 0.926426
vt 0.616587 0.822261
vt 0.660863 0.822261
vt 0.652963 0.822261
vt 0.991114 0.544519
vt 0.991114 0.552420
vt 0.908920 0.514892
vt 0.991114 0.514892
vt 0.901020 0.544519
vt 0.908920 0.544519
vt 0.680462 0.917217
vt 0.666605 0.925217
vt 0.695049 0.974075
vt 0.708907 0.966075
vt 0.649557 0.909756
vt 0.659301 0.937777
vt 0.738268 0.930563
vt 0.716210 0.937571
vt 0.637244 0.930930
vt 0.738268 0.960362
vt 0.716210 0.953515
vt 0.725955 0.981536
vt 0.666545 0.966177
vt 0.830149 0.546791
vt 0.845142 0.513034
vt 0.835887 0.536853
vt 0.826230 0.523953
vt 0.888216 0.523953
vt 0.878559 0.536853
vt 0.862960 0.527848
vt 0.845142 0.598560
vt 0.851485 0.583746
vt 0.851485 0.527848
vt 0.869304 0.598560
vt 0.869304 0.513034
vt 0.862960 0.583746
vt 0.900297 0.566716
vt 0.888216 0.587641
vt 0.878559 0.574741
vt 0.900297 0.544878
vt 0.884296 0.546791
vt 0.884296 0.564803
vt 0.584336 0.963953
vt 0.584336 0.993580
vt 0.703799 0.426967
vt 0.756065 0.426967
vt 0.626731 0.426967
vt 0.638821 0.426967
vt 0.990595 0.609372
vt 0.990595 0.745772
vt 0.990595 0.718492
vt 0.990595 0.691212
vt 0.928054 0.946844
vt 0.928054 0.900844
vt 0.991114 0.589947
vt 0.616587 0.889415
vt 0.558039 0.426967
vt 0.537595 0.317517
vt 0.921617 0.817656
vt 0.921617 0.874948
vt 0.911358 0.885206
vt 0.864589 0.877952
vt 0.843545 0.856907
vt 0.836291 0.839395
vt 0.846549 0.799880
vt 0.928054 0.762844
vt 0.592237 0.956053
vt 0.660863 0.851888
vt 0.901020 0.514892
vt 0.396920 0.828353
vt 0.442660 0.843709
vt 0.396920 0.843709
vt 0.396920 0.752175
vt 0.442660 0.767531
vt 0.396920 0.767531
vt 0.396920 0.726782
vt 0.442660 0.742139
vt 0.396920 0.742138
vt 0.396920 0.853746
vt 0.442660 0.869102
vt 0.396920 0.869102
vt 0.357783 0.927167
vt 0.354196 0.948810
vt 0.353965 0.924203
vt 0.314094 0.917876
vt 0.334093 0.911652
vt 0.313270 0.922945
vt 0.338830 0.909901
vt 0.354042 0.924157
vt 0.334094 0.911744
vt 0.353705 0.954167
vt 0.330732 0.959224
vt 0.354100 0.948786
vt 0.325726 0.960657
vt 0.311569 0.945697
vt 0.330739 0.959126
vt 0.307924 0.942370
vt 0.313190 0.922899
vt 0.311649 0.945655
vt 0.356001 0.904757
vt 0.334660 0.881718
vt 0.366213 0.891970
vt 0.367875 0.947889
vt 0.361330 0.978604
vt 0.352588 0.965340
vt 0.160064 0.952397
vt 0.181894 0.953211
vt 0.181940 0.982506
vt 0.311311 0.902721
vt 0.282805 0.915898
vt 0.302306 0.889058
vt 0.295565 0.944594
vt 0.297675 0.921490
vt 0.213954 0.896348
vt 0.221620 0.876991
vt 0.227493 0.896965
vt 0.383191 0.920473
vt 0.383191 0.953649
vt 0.188929 0.962894
vt 0.199520 0.971351
vt 0.238876 0.900664
vt 0.330523 0.972510
vt 0.329778 0.988856
vt 0.299289 0.975777
vt 0.309201 0.963363
vt 0.210519 0.976069
vt 0.279788 0.948937
vt 0.223663 0.976668
vt 0.216143 0.997178
vt 0.276062 0.957682
vt 0.254248 0.956508
vt 0.258880 0.944192
vt 0.367875 0.924689
vt 0.249158 0.908874
vt 0.257015 0.888491
vt 0.311312 0.902721
vt 0.333937 0.897588
vt 0.276062 0.920465
vt 0.157783 0.800077
vt 0.127310 0.826661
vt 0.127310 0.800077
vt 0.157783 0.826661
vt 0.127310 0.853245
vt 0.127310 0.879828
vt 0.157783 0.906412
vt 0.127310 0.906412
vt 0.157783 0.853245
vt 0.127310 0.959579
vt 0.157783 0.932995
vt 0.157783 0.959579
vt 0.127310 0.932995
vt 0.157783 0.720327
vt 0.127310 0.746910
vt 0.127310 0.720327
vt 0.127310 0.986163
vt 0.157783 0.746910
vt 0.127310 0.773494
vt 0.157783 0.773494
vt 0.392349 0.955643
vt 0.489927 0.961916
vt 0.392349 0.961916
vt 0.352036 0.920215
vt 0.337707 0.958613
vt 0.311618 0.927005
vt 0.392349 0.936135
vt 0.489927 0.942407
vt 0.392349 0.942407
vt 0.392349 0.916626
vt 0.489927 0.922899
vt 0.392349 0.922898
vt 0.392349 0.877609
vt 0.489927 0.883881
vt 0.392349 0.883881
vt 0.396920 0.777568
vt 0.442660 0.792924
vt 0.396920 0.792924
vt 0.488860 0.768378
vt 0.447695 0.744128
vt 0.488860 0.744128
vt 0.333755 0.912079
vt 0.354757 0.948455
vt 0.312753 0.948455
vt 0.488860 0.816880
vt 0.447695 0.792629
vt 0.488860 0.792629
vt 0.488860 0.865382
vt 0.447695 0.841131
vt 0.488860 0.841131
vt 0.447695 0.768378
vt 0.447695 0.816880
vt 0.488861 0.719877
vt 0.447695 0.719877
vt 0.396920 0.802960
vt 0.442660 0.818316
vt 0.396920 0.818316
vt 0.392349 0.975152
vt 0.489927 0.981424
vt 0.392349 0.981424
vt 0.353117 0.919356
vt 0.309403 0.926019
vt 0.312213 0.950554
vt 0.335686 0.961422
vt 0.329395 0.910035
vt 0.357783 0.944913
vt 0.442659 0.853746
vt 0.442660 0.716746
vt 0.442660 0.726782
vt 0.392349 0.994660
vt 0.392349 0.897117
vt 0.489927 0.897117
vt 0.489927 0.955643
vt 0.489927 0.903390
vt 0.489927 0.916626
vt 0.392349 0.903390
vt 0.235046 0.972970
vt 0.251538 0.985677
vt 0.163449 0.915334
vt 0.184261 0.915920
vt 0.179491 0.928606
vt 0.185325 0.885225
vt 0.191296 0.906238
vt 0.258880 0.932224
vt 0.255283 0.919157
vt 0.246362 0.965511
vt 0.202282 0.898996
vt 0.178402 0.940525
vt 0.200033 0.417325
vt 0.100760 0.406160
vt 0.200033 0.404920
vt 0.100760 0.416084
vt 0.094866 0.406160
vt 0.100643 0.400267
vt 0.199887 0.397553
vt 0.199393 0.385157
vt 0.099896 0.384466
vt 0.198953 0.377802
vt 0.100248 0.390350
vt 0.094866 0.416084
vt 0.610720 0.186725
vt 0.627684 0.250032
vt 0.564377 0.233069
vt 0.573143 0.161190
vt 0.521605 0.203915
vt 0.521647 0.162115
vt 0.425837 0.203103
vt 0.416027 0.273165
vt 0.415744 0.188816
vt 0.467257 0.301399
vt 0.520982 0.316425
vt 0.457280 0.315395
vt 0.468519 0.160713
vt 0.521631 0.148121
vt 0.574808 0.300607
vt 0.520799 0.302255
vt 0.583270 0.146995
vt 0.615594 0.202863
vt 0.625621 0.272811
vt 0.615594 0.259021
vt 0.573798 0.259021
vt 0.520622 0.260287
vt 0.467696 0.202963
vt 0.467885 0.259199
vt 0.426026 0.259339
vt 0.573798 0.202863
vt 0.688532 0.034593
vt 0.539593 0.045084
vt 0.539593 0.034593
vt 0.688532 0.108209
vt 0.539593 0.118701
vt 0.539593 0.108209
vt 0.688532 0.010054
vt 0.539593 0.020546
vt 0.539593 0.010054
vt 0.688531 0.083670
vt 0.539593 0.094162
vt 0.539593 0.083670
vt 0.688532 0.059131
vt 0.539593 0.069623
vt 0.539593 0.059131
vt 0.688532 0.045084
vt 0.688532 0.069623
vt 0.688532 0.094162
vt 0.539593 0.132748
vt 0.688532 0.118701
vt 0.688532 0.132748
vt 0.688532 0.020546
vt 0.458500 0.146404
vt 0.584985 0.314418
vt 0.625621 0.188555
vt 0.868433 0.032759
vt 0.841675 0.078905
vt 0.841327 0.032964
vt 0.894515 0.032750
vt 0.868945 0.078731
vt 0.862554 0.423086
vt 0.904203 0.390277
vt 0.904339 0.422911
vt 0.894504 0.006665
vt 0.861118 0.006680
vt 0.987189 0.032699
vt 0.987174 0.006611
vt 0.987217 0.078616
vt 0.902909 0.104757
vt 0.895066 0.078673
vt 0.862346 0.373255
vt 0.833911 0.354661
vt 0.863420 0.363144
vt 0.937697 0.378333
vt 0.904152 0.378161
vt 0.904131 0.373080
vt 0.869980 0.325312
vt 0.842747 0.325428
vt 0.922331 0.078559
vt 0.896096 0.325202
vt 0.845834 0.337975
vt 0.936463 0.387179
vt 0.862367 0.378336
vt 0.986393 0.104705
vt 0.830531 0.396243
vt 0.862418 0.390451
vt 0.936136 0.395802
vt 0.902972 0.362979
vt 0.932409 0.354249
vt 0.920347 0.337664
vt 0.830133 0.387623
vt 0.828825 0.378788
vt 0.835935 0.900096
vt 0.851803 0.934003
vt 0.835935 0.934003
vt 0.835935 0.832284
vt 0.851803 0.900096
vt 0.835935 0.730565
vt 0.851803 0.764471
vt 0.835935 0.764471
vt 0.802028 0.900096
vt 0.851803 0.832284
vt 0.885709 0.764471
vt 0.967356 0.253568
vt 0.990412 0.153185
vt 0.990412 0.253568
vt 0.847421 0.827902
vt 0.847421 0.768853
vt 0.840316 0.768853
vt 0.840316 0.827902
vt 0.955278 0.153185
vt 0.932222 0.253568
vt 0.932222 0.153185
vt 0.967356 0.153185
vt 0.955278 0.130129
vt 0.967356 0.130129
vt 0.955278 0.253568
vt 0.967356 0.276625
vt 0.955278 0.276625
vt 0.711370 0.966832
vt 0.680356 0.913259
vt 0.711370 0.913259
vt 0.582015 0.913259
vt 0.613029 0.913259
vt 0.532845 0.913259
vt 0.563858 0.913259
vt 0.608893 0.496238
vt 0.625841 0.499721
vt 0.619108 0.506454
vt 0.514688 0.913259
vt 0.662199 0.913259
vt 0.631186 0.913259
vt 0.625841 0.450449
vt 0.664898 0.460664
vt 0.654682 0.499721
vt 0.674419 0.489506
vt 0.674419 0.460664
vt 0.606104 0.460664
vt 0.615625 0.489506
vt 0.606104 0.489506
vt 0.661415 0.506454
vt 0.664898 0.489506
vt 0.671630 0.496238
vt 0.619109 0.443717
vt 0.615625 0.460664
vt 0.608893 0.453932
vt 0.654682 0.440928
vt 0.625841 0.440928
vt 0.625841 0.509242
vt 0.654682 0.509242
vt 0.671630 0.453932
vt 0.654682 0.450449
vt 0.661415 0.443717
vt 0.123374 0.554135
vt 0.138090 0.534367
vt 0.128508 0.557555
vt 0.107348 0.570198
vt 0.110801 0.575329
vt 0.086391 0.578927
vt 0.087620 0.584992
vt 0.063692 0.578969
vt 0.062504 0.585043
vt 0.026661 0.554280
vt 0.011920 0.534526
vt 0.017987 0.533314
vt 0.039290 0.575467
vt 0.042714 0.570314
vt 0.011948 0.509416
vt 0.018021 0.510607
vt 0.021523 0.557726
vt 0.155963 0.254439
vt 0.208798 0.224453
vt 0.208798 0.254439
vt 0.155963 0.284424
vt 0.208798 0.284424
vt 0.208798 0.314409
vt 0.208798 0.344395
vt 0.155963 0.314409
vt 0.208798 0.374380
vt 0.155963 0.344395
vt 0.155963 0.404366
vt 0.208798 0.404365
vt 0.208797 0.434351
vt 0.208798 0.464336
vt 0.155963 0.434351
vt 0.208798 0.494321
vt 0.155963 0.464336
vt 0.208798 0.044542
vt 0.155964 0.014556
vt 0.208798 0.014557
vt 0.155964 0.074527
vt 0.208798 0.074527
vt 0.208798 0.104512
vt 0.208798 0.134498
vt 0.155963 0.104512
vt 0.155963 0.164483
vt 0.208798 0.164483
vt 0.155963 0.194468
vt 0.208798 0.194468
vt 0.155963 0.224454
vt 0.021458 0.486175
vt 0.026626 0.489589
vt 0.042641 0.473479
vt 0.039176 0.468320
vt 0.062408 0.458662
vt 0.063615 0.464739
vt 0.086313 0.464721
vt 0.087528 0.458652
vt 0.107281 0.473405
vt 0.110729 0.468265
vt 0.123330 0.489462
vt 0.128484 0.486032
vt 0.132017 0.510445
vt 0.138090 0.509247
vt 0.132023 0.533156
vt 0.069332 0.787158
vt 0.096752 0.958924
vt 0.069332 0.958924
vt 0.095074 0.784054
vt 0.067654 0.955821
vt 0.067654 0.784055
vt 0.045291 0.787158
vt 0.008491 0.958924
vt 0.008491 0.787158
vt 0.044847 0.784209
vt 0.008047 0.955975
vt 0.008047 0.784209
vt 0.090959 0.982868
vt 0.120349 0.955975
vt 0.113170 0.992068
vt 0.095074 0.955820
vt 0.111936 0.991913
vt 0.089725 0.982714
vt 0.090525 0.987198
vt 0.119915 0.960305
vt 0.112735 0.996398
vt 0.113614 0.995017
vt 0.091403 0.985817
vt 0.119115 0.784054
vt 0.096752 0.787158
vt 0.120793 0.958924
vt 0.043613 0.784055
vt 0.043613 0.955821
vt 0.007613 0.788539
vt 0.044413 0.960305
vt 0.007613 0.960305
vt 0.045291 0.958924
vt 0.068888 0.784209
vt 0.096308 0.955975
vt 0.068888 0.955975
vt 0.095874 0.788539
vt 0.068454 0.960305
vt 0.068454 0.788540
vt 0.044848 0.955975
vt 0.119914 0.788540
vt 0.095874 0.960305
vt 0.006813 0.784055
vt 0.006813 0.955820
vt 0.120349 0.784210
vt 0.096308 0.784210
vt 0.044413 0.788540
vt 0.155963 0.374380
vt 0.155963 0.494321
vt 0.155964 0.044542
vt 0.155963 0.134498
vt 0.119115 0.955820
vt 0.120793 0.787158
vt 0.442660 0.828353
vt 0.442660 0.752175
vt 0.354100 0.948784
vt 0.157783 0.879828
vt 0.157783 0.986163
vt 0.315538 0.920215
vt 0.329867 0.911942
vt 0.337707 0.911943
vt 0.355956 0.927005
vt 0.355956 0.943550
vt 0.352036 0.950341
vt 0.329867 0.958613
vt 0.315538 0.950341
vt 0.311618 0.943550
vt 0.489927 0.936135
vt 0.489927 0.877609
vt 0.442660 0.777568
vt 0.312753 0.924205
vt 0.354757 0.924205
vt 0.333755 0.960581
vt 0.447695 0.865382
vt 0.442660 0.802960
vt 0.489927 0.975152
vt 0.396920 0.716746
vt 0.489927 0.994660
vt 0.564377 0.213482
vt 0.574170 0.196519
vt 0.591133 0.186725
vt 0.627684 0.196518
vt 0.637477 0.213481
vt 0.637477 0.233069
vt 0.610721 0.259825
vt 0.591134 0.259825
vt 0.574170 0.250032
vt 0.923361 0.325089
vt 0.851803 0.730565
vt 0.802028 0.764471
vt 0.885709 0.900096
vt 0.232807 0.594563
vt 0.240762 0.603562
vt 0.232461 0.601632
vt 0.198973 0.580562
vt 0.209438 0.566528
vt 0.210555 0.575731
vt 0.197826 0.612659
vt 0.207263 0.627403
vt 0.191235 0.619333
vt 0.217574 0.576043
vt 0.210243 0.566457
vt 0.219474 0.566967
vt 0.057949 0.714444
vt 0.046703 0.646475
vt 0.058043 0.646457
vt 0.029269 0.714404
vt 0.040703 0.646467
vt 0.040609 0.714454
vt 0.018631 0.714308
vt 0.029363 0.646417
vt 0.068587 0.714377
vt 0.068682 0.646391
vt 0.096047 0.714255
vt 0.102141 0.646276
vt 0.102047 0.714263
vt 0.084706 0.714272
vt 0.074163 0.646352
vt 0.084801 0.646286
vt 0.013150 0.714255
vt 0.018725 0.646321
vt 0.113481 0.646325
vt 0.113387 0.714312
vt 0.096141 0.646268
vt 0.074068 0.714339
vt 0.046609 0.714462
vt 0.124119 0.646422
vt 0.124025 0.714408
vt 0.228709 0.581829
vt 0.241256 0.593453
vt 0.235398 0.575242
vt 0.227141 0.613906
vt 0.216500 0.627796
vt 0.215494 0.618578
vt 0.185140 0.601200
vt 0.193564 0.599979
vt 0.193817 0.592905
vt 0.185502 0.591086
vt 0.192875 0.573434
vt 0.209034 0.618303
vt 0.233155 0.621113
vt 0.211118 0.575686
vt 0.013244 0.646268
vt 0.568572 0.944563
vt 0.537280 0.956369
vt 0.553971 0.936334
vt 0.520480 0.936775
vt 0.543062 0.923611
vt 0.511467 0.912589
vt 0.537210 0.907906
vt 0.537156 0.891146
vt 0.511384 0.886778
vt 0.616123 0.936055
vt 0.649618 0.936193
vt 0.632994 0.955938
vt 0.153748 0.658318
vt 0.140500 0.649839
vt 0.143872 0.648442
vt 0.153748 0.624599
vt 0.140500 0.633079
vt 0.152351 0.621227
vt 0.167715 0.624599
vt 0.180963 0.633078
vt 0.177591 0.634475
vt 0.167715 0.658318
vt 0.180963 0.649839
vt 0.169112 0.661690
vt 0.152351 0.661690
vt 0.143872 0.634475
vt 0.169112 0.621227
vt 0.177591 0.648442
vt 0.294410 0.628061
vt 0.316404 0.638658
vt 0.303163 0.654603
vt 0.278832 0.634244
vt 0.288540 0.664224
vt 0.271053 0.665000
vt 0.250979 0.659843
vt 0.262587 0.638365
vt 0.359108 0.604284
vt 0.366040 0.585149
vt 0.379236 0.599341
vt 0.343253 0.611702
vt 0.352748 0.595358
vt 0.324403 0.613094
vt 0.329650 0.622718
vt 0.309410 0.620584
vt 0.348497 0.964209
vt 0.511384 0.938399
vt 0.511184 0.964209
vt 0.348697 0.938399
vt 0.348697 0.886778
vt 0.820237 0.989670
vt 0.657349 0.963860
vt 0.820037 0.963860
vt 0.657149 0.938050
vt 0.819836 0.938050
vt 0.657066 0.912240
vt 0.819753 0.912240
vt 0.819836 0.886429
vt 0.348296 0.990018
vt 0.510984 0.990018
vt 0.585097 0.947359
vt 0.559766 0.969040
vt 0.610623 0.968811
vt 0.585214 0.973346
vt 0.601597 0.944414
vt 0.626918 0.923233
vt 0.246051 0.641100
vt 0.339204 0.605230
vt 0.348780 0.912589
vt 0.657549 0.989670
vt 0.657149 0.886429
vt 0.044789 0.091175
vt 0.042598 0.089336
vt 0.044040 0.092068
vt 0.041848 0.090229
vt 0.151962 0.090047
vt 0.200589 0.092023
vt 0.151213 0.090940
vt 0.199147 0.089291
vt 0.149770 0.088208
vt 0.094165 0.090064
vt 0.091973 0.088225
vt 0.093416 0.090957
vt 0.091224 0.089118
vt 0.149021 0.089101
vt 0.198397 0.090184
vt 0.231314 0.089077
vt 0.233506 0.090917
vt 0.241563 0.096370
vt 0.270920 0.096370
vt 0.299496 0.096004
vt 0.328853 0.096004
vt 0.270138 0.096004
vt 0.240781 0.096004
vt 0.175690 0.028623
vt 0.175690 -0.000735
vt 0.175690 0.057980
vt 0.175690 0.087337
vt 0.304239 0.057980
vt 0.304239 0.087337
vt 0.304239 0.028623
vt 0.304239 -0.000735
vt 0.232064 0.088184
vt 0.300277 0.096370
vt 0.329634 0.096370
vt 0.011872 0.090087
vt 0.009680 0.088248
vt 0.011122 0.090980
vt 0.008930 0.089141
vt 0.414083 0.020191
vt 0.394006 0.009194
vt 0.414083 0.005200
vt 0.440583 0.031167
vt 0.463030 0.037589
vt 0.448707 0.043325
vt 0.440583 0.084166
vt 0.463030 0.077745
vt 0.463030 0.094766
vt 0.414084 0.095142
vt 0.394006 0.106139
vt 0.399742 0.092290
vt 0.379460 0.043325
vt 0.365137 0.057667
vt 0.365137 0.037589
vt 0.387584 0.031167
vt 0.399742 0.023043
vt 0.434161 0.009194
vt 0.463030 0.020567
vt 0.448707 0.072008
vt 0.463030 0.057667
vt 0.434161 0.106139
vt 0.414084 0.110133
vt 0.387584 0.084166
vt 0.365137 0.077745
vt 0.379460 0.072008
vt 0.365137 0.020567
vt 0.428425 0.023043
vt 0.451559 0.057667
vt 0.428425 0.092290
vt 0.360949 0.270723
vt 0.401924 0.282747
vt 0.387449 0.297222
vt 0.376608 0.057667
vt 0.365137 0.094766
vt 0.434161 0.010684
vt 0.434161 0.107629
vt 0.365137 0.079234
vt 0.312776 0.318896
vt 0.353472 0.331198
vt 0.339275 0.345396
vt 0.286543 0.345129
vt 0.325078 0.359593
vt 0.313042 0.371629
vt 0.298579 0.333093
vt 0.537138 0.094534
vt 0.541697 0.142974
vt 0.515198 0.116474
vt 0.464307 0.167365
vt 0.512746 0.171924
vt 0.490806 0.193865
vt 0.438073 0.193598
vt 0.450376 0.234295
vt 0.423876 0.207796
vt 0.389900 0.241772
vt 0.375425 0.256247
vt 0.326973 0.304699
vt 0.365508 0.319162
vt 0.500722 0.130949
vt 0.486247 0.145425
vt 0.452271 0.179401
vt 0.464573 0.220098
vt 0.411840 0.219831
vt 0.416399 0.268271
vt 0.339009 0.292663
vt 0.527222 0.157449
vt 0.478770 0.205901
vt 0.438340 0.246331
vt 0.365137 0.039078
vt 0.365137 0.022057
vt 0.394006 0.010684
vt 0.414084 0.006690
vt 0.463030 0.022057
vt 0.463030 0.039078
vt 0.463030 0.059156
vt 0.365137 0.059156
vt 0.463030 0.079234
vt 0.463030 0.096255
vt 0.414083 0.111622
vt 0.394006 0.107629
vt 0.365137 0.096255
vt 0.563638 0.121033
vt 0.694918 0.553132
vt 0.687018 0.523505
vt 0.694918 0.523505
vt 0.694918 0.561032
vt 0.813426 0.590659
vt 0.694918 0.590659
vt 0.813426 0.553132
vt 0.813426 0.523505
vt 0.694918 0.598560
vt 0.813426 0.561032
vt 0.687018 0.501767
vt 0.785346 0.497342
vt 0.785346 0.501767
vt 0.785346 0.518358
vt 0.687018 0.522782
vt 0.687018 0.518358
vt 0.687018 0.480751
vt 0.785346 0.480751
vt 0.583686 0.914547
vt 0.598318 0.898963
vt 0.603200 0.901804
vt 0.574761 0.816516
vt 0.555477 0.907992
vt 0.555471 0.816517
vt 0.579910 0.907991
vt 0.579904 0.816516
vt 0.599193 0.816516
vt 0.687018 0.553132
vt 0.813426 0.598560
vt 0.687018 0.497342
vt 0.785346 0.522782
vt 0.574767 0.907991
vt 0.603987 0.816560
vt 0.223514 0.259927
vt 0.249137 0.321423
vt 0.223514 0.321423
vt 0.707610 0.535890
vt 0.779524 0.496134
vt 0.797502 0.535890
vt 0.454123 0.321423
vt 0.479746 0.259927
vt 0.479746 0.321423
vt 0.351630 0.321423
vt 0.454123 0.347046
vt 0.249137 0.234304
vt 0.454123 0.259927
vt 0.351630 0.259927
vt 0.351630 0.278258
vt 0.393711 0.303092
vt 0.351630 0.303092
vt 0.267468 0.303092
vt 0.249137 0.259927
vt 0.267468 0.278258
vt 0.309549 0.303092
vt 0.393711 0.278258
vt 0.435792 0.278258
vt 0.435792 0.303092
vt 0.309549 0.278258
vt 0.725589 0.464304
vt 0.725589 0.496134
vt 0.797502 0.424548
vt 0.707610 0.424548
vt 0.781373 0.495759
vt 0.727437 0.463930
vt 0.781373 0.463930
vt 0.823696 0.453320
vt 0.799351 0.424173
vt 0.709459 0.424173
vt 0.709459 0.535515
vt 0.799351 0.535515
vt 0.683265 0.506743
vt 0.821847 0.506743
vt 0.779524 0.464304
vt 0.821847 0.453695
vt 0.685114 0.453320
vt 0.727437 0.495759
vt 0.685114 0.506368
vt 0.315299 0.269840
vt 0.402449 0.218575
vt 0.402449 0.269840
vt 0.315299 0.218575
vt 0.402449 0.167310
vt 0.315299 0.167310
vt 0.402448 0.116046
vt 0.315299 0.116046
vt 0.402448 0.064781
vt 0.466641 0.019616
vt 0.511038 0.096513
vt 0.422245 0.096513
vt 0.315299 0.064781
vt 0.402448 0.013516
vt 0.315299 0.321104
vt 0.402449 0.321104
vt 0.422245 0.045248
vt 0.511038 0.045248
vt 0.466641 0.122145
vt 0.315299 0.013516
vt 0.182229 0.989027
vt 0.192835 0.828601
vt 0.192835 0.989027
vt 0.256549 0.989027
vt 0.267154 0.828601
vt 0.267155 0.989027
vt 0.275861 0.989027
vt 0.322162 0.828601
vt 0.322162 0.989027
vt 0.328318 0.811839
vt 0.269704 0.822445
vt 0.201541 0.989027
vt 0.247842 0.828601
vt 0.247843 0.989027
vt 0.271508 0.996567
vt 0.173523 0.989027
vt 0.177877 0.996567
vt 0.197188 0.996567
vt 0.252196 0.996567
vt 0.243490 0.996567
vt 0.275861 0.828601
vt 0.173523 0.828601
vt 0.201541 0.828601
vt 0.771602 0.765619
vt 0.789014 0.562724
vt 0.789014 0.765620
vt 0.752691 0.562724
vt 0.762300 0.765620
vt 0.752691 0.765620
vt 0.725465 0.562724
vt 0.742878 0.765620
vt 0.725465 0.765620
vt 0.015916 0.060143
vt 0.025049 0.027927
vt 0.047165 0.038258
vt 0.706554 0.562724
vt 0.716164 0.765619
vt 0.706554 0.765620
vt 0.798827 0.765619
vt 0.716164 0.562724
vt 0.742878 0.562724
vt 0.762300 0.562724
vt 0.771601 0.562724
vt 0.472590 0.536835
vt 0.561354 0.530184
vt 0.561354 0.536835
vt 0.472590 0.623951
vt 0.561354 0.617300
vt 0.561354 0.623951
vt 0.472590 0.606528
vt 0.561354 0.599877
vt 0.561354 0.606528
vt 0.472590 0.589105
vt 0.561354 0.582454
vt 0.561354 0.589105
vt 0.472590 0.571681
vt 0.561354 0.565030
vt 0.561354 0.571681
vt 0.472590 0.554258
vt 0.561354 0.547607
vt 0.561354 0.554258
vt 0.472590 0.641374
vt 0.561354 0.634724
vt 0.561354 0.641374
vt 0.929062 0.632286
vt 0.986275 0.646491
vt 0.972070 0.703704
vt 0.472590 0.658798
vt 0.561354 0.652147
vt 0.561354 0.658798
vt 0.472590 0.669570
vt 0.561354 0.669570
vt 0.472590 0.652147
vt 0.472590 0.634724
vt 0.472590 0.617300
vt 0.472590 0.599877
vt 0.472590 0.582454
vt 0.472590 0.565030
vt 0.472590 0.547607
vt 0.249137 0.347046
vt 0.454123 0.234304
vt 0.823696 0.506368
vt 0.683265 0.453695
vt 0.182229 0.828601
vt 0.256549 0.828601
vt 0.269704 0.811839
vt 0.275861 0.805683
vt 0.322162 0.805683
vt 0.328318 0.822445
vt 0.205894 0.996567
vt 0.047165 0.061817
vt 0.038033 0.070473
vt 0.025050 0.069778
vt 0.015916 0.036584
vt 0.038032 0.028623
vt 0.798827 0.562724
vt 0.472590 0.530184
vt 0.960611 0.708450
vt 0.940521 0.708450
vt 0.929062 0.703704
vt 0.914857 0.689499
vt 0.910111 0.678039
vt 0.910111 0.657950
vt 0.914857 0.646491
vt 0.940521 0.627539
vt 0.960611 0.627539
vt 0.972070 0.632286
vt 0.991022 0.657950
vt 0.991022 0.678039
vt 0.986275 0.689499
vt 0.994327 0.817174
vt 0.962802 0.831297
vt 0.962802 0.817174
vt 0.994327 0.831297
vt 0.962802 0.845419
vt 0.994327 0.845419
vt 0.962802 0.859541
vt 0.994327 0.859541
vt 0.962802 0.873664
vt 0.994327 0.873664
vt 0.962802 0.887786
vt 0.994327 0.887786
vt 0.962802 0.901908
vt 0.994327 0.901908
vt 0.962802 0.916030
vt 0.994327 0.916030
vt 0.962802 0.930153
vt 0.994327 0.930153
vt 0.962802 0.944275
vt 0.994327 0.944275
vt 0.962802 0.958397
vt 0.994327 0.958397
vt 0.962802 0.972519
vt 0.994327 0.972519
vt 0.962802 0.986642
vt 0.994327 0.647707
vt 0.962802 0.661830
vt 0.962802 0.647707
vt 0.994327 0.661830
vt 0.962802 0.675952
vt 0.994327 0.675952
vt 0.962802 0.690074
vt 0.994327 0.690074
vt 0.962802 0.704196
vt 0.994327 0.704196
vt 0.962802 0.718319
vt 0.994327 0.718319
vt 0.962802 0.732441
vt 0.994327 0.732441
vt 0.962802 0.746563
vt 0.994327 0.746563
vt 0.962802 0.760685
vt 0.994327 0.760685
vt 0.962802 0.774808
vt 0.994327 0.774808
vt 0.962802 0.788930
vt 0.994327 0.788930
vt 0.962802 0.803052
vt 0.994327 0.803052
vt 0.994327 0.986642
vt 0.703212 0.935314
vt 0.692293 0.968139
vt 0.669325 0.942270
vt 0.745623 0.945876
vt 0.816728 0.954138
vt 0.745623 0.954138
vt 0.745623 0.903415
vt 0.816728 0.911677
vt 0.745623 0.911677
vt 0.745623 0.890447
vt 0.816728 0.882185
vt 0.816728 0.890447
vt 0.745623 0.924646
vt 0.816728 0.932908
vt 0.745623 0.932908
vt 0.745623 0.967107
vt 0.816728 0.975368
vt 0.745623 0.975369
vt 0.611886 0.352316
vt 0.599433 0.416633
vt 0.599433 0.352316
vt 0.559724 0.352316
vt 0.547170 0.416633
vt 0.547170 0.352316
vt 0.664198 0.352316
vt 0.651846 0.416633
vt 0.651846 0.352316
vt 0.533454 0.352316
vt 0.521001 0.416633
vt 0.521001 0.352316
vt 0.638155 0.352316
vt 0.625601 0.416633
vt 0.625601 0.352316
vt 0.994395 0.872300
vt 0.962003 0.858007
vt 0.994395 0.858007
vt 0.994395 0.817689
vt 0.962003 0.803291
vt 0.994395 0.803291
vt 0.994395 0.790191
vt 0.962003 0.775898
vt 0.994395 0.775898
vt 0.994395 0.899799
vt 0.962003 0.885401
vt 0.994395 0.885401
vt 0.796537 0.803056
vt 0.780657 0.789351
vt 0.799488 0.789292
vt 0.994395 0.912876
vt 0.962003 0.927063
vt 0.962003 0.912876
vt 0.533454 0.416633
vt 0.638155 0.416633
vt 0.585766 0.352316
vt 0.585766 0.416633
vt 0.573415 0.416633
vt 0.573415 0.352316
vt 0.507335 0.352316
vt 0.611886 0.416633
vt 0.745623 0.988337
vt 0.816728 0.869216
vt 0.745623 0.882185
vt 0.745623 0.869216
vt 0.816728 0.996599
vt 0.745623 0.996599
vt 0.962003 0.830767
vt 0.994395 0.830767
vt 0.994395 0.762844
vt 0.962003 0.872300
vt 0.962003 0.790191
vt 0.962003 0.899799
vt 0.962003 0.844954
vt 0.773368 0.808991
vt 0.762840 0.799637
vt 0.783579 0.803096
vt 0.817305 0.799505
vt 0.806748 0.808909
vt 0.799412 0.862455
vt 0.796489 0.848710
vt 0.806700 0.842815
vt 0.766902 0.820111
vt 0.762763 0.852300
vt 0.753450 0.836284
vt 0.766902 0.831859
vt 0.813167 0.819946
vt 0.753450 0.815785
vt 0.826619 0.836021
vt 0.826619 0.815521
vt 0.813167 0.831695
vt 0.817229 0.852168
vt 0.773320 0.842897
vt 0.780580 0.862513
vt 0.783531 0.848750
vt 0.673341 0.935314
vt 0.684260 0.929010
vt 0.692293 0.929010
vt 0.707228 0.942270
vt 0.707228 0.954879
vt 0.703212 0.961835
vt 0.684260 0.968139
vt 0.673341 0.961835
vt 0.669325 0.954879
vt 0.816728 0.945876
vt 0.816728 0.903415
vt 0.816728 0.924646
vt 0.816728 0.967107
vt 0.559724 0.416633
vt 0.664198 0.416633
vt 0.962003 0.817689
vt 0.994395 0.927063
vt 0.507335 0.416633
vt 0.816728 0.988337
vt 0.962003 0.762844
vt 0.994395 0.844954
vt 0.247664 0.864747
vt 0.273802 0.817802
vt 0.273802 0.864747
vt 0.373539 0.905738
vt 0.277338 0.892540
vt 0.300198 0.879342
vt 0.272497 0.776353
vt 0.246358 0.693038
vt 0.272497 0.693038
vt 0.247664 0.905738
vt 0.147927 0.905738
vt 0.221267 0.879342
vt 0.273802 0.989052
vt 0.247664 0.989052
vt 0.285695 0.882420
vt 0.368697 0.892082
vt 0.372234 0.988595
vt 0.246358 0.905280
vt 0.272497 0.988595
vt 0.246358 0.988595
vt 0.246358 0.864289
vt 0.272497 0.817344
vt 0.272497 0.864289
vt 0.173017 0.878884
vt 0.146621 0.988595
vt 0.246358 0.877953
vt 0.272497 0.891616
vt 0.246358 0.891616
vt 0.272497 0.905280
vt 0.247664 0.817802
vt 0.273802 0.804138
vt 0.247664 0.804138
vt 0.273802 0.790475
vt 0.247663 0.790475
vt 0.273802 0.776811
vt 0.247664 0.878410
vt 0.273802 0.878410
vt 0.247664 0.892074
vt 0.273802 0.892074
vt 0.246358 0.817344
vt 0.272497 0.803680
vt 0.246358 0.803680
vt 0.272497 0.790017
vt 0.246358 0.790017
vt 0.247663 0.693496
vt 0.273802 0.693496
vt 0.288910 0.539023
vt 0.369697 0.514787
vt 0.369697 0.539023
vt 0.288910 0.676361
vt 0.264674 0.539023
vt 0.369697 0.676361
vt 0.288910 0.700597
vt 0.393933 0.676361
vt 0.199014 0.867087
vt 0.231329 0.806766
vt 0.231329 0.867087
vt 0.183886 0.539023
vt 0.252556 0.551141
vt 0.196005 0.551141
vt 0.264674 0.676361
vt 0.252556 0.664243
vt 0.196005 0.664243
vt 0.183886 0.676361
vt 0.199014 0.806766
vt 0.138693 0.776605
vt 0.199014 0.776605
vt 0.199014 0.716285
vt 0.231329 0.686124
vt 0.231329 0.716285
vt 0.231329 0.776605
vt 0.147927 0.989052
vt 0.151463 0.892540
vt 0.161125 0.882878
vt 0.174323 0.879342
vt 0.234465 0.882878
vt 0.244127 0.892540
vt 0.247663 0.776811
vt 0.369697 0.700597
vt 0.520802 0.837074
vt 0.591752 0.825568
vt 0.591752 0.837074
vt 0.520802 0.966877
vt 0.591752 0.955370
vt 0.591752 0.966877
vt 0.520802 0.940916
vt 0.591752 0.929410
vt 0.591752 0.940916
vt 0.520802 0.914956
vt 0.591752 0.903449
vt 0.591752 0.914956
vt 0.520802 0.888995
vt 0.591752 0.877489
vt 0.591752 0.888995
vt 0.520802 0.863035
vt 0.591752 0.851528
vt 0.591752 0.863035
vt 0.520802 0.992837
vt 0.591752 0.981331
vt 0.591752 0.992837
vt 0.520802 0.811114
vt 0.591752 0.799607
vt 0.591752 0.811114
vt 0.611820 0.681751
vt 0.591571 0.690139
vt 0.584494 0.662596
vt 0.612132 0.634957
vt 0.631288 0.662284
vt 0.606807 0.647812
vt 0.612132 0.621581
vt 0.606807 0.608726
vt 0.631288 0.594254
vt 0.520802 0.825568
vt 0.591752 0.785153
vt 0.520802 0.799607
vt 0.520802 0.785153
vt 0.520802 0.981331
vt 0.520802 0.955370
vt 0.520802 0.929410
vt 0.520802 0.903449
vt 0.520802 0.877489
vt 0.520802 0.851528
vt 0.611820 0.574787
vt 0.597349 0.599267
vt 0.584494 0.593942
vt 0.639675 0.614503
vt 0.524323 0.662284
vt 0.543479 0.634957
vt 0.548804 0.647812
vt 0.543479 0.621581
vt 0.515936 0.614503
vt 0.639675 0.642035
vt 0.543791 0.574787
vt 0.564040 0.566399
vt 0.571117 0.593942
vt 0.543791 0.681751
vt 0.558262 0.657271
vt 0.571117 0.662596
vt 0.597349 0.657271
vt 0.591571 0.566399
vt 0.564040 0.690139
vt 0.558262 0.599267
vt 0.548804 0.608726
vt 0.524323 0.594254
vt 0.515936 0.642035
vt 0.796681 0.310266
vt 0.824878 0.362752
vt 0.796681 0.362752
vt 0.995218 0.379673
vt 0.964763 0.348182
vt 0.966857 0.337654
vt 0.824878 0.196739
vt 0.796681 0.144252
vt 0.824878 0.144252
vt 0.796681 0.196739
vt 0.824878 0.216152
vt 0.796681 0.216152
vt 0.796681 0.241244
vt 0.824878 0.253790
vt 0.796681 0.253790
vt 0.824878 0.266336
vt 0.796681 0.266336
vt 0.824878 0.278882
vt 0.796681 0.278882
vt 0.824878 0.291428
vt 0.796681 0.291428
vt 0.796681 0.228698
vt 0.824878 0.228698
vt 0.824878 0.241244
vt 0.994173 0.378343
vt 0.963718 0.347345
vt 0.965812 0.336817
vt 0.824878 0.310265
vt 0.938621 0.324429
vt 0.887703 0.271026
vt 0.938621 0.271026
vt 0.938724 0.201870
vt 0.887806 0.175912
vt 0.938724 0.175913
vt 0.887703 0.245068
vt 0.938621 0.245068
vt 0.937785 0.269082
vt 0.886867 0.322485
vt 0.886868 0.269082
vt 0.861888 0.316488
vt 0.887347 0.268149
vt 0.887347 0.321553
vt 0.862347 0.276167
vt 0.887806 0.324506
vt 0.862347 0.319442
vt 0.861408 0.274146
vt 0.861408 0.317421
vt 0.862244 0.276090
vt 0.887703 0.324429
vt 0.862244 0.319364
vt 0.938621 0.201793
vt 0.887703 0.175835
vt 0.938621 0.175835
vt 0.938265 0.242192
vt 0.887347 0.198917
vt 0.938265 0.198917
vt 0.937785 0.199849
vt 0.886868 0.243124
vt 0.886867 0.199849
vt 0.938265 0.172959
vt 0.887347 0.172959
vt 0.937785 0.243124
vt 0.887347 0.242192
vt 0.886867 0.173891
vt 0.937785 0.173891
vt 0.887806 0.245145
vt 0.887806 0.201870
vt 0.938265 0.268149
vt 0.887703 0.201793
vt 0.938724 0.324506
vt 0.887806 0.271103
vt 0.938724 0.271103
vt 0.938724 0.245145
vt 0.901023 0.438538
vt 0.951318 0.486863
vt 0.850729 0.438538
vt 0.742233 0.325376
vt 0.685726 0.223914
vt 0.752503 0.256767
vt 0.682785 0.240865
vt 0.768386 0.162380
vt 0.751905 0.234954
vt 0.951318 0.531686
vt 0.850729 0.575686
vt 0.850729 0.531686
vt 0.850729 0.603182
vt 0.951317 0.575686
vt 0.951318 0.603182
vt 0.850729 0.486863
vt 0.741263 0.327008
vt 0.704299 0.299921
vt 0.735256 0.165719
vt 0.800384 0.199424
vt 0.347143 0.879342
vt 0.360341 0.882878
vt 0.370002 0.892540
vt 0.373539 0.989052
vt 0.273802 0.905738
vt 0.287000 0.882878
vt 0.246358 0.776353
vt 0.276033 0.892082
vt 0.298893 0.878884
vt 0.345838 0.878884
vt 0.359036 0.882420
vt 0.372234 0.905280
vt 0.146621 0.905280
vt 0.150158 0.892082
vt 0.159819 0.882420
vt 0.219962 0.878884
vt 0.233160 0.882420
vt 0.242822 0.892082
vt 0.272497 0.877953
vt 0.288910 0.514787
vt 0.393933 0.539023
vt 0.138693 0.806766
vt 0.199014 0.686124
vt 0.958800 0.318202
vt 0.949875 0.312239
vt 0.950313 0.296128
vt 0.995218 0.296128
vt 0.950313 0.379673
vt 0.949875 0.363070
vt 0.958800 0.357107
vt 0.964763 0.327127
vt 0.957755 0.317365
vt 0.948830 0.311401
vt 0.949267 0.294798
vt 0.994173 0.294798
vt 0.949267 0.378343
vt 0.948830 0.362233
vt 0.957755 0.356269
vt 0.963718 0.326290
vt 0.937785 0.322485
vt 0.861888 0.273214
vt 0.938265 0.321553
vt 0.951318 0.438538
vt 0.875876 0.438538
vt 0.804666 0.318135
vt 0.774170 0.327965
vt 0.713717 0.310762
vt 0.692966 0.286348
vt 0.683136 0.255851
vt 0.700339 0.195399
vt 0.687668 0.272533
vt 0.690391 0.209740
vt 0.709331 0.183894
vt 0.736719 0.167264
vt 0.799512 0.169987
vt 0.803794 0.288698
s 1
usemtl SpacialRoverExploreralumWhite.001
f 41/1/1 51/2/2 54/3/1
f 45/4/3 53/5/4 56/6/3
f 58/7/5 46/8/6 55/9/6
f 39/10/7 49/11/8 52/12/7
f 110/13/9 136/14/10 117/15/10
f 109/16/11 137/17/12 128/18/11
f 123/19/13 145/20/14 144/21/13
f 35/22/15 57/23/16 48/24/15
f 37/25/17 47/26/18 50/27/17
f 9/28/19 7/29/20 14/30/21
f 146/31/22 122/32/23 139/33/23
f 126/34/24 132/35/25 107/36/25
f 112/37/26 140/38/27 121/39/27
f 118/40/28 130/41/29 111/42/29
f 124/43/30 134/44/31 115/45/31
f 116/46/32 142/47/33 125/48/33
f 6/49/34 3/50/35 15/51/35
f 2/52/36 17/53/37 18/54/38
f 8/55/39 22/56/40 16/57/40
f 7/29/20 1/58/41 24/59/41
f 1/60/42 27/61/43 26/62/44
f 4/63/45 28/64/45 30/65/45
f 5/66/46 20/67/47 32/68/47
f 4/63/48 33/69/49 21/70/50
f 10/71/51 13/72/52 34/73/52
f 65/74/53 75/75/54 78/76/53
f 69/77/55 77/78/56 80/79/55
f 82/80/57 70/81/58 79/82/58
f 63/83/59 73/84/60 76/85/59
f 59/86/61 81/87/62 72/88/61
f 61/89/63 71/90/64 74/91/63
f 48/24/15 36/92/18 35/22/15
f 52/12/7 40/93/2 39/10/7
f 58/7/5 44/94/16 43/95/5
f 50/27/17 38/96/8 37/25/17
f 54/3/1 42/97/4 41/1/1
f 45/4/3 55/98/6 46/99/6
f 72/100/61 60/101/64 59/102/61
f 76/85/59 64/103/54 63/83/59
f 82/80/57 68/104/62 67/105/57
f 74/91/63 62/106/60 61/89/63
f 78/76/53 66/107/56 65/74/53
f 80/79/55 70/81/58 69/77/55
f 43/108/65 94/109/65 91/110/65
f 40/111/65 87/112/65 39/113/65
f 99/114/34 65/115/34 102/116/34
f 59/117/34 60/118/34 95/119/34
f 65/115/34 99/114/34 64/120/34
f 64/120/34 99/114/34 63/121/34
f 130/41/29 112/122/26 111/42/29
f 132/35/25 108/123/66 107/36/25
f 134/44/31 116/46/32 115/45/31
f 144/21/13 124/43/30 123/19/13
f 140/38/27 122/32/23 121/39/27
f 142/47/33 126/34/24 125/48/33
f 128/18/11 110/13/9 109/16/11
f 136/14/10 118/40/28 117/15/10
f 113/124/22 145/20/14 114/125/14
f 138/126/67 120/127/12 119/128/67
f 108/123/66 138/126/67 119/128/67
f 44/129/65 35/130/65 84/131/65
f 87/112/65 40/111/65 90/132/65
f 42/133/65 89/134/65 41/135/65
f 37/136/65 38/137/65 85/138/65
f 85/138/65 38/137/65 88/139/65
f 38/137/65 39/113/65 88/139/65
f 40/111/65 41/135/65 90/132/65
f 37/136/65 85/138/65 86/140/65
f 92/141/65 89/134/65 42/133/65
f 37/136/65 86/140/65 83/142/65
f 92/141/65 42/133/65 45/143/65
f 36/144/65 37/136/65 83/142/65
f 35/130/65 36/144/65 83/142/65
f 92/141/65 45/143/65 46/145/65
f 35/130/65 83/142/65 84/131/65
f 91/110/65 92/141/65 46/145/65
f 93/146/65 44/129/65 84/131/65
f 46/145/65 43/108/65 91/110/65
f 94/109/65 44/129/65 93/146/65
f 89/134/65 90/132/65 41/135/65
f 102/116/34 65/115/34 66/147/34
f 44/129/65 94/109/65 43/108/65
f 39/113/65 87/112/65 88/139/65
f 61/148/34 62/149/34 97/150/34
f 97/150/34 62/149/34 100/151/34
f 62/149/34 63/121/34 100/151/34
f 101/152/34 102/116/34 66/147/34
f 61/148/34 97/150/34 98/153/34
f 101/152/34 66/147/34 69/154/34
f 60/118/34 61/148/34 98/153/34
f 104/155/34 101/152/34 69/154/34
f 60/118/34 98/153/34 95/119/34
f 96/156/34 59/117/34 95/119/34
f 103/157/34 104/155/34 69/154/34
f 103/157/34 69/154/34 70/158/34
f 59/117/34 96/156/34 105/159/34
f 106/160/34 103/157/34 70/158/34
f 106/160/34 68/161/34 105/159/34
f 68/161/34 59/117/34 105/159/34
f 106/160/34 70/158/34 67/162/34
f 68/161/34 106/160/34 67/162/34
f 63/121/34 99/114/34 100/151/34
f 110/13/9 127/163/9 136/14/10
f 109/16/11 120/127/12 137/17/12
f 123/19/13 114/125/14 145/20/14
f 146/31/22 113/124/22 122/32/23
f 126/34/24 141/164/24 132/35/25
f 112/37/26 129/165/26 140/38/27
f 118/40/28 135/166/28 130/41/29
f 124/43/30 143/167/30 134/44/31
f 116/46/32 133/168/32 142/47/33
f 130/41/29 129/169/26 112/122/26
f 132/35/25 131/170/66 108/123/66
f 134/44/31 133/168/32 116/46/32
f 144/21/13 143/167/30 124/43/30
f 140/38/27 139/33/23 122/32/23
f 142/47/33 141/164/24 126/34/24
f 128/18/11 127/163/9 110/13/9
f 136/14/10 135/166/28 118/40/28
f 113/124/22 146/31/22 145/20/14
f 138/126/67 137/17/12 120/127/12
f 108/123/66 131/170/66 138/126/67
f 161/171/68 179/172/68 147/173/68
f 154/174/68 189/175/68 156/176/68
f 148/177/68 179/172/68 182/178/68
f 149/179/68 194/180/68 180/181/68
f 157/182/68 188/183/68 190/184/68
f 150/185/68 180/181/68 183/186/68
f 158/187/68 191/188/68 159/189/68
f 151/190/68 182/178/68 184/191/68
f 156/176/68 181/192/68 158/187/68
f 152/193/68 183/186/68 185/194/68
f 160/195/68 190/184/68 192/196/68
f 151/190/68 186/197/68 153/198/68
f 159/189/68 193/199/68 161/171/68
f 152/193/68 187/200/68 154/174/68
f 162/201/68 192/196/68 194/180/68
f 155/202/68 186/197/68 188/183/68
f 179/203/69 199/204/70 182/205/70
f 169/206/71 232/207/72 231/208/73
f 180/209/74 207/210/65 183/211/65
f 182/205/70 200/212/75 184/213/75
f 183/211/65 208/214/76 185/215/76
f 184/213/75 201/216/77 186/217/77
f 187/218/78 208/214/76 209/219/78
f 186/217/77 202/220/79 188/221/79
f 187/218/78 210/222/80 189/223/80
f 188/221/79 203/224/81 190/225/81
f 181/226/34 195/227/82 191/228/82
f 189/223/80 196/229/34 181/226/34
f 192/230/83 203/224/81 204/231/83
f 193/232/84 195/227/82 197/233/84
f 192/230/83 205/234/85 194/235/85
f 179/203/69 197/236/84 198/237/69
f 194/235/85 206/238/74 180/209/74
f 164/239/68 195/240/68 196/241/68
f 163/242/68 197/243/68 195/240/68
f 165/244/68 198/245/68 197/243/68
f 166/246/68 199/247/68 198/245/68
f 167/248/68 200/249/68 199/247/68
f 168/250/68 201/251/68 200/249/68
f 169/252/68 202/253/68 201/251/68
f 171/254/68 202/253/68 170/255/68
f 172/256/68 203/257/68 171/254/68
f 173/258/68 204/259/68 172/256/68
f 174/260/68 205/261/68 173/258/68
f 175/262/68 206/263/68 174/260/68
f 176/264/68 207/265/68 175/262/68
f 177/266/68 208/267/68 176/264/68
f 178/268/68 209/269/68 177/266/68
f 178/268/68 196/241/68 210/270/68
f 177/271/86 236/272/87 235/273/88
f 171/274/89 239/275/90 240/276/91
f 163/277/92 164/278/93 243/279/94
f 164/278/95 238/280/96 246/281/97
f 171/274/89 247/282/98 248/283/99
f 165/284/100 245/285/101 250/286/102
f 173/287/103 252/288/104 254/289/105
f 165/290/100 255/291/106 256/292/107
f 174/293/108 254/289/105 257/294/109
f 166/295/110 259/296/111 260/297/112
f 175/298/113 258/299/114 261/300/115
f 167/301/116 263/302/117 264/303/118
f 176/304/119 262/305/120 265/306/121
f 168/307/122 267/308/123 233/309/124
f 177/271/86 266/310/125 268/311/126
f 219/312/127 230/313/127 220/314/127
f 292/315/34 230/316/34 228/317/34
f 216/318/128 227/319/128 217/320/128
f 213/321/65 293/322/65 214/323/65
f 220/324/129 222/325/129 212/326/129
f 218/327/130 227/319/130 228/328/130
f 215/329/131 293/322/131 225/330/131
f 211/331/132 222/325/132 221/332/132
f 219/312/70 228/328/70 229/333/70
f 215/329/133 226/334/133 216/318/133
f 211/331/134 294/335/134 213/321/134
f 288/336/129 270/337/129 269/338/129
f 285/339/127 288/340/127 286/341/127
f 283/342/70 286/341/70 284/343/70
f 281/344/130 284/343/130 282/345/130
f 279/346/128 282/345/128 280/347/128
f 277/348/133 280/347/133 278/349/133
f 275/350/131 278/349/131 276/351/131
f 273/352/65 276/351/65 274/353/65
f 271/354/134 274/353/134 272/355/134
f 270/337/132 272/355/132 269/338/132
f 225/330/131 293/322/131 292/356/131
f 294/335/134 221/332/134 291/357/134
f 223/358/65 292/356/65 224/359/65
f 224/359/65 293/322/65 290/360/65
f 289/361/65 291/357/65 223/358/65
f 290/360/65 294/335/65 289/361/65
f 311/362/135 296/363/136 307/364/136
f 316/365/137 312/366/137 308/367/137
f 304/368/138 310/369/139 317/370/138
f 298/371/68 306/372/68 302/373/68
f 301/374/140 316/375/141 314/376/140
f 302/373/142 315/377/143 313/378/142
f 303/379/144 314/376/140 315/380/144
f 317/370/138 306/381/145 304/368/138
f 318/382/146 305/383/141 306/381/146
f 308/367/147 297/384/148 295/385/147
f 309/386/149 296/363/136 297/387/149
f 310/369/139 300/388/150 312/389/150
f 300/388/151 311/362/135 312/389/151
f 313/378/142 295/385/147 302/373/142
f 354/390/81 332/391/152 331/392/81
f 353/393/152 333/394/153 332/391/152
f 355/395/153 334/396/65 333/394/153
f 356/397/65 335/398/154 334/396/65
f 357/399/154 336/400/155 335/398/154
f 358/401/155 337/402/34 336/400/155
f 337/402/34 360/403/156 338/404/156
f 338/404/156 361/405/157 339/406/157
f 361/405/157 340/407/70 339/406/157
f 340/407/70 363/408/158 341/409/158
f 329/410/154 376/411/155 330/412/155
f 363/413/158 342/414/159 341/415/158
f 364/416/159 331/392/81 342/414/159
f 343/417/81 350/418/81 349/419/81
f 344/420/137 351/421/137 350/418/137
f 346/422/68 349/419/68 352/423/68
f 344/420/70 346/424/70 348/425/70
f 347/426/160 349/419/160 350/418/160
f 347/427/137 350/418/137 351/421/137
f 349/419/68 345/428/68 352/423/68
f 320/429/137 354/430/137 319/431/137
f 320/429/137 355/432/137 353/433/137
f 322/434/137 355/432/137 321/435/137
f 322/434/137 357/436/137 356/437/137
f 324/438/137 357/436/137 323/439/137
f 325/440/137 358/441/137 324/438/137
f 325/440/137 360/442/137 359/443/137
f 327/444/137 360/442/137 326/445/137
f 328/446/137 361/447/137 327/444/137
f 328/446/137 363/448/137 362/449/137
f 329/450/137 364/451/137 363/448/137
f 319/431/137 364/451/137 330/452/137
f 319/453/34 365/454/156 320/455/156
f 326/456/152 373/457/153 327/458/153
f 323/459/158 370/460/159 324/461/159
f 330/412/155 366/462/34 319/453/34
f 320/455/156 367/463/157 321/464/157
f 327/458/153 374/465/65 328/466/65
f 324/461/159 371/467/81 325/468/81
f 321/464/157 368/469/70 322/470/70
f 328/466/65 375/471/154 329/472/154
f 325/468/81 372/473/152 326/456/152
f 322/470/70 369/474/158 323/459/158
f 383/475/137 382/476/137 381/477/137
f 384/478/70 392/479/70 382/476/70
f 378/480/137 379/481/137 377/482/137
f 377/482/65 387/483/65 378/480/65
f 380/484/70 389/485/70 379/481/70
f 381/477/65 386/486/65 383/475/65
f 395/487/161 400/488/162 394/489/162
f 395/487/161 402/490/163 401/491/161
f 394/489/162 399/492/164 393/493/164
f 396/494/163 403/495/165 402/490/163
f 404/496/137 409/497/137 403/498/137
f 400/499/166 405/500/166 399/501/166
f 402/502/167 407/503/167 401/504/167
f 404/505/168 405/500/168 410/506/168
f 403/498/169 408/507/169 402/502/169
f 401/504/68 406/508/68 400/499/68
f 398/509/170 399/492/164 404/510/170
f 406/511/81 408/512/81 410/513/81
f 398/509/170 403/495/165 397/514/165
f 418/515/171 436/516/172 419/517/172
f 412/518/173 432/519/174 415/520/174
f 416/521/175 434/522/176 417/523/176
f 424/524/177 442/525/178 425/526/178
f 420/527/179 438/528/180 421/529/180
f 426/530/181 430/531/182 413/532/182
f 440/533/65 436/534/65 432/535/65
f 422/536/183 440/537/184 423/538/184
f 432/519/174 416/521/175 415/520/174
f 418/515/171 434/522/176 433/539/171
f 430/531/182 414/540/185 413/532/182
f 412/541/173 428/542/186 427/543/173
f 442/525/178 426/530/181 425/526/178
f 438/528/180 422/536/183 421/529/180
f 424/524/177 440/537/184 439/544/177
f 420/527/179 436/516/172 435/545/179
f 414/540/185 428/542/186 411/546/186
f 449/547/187 447/548/187 450/549/187
f 486/550/137 481/551/137 489/552/137
f 446/553/70 487/554/70 445/555/70
f 448/556/65 444/557/65 447/558/65
f 444/557/137 486/550/137 484/559/137
f 445/560/68 482/561/68 448/562/68
f 451/563/70 445/555/70 452/564/70
f 449/565/81 445/560/81 448/562/81
f 449/547/188 454/566/189 455/567/189
f 456/568/81 449/565/81 455/569/81
f 453/570/70 452/564/70 456/571/70
f 458/572/190 494/573/190 460/574/190
f 460/574/68 457/575/68 458/572/68
f 462/576/65 459/577/65 490/578/65
f 454/566/189 490/579/65 455/567/189
f 456/568/81 490/580/81 491/581/81
f 456/571/70 461/582/70 453/570/70
f 471/583/81 477/584/81 464/585/81
f 470/586/70 466/587/70 467/588/70
f 469/589/81 464/585/81 466/590/81
f 467/588/191 465/591/191 463/592/191
f 468/593/192 464/585/192 465/591/192
f 469/589/193 472/594/193 471/583/193
f 470/595/194 493/596/194 472/594/194
f 460/574/68 463/592/68 459/597/68
f 475/598/65 479/599/65 480/600/65
f 464/585/192 475/601/192 465/591/192
f 459/577/34 473/602/34 490/578/34
f 493/596/194 478/603/194 472/594/194
f 465/591/191 476/604/191 463/592/191
f 490/605/137 480/606/137 493/596/137
f 472/594/193 479/607/193 471/583/193
f 463/592/68 474/608/68 459/597/68
f 448/556/85 481/609/85 443/610/85
f 487/554/70 483/611/70 445/555/70
f 483/612/81 489/613/81 481/609/81
f 485/614/61 486/550/61 487/615/61
f 487/615/61 489/552/61 488/616/61
f 493/596/137 491/617/137 490/605/137
f 497/618/70 494/573/70 495/619/70
f 491/620/81 494/573/81 496/621/81
f 491/622/137 497/618/137 461/623/137
f 502/624/187 504/625/187 505/626/187
f 541/627/137 536/628/137 498/629/137
f 542/630/70 501/631/70 500/632/70
f 499/633/65 503/634/65 502/635/65
f 541/627/137 499/633/137 539/636/137
f 537/637/68 500/638/68 503/639/68
f 500/632/70 506/640/70 507/641/70
f 504/642/34 500/638/34 507/643/34
f 509/644/189 504/625/188 510/645/189
f 504/642/34 511/646/34 510/647/34
f 507/641/70 508/648/70 511/649/70
f 549/650/190 513/651/190 515/652/190
f 512/653/68 515/652/68 513/651/68
f 514/654/65 517/655/65 545/656/65
f 545/657/65 509/644/189 510/645/189
f 511/646/34 545/658/34 510/647/34
f 516/659/70 511/649/70 508/648/70
f 532/660/34 526/661/34 519/662/34
f 521/663/70 525/664/70 546/665/70
f 524/666/34 519/662/34 526/661/34
f 520/667/195 522/668/195 518/669/195
f 519/662/196 523/670/196 520/667/196
f 527/671/197 524/666/197 526/661/197
f 548/672/198 525/673/198 527/671/198
f 518/669/68 515/652/68 514/674/68
f 534/675/65 530/676/65 529/677/65
f 530/678/196 519/662/196 520/667/196
f 528/679/81 514/654/81 545/656/81
f 533/680/198 548/672/198 527/671/198
f 531/681/195 520/667/195 518/669/195
f 535/682/137 545/683/137 548/672/137
f 534/684/197 527/671/197 526/661/197
f 529/685/68 518/669/68 514/674/68
f 536/686/78 503/634/78 498/629/78
f 538/687/70 542/630/70 500/632/70
f 536/686/34 543/688/34 538/689/34
f 541/627/61 540/690/61 542/691/61
f 544/692/61 542/691/61 543/693/61
f 546/694/137 548/672/137 545/683/137
f 552/695/70 549/650/70 551/696/70
f 546/697/34 549/650/34 515/698/34
f 552/695/137 546/699/137 516/700/137
f 553/701/81 559/702/81 569/703/81
f 554/704/199 556/705/199 553/701/199
f 555/706/200 561/707/201 556/708/201
f 586/709/34 577/710/34 587/711/34
f 579/712/202 586/713/203 590/714/203
f 560/715/204 572/716/205 564/717/206
f 564/717/206 573/718/207 563/719/208
f 563/719/208 571/720/209 565/721/210
f 567/722/211 565/721/210 571/720/209
f 562/723/212 566/724/53 561/725/53
f 557/726/213 566/724/53 568/727/214
f 558/728/215 568/727/214 570/729/216
f 559/730/217 570/729/216 569/731/217
f 579/712/202 582/732/218 576/733/219
f 554/704/34 575/734/34 555/735/34
f 580/736/220 575/737/220 578/738/220
f 575/739/221 590/714/203 585/740/222
f 583/741/220 581/742/220 584/743/220
f 579/744/81 584/743/81 581/742/81
f 576/745/34 583/741/34 577/746/34
f 560/747/223 588/748/224 574/749/225
f 608/750/81 631/751/81 632/752/81
f 592/753/68 630/754/68 631/755/68
f 602/756/65 609/757/65 608/750/65
f 601/758/65 606/759/65 602/756/65
f 600/760/65 605/761/65 601/758/65
f 599/762/226 658/763/65 657/764/65
f 636/765/70 626/766/227 625/767/227
f 657/764/81 635/768/81 656/769/81
f 600/760/81 634/770/81 635/768/81
f 601/758/81 633/771/81 634/770/81
f 608/750/65 594/772/65 592/753/65
f 602/756/81 632/752/81 633/771/81
f 627/773/228 610/774/228 624/775/228
f 625/767/81 610/776/81 599/762/81
f 610/774/229 603/777/226 599/762/226
f 638/778/34 622/779/34 639/780/34
f 612/781/137 644/782/137 593/783/137
f 630/754/68 613/784/68 638/785/68
f 609/757/65 621/786/65 622/779/65
f 606/759/65 620/787/65 621/786/65
f 605/761/65 619/788/65 620/787/65
f 658/763/65 618/789/226 660/790/65
f 626/766/227 643/791/70 629/792/227
s 0
f 659/793/230 667/794/70 660/790/231
s 1
f 641/795/34 619/788/34 642/796/34
f 640/797/34 620/787/34 641/795/34
f 594/772/65 622/779/65 613/784/65
f 639/780/34 621/786/34 640/797/34
f 701/798/232 732/799/233 623/800/234
f 618/789/34 628/801/34 629/802/34
f 603/777/226 701/803/232 623/804/234
f 627/773/235 626/805/227 629/806/227
f 591/807/70 630/808/70 593/809/70
f 595/810/70 632/752/70 591/807/70
f 596/811/70 633/771/70 595/810/70
f 597/812/70 634/770/70 596/811/70
f 598/813/70 656/769/70 661/814/70
f 598/813/70 637/815/70 636/765/70
f 591/807/70 632/752/70 631/751/70
f 612/816/70 630/808/70 638/817/70
f 614/818/70 639/819/70 640/820/70
f 614/818/70 641/821/70 615/822/70
f 615/822/70 642/823/70 616/824/70
f 662/825/70 642/823/70 659/826/70
f 617/827/70 637/815/70 607/828/70
f 612/816/70 638/817/70 639/819/70
f 655/829/70 650/830/70 663/831/70
f 593/783/137 645/832/137 591/833/137
f 614/834/81 651/835/81 612/836/81
f 591/837/34 646/838/34 595/839/34
f 615/840/81 652/841/81 614/834/81
f 595/839/34 647/842/34 596/843/34
f 616/844/81 653/845/81 615/840/81
f 596/843/34 648/846/34 597/847/34
f 617/848/81 664/849/81 662/850/81
f 597/847/34 663/831/34 661/851/34
f 607/852/68 655/829/68 617/853/68
f 598/854/68 650/830/68 607/852/68
f 661/851/34 649/855/34 598/856/34
f 662/850/81 654/857/81 616/844/81
f 654/857/70 648/846/70 651/858/70
f 617/827/70 659/826/70 643/791/70
f 661/814/70 635/768/70 597/812/70
f 659/793/34 618/789/34 643/859/34
f 604/860/137 668/861/137 619/788/137
f 599/762/81 656/769/81 636/765/81
f 660/790/68 665/862/68 658/763/68
f 600/760/65 658/763/65 604/860/65
f 684/863/81 687/864/81 686/865/81
f 687/864/68 695/866/68 689/867/68
f 681/868/137 670/869/137 683/870/137
f 670/871/65 694/872/65 693/873/65
f 690/874/34 681/868/34 680/875/34
f 679/876/236 680/877/236 681/878/236
f 682/879/237 683/880/237 684/881/237
f 685/882/238 686/883/238 687/884/238
f 688/885/239 689/886/239 690/887/239
f 696/888/81 670/869/81 693/873/81
f 695/889/34 669/890/34 681/868/34
f 695/866/68 693/873/68 694/872/68
f 700/891/65 697/892/65 699/893/65
f 708/894/68 712/895/68 698/896/68
f 692/897/70 714/898/70 720/899/70
f 716/900/81 697/892/81 711/901/81
f 706/902/81 734/903/81 704/904/81
f 701/803/228 627/773/228 702/905/228
f 623/906/34 730/907/34 628/908/34
f 702/909/81 731/910/81 701/911/81
f 628/912/240 729/913/240 702/914/240
f 719/915/34 707/916/34 698/896/34
f 673/917/70 721/918/70 674/919/70
f 677/920/70 723/921/70 678/922/70
f 676/923/70 726/924/70 725/925/70
f 672/926/70 728/927/70 727/928/70
f 672/926/70 722/929/70 673/917/70
f 674/919/70 724/930/70 677/920/70
f 678/922/70 726/924/70 675/931/70
f 671/932/70 725/925/70 728/927/70
f 703/933/228 730/934/228 704/935/228
f 705/936/228 732/799/228 731/937/228
f 706/902/228 730/907/228 732/938/228
f 705/939/228 729/940/228 703/941/228
f 704/935/233 733/942/233 703/933/233
f 705/939/34 733/942/34 735/943/34
f 705/936/240 736/944/240 706/945/240
f 740/946/60 742/947/60 744/948/60
f 748/949/241 778/950/242 746/951/242
f 745/952/137 780/953/241 747/954/241
f 748/949/241 782/955/243 779/956/241
f 749/957/244 780/953/241 781/958/244
f 752/959/245 782/955/243 750/960/243
f 757/961/34 814/962/34 759/963/34
f 756/964/246 790/965/247 788/966/246
f 789/967/81 819/968/81 818/969/81
f 758/970/247 791/971/248 790/965/247
f 753/972/34 812/973/34 755/974/34
f 759/963/249 794/975/68 761/976/68
f 793/977/68 764/978/250 795/979/250
f 761/976/68 796/980/250 763/981/250
f 764/978/250 797/982/53 795/979/250
f 763/981/250 798/983/53 765/984/53
f 766/985/53 800/986/251 797/982/53
f 767/987/251 798/983/53 799/988/251
f 768/989/251 802/990/65 800/986/251
f 767/987/251 801/991/65 769/992/65
f 802/990/65 772/993/252 804/994/252
f 769/992/65 803/995/252 771/996/252
f 774/997/58 804/994/252 772/993/252
f 773/998/58 803/995/252 805/999/58
f 754/1000/81 776/1001/253 768/1002/81
f 774/997/58 808/1003/254 806/1004/58
f 775/1005/255 805/999/58 807/1006/255
f 746/1007/256 823/1008/256 821/1009/256
f 745/952/137 807/1006/255 777/1010/137
f 757/961/34 765/1011/34 773/1012/34
f 798/1013/81 789/967/81 781/958/81
f 779/1014/34 793/1015/34 802/1016/34
f 787/1017/81 818/969/81 816/1018/81
f 785/1019/81 816/1018/81 815/1020/81
f 781/958/244 809/1021/257 749/957/244
f 753/972/34 810/1022/34 811/1023/34
f 755/974/34 813/1024/34 757/961/34
f 783/1025/81 820/1026/81 781/958/81
f 785/1019/81 817/1027/81 783/1025/81
f 751/1028/34 809/1029/34 810/1022/34
f 793/977/68 760/1030/248 762/1031/68
f 746/1007/258 822/1032/259 776/1033/253
f 778/1034/260 824/1035/261 823/1008/262
f 776/1036/263 824/1035/263 808/1037/263
f 759/963/249 819/1038/264 792/1039/249
f 666/1040/34 658/1041/34 665/1042/34
f 666/1040/65 667/1043/65 668/1044/65
f 557/1045/201 558/1046/201 556/708/201
f 558/1046/201 559/1047/201 556/708/201
f 575/1048/221 562/1049/265 555/706/200
f 562/1049/265 561/707/201 555/706/200
f 585/1050/222 564/1051/266 575/1048/221
f 563/1052/267 565/1053/268 575/1048/221
f 565/1053/268 562/1049/265 575/1048/221
f 564/1051/266 563/1052/267 575/1048/221
f 585/1050/222 560/1054/269 564/1051/266
f 561/707/201 557/1045/201 556/708/201
f 590/1055/270 587/711/270 589/1056/270
f 654/857/70 664/849/70 663/831/70
f 648/846/70 645/1057/70 651/858/70
f 654/857/70 663/831/70 648/846/70
f 857/1058/81 855/1059/271 856/1060/81
f 858/1061/271 854/1062/272 855/1059/271
f 859/1063/272 853/1064/273 854/1062/272
f 853/1064/273 861/1065/274 852/1066/274
f 861/1065/274 851/1067/275 852/1066/274
f 851/1067/275 863/1068/276 850/1069/276
f 850/1069/276 864/1070/277 849/1071/277
f 864/1072/277 848/1073/34 849/1074/277
f 865/1075/34 847/1076/278 848/1073/34
f 847/1076/278 867/1077/279 846/1078/279
f 867/1077/279 845/1079/280 846/1078/279
f 868/1080/280 844/1081/281 845/1079/280
f 869/1082/281 843/1083/282 844/1081/281
f 843/1083/282 871/1084/283 842/1085/283
f 867/1086/284 863/1087/284 859/1088/284
f 871/1084/283 841/1089/285 842/1085/283
f 841/1089/285 857/1058/81 856/1060/81
f 834/1090/286 830/1091/286 826/1092/286
f 874/1093/287 938/1094/288 937/1095/287
f 939/1096/289 880/1097/290 940/1098/290
f 940/1098/290 882/1099/291 941/1100/292
f 882/1101/291 944/1102/293 941/1103/292
f 884/1104/293 945/1105/294 944/1102/293
f 914/1106/295 929/1107/294 936/1108/295
f 942/1109/296 896/1110/297 949/1111/297
f 886/1112/294 976/1113/295 888/1113/295
f 904/1114/298 937/1095/287 946/1115/298
f 883/1116/60 891/1117/60 899/1118/60
f 939/1096/289 876/1119/288 878/1120/289
f 877/1121/60 908/1122/60 909/1123/60
f 877/1121/60 910/1124/60 879/1125/60
f 879/1125/60 911/1126/60 881/1127/60
f 885/1128/60 912/1129/60 913/1130/60
f 885/1128/60 914/1131/60 887/1132/60
f 889/1133/60 914/1131/60 915/1134/60
f 891/1117/60 917/1135/60 893/1136/60
f 895/1137/60 917/1135/60 918/1138/60
f 897/1139/60 918/1138/60 919/1140/60
f 901/1141/60 920/1142/60 921/1143/60
f 903/1144/60 921/1143/60 922/1145/60
f 903/1144/60 907/1146/60 873/1147/60
f 947/1148/299 904/1114/298 946/1115/298
f 948/1149/300 902/1150/299 947/1148/299
f 943/1151/301 890/1152/302 892/1153/301
f 949/1111/297 898/1154/303 950/1155/303
f 948/1149/300 898/1154/303 900/1156/304
f 942/1109/296 892/1153/301 894/1157/296
f 951/1158/302 888/1113/295 890/1152/302
f 945/1105/294 888/1113/295 952/1159/295
f 915/1160/305 936/1108/295 935/1161/302
f 917/1162/296 927/1163/301 926/1164/296
f 920/1165/306 934/1166/303 932/1167/300
f 918/1168/297 934/1166/303 919/1169/307
f 916/1170/308 935/1161/302 927/1163/301
f 920/1165/306 931/1171/299 921/1172/299
f 921/1172/299 930/1173/298 922/1174/298
f 908/1175/309 923/1176/289 909/1177/289
f 922/1174/298 906/1178/287 907/1179/310
f 917/1162/296 933/1180/297 918/1168/297
f 928/1181/293 913/1182/294 912/1183/311
f 925/1184/292 912/1183/311 911/1185/312
f 910/1186/290 925/1187/292 911/1188/312
f 909/1177/289 924/1189/290 910/1186/290
f 907/1179/310 905/1190/288 908/1175/309
f 936/1108/295 945/1105/294 955/1191/313
f 936/1108/295 954/1192/305 935/1161/302
f 927/1163/301 942/1109/296 926/1164/296
f 934/1166/303 948/1149/300 932/1167/300
f 933/1180/297 950/1155/303 934/1166/303
f 927/1163/301 954/1192/305 956/1193/305
f 926/1164/296 949/1111/297 933/1180/297
f 944/1102/293 929/1107/294 958/1194/314
f 925/1184/292 958/1194/314 928/1181/293
f 953/1195/315 963/1196/315 961/1197/315
f 955/1191/313 951/1158/302 956/1193/305
f 955/1198/58 964/1199/58 963/1196/58
f 960/1200/316 941/1103/292 944/1102/293
f 961/1197/317 964/1199/317 962/1201/317
f 965/1202/318 967/1203/318 968/1204/318
f 958/1205/319 968/1204/319 960/1206/319
f 957/1207/60 965/1202/60 958/1208/60
f 954/1209/320 964/1199/320 956/1210/320
f 953/1211/60 962/1201/60 954/1212/60
f 960/1213/58 967/1203/58 959/1214/58
f 959/1215/321 966/1216/322 957/1217/322
f 969/1218/58 988/1219/58 987/1220/58
f 894/1157/296 980/1110/297 896/1110/297
f 904/1114/298 989/1221/323 991/1222/323
f 882/1099/291 972/1097/290 973/1099/291
f 888/1113/295 977/1152/302 890/1152/302
f 898/1154/303 980/1110/297 981/1154/303
f 876/1119/288 969/1093/287 970/1119/288
f 882/1101/291 974/1104/293 884/1104/293
f 892/1153/301 977/1152/302 978/1153/301
f 900/1156/304 981/1154/303 982/1156/304
f 876/1119/288 971/1120/289 878/1120/289
f 886/1112/294 974/1104/293 975/1112/294
f 892/1153/301 979/1157/296 894/1157/296
f 900/1156/304 982/1156/304 993/1223/324
f 874/1093/287 992/1114/325 994/1224/326
f 878/1120/289 972/1097/290 880/1097/290
f 983/1225/327 990/1226/65 993/1227/65
f 986/1228/81 994/1229/328 988/1230/329
f 984/1231/68 993/1227/68 985/1232/68
f 989/1233/330 984/1234/74 991/1235/74
f 991/1235/83 987/1236/83 994/1237/328
f 987/1220/58 985/1238/58 982/1239/58
f 982/1239/58 981/1240/58 987/1220/58
f 981/1240/58 980/1241/58 987/1220/58
f 980/1241/58 979/1242/58 987/1220/58
f 979/1242/58 978/1243/58 987/1220/58
f 978/1243/58 977/1244/58 987/1220/58
f 977/1244/58 976/1245/58 987/1220/58
f 976/1245/58 975/1246/58 987/1220/58
f 975/1246/58 974/1247/58 987/1220/58
f 974/1247/58 973/1248/58 987/1220/58
f 973/1248/58 972/1249/58 987/1220/58
f 972/1249/58 971/1250/58 987/1220/58
f 971/1250/58 970/1251/58 987/1220/58
f 970/1251/58 969/1218/58 987/1220/58
f 969/1218/58 986/1252/58 988/1219/58
f 41/1/1 40/93/2 51/2/2
f 45/4/3 42/97/4 53/5/4
f 58/7/5 43/95/5 46/8/6
f 39/10/7 38/96/8 49/11/8
f 35/22/15 44/94/16 57/23/16
f 37/25/17 36/92/18 47/26/18
f 7/29/20 12/1253/331 11/1254/19
f 14/30/21 13/72/332 9/28/19
f 7/29/20 11/1254/19 14/30/21
f 15/51/35 17/53/37 6/49/34
f 3/50/35 16/57/35 15/51/35
f 19/1255/36 20/67/36 2/52/36
f 2/52/36 6/49/34 17/53/37
f 18/54/38 19/1255/36 2/52/36
f 16/57/40 3/50/40 8/55/333
f 8/55/39 21/70/50 22/56/40
f 25/1256/41 12/1253/331 7/29/20
f 1/58/41 23/1257/41 24/59/41
f 24/59/41 25/1256/41 7/29/20
f 26/62/44 23/1258/42 1/60/42
f 1/60/42 5/66/46 27/61/43
f 4/63/45 10/71/51 29/1259/334
f 4/63/45 29/1259/334 28/64/45
f 30/65/45 31/1260/45 4/63/45
f 32/68/47 27/61/43 5/66/46
f 5/66/46 2/52/47 20/67/47
f 21/70/50 8/55/39 4/63/48
f 4/63/48 31/1260/48 33/69/49
f 34/73/52 29/1259/334 10/71/51
f 10/71/51 9/28/52 13/72/52
f 65/74/53 64/103/54 75/75/54
f 69/77/55 66/107/56 77/78/56
f 82/80/57 67/105/57 70/81/58
f 63/83/59 62/106/60 73/84/60
f 59/86/61 68/104/62 81/87/62
f 61/89/63 60/101/64 71/90/64
f 48/24/15 47/26/18 36/92/18
f 52/12/7 51/2/2 40/93/2
f 58/7/5 57/23/16 44/94/16
f 50/27/17 49/11/8 38/96/8
f 54/3/1 53/5/4 42/97/4
f 45/4/3 56/6/3 55/98/6
f 72/100/61 71/90/64 60/101/64
f 76/85/59 75/75/54 64/103/54
f 82/80/57 81/87/62 68/104/62
f 74/91/63 73/84/60 62/106/60
f 78/76/53 77/78/56 66/107/56
f 80/79/55 79/82/58 70/81/58
f 161/171/68 193/199/68 179/172/68
f 154/174/68 187/200/68 189/175/68
f 148/177/68 147/173/68 179/172/68
f 149/179/68 162/201/68 194/180/68
f 157/182/68 155/202/68 188/183/68
f 150/185/68 149/179/68 180/181/68
f 158/187/68 181/192/68 191/188/68
f 151/190/68 148/177/68 182/178/68
f 156/176/68 189/175/68 181/192/68
f 152/193/68 150/185/68 183/186/68
f 160/195/68 157/182/68 190/184/68
f 151/190/68 184/191/68 186/197/68
f 159/189/68 191/188/68 193/199/68
f 152/193/68 185/194/68 187/200/68
f 162/201/68 160/195/68 192/196/68
f 155/202/68 153/198/68 186/197/68
f 179/203/69 198/237/69 199/204/70
f 234/1261/335 170/1262/336 169/206/71
f 169/206/71 233/309/124 232/207/72
f 231/208/73 234/1261/335 169/206/71
f 180/209/74 206/238/74 207/210/65
f 182/205/70 199/204/70 200/212/75
f 183/211/65 207/210/65 208/214/76
f 184/213/75 200/212/75 201/216/77
f 187/218/78 185/215/76 208/214/76
f 186/217/77 201/216/77 202/220/79
f 187/218/78 209/219/78 210/222/80
f 188/221/79 202/220/79 203/224/81
f 181/226/34 196/229/34 195/227/82
f 189/223/80 210/222/80 196/229/34
f 192/230/83 190/225/81 203/224/81
f 193/232/84 191/228/82 195/227/82
f 192/230/83 204/231/83 205/234/85
f 179/203/69 193/1263/84 197/236/84
f 194/235/85 205/234/85 206/238/74
f 164/239/68 163/242/68 195/240/68
f 163/242/68 165/244/68 197/243/68
f 165/244/68 166/246/68 198/245/68
f 166/246/68 167/248/68 199/247/68
f 167/248/68 168/250/68 200/249/68
f 168/250/68 169/252/68 201/251/68
f 169/252/68 170/255/68 202/253/68
f 171/254/68 203/257/68 202/253/68
f 172/256/68 204/259/68 203/257/68
f 173/258/68 205/261/68 204/259/68
f 174/260/68 206/263/68 205/261/68
f 175/262/68 207/265/68 206/263/68
f 176/264/68 208/267/68 207/265/68
f 177/266/68 209/269/68 208/267/68
f 178/268/68 210/270/68 209/269/68
f 178/268/68 164/239/68 196/241/68
f 238/280/96 178/1264/337 177/271/86
f 177/271/86 237/1265/338 236/272/87
f 235/273/88 238/280/96 177/271/86
f 171/274/89 170/1262/336 234/1261/335
f 171/274/89 234/1261/335 239/275/90
f 240/276/91 241/1266/339 171/274/89
f 242/1267/340 245/285/101 163/277/92
s 0
f 164/278/137 244/1268/34 243/279/68
s 1
f 243/279/94 242/1267/340 163/277/92
f 246/281/97 244/1268/341 164/278/95
f 164/278/95 178/1264/337 238/280/96
f 248/283/99 172/1269/342 171/274/89
f 171/274/89 241/1266/339 247/282/98
f 249/1270/343 251/1271/344 165/284/100
f 165/284/100 163/277/92 245/285/101
f 250/286/102 249/1270/343 165/284/100
f 173/287/103 172/1269/342 248/283/99
f 252/288/104 253/1272/345 254/289/105
f 173/287/103 248/283/99 252/288/104
f 256/292/107 166/295/110 165/290/100
f 165/290/100 251/1273/344 255/291/106
f 257/294/109 258/299/114 174/293/108
f 174/293/108 173/287/103 254/289/105
f 260/297/112 167/301/116 166/295/110
f 166/295/110 256/292/107 259/296/111
f 261/300/115 262/305/120 175/298/113
f 175/298/113 174/293/108 258/299/114
f 264/303/118 168/307/122 167/301/116
f 167/301/116 260/297/112 263/302/117
f 265/306/121 266/310/125 176/304/119
f 176/304/119 175/298/113 262/305/120
f 233/309/124 169/206/71 168/307/122
f 168/307/122 264/303/118 267/308/123
f 268/311/126 237/1265/338 177/271/86
f 177/271/86 176/304/119 266/310/125
f 219/312/127 229/333/127 230/313/127
f 228/317/34 227/1274/34 226/1275/34
f 226/1275/34 225/1276/34 292/315/34
f 292/315/34 291/1277/34 221/1278/34
f 221/1278/34 222/325/34 230/316/34
f 230/316/34 229/1279/34 228/317/34
f 228/317/34 226/1275/34 292/315/34
f 292/315/34 221/1278/34 230/316/34
f 216/318/128 226/334/128 227/319/128
f 213/321/65 294/335/65 293/322/65
f 220/324/129 230/316/129 222/325/129
f 218/327/130 217/320/130 227/319/130
f 215/329/131 214/323/131 293/322/131
f 211/331/132 212/326/132 222/325/132
f 219/312/70 218/327/70 228/328/70
f 215/329/133 225/330/133 226/334/133
f 211/331/134 221/332/134 294/335/134
f 288/336/129 287/1280/129 270/337/129
f 285/339/127 287/1281/127 288/340/127
f 283/342/70 285/339/70 286/341/70
f 281/344/130 283/342/130 284/343/130
f 279/346/128 281/344/128 282/345/128
f 277/348/133 279/346/133 280/347/133
f 275/350/131 277/348/131 278/349/131
f 273/352/65 275/350/65 276/351/65
f 271/354/134 273/352/134 274/353/134
f 270/337/132 271/354/132 272/355/132
f 223/358/65 291/357/65 292/356/65
f 224/359/65 292/356/65 293/322/65
f 289/361/65 294/335/65 291/357/65
f 290/360/65 293/322/65 294/335/65
f 311/362/135 298/1282/135 296/363/136
f 308/367/137 313/378/137 315/1283/137
f 315/1283/137 314/1284/137 316/365/137
f 316/365/137 318/1285/137 317/1286/137
f 317/1286/137 310/1287/137 312/366/137
f 312/366/137 311/1288/137 307/1289/137
f 307/1289/137 309/1290/137 308/367/137
f 308/367/137 315/1283/137 316/365/137
f 316/365/137 317/1286/137 312/366/137
f 312/366/137 307/1289/137 308/367/137
f 304/368/138 299/1291/139 310/369/139
f 302/373/68 295/385/68 297/1292/68
f 297/1292/68 296/1293/68 298/371/68
f 298/371/68 300/1294/68 299/1291/68
f 299/1291/68 304/368/68 306/372/68
f 306/372/68 305/1295/68 301/1296/68
f 301/1296/68 303/1297/68 302/373/68
f 302/373/68 297/1292/68 298/371/68
f 298/371/68 299/1291/68 306/372/68
f 306/372/68 301/1296/68 302/373/68
f 301/374/140 305/383/141 316/375/141
f 302/373/142 303/1298/143 315/377/143
f 303/379/144 301/374/140 314/376/140
f 317/370/138 318/382/145 306/381/145
f 318/382/146 316/375/141 305/383/141
f 308/367/147 309/1299/148 297/384/148
f 309/386/149 307/364/136 296/363/136
f 310/369/139 299/1291/139 300/388/150
f 300/388/151 298/1282/135 311/362/135
f 313/378/142 308/367/147 295/385/147
f 354/390/81 353/393/152 332/391/152
f 353/393/152 355/395/153 333/394/153
f 355/395/153 356/397/65 334/396/65
f 356/397/65 357/399/154 335/398/154
f 357/399/154 358/401/155 336/400/155
f 358/401/155 359/1300/34 337/402/34
f 337/402/34 359/1300/34 360/403/156
f 338/404/156 360/403/156 361/405/157
f 361/405/157 362/1301/70 340/407/70
f 340/407/70 362/1301/70 363/408/158
f 329/410/154 375/1302/154 376/411/155
f 363/413/158 364/416/159 342/414/159
f 364/416/159 354/390/81 331/392/81
f 343/417/81 344/420/81 350/418/81
f 344/420/137 348/1303/137 351/421/137
f 346/422/68 343/417/68 349/419/68
f 344/420/70 343/417/70 346/424/70
f 347/426/160 345/1304/160 349/419/160
f 320/429/137 353/433/137 354/430/137
f 320/429/137 321/435/137 355/432/137
f 322/434/137 356/437/137 355/432/137
f 322/434/137 323/439/137 357/436/137
f 324/438/137 358/441/137 357/436/137
f 325/440/137 359/443/137 358/441/137
f 325/440/137 326/445/137 360/442/137
f 327/444/137 361/447/137 360/442/137
f 328/446/137 362/449/137 361/447/137
f 328/446/137 329/450/137 363/448/137
f 329/450/137 330/452/137 364/451/137
f 319/431/137 354/430/137 364/451/137
f 319/453/34 366/462/34 365/454/156
f 326/456/152 372/473/152 373/457/153
f 323/459/158 369/474/158 370/460/159
f 330/412/155 376/411/155 366/462/34
f 320/455/156 365/454/156 367/463/157
f 327/458/153 373/457/153 374/465/65
f 324/461/159 370/460/159 371/467/81
f 321/464/157 367/463/157 368/469/70
f 328/466/65 374/465/65 375/471/154
f 325/468/81 371/467/81 372/473/152
f 322/470/70 368/469/70 369/474/158
f 383/475/137 384/478/137 382/476/137
f 384/478/70 390/1305/70 392/479/70
f 378/480/137 380/484/137 379/481/137
f 377/482/65 385/1306/65 387/483/65
f 380/484/70 388/1307/70 389/485/70
f 381/477/65 391/1308/65 386/486/65
f 395/487/161 401/491/161 400/488/162
f 395/487/161 396/494/163 402/490/163
f 394/489/162 400/488/162 399/492/164
f 396/494/163 397/514/165 403/495/165
f 404/496/137 410/1309/137 409/497/137
f 400/499/166 406/508/166 405/500/166
f 402/502/167 408/507/167 407/503/167
f 404/505/168 399/501/168 405/500/168
f 403/498/169 409/497/169 408/507/169
f 401/504/68 407/503/68 406/508/68
f 398/509/170 393/493/164 399/492/164
f 410/513/81 405/1310/81 406/511/81
f 406/511/81 407/1311/81 408/512/81
f 408/512/81 409/1312/81 410/513/81
f 398/509/170 404/510/170 403/495/165
f 418/515/171 433/539/171 436/516/172
f 412/518/173 427/1313/173 432/519/174
f 416/521/175 431/1314/175 434/522/176
f 424/524/177 439/544/177 442/525/178
f 420/527/179 435/545/179 438/528/180
f 426/530/181 441/1315/181 430/531/182
f 432/535/65 427/1316/65 428/1317/65
f 428/1317/65 429/1318/65 430/1319/65
f 430/1319/65 441/1320/65 442/1321/65
f 442/1321/65 439/1322/65 440/533/65
f 440/533/65 437/1323/65 438/1324/65
f 438/1324/65 435/1325/65 436/534/65
f 436/534/65 433/1326/65 434/1327/65
f 434/1327/65 431/1328/65 432/535/65
f 432/535/65 428/1317/65 430/1319/65
f 430/1319/65 442/1321/65 440/533/65
f 440/533/65 438/1324/65 436/534/65
f 436/534/65 434/1327/65 432/535/65
f 432/535/65 430/1319/65 440/533/65
f 422/536/183 437/1329/183 440/537/184
f 432/519/174 431/1314/175 416/521/175
f 418/515/171 417/523/176 434/522/176
f 430/531/182 429/1330/185 414/540/185
f 412/541/173 411/546/186 428/542/186
f 442/525/178 441/1315/181 426/530/181
f 438/528/180 437/1329/183 422/536/183
f 424/524/177 423/538/184 440/537/184
f 420/527/179 419/517/172 436/516/172
f 414/540/185 429/1330/185 428/542/186
f 449/547/187 448/1331/187 447/548/187
f 486/550/137 443/610/137 481/551/137
f 446/553/70 485/1332/70 487/554/70
f 448/556/65 443/610/65 444/557/65
f 444/557/137 443/610/137 486/550/137
f 445/560/68 483/1333/68 482/561/68
f 451/563/70 446/553/70 445/555/70
f 449/565/81 452/1334/81 445/560/81
f 449/547/188 450/549/188 454/566/189
f 456/568/81 452/1334/81 449/565/81
f 453/570/70 451/563/70 452/564/70
f 458/572/190 495/619/190 494/573/190
f 460/574/68 459/597/68 457/575/68
f 462/576/65 457/1335/65 459/577/65
f 454/566/189 462/1336/65 490/579/65
f 456/568/81 455/569/81 490/580/81
f 456/571/70 491/1337/70 461/582/70
f 471/583/81 479/607/81 477/584/81
f 467/588/70 460/574/70 491/1338/70
f 491/1338/70 492/1339/70 470/586/70
f 470/586/70 469/1340/70 466/587/70
f 466/587/70 468/1341/70 467/588/70
f 467/588/70 491/1338/70 470/586/70
f 469/589/81 471/583/81 464/585/81
f 467/588/191 468/593/191 465/591/191
f 468/593/192 466/590/192 464/585/192
f 469/589/193 470/595/193 472/594/193
f 470/595/194 492/1342/194 493/596/194
f 460/574/68 467/588/68 463/592/68
f 480/600/65 473/602/65 474/1343/65
f 474/1343/65 476/1344/65 475/598/65
f 475/598/65 477/1345/65 479/599/65
f 479/599/65 478/1346/65 480/600/65
f 480/600/65 474/1343/65 475/598/65
f 464/585/192 477/584/192 475/601/192
f 459/577/34 474/1343/34 473/602/34
f 493/596/194 480/606/194 478/603/194
f 465/591/191 475/601/191 476/604/191
f 490/605/137 473/1347/137 480/606/137
f 472/594/193 478/603/193 479/607/193
f 463/592/68 476/604/68 474/608/68
f 448/556/85 482/1348/85 481/609/85
f 487/554/70 488/1349/70 483/611/70
f 481/609/81 482/1348/81 483/612/81
f 483/612/81 488/1350/81 489/613/81
f 485/614/61 484/559/61 486/550/61
f 487/615/61 486/550/61 489/552/61
f 493/596/137 492/1342/137 491/617/137
f 497/618/70 496/621/70 494/573/70
f 491/620/81 460/1351/81 494/573/81
f 491/622/137 496/621/137 497/618/137
f 502/624/187 503/1352/187 504/625/187
f 541/627/137 544/692/137 536/628/137
f 542/630/70 540/1353/70 501/631/70
f 499/633/65 498/629/65 503/634/65
f 541/627/137 498/629/137 499/633/137
f 537/637/68 538/1354/68 500/638/68
f 500/632/70 501/631/70 506/640/70
f 504/642/34 503/639/34 500/638/34
f 509/644/189 505/626/188 504/625/188
f 504/642/34 507/643/34 511/646/34
f 507/641/70 506/640/70 508/648/70
f 549/650/190 550/1355/190 513/651/190
f 512/653/68 514/674/68 515/652/68
f 514/654/65 512/1356/65 517/655/65
f 545/657/65 517/1357/65 509/644/189
f 511/646/34 546/1358/34 545/658/34
f 516/659/70 546/1359/70 511/649/70
f 532/660/34 534/684/34 526/661/34
f 546/665/70 515/652/70 522/668/70
f 522/668/70 523/1360/70 521/663/70
f 521/663/70 524/1361/70 525/664/70
f 525/664/70 547/1362/70 546/665/70
f 546/665/70 522/668/70 521/663/70
f 524/666/34 521/1363/34 519/662/34
f 520/667/195 523/670/195 522/668/195
f 519/662/196 521/1363/196 523/670/196
f 527/671/197 525/673/197 524/666/197
f 548/672/198 547/1364/198 525/673/198
f 518/669/68 522/668/68 515/652/68
f 529/677/65 528/679/65 535/1365/65
f 535/1365/65 533/1366/65 534/675/65
f 534/675/65 532/1367/65 530/676/65
f 530/676/65 531/1368/65 529/677/65
f 529/677/65 535/1365/65 534/675/65
f 530/678/196 532/660/196 519/662/196
f 528/679/81 529/677/81 514/654/81
f 533/680/198 535/682/198 548/672/198
f 531/681/195 530/678/195 520/667/195
f 535/682/137 528/1369/137 545/683/137
f 534/684/197 533/680/197 527/671/197
f 529/685/68 531/681/68 518/669/68
f 536/686/78 537/1370/78 503/634/78
f 538/687/70 543/1371/70 542/630/70
f 538/689/34 537/1370/34 536/686/34
f 536/686/34 544/1372/34 543/688/34
f 541/627/61 539/636/61 540/690/61
f 544/692/61 541/627/61 542/691/61
f 546/694/137 547/1364/137 548/672/137
f 552/695/70 550/1355/70 549/650/70
f 546/697/34 551/696/34 549/650/34
f 552/695/137 551/696/137 546/699/137
f 553/701/81 556/705/81 559/702/81
f 554/704/199 555/735/199 556/705/199
f 586/709/34 576/1373/34 577/710/34
f 579/712/202 576/733/219 586/713/203
f 560/715/204 574/1374/204 572/716/205
f 564/717/206 572/716/205 573/718/207
f 563/719/208 573/718/207 571/720/209
f 567/722/211 562/723/212 565/721/210
f 562/723/212 567/722/211 566/724/53
f 557/726/213 561/725/53 566/724/53
f 558/728/215 557/726/213 568/727/214
f 559/730/217 558/728/215 570/729/216
f 579/712/202 581/1375/218 582/732/218
f 554/704/34 578/1376/34 575/734/34
f 580/736/220 579/744/220 575/737/220
f 575/739/221 579/712/202 590/714/203
f 583/741/220 582/1377/220 581/742/220
f 579/744/81 580/736/81 584/743/81
f 576/745/34 582/1377/34 583/741/34
f 560/747/223 585/1378/346 588/748/224
f 608/750/81 592/753/81 631/751/81
f 592/753/68 594/772/68 630/754/68
f 602/756/65 606/759/65 609/757/65
f 601/758/65 605/761/65 606/759/65
f 600/760/65 604/860/65 605/761/65
f 599/762/226 603/777/226 658/763/65
f 636/765/70 637/815/70 626/766/227
f 657/764/81 600/760/81 635/768/81
f 600/760/81 601/758/81 634/770/81
f 601/758/81 602/756/81 633/771/81
f 608/750/65 609/757/65 594/772/65
f 602/756/81 608/750/81 632/752/81
f 627/773/228 611/1379/228 610/774/228
f 599/762/81 636/765/81 625/767/81
f 625/767/81 624/1380/81 610/776/81
f 610/774/229 611/1379/229 603/777/226
f 638/778/34 613/784/34 622/779/34
f 612/781/137 651/1381/137 644/782/137
f 630/754/68 594/772/68 613/784/68
f 609/757/65 606/759/65 621/786/65
f 606/759/65 605/761/65 620/787/65
f 605/761/65 604/860/65 619/788/65
f 658/763/65 603/777/226 618/789/226
f 626/766/227 637/815/70 643/791/70
f 659/793/34 642/1382/34 668/1383/34
f 659/793/34 668/1383/34 667/794/81
f 641/795/34 620/787/34 619/788/34
f 640/797/34 621/786/34 620/787/34
f 594/772/65 609/757/65 622/779/65
f 639/780/34 622/779/34 621/786/34
f 701/798/232 731/937/233 732/799/233
f 629/802/34 643/859/34 618/789/34
f 618/789/34 623/1384/34 628/801/34
f 623/804/234 618/789/226 603/777/226
f 603/777/226 611/1379/229 701/803/232
f 629/806/227 628/1385/235 702/905/235
f 627/773/235 624/775/235 625/1386/227
f 629/806/227 702/905/235 627/773/235
f 627/773/235 625/1386/227 626/805/227
f 591/807/70 631/751/70 630/808/70
f 595/810/70 633/771/70 632/752/70
f 596/811/70 634/770/70 633/771/70
f 597/812/70 635/768/70 634/770/70
f 598/813/70 636/765/70 656/769/70
f 598/813/70 607/828/70 637/815/70
f 612/816/70 593/809/70 630/808/70
f 614/818/70 612/816/70 639/819/70
f 614/818/70 640/820/70 641/821/70
f 615/822/70 641/821/70 642/823/70
f 662/825/70 616/824/70 642/823/70
f 617/827/70 643/791/70 637/815/70
f 663/831/70 664/849/70 655/829/70
f 650/830/70 649/855/70 663/831/70
f 593/783/137 644/782/137 645/832/137
f 614/834/81 652/841/81 651/835/81
f 591/837/34 645/1387/34 646/838/34
f 615/840/81 653/845/81 652/841/81
f 595/839/34 646/838/34 647/842/34
f 616/844/81 654/857/81 653/845/81
f 596/843/34 647/842/34 648/846/34
f 617/848/81 655/829/81 664/849/81
f 597/847/34 648/846/34 663/831/34
f 607/852/68 650/830/68 655/829/68
f 598/854/68 649/855/68 650/830/68
f 661/851/34 663/831/34 649/855/34
f 662/850/81 664/849/81 654/857/81
f 617/827/70 662/825/70 659/826/70
f 661/814/70 656/769/70 635/768/70
f 659/793/34 660/790/34 618/789/34
f 604/860/137 666/1388/137 668/861/137
f 599/762/81 657/764/81 656/769/81
f 660/790/68 667/1389/68 665/862/68
f 600/760/65 657/764/65 658/763/65
f 686/865/81 682/1390/81 684/863/81
f 684/863/81 696/888/81 687/864/81
f 689/867/68 685/1391/68 687/864/68
f 687/864/68 696/888/68 695/866/68
f 695/866/68 690/1392/68 689/867/68
f 683/870/137 679/1393/137 681/868/137
f 681/868/137 669/890/137 670/869/137
f 670/869/137 684/863/137 683/870/137
f 670/871/65 669/1394/65 694/872/65
f 680/875/34 688/1395/34 690/874/34
f 690/874/34 695/889/34 681/868/34
f 696/888/81 684/863/81 670/869/81
f 695/889/34 694/1396/34 669/890/34
f 695/866/68 696/888/68 693/873/68
f 700/891/65 698/896/65 697/892/65
f 698/896/68 709/1397/68 708/894/68
f 708/894/68 710/1398/68 712/895/68
f 712/895/68 697/892/68 698/896/68
f 720/899/70 691/1399/70 692/897/70
f 692/897/70 715/1400/70 714/898/70
f 714/898/70 717/1401/70 720/899/70
f 711/901/81 713/1402/81 716/900/81
f 716/900/81 699/1403/81 697/892/81
f 697/892/81 712/895/81 711/901/81
f 706/902/81 736/944/81 734/903/81
f 701/803/228 611/1379/228 627/773/228
f 623/906/34 732/938/34 730/907/34
f 702/909/81 729/940/81 731/910/81
f 628/912/240 730/934/240 729/913/240
f 698/896/34 700/1404/34 719/915/34
f 719/915/34 718/1405/34 707/916/34
f 707/916/34 709/1397/34 698/896/34
f 673/917/70 722/929/70 721/918/70
f 677/920/70 724/930/70 723/921/70
f 676/923/70 675/931/70 726/924/70
f 672/926/70 671/932/70 728/927/70
f 672/926/70 727/928/70 722/929/70
f 674/919/70 721/918/70 724/930/70
f 678/922/70 723/921/70 726/924/70
f 671/932/70 676/923/70 725/925/70
f 703/933/228 729/913/228 730/934/228
f 705/936/228 706/945/228 732/799/228
f 706/902/228 704/904/228 730/907/228
f 705/939/228 731/910/228 729/940/228
f 704/935/233 734/903/233 733/942/233
f 705/939/34 703/941/34 733/942/34
f 705/936/240 735/943/240 736/944/240
f 744/948/60 737/1406/60 738/1407/60
f 738/1407/60 739/1408/60 740/946/60
f 740/946/60 741/1409/60 742/947/60
f 742/947/60 743/1410/60 744/948/60
f 744/948/60 738/1407/60 740/946/60
f 748/949/241 779/956/241 778/950/242
f 745/952/137 777/1010/137 780/953/241
f 748/949/241 750/960/243 782/955/243
f 749/957/244 747/954/241 780/953/241
f 752/959/245 784/1411/245 782/955/243
f 757/961/34 813/1024/34 814/962/34
f 756/964/246 758/970/247 790/965/247
f 789/967/81 792/1412/81 819/968/81
f 758/970/247 760/1030/248 791/971/248
f 753/972/34 811/1023/34 812/973/34
f 759/963/249 792/1039/249 794/975/68
f 793/977/68 762/1031/68 764/978/250
f 761/976/68 794/975/68 796/980/250
f 764/978/250 766/985/53 797/982/53
f 763/981/250 796/980/250 798/983/53
f 766/985/53 768/989/251 800/986/251
f 767/987/251 765/984/53 798/983/53
f 768/989/251 770/1413/65 802/990/65
f 767/987/251 799/988/251 801/991/65
f 802/990/65 770/1413/65 772/993/252
f 769/992/65 801/991/65 803/995/252
f 774/997/58 806/1004/58 804/994/252
f 773/998/58 771/996/252 803/995/252
f 768/1002/81 766/1414/81 764/1415/81
f 764/1415/81 762/1416/81 760/1417/81
f 760/1417/81 758/1418/81 756/1419/81
f 754/1000/81 752/1420/81 750/1421/81
f 760/1417/81 756/1419/81 754/1000/81
f 768/1002/81 764/1415/81 760/1417/81
f 772/1422/81 770/1423/81 768/1002/81
f 776/1001/253 774/1424/81 772/1422/81
f 748/1425/81 746/1426/258 776/1001/253
f 754/1000/81 750/1421/81 748/1425/81
f 768/1002/81 760/1417/81 754/1000/81
f 776/1001/253 772/1422/81 768/1002/81
f 754/1000/81 748/1425/81 776/1001/253
f 774/997/58 776/1427/254 808/1003/254
f 775/1005/255 773/998/58 805/999/58
f 746/1007/256 778/1034/256 823/1008/256
f 745/952/137 775/1005/255 807/1006/255
f 773/1012/34 775/1428/34 745/1429/34
f 745/1429/34 747/1430/34 749/1431/34
f 749/1431/34 751/1028/34 753/972/34
f 753/972/34 755/974/34 757/961/34
f 757/961/34 759/963/34 761/1432/34
f 761/1432/34 763/1433/34 765/1011/34
f 765/1011/34 767/1434/34 769/1435/34
f 769/1435/34 771/1436/34 773/1012/34
f 773/1012/34 745/1429/34 749/1431/34
f 749/1431/34 753/972/34 757/961/34
f 757/961/34 761/1432/34 765/1011/34
f 765/1011/34 769/1435/34 773/1012/34
f 773/1012/34 749/1431/34 757/961/34
f 781/958/81 780/1437/81 777/1438/81
f 777/1438/81 807/1439/81 805/1440/81
f 805/1440/81 803/1441/81 801/1442/81
f 801/1442/81 799/1443/81 798/1013/81
f 798/1013/81 796/1444/81 794/1445/81
f 794/1445/81 792/1412/81 789/967/81
f 789/967/81 787/1017/81 785/1019/81
f 785/1019/81 783/1025/81 781/958/81
f 781/958/81 777/1438/81 805/1440/81
f 805/1440/81 801/1442/81 798/1013/81
f 798/1013/81 794/1445/81 789/967/81
f 789/967/81 785/1019/81 781/958/81
f 781/958/81 805/1440/81 798/1013/81
f 808/1446/347 778/1447/260 779/1014/34
f 779/1014/34 782/1448/34 784/1449/34
f 786/1450/34 788/1451/34 790/1452/34
f 779/1014/34 784/1449/34 786/1450/34
f 806/1453/34 808/1446/347 779/1014/34
f 802/1016/34 804/1454/34 806/1453/34
f 797/1455/34 800/1456/34 802/1016/34
f 793/1015/34 795/1457/34 797/1455/34
f 790/1452/34 791/1458/34 793/1015/34
f 779/1014/34 786/1450/34 790/1452/34
f 802/1016/34 806/1453/34 779/1014/34
f 793/1015/34 797/1455/34 802/1016/34
f 779/1014/34 790/1452/34 793/1015/34
f 787/1017/81 789/967/81 818/969/81
f 785/1019/81 787/1017/81 816/1018/81
f 781/958/348 820/1026/257 809/1021/257
f 753/972/34 751/1028/34 810/1022/34
f 755/974/34 812/973/34 813/1024/34
f 783/1025/81 817/1027/81 820/1026/81
f 785/1019/81 815/1020/81 817/1027/81
f 751/1028/34 749/1431/34 809/1029/34
f 793/977/68 791/971/248 760/1030/248
f 746/1007/349 821/1009/350 822/1032/259
f 778/1034/260 808/1037/347 824/1035/261
f 776/1036/263 822/1459/263 824/1035/263
f 759/963/351 814/962/264 819/1038/264
f 666/1040/34 604/1460/34 658/1041/34
f 666/1040/65 665/1042/65 667/1043/65
f 589/1056/270 588/1461/224 585/1462/346
f 590/1055/270 586/709/270 587/711/270
f 589/1056/270 585/1462/346 590/1055/270
f 857/1058/81 858/1061/271 855/1059/271
f 858/1061/271 859/1063/272 854/1062/272
f 859/1063/272 860/1463/273 853/1064/273
f 853/1064/273 860/1463/273 861/1065/274
f 861/1065/274 862/1464/275 851/1067/275
f 851/1067/275 862/1464/275 863/1068/276
f 850/1069/276 863/1068/276 864/1070/277
f 864/1072/277 865/1075/34 848/1073/34
f 865/1075/34 866/1465/278 847/1076/278
f 847/1076/278 866/1465/278 867/1077/279
f 867/1077/279 868/1080/280 845/1079/280
f 868/1080/280 869/1082/281 844/1081/281
f 869/1082/281 870/1466/282 843/1083/282
f 843/1083/282 870/1466/282 871/1084/283
f 859/1088/284 858/1467/284 857/1468/284
f 857/1468/284 872/1469/284 871/1470/284
f 871/1470/284 870/1471/284 869/1472/284
f 869/1472/284 868/1473/284 867/1086/284
f 867/1086/284 866/1474/284 865/1475/284
f 865/1475/284 864/1476/284 863/1087/284
f 863/1087/284 862/1477/284 861/1478/352
f 861/1478/352 860/1479/284 859/1088/284
f 859/1088/284 857/1468/284 871/1470/284
f 871/1470/284 869/1472/284 867/1086/284
f 867/1086/284 865/1475/284 863/1087/284
f 863/1087/284 861/1478/352 859/1088/284
f 859/1088/284 871/1470/284 867/1086/284
f 871/1084/283 872/1480/285 841/1089/285
f 841/1089/285 872/1480/285 857/1058/81
f 826/1092/286 825/1481/286 840/1482/286
f 840/1482/286 839/1483/286 838/1484/286
f 838/1484/286 837/1485/286 836/1486/286
f 836/1486/286 835/1487/286 834/1090/286
f 834/1090/286 833/1488/286 832/1489/286
f 832/1489/286 831/1490/286 830/1091/286
f 830/1091/286 829/1491/353 828/1492/286
f 828/1492/286 827/1493/353 826/1092/286
f 826/1092/286 840/1482/286 838/1484/286
f 838/1484/286 836/1486/286 834/1090/286
f 834/1090/286 832/1489/286 830/1091/286
f 830/1091/286 828/1492/286 826/1092/286
f 826/1092/286 838/1484/286 834/1090/286
f 874/1093/287 876/1119/288 938/1094/288
f 939/1096/289 878/1120/289 880/1097/290
f 940/1098/290 880/1097/290 882/1099/291
f 882/1101/291 884/1104/293 944/1102/293
f 884/1104/293 886/1112/294 945/1105/294
f 914/1106/295 913/1182/294 929/1107/294
f 942/1109/296 894/1157/296 896/1110/297
f 886/1112/294 975/1112/294 976/1113/295
f 904/1114/298 874/1093/287 937/1095/287
f 899/1118/60 901/1141/60 903/1144/60
f 903/1144/60 873/1147/60 875/1494/60
f 875/1494/60 877/1121/60 879/1125/60
f 879/1125/60 881/1127/60 883/1116/60
f 883/1116/60 885/1128/60 887/1132/60
f 887/1132/60 889/1133/60 891/1117/60
f 891/1117/60 893/1136/60 895/1137/60
f 895/1137/60 897/1139/60 899/1118/60
f 899/1118/60 903/1144/60 875/1494/60
f 875/1494/60 879/1125/60 883/1116/60
f 883/1116/60 887/1132/60 891/1117/60
f 891/1117/60 895/1137/60 899/1118/60
f 899/1118/60 875/1494/60 883/1116/60
f 939/1096/289 938/1094/288 876/1119/288
f 877/1121/60 875/1494/60 908/1122/60
f 877/1121/60 909/1123/60 910/1124/60
f 879/1125/60 910/1124/60 911/1126/60
f 885/1128/60 883/1116/60 912/1129/60
f 885/1128/60 913/1130/60 914/1131/60
f 889/1133/60 887/1132/60 914/1131/60
f 891/1117/60 916/1495/60 917/1135/60
f 895/1137/60 893/1136/60 917/1135/60
f 897/1139/60 895/1137/60 918/1138/60
f 901/1141/60 899/1118/60 920/1142/60
f 903/1144/60 901/1141/60 921/1143/60
f 903/1144/60 922/1145/60 907/1146/60
f 947/1148/299 902/1150/299 904/1114/298
f 948/1149/300 900/1156/304 902/1150/299
f 943/1151/301 951/1158/302 890/1152/302
f 949/1111/297 896/1110/297 898/1154/303
f 948/1149/300 950/1155/303 898/1154/303
f 942/1109/296 943/1151/301 892/1153/301
f 951/1158/302 952/1159/295 888/1113/295
f 945/1105/294 886/1112/294 888/1113/295
f 915/1160/305 914/1106/295 936/1108/295
f 917/1162/296 916/1170/308 927/1163/301
f 920/1165/306 919/1169/307 934/1166/303
f 918/1168/297 933/1180/297 934/1166/303
f 916/1170/308 915/1160/305 935/1161/302
f 920/1165/306 932/1167/300 931/1171/299
f 921/1172/299 931/1171/299 930/1173/298
f 908/1175/309 905/1190/288 923/1176/289
f 922/1174/298 930/1173/298 906/1178/287
f 917/1162/296 926/1164/296 933/1180/297
f 928/1181/293 929/1107/294 913/1182/294
f 925/1184/292 928/1181/293 912/1183/311
f 910/1186/290 924/1189/290 925/1187/292
f 909/1177/289 923/1176/289 924/1189/290
f 907/1179/310 906/1178/287 905/1190/288
f 955/1191/313 953/1496/354 936/1108/295
f 936/1108/295 929/1107/294 945/1105/294
f 945/1105/294 952/1159/295 955/1191/313
f 936/1108/295 953/1496/354 954/1192/305
f 927/1163/301 943/1151/301 942/1109/296
f 934/1166/303 950/1155/303 948/1149/300
f 933/1180/297 949/1111/297 950/1155/303
f 951/1158/302 943/1151/301 927/1163/301
f 927/1163/301 935/1161/302 954/1192/305
f 956/1193/305 951/1158/302 927/1163/301
f 926/1164/296 942/1109/296 949/1111/297
f 958/1194/314 960/1200/316 944/1102/293
f 944/1102/293 945/1105/294 929/1107/294
f 929/1107/294 928/1181/293 958/1194/314
f 925/1184/292 957/1497/318 958/1194/314
f 953/1195/315 955/1498/315 963/1196/315
f 955/1191/313 952/1159/295 951/1158/302
f 955/1198/58 956/1499/58 964/1199/58
f 960/1200/355 959/1500/318 941/1103/356
f 961/1197/317 963/1196/317 964/1199/317
f 965/1202/318 966/1216/318 967/1203/318
f 958/1205/319 965/1202/319 968/1204/319
f 957/1207/60 966/1216/60 965/1202/60
f 954/1209/320 962/1201/320 964/1199/320
f 953/1211/60 961/1197/60 962/1201/60
f 960/1213/58 968/1204/58 967/1203/58
f 959/1215/321 967/1203/322 966/1216/322
f 894/1157/296 979/1157/296 980/1110/297
f 902/1150/299 990/1150/357 989/1221/323
f 991/1222/323 992/1114/325 904/1114/298
f 904/1114/298 902/1150/299 989/1221/323
f 882/1099/291 880/1097/290 972/1097/290
f 888/1113/295 976/1113/295 977/1152/302
f 898/1154/303 896/1110/297 980/1110/297
f 876/1119/288 874/1093/287 969/1093/287
f 882/1101/291 973/1101/291 974/1104/293
f 892/1153/301 890/1152/302 977/1152/302
f 900/1156/304 898/1154/303 981/1154/303
f 876/1119/288 970/1119/288 971/1120/289
f 886/1112/294 884/1104/293 974/1104/293
f 892/1153/301 978/1153/301 979/1157/296
f 990/1150/357 902/1150/299 900/1156/304
f 982/1156/304 985/1501/324 993/1223/324
f 993/1223/324 990/1150/357 900/1156/304
f 986/1224/326 969/1093/287 874/1093/287
f 874/1093/287 904/1114/298 992/1114/325
f 994/1224/326 986/1224/326 874/1093/287
f 878/1120/289 971/1120/289 972/1097/290
f 983/1225/327 989/1233/330 990/1226/65
f 985/1232/68 987/1502/358 984/1231/68
f 984/1231/68 983/1225/68 993/1227/68
f 989/1233/330 983/1225/327 984/1234/74
f 994/1237/328 992/1503/359 991/1235/83
f 991/1235/83 984/1234/83 987/1236/83
f 987/1236/83 988/1504/329 994/1237/328
f 1014/1505/81 1016/1506/81 1008/1507/81
f 997/1508/34 1027/1509/34 1029/1510/34
f 1006/1511/34 1007/1512/34 1024/1513/34
f 1005/1514/360 1008/1515/361 1000/1516/361
f 1001/1517/362 1067/1518/363 1066/1519/362
f 1003/1520/363 1009/1521/364 1067/1518/363
f 1009/1521/365 1000/1516/361 1008/1515/361
f 1063/1522/366 1006/1523/367 1004/1524/366
f 1012/1525/367 1007/1526/368 1006/1523/367
f 1011/1527/369 1005/1514/360 1007/1526/369
f 997/1528/370 1046/1529/371 999/1530/370
f 1038/1531/372 1047/1532/373 1040/1533/373
f 999/1530/81 1071/1534/81 1044/1535/81
f 998/1536/374 1037/1537/375 996/1538/374
f 996/1539/34 1070/1540/34 1041/1541/34
f 1044/1542/375 1039/1543/376 1037/1537/375
f 1045/1544/377 1038/1531/372 1039/1543/377
f 1047/1532/373 1042/1545/378 1040/1533/373
f 1048/1546/379 1041/1541/371 1042/1545/379
f 1053/1547/380 995/1548/380 1050/1549/380
f 1056/1550/381 1052/1551/381 1051/1552/381
f 1050/1549/382 1054/1553/382 1053/1547/382
f 1055/1554/383 1049/1555/383 1052/1551/383
f 1055/1556/34 1034/1557/34 1054/1558/34
f 1060/1559/384 1057/1560/385 1058/1561/384
f 1051/1552/386 1059/1562/385 1056/1550/386
f 995/1548/387 1060/1559/387 1058/1561/387
f 995/1563/81 1057/1564/81 1051/1552/81
f 995/1563/81 1049/1565/81 1050/1566/81
f 1052/1567/81 995/1563/81 1051/1552/81
f 1049/1565/81 995/1563/81 1052/1567/81
f 1054/1558/34 1034/1557/34 1053/1568/34
f 1034/1557/34 1055/1556/34 1056/1550/34
f 1059/1562/34 1034/1557/34 1056/1550/34
f 1030/1569/34 1000/1570/34 1002/1571/34
f 1002/1571/34 1003/1572/34 1030/1569/34
f 1001/1517/34 1030/1569/34 1003/1572/34
f 1005/1573/34 1030/1569/34 1026/1574/34
f 1024/1513/34 1004/1575/34 1006/1511/34
f 1024/1513/34 1007/1512/34 1005/1573/34
f 1008/1507/81 1020/1576/81 1009/1577/81
f 1009/1577/81 1020/1576/81 1067/1578/81
f 1064/1579/81 1010/1580/81 1011/1581/81
f 1012/1582/81 1063/1583/81 1064/1579/81
f 1011/1581/81 1012/1582/81 1064/1579/81
f 1020/1576/81 1066/1519/81 1067/1578/81
f 1041/1541/34 1070/1540/34 1042/1584/34
f 1042/1584/34 1070/1540/34 1040/1585/34
f 1040/1585/34 1070/1540/34 1038/1586/34
f 1039/1587/34 1070/1540/34 1037/1588/34
f 1038/1586/34 1070/1540/34 1039/1587/34
f 1044/1535/81 1071/1534/81 1045/1589/81
f 1047/1590/81 1071/1534/81 1048/1591/81
f 1048/1591/81 1071/1534/81 1046/1529/81
f 1045/1589/81 1071/1534/81 1043/1592/81
f 1043/1592/81 1071/1534/81 1047/1590/81
f 996/1593/388 1036/1594/389 998/1595/388
f 997/1508/34 1035/1596/34 996/1597/34
f 1035/1596/389 1066/1519/362 1036/1594/389
f 1004/1598/366 999/1530/390 1063/1599/366
f 999/1600/81 1017/1601/81 1015/1602/81
f 1036/1594/81 999/1600/81 998/1603/81
f 1090/1604/81 1092/1605/81 1084/1606/81
f 1073/1607/34 1103/1608/34 1105/1609/34
f 1082/1610/34 1083/1611/34 1100/1612/34
f 1081/1613/360 1084/1614/361 1076/1615/361
f 1077/1616/362 1130/1617/363 1129/1618/362
f 1079/1619/363 1085/1620/364 1130/1617/363
f 1085/1620/365 1076/1615/361 1084/1614/361
f 1126/1621/366 1082/1622/367 1080/1623/366
f 1088/1624/367 1083/1625/368 1082/1622/367
f 1087/1626/369 1081/1613/360 1083/1625/369
f 1073/1627/370 1121/1628/371 1075/1629/370
f 1113/1630/372 1122/1631/373 1115/1632/373
f 1075/1629/81 1134/1633/81 1119/1634/81
f 1074/1635/374 1112/1636/375 1072/1637/374
f 1072/1638/34 1133/1639/34 1116/1640/34
f 1119/1641/375 1114/1642/376 1112/1636/375
f 1120/1643/377 1113/1630/372 1114/1642/377
f 1122/1631/373 1117/1644/378 1115/1632/373
f 1123/1645/379 1116/1640/371 1117/1644/379
f 1106/1646/34 1076/1647/34 1078/1648/34
f 1078/1648/34 1079/1649/34 1106/1646/34
f 1077/1616/34 1106/1646/34 1079/1649/34
f 1081/1650/34 1106/1646/34 1102/1651/34
f 1100/1612/34 1080/1652/34 1082/1610/34
f 1100/1612/34 1083/1611/34 1081/1650/34
f 1084/1606/81 1096/1653/81 1085/1654/81
f 1085/1654/81 1096/1653/81 1130/1655/81
f 1127/1656/81 1086/1657/81 1087/1658/81
f 1088/1659/81 1126/1660/81 1127/1656/81
f 1087/1658/81 1088/1659/81 1127/1656/81
f 1096/1653/81 1129/1618/81 1130/1655/81
f 1116/1640/34 1133/1639/34 1117/1661/34
f 1117/1661/34 1133/1639/34 1115/1662/34
f 1115/1662/34 1133/1639/34 1113/1663/34
f 1114/1664/34 1133/1639/34 1112/1665/34
f 1113/1663/34 1133/1639/34 1114/1664/34
f 1119/1634/81 1134/1633/81 1120/1666/81
f 1122/1667/81 1134/1633/81 1123/1668/81
f 1123/1668/81 1134/1633/81 1121/1628/81
f 1120/1666/81 1134/1633/81 1118/1669/81
f 1118/1669/81 1134/1633/81 1122/1667/81
f 1072/1670/388 1111/1671/389 1074/1672/388
f 1073/1607/34 1110/1673/34 1072/1674/34
f 1110/1673/389 1129/1618/362 1111/1671/389
f 1080/1675/366 1075/1629/390 1126/1676/366
f 1075/1677/81 1093/1678/81 1091/1679/81
f 1111/1671/81 1075/1677/81 1074/1680/81
f 1145/1681/391 1158/1682/392 1144/1683/392
f 1138/1684/393 1153/1685/394 1152/1686/395
f 1138/1684/393 1139/1687/396 1153/1685/394
f 1145/1681/391 1146/1688/397 1159/1689/398
f 1139/1687/396 1154/1690/399 1153/1685/394
f 1146/1688/397 1160/1691/400 1159/1689/398
f 1139/1687/396 1155/1692/401 1154/1690/399
f 1146/1688/397 1147/1693/402 1160/1691/400
f 1147/1693/402 1161/1694/403 1160/1691/400
f 1141/1695/404 1155/1692/401 1140/1696/405
f 1147/1693/402 1148/1697/406 1161/1694/403
f 1135/1698/372 1151/1699/407 1150/1700/372
f 1141/1695/404 1142/1701/408 1156/1702/409
f 1135/1698/372 1136/1703/410 1151/1699/407
f 1148/1697/406 1162/1704/411 1161/1694/403
f 1142/1701/408 1157/1705/412 1156/1702/409
f 1142/1701/408 1143/1706/413 1157/1705/412
f 1137/1707/414 1151/1699/407 1136/1703/410
f 1135/1698/372 1162/1708/411 1149/1709/415
f 1144/1683/392 1157/1705/412 1143/1706/413
f 1137/1707/414 1138/1684/393 1152/1686/395
f 1151/1710/81 1155/1711/81 1159/1712/81
f 1145/1713/34 1141/1714/34 1137/1715/34
f 1008/1507/81 1010/1580/81 1064/1579/81
f 1008/1507/81 1064/1579/81 1014/1505/81
f 1016/1506/81 1020/1576/81 1008/1507/81
f 1031/1716/34 1030/1569/34 1001/1517/34
f 1004/1575/34 1024/1513/34 1021/1717/34
f 1004/1575/34 1021/1717/34 1022/1718/34
f 1032/1719/34 1031/1716/34 1001/1517/34
f 1032/1719/34 1001/1517/34 1035/1596/34
f 997/1508/34 1004/1575/34 1022/1718/34
f 997/1508/34 1022/1718/34 1023/1720/34
f 1032/1719/34 1035/1596/34 997/1508/34
f 1033/1721/416 1032/1719/34 997/1508/34
f 997/1508/34 1023/1720/34 1028/1722/34
f 997/1508/34 1028/1722/34 1027/1509/34
f 1029/1510/34 1033/1721/416 997/1508/34
f 1005/1514/360 1010/1723/360 1008/1515/361
f 1001/1517/362 1003/1520/363 1067/1518/363
f 1003/1520/363 1002/1724/364 1009/1521/364
f 1009/1521/365 1002/1724/365 1000/1516/361
f 1063/1522/366 1012/1525/367 1006/1523/367
f 1012/1525/367 1011/1527/368 1007/1526/368
f 1011/1527/369 1010/1723/360 1005/1514/360
f 997/1528/370 1041/1541/371 1046/1529/371
f 1038/1531/372 1043/1725/372 1047/1532/373
f 1044/1535/81 998/1726/81 999/1530/81
f 999/1530/81 1046/1529/81 1071/1534/81
f 998/1536/374 1044/1542/375 1037/1537/375
f 1041/1541/34 997/1528/34 996/1539/34
f 996/1539/34 1037/1588/34 1070/1540/34
f 1044/1542/375 1045/1544/376 1039/1543/376
f 1045/1544/377 1043/1725/372 1038/1531/372
f 1047/1532/373 1048/1546/378 1042/1545/378
f 1048/1546/379 1046/1529/371 1041/1541/371
f 1053/1547/380 1034/1727/380 995/1548/380
f 1056/1550/381 1055/1554/381 1052/1551/381
f 1050/1549/382 1049/1555/382 1054/1553/382
f 1055/1554/383 1054/1553/383 1049/1555/383
f 1060/1559/384 1059/1728/385 1057/1560/385
f 1051/1552/386 1057/1564/385 1059/1562/385
f 995/1548/387 1034/1727/387 1060/1559/387
f 995/1563/81 1058/1729/81 1057/1564/81
f 1059/1562/34 1060/1730/34 1034/1557/34
f 1025/1731/34 1024/1513/34 1005/1573/34
f 1005/1573/34 1000/1570/34 1030/1569/34
f 1026/1574/34 1025/1731/34 1005/1573/34
f 996/1593/388 1035/1596/389 1036/1594/389
f 1035/1596/389 1001/1517/362 1066/1519/362
f 1004/1598/366 997/1528/390 999/1530/390
f 1062/1732/81 1064/1579/81 1063/1583/81
f 1066/1519/81 1020/1576/81 1018/1733/81
f 1066/1519/81 1018/1733/81 1069/1734/81
f 1068/1735/81 1062/1732/81 1063/1583/81
f 1013/1736/81 1068/1735/81 1063/1583/81
f 1036/1594/81 1066/1519/81 1069/1734/81
f 1036/1594/81 1069/1734/81 1019/1737/81
f 1013/1736/81 1063/1583/81 999/1600/81
f 1061/1738/81 1013/1736/81 999/1600/81
f 999/1600/81 1036/1594/81 1019/1737/81
f 999/1600/81 1019/1737/81 1065/1739/81
f 1015/1602/81 1061/1738/81 999/1600/81
f 999/1600/81 1065/1739/81 1017/1601/81
f 1084/1606/81 1086/1657/81 1127/1656/81
f 1084/1606/81 1127/1656/81 1090/1604/81
f 1092/1605/81 1096/1653/81 1084/1606/81
f 1107/1740/34 1106/1646/34 1077/1616/34
f 1080/1652/34 1100/1612/34 1097/1741/34
f 1080/1652/34 1097/1741/34 1098/1742/34
f 1108/1743/34 1107/1740/34 1077/1616/34
f 1108/1743/34 1077/1616/34 1110/1673/34
f 1073/1607/34 1080/1652/34 1098/1742/34
f 1073/1607/34 1098/1742/34 1099/1744/34
f 1108/1743/34 1110/1673/34 1073/1607/34
f 1109/1745/34 1108/1743/34 1073/1607/34
f 1073/1607/34 1099/1744/34 1104/1746/34
f 1073/1607/34 1104/1746/34 1103/1608/34
f 1105/1609/34 1109/1745/34 1073/1607/34
f 1081/1613/360 1086/1747/360 1084/1614/361
f 1077/1616/362 1079/1619/363 1130/1617/363
f 1079/1619/363 1078/1748/364 1085/1620/364
f 1085/1620/365 1078/1748/365 1076/1615/361
f 1126/1621/366 1088/1624/367 1082/1622/367
f 1088/1624/367 1087/1626/368 1083/1625/368
f 1087/1626/369 1086/1747/360 1081/1613/360
f 1073/1627/370 1116/1640/371 1121/1628/371
f 1113/1630/372 1118/1749/372 1122/1631/373
f 1119/1634/81 1074/1750/81 1075/1629/81
f 1075/1629/81 1121/1628/81 1134/1633/81
f 1074/1635/374 1119/1641/375 1112/1636/375
f 1116/1640/34 1073/1627/34 1072/1638/34
f 1072/1638/34 1112/1665/34 1133/1639/34
f 1119/1641/375 1120/1643/376 1114/1642/376
f 1120/1643/377 1118/1749/372 1113/1630/372
f 1122/1631/373 1123/1645/378 1117/1644/378
f 1123/1645/379 1121/1628/371 1116/1640/371
f 1101/1751/34 1100/1612/34 1081/1650/34
f 1081/1650/34 1076/1647/34 1106/1646/34
f 1102/1651/34 1101/1751/34 1081/1650/34
f 1072/1670/388 1110/1673/389 1111/1671/389
f 1110/1673/389 1077/1616/362 1129/1618/362
f 1080/1675/366 1073/1627/390 1075/1629/390
f 1125/1752/81 1127/1656/81 1126/1660/81
f 1129/1618/81 1096/1653/81 1094/1753/81
f 1129/1618/81 1094/1753/81 1132/1754/81
f 1131/1755/81 1125/1752/81 1126/1660/81
f 1089/1756/81 1131/1755/81 1126/1660/81
f 1111/1671/81 1129/1618/81 1132/1754/81
f 1111/1671/81 1132/1754/81 1095/1757/81
f 1089/1756/81 1126/1660/81 1075/1677/81
f 1124/1758/81 1089/1756/81 1075/1677/81
f 1075/1677/81 1111/1671/81 1095/1757/81
f 1075/1677/81 1095/1757/81 1128/1759/81
f 1091/1679/81 1124/1758/81 1075/1677/81
f 1075/1677/81 1128/1759/81 1093/1678/81
f 1145/1681/391 1159/1689/398 1158/1682/392
f 1139/1687/396 1140/1696/405 1155/1692/401
f 1141/1695/404 1156/1702/409 1155/1692/401
f 1148/1697/406 1149/1760/415 1162/1704/411
f 1137/1707/414 1152/1686/395 1151/1699/407
f 1135/1698/372 1150/1700/372 1162/1708/411
f 1144/1683/392 1158/1682/392 1157/1705/412
f 1162/1761/81 1150/1762/81 1151/1710/81
f 1151/1710/81 1152/1763/81 1153/1764/81
f 1153/1764/81 1154/1765/81 1155/1711/81
f 1155/1711/81 1156/1766/81 1157/1767/81
f 1157/1767/81 1158/1768/81 1159/1712/81
f 1159/1712/81 1160/1769/81 1161/1770/81
f 1161/1770/81 1162/1761/81 1151/1710/81
f 1151/1710/81 1153/1764/81 1155/1711/81
f 1155/1711/81 1157/1767/81 1159/1712/81
f 1159/1712/81 1161/1770/81 1151/1710/81
f 1136/1771/34 1135/1772/34 1149/1773/34
f 1149/1773/34 1148/1774/34 1147/1775/34
f 1147/1775/34 1146/1776/34 1145/1713/34
f 1145/1713/34 1144/1777/34 1143/1778/34
f 1143/1778/34 1142/1779/34 1141/1714/34
f 1141/1714/34 1140/1780/34 1139/1781/34
f 1139/1781/34 1138/1782/34 1137/1715/34
f 1137/1715/34 1136/1771/34 1149/1773/34
f 1149/1773/34 1147/1775/34 1145/1713/34
f 1145/1713/34 1143/1778/34 1141/1714/34
f 1141/1714/34 1139/1781/34 1137/1715/34
f 1137/1715/34 1149/1773/34 1145/1713/34
f 1182/1505/34 1184/1506/34 1176/1507/34
f 1165/1508/81 1195/1509/81 1197/1510/81
f 1174/1511/81 1175/1512/81 1192/1513/81
f 1173/1514/417 1176/1515/418 1168/1516/418
f 1169/1517/419 1235/1518/420 1234/1519/419
f 1171/1520/420 1177/1521/421 1235/1518/420
f 1177/1521/422 1168/1516/418 1176/1515/418
f 1231/1522/423 1174/1523/424 1172/1524/423
f 1180/1525/424 1175/1526/425 1174/1523/424
f 1179/1527/426 1173/1514/417 1175/1526/426
f 1165/1528/427 1214/1529/428 1167/1530/427
f 1206/1531/242 1215/1532/429 1208/1533/429
f 1167/1530/34 1239/1534/34 1212/1535/34
f 1166/1536/430 1205/1537/431 1164/1538/430
f 1164/1539/81 1238/1540/81 1209/1541/81
f 1212/1542/431 1207/1543/432 1205/1537/431
f 1213/1544/433 1206/1531/242 1207/1543/433
f 1215/1532/429 1210/1545/434 1208/1533/429
f 1216/1546/435 1209/1541/428 1210/1545/435
f 1221/1547/70 1163/1548/70 1218/1549/70
f 1224/1550/436 1220/1551/436 1219/1552/436
f 1218/1549/61 1222/1553/61 1221/1547/61
f 1223/1554/437 1217/1555/437 1220/1551/437
f 1223/1556/81 1202/1557/81 1222/1558/81
f 1228/1559/438 1225/1560/439 1226/1561/438
f 1219/1552/440 1227/1562/439 1224/1550/440
f 1163/1548/441 1228/1559/441 1226/1561/441
f 1163/1563/34 1225/1564/34 1219/1552/34
f 1163/1563/34 1217/1565/34 1218/1566/34
f 1220/1567/34 1163/1563/34 1219/1552/34
f 1217/1565/34 1163/1563/34 1220/1567/34
f 1222/1558/81 1202/1557/81 1221/1568/81
f 1202/1557/81 1223/1556/81 1224/1550/81
f 1227/1562/81 1202/1557/81 1224/1550/81
f 1198/1569/81 1168/1570/81 1170/1571/81
f 1170/1571/81 1171/1572/81 1198/1569/81
f 1169/1517/81 1198/1569/81 1171/1572/81
f 1173/1573/81 1198/1569/81 1194/1574/81
f 1192/1513/81 1172/1575/81 1174/1511/81
f 1192/1513/81 1175/1512/81 1173/1573/81
f 1176/1507/34 1188/1576/34 1177/1577/34
f 1177/1577/34 1188/1576/34 1235/1578/34
f 1232/1579/34 1178/1580/34 1179/1581/34
f 1180/1582/34 1231/1583/34 1232/1579/34
f 1179/1581/34 1180/1582/34 1232/1579/34
f 1188/1576/34 1234/1519/34 1235/1578/34
f 1209/1541/81 1238/1540/81 1210/1584/81
f 1210/1584/81 1238/1540/81 1208/1585/81
f 1208/1585/81 1238/1540/81 1206/1586/81
f 1207/1587/81 1238/1540/81 1205/1588/81
f 1206/1586/81 1238/1540/81 1207/1587/81
f 1212/1535/34 1239/1534/34 1213/1589/34
f 1215/1590/34 1239/1534/34 1216/1591/34
f 1216/1591/34 1239/1534/34 1214/1529/34
f 1213/1589/34 1239/1534/34 1211/1592/34
f 1211/1592/34 1239/1534/34 1215/1590/34
f 1164/1593/442 1204/1594/443 1166/1595/442
f 1165/1508/81 1203/1596/81 1164/1597/81
f 1203/1596/443 1234/1519/419 1204/1594/443
f 1172/1598/423 1167/1530/444 1231/1599/423
f 1167/1600/34 1185/1601/34 1183/1602/34
f 1204/1594/34 1167/1600/34 1166/1603/34
f 1258/1604/34 1260/1605/34 1252/1606/34
f 1241/1607/81 1271/1608/81 1273/1609/81
f 1250/1610/81 1251/1611/81 1268/1612/81
f 1249/1613/417 1252/1614/418 1244/1615/418
f 1245/1616/419 1298/1617/420 1297/1618/419
f 1247/1619/420 1253/1620/421 1298/1617/420
f 1253/1620/422 1244/1615/418 1252/1614/418
f 1294/1621/423 1250/1622/424 1248/1623/423
f 1256/1624/424 1251/1625/425 1250/1622/424
f 1255/1626/426 1249/1613/417 1251/1625/426
f 1241/1627/427 1289/1628/428 1243/1629/427
f 1281/1630/242 1290/1631/429 1283/1632/429
f 1243/1629/34 1302/1633/34 1287/1634/34
f 1242/1635/430 1280/1636/431 1240/1637/430
f 1240/1638/81 1301/1639/81 1284/1640/81
f 1287/1641/431 1282/1642/432 1280/1636/431
f 1288/1643/433 1281/1630/242 1282/1642/433
f 1290/1631/429 1285/1644/434 1283/1632/429
f 1291/1645/435 1284/1640/428 1285/1644/435
f 1274/1646/81 1244/1647/81 1246/1648/81
f 1246/1648/81 1247/1649/81 1274/1646/81
f 1245/1616/81 1274/1646/81 1247/1649/81
f 1249/1650/81 1274/1646/81 1270/1651/81
f 1268/1612/81 1248/1652/81 1250/1610/81
f 1268/1612/81 1251/1611/81 1249/1650/81
f 1252/1606/34 1264/1653/34 1253/1654/34
f 1253/1654/34 1264/1653/34 1298/1655/34
f 1295/1656/34 1254/1657/34 1255/1658/34
f 1256/1659/34 1294/1660/34 1295/1656/34
f 1255/1658/34 1256/1659/34 1295/1656/34
f 1264/1653/34 1297/1618/34 1298/1655/34
f 1284/1640/81 1301/1639/81 1285/1661/81
f 1285/1661/81 1301/1639/81 1283/1662/81
f 1283/1662/81 1301/1639/81 1281/1663/81
f 1282/1664/81 1301/1639/81 1280/1665/81
f 1281/1663/81 1301/1639/81 1282/1664/81
f 1287/1634/34 1302/1633/34 1288/1666/34
f 1290/1667/34 1302/1633/34 1291/1668/34
f 1291/1668/34 1302/1633/34 1289/1628/34
f 1288/1666/34 1302/1633/34 1286/1669/34
f 1286/1669/34 1302/1633/34 1290/1667/34
f 1240/1670/442 1279/1671/443 1242/1672/442
f 1241/1607/81 1278/1673/81 1240/1674/81
f 1278/1673/443 1297/1618/419 1279/1671/443
f 1248/1675/423 1243/1629/444 1294/1676/423
f 1243/1677/34 1261/1678/34 1259/1679/34
f 1279/1671/34 1243/1677/34 1242/1680/34
f 1313/1681/251 1326/1682/53 1312/1683/53
f 1306/1684/445 1321/1685/446 1320/1686/447
f 1306/1684/445 1307/1687/448 1321/1685/446
f 1313/1681/251 1314/1688/449 1327/1689/450
f 1307/1687/448 1322/1690/451 1321/1685/446
f 1314/1688/449 1328/1691/452 1327/1689/450
f 1307/1687/448 1323/1692/453 1322/1690/451
f 1314/1688/449 1315/1693/454 1328/1691/452
f 1315/1693/454 1329/1694/455 1328/1691/452
f 1309/1695/456 1323/1692/453 1308/1696/60
f 1315/1693/454 1316/1697/457 1329/1694/455
f 1303/1698/242 1319/1699/458 1318/1700/242
f 1309/1695/456 1310/1701/459 1324/1702/460
f 1303/1698/242 1304/1703/461 1319/1699/458
f 1316/1697/457 1330/1704/462 1329/1694/455
f 1310/1701/459 1325/1705/463 1324/1702/460
f 1310/1701/459 1311/1706/250 1325/1705/463
f 1305/1707/464 1319/1699/458 1304/1703/461
f 1303/1698/242 1330/1708/462 1317/1709/465
f 1312/1683/53 1325/1705/463 1311/1706/250
f 1305/1707/464 1306/1684/445 1320/1686/447
f 1319/1710/34 1323/1711/34 1327/1712/34
f 1313/1713/81 1309/1714/81 1305/1715/81
f 1176/1507/34 1178/1580/34 1232/1579/34
f 1176/1507/34 1232/1579/34 1182/1505/34
f 1184/1506/34 1188/1576/34 1176/1507/34
f 1199/1716/81 1198/1569/81 1169/1517/81
f 1172/1575/81 1192/1513/81 1189/1717/81
f 1172/1575/81 1189/1717/81 1190/1718/81
f 1200/1719/81 1199/1716/81 1169/1517/81
f 1200/1719/81 1169/1517/81 1203/1596/81
f 1165/1508/81 1172/1575/81 1190/1718/81
f 1165/1508/81 1190/1718/81 1191/1720/81
f 1200/1719/81 1203/1596/81 1165/1508/81
f 1201/1721/81 1200/1719/81 1165/1508/81
f 1165/1508/81 1191/1720/81 1196/1722/81
f 1165/1508/81 1196/1722/81 1195/1509/81
f 1197/1510/81 1201/1721/81 1165/1508/81
f 1173/1514/417 1178/1723/417 1176/1515/418
f 1169/1517/419 1171/1520/420 1235/1518/420
f 1171/1520/420 1170/1724/421 1177/1521/421
f 1177/1521/422 1170/1724/422 1168/1516/418
f 1231/1522/423 1180/1525/424 1174/1523/424
f 1180/1525/424 1179/1527/425 1175/1526/425
f 1179/1527/426 1178/1723/417 1173/1514/417
f 1165/1528/427 1209/1541/428 1214/1529/428
f 1206/1531/242 1211/1725/242 1215/1532/429
f 1212/1535/34 1166/1726/34 1167/1530/34
f 1167/1530/34 1214/1529/34 1239/1534/34
f 1166/1536/430 1212/1542/431 1205/1537/431
f 1209/1541/81 1165/1528/81 1164/1539/81
f 1164/1539/81 1205/1588/81 1238/1540/81
f 1212/1542/431 1213/1544/432 1207/1543/432
f 1213/1544/433 1211/1725/242 1206/1531/242
f 1215/1532/429 1216/1546/434 1210/1545/434
f 1216/1546/435 1214/1529/428 1209/1541/428
f 1221/1547/70 1202/1727/70 1163/1548/70
f 1224/1550/436 1223/1554/436 1220/1551/436
f 1218/1549/61 1217/1555/61 1222/1553/61
f 1223/1554/437 1222/1553/437 1217/1555/437
f 1228/1559/438 1227/1728/439 1225/1560/439
f 1219/1552/440 1225/1564/439 1227/1562/439
f 1163/1548/441 1202/1727/441 1228/1559/441
f 1163/1563/34 1226/1729/34 1225/1564/34
f 1227/1562/81 1228/1730/81 1202/1557/81
f 1193/1731/81 1192/1513/81 1173/1573/81
f 1173/1573/81 1168/1570/81 1198/1569/81
f 1194/1574/81 1193/1731/81 1173/1573/81
f 1164/1593/442 1203/1596/443 1204/1594/443
f 1203/1596/443 1169/1517/419 1234/1519/419
f 1172/1598/423 1165/1528/444 1167/1530/444
f 1230/1732/34 1232/1579/34 1231/1583/34
f 1234/1519/34 1188/1576/34 1186/1733/34
f 1234/1519/34 1186/1733/34 1237/1734/34
f 1236/1735/34 1230/1732/34 1231/1583/34
f 1181/1736/34 1236/1735/34 1231/1583/34
f 1204/1594/34 1234/1519/34 1237/1734/34
f 1204/1594/34 1237/1734/34 1187/1737/34
f 1181/1736/34 1231/1583/34 1167/1600/34
f 1229/1738/34 1181/1736/34 1167/1600/34
f 1167/1600/34 1204/1594/34 1187/1737/34
f 1167/1600/34 1187/1737/34 1233/1739/34
f 1183/1602/34 1229/1738/34 1167/1600/34
f 1167/1600/34 1233/1739/34 1185/1601/34
f 1252/1606/34 1254/1657/34 1295/1656/34
f 1252/1606/34 1295/1656/34 1258/1604/34
f 1260/1605/34 1264/1653/34 1252/1606/34
f 1275/1740/81 1274/1646/81 1245/1616/81
f 1248/1652/81 1268/1612/81 1265/1741/81
f 1248/1652/81 1265/1741/81 1266/1742/81
f 1276/1743/81 1275/1740/81 1245/1616/81
f 1276/1743/81 1245/1616/81 1278/1673/81
f 1241/1607/81 1248/1652/81 1266/1742/81
f 1241/1607/81 1266/1742/81 1267/1744/81
f 1276/1743/81 1278/1673/81 1241/1607/81
f 1277/1745/81 1276/1743/81 1241/1607/81
f 1241/1607/81 1267/1744/81 1272/1746/81
f 1241/1607/81 1272/1746/81 1271/1608/81
f 1273/1609/81 1277/1745/81 1241/1607/81
f 1249/1613/417 1254/1747/417 1252/1614/418
f 1245/1616/419 1247/1619/420 1298/1617/420
f 1247/1619/420 1246/1748/421 1253/1620/421
f 1253/1620/422 1246/1748/422 1244/1615/418
f 1294/1621/423 1256/1624/424 1250/1622/424
f 1256/1624/424 1255/1626/425 1251/1625/425
f 1255/1626/426 1254/1747/417 1249/1613/417
f 1241/1627/427 1284/1640/428 1289/1628/428
f 1281/1630/242 1286/1749/242 1290/1631/429
f 1287/1634/34 1242/1750/34 1243/1629/34
f 1243/1629/34 1289/1628/34 1302/1633/34
f 1242/1635/430 1287/1641/431 1280/1636/431
f 1284/1640/81 1241/1627/81 1240/1638/81
f 1240/1638/81 1280/1665/81 1301/1639/81
f 1287/1641/431 1288/1643/432 1282/1642/432
f 1288/1643/433 1286/1749/242 1281/1630/242
f 1290/1631/429 1291/1645/434 1285/1644/434
f 1291/1645/435 1289/1628/428 1284/1640/428
f 1269/1751/81 1268/1612/81 1249/1650/81
f 1249/1650/81 1244/1647/81 1274/1646/81
f 1270/1651/81 1269/1751/81 1249/1650/81
f 1240/1670/442 1278/1673/443 1279/1671/443
f 1278/1673/443 1245/1616/419 1297/1618/419
f 1248/1675/423 1241/1627/444 1243/1629/444
f 1293/1752/34 1295/1656/34 1294/1660/34
f 1297/1618/34 1264/1653/34 1262/1753/34
f 1297/1618/34 1262/1753/34 1300/1754/34
f 1299/1755/34 1293/1752/34 1294/1660/34
f 1257/1756/34 1299/1755/34 1294/1660/34
f 1279/1671/34 1297/1618/34 1300/1754/34
f 1279/1671/34 1300/1754/34 1263/1757/34
f 1257/1756/34 1294/1660/34 1243/1677/34
f 1292/1758/34 1257/1756/34 1243/1677/34
f 1243/1677/34 1279/1671/34 1263/1757/34
f 1243/1677/34 1263/1757/34 1296/1759/34
f 1259/1679/34 1292/1758/34 1243/1677/34
f 1243/1677/34 1296/1759/34 1261/1678/34
f 1313/1681/251 1327/1689/450 1326/1682/53
f 1307/1687/448 1308/1696/60 1323/1692/453
f 1309/1695/456 1324/1702/460 1323/1692/453
f 1316/1697/457 1317/1760/465 1330/1704/462
f 1305/1707/464 1320/1686/447 1319/1699/458
f 1303/1698/242 1318/1700/242 1330/1708/462
f 1312/1683/53 1326/1682/53 1325/1705/463
f 1330/1761/34 1318/1762/34 1319/1710/34
f 1319/1710/34 1320/1763/34 1321/1764/34
f 1321/1764/34 1322/1765/34 1323/1711/34
f 1323/1711/34 1324/1766/34 1325/1767/34
f 1325/1767/34 1326/1768/34 1327/1712/34
f 1327/1712/34 1328/1769/34 1329/1770/34
f 1329/1770/34 1330/1761/34 1319/1710/34
f 1319/1710/34 1321/1764/34 1323/1711/34
f 1323/1711/34 1325/1767/34 1327/1712/34
f 1327/1712/34 1329/1770/34 1319/1710/34
f 1304/1771/81 1303/1772/81 1317/1773/81
f 1317/1773/81 1316/1774/81 1315/1775/81
f 1315/1775/81 1314/1776/81 1313/1713/81
f 1313/1713/81 1312/1777/81 1311/1778/81
f 1311/1778/81 1310/1779/81 1309/1714/81
f 1309/1714/81 1308/1780/81 1307/1781/81
f 1307/1781/81 1306/1782/81 1305/1715/81
f 1305/1715/81 1304/1771/81 1317/1773/81
f 1317/1773/81 1315/1775/81 1313/1713/81
f 1313/1713/81 1311/1778/81 1309/1714/81
f 1309/1714/81 1307/1781/81 1305/1715/81
f 1305/1715/81 1317/1773/81 1313/1713/81
f 1362/1783/466 1443/1784/467 1364/1785/468
f 1333/1786/469 1379/1787/470 1331/1788/470
f 1386/1789/70 1394/1790/70 1402/1791/70
f 1355/1792/471 1392/1793/472 1391/1794/471
f 1367/1795/473 1396/1796/474 1365/1797/474
f 1377/1798/475 1401/1799/476 1375/1800/476
f 1341/1801/477 1385/1802/478 1384/1803/477
f 1351/1804/479 1390/1805/480 1389/1806/479
f 1363/1807/481 1394/1808/482 1361/1809/482
f 1373/1810/483 1399/1811/484 1371/1812/484
f 1339/1813/485 1382/1814/486 1337/1815/486
f 1349/1816/487 1387/1817/488 1347/1818/488
f 1359/1819/489 1392/1793/472 1357/1820/472
f 1369/1821/490 1397/1822/473 1367/1795/473
f 1331/1788/470 1402/1823/475 1377/1798/475
f 1333/1786/469 1381/1824/491 1380/1825/469
f 1343/1826/478 1386/1827/492 1385/1802/478
f 1353/1828/480 1391/1829/471 1390/1805/480
f 1363/1807/481 1396/1796/474 1395/1830/481
f 1373/1810/483 1401/1799/476 1400/1831/483
f 1339/1813/485 1384/1803/477 1383/1832/485
f 1349/1816/487 1389/1806/479 1388/1833/487
f 1359/1819/489 1394/1808/482 1393/1834/489
f 1371/1812/484 1398/1835/490 1369/1821/490
f 1337/1815/486 1381/1824/491 1335/1836/491
f 1345/1837/493 1387/1817/488 1386/1827/492
f 1426/1838/3 1451/1839/494 1404/1840/495
f 1336/1841/65 1406/1842/65 1405/1843/65
f 1340/1844/65 1406/1842/65 1338/1845/65
f 1342/1846/65 1407/1847/65 1340/1844/65
f 1344/1848/65 1408/1849/65 1342/1846/65
f 1344/1848/65 1410/1850/65 1409/1851/65
f 1348/1852/65 1410/1850/65 1346/1853/65
f 1348/1852/65 1412/1854/65 1411/1855/65
f 1350/1856/65 1413/1857/65 1412/1854/65
f 1416/1858/18 1454/1859/496 1417/1860/497
f 1362/1861/65 1417/1862/65 1360/1863/65
f 1364/1864/65 1418/1865/65 1362/1861/65
f 1364/1864/65 1420/1866/65 1419/1867/65
f 1366/1868/65 1421/1869/65 1420/1866/65
f 1370/1870/65 1421/1869/65 1368/1871/65
f 1372/1872/65 1422/1873/65 1370/1870/65
f 1372/1872/65 1424/1874/65 1423/1875/65
f 1376/1876/65 1424/1874/65 1374/1877/65
f 1332/1878/498 1461/1879/17 1378/1880/17
f 1348/1881/499 1436/1882/500 1350/1883/500
f 1378/1884/501 1428/1885/502 1332/1886/502
f 1336/1887/503 1427/1888/504 1429/1889/503
f 1366/1890/505 1443/1784/505 1444/1891/505
f 1350/1883/500 1437/1892/506 1352/1893/506
f 1338/1894/507 1429/1889/503 1430/1895/507
f 1368/1896/505 1444/1891/505 1445/1897/505
f 1352/1893/506 1438/1898/508 1354/1899/508
f 1340/1900/509 1430/1895/507 1431/1901/509
f 1368/1896/505 1446/1902/505 1370/1903/505
f 1354/1899/508 1439/1904/510 1356/1905/510
f 1342/1906/511 1431/1901/509 1432/1907/511
f 1370/1903/505 1447/1908/505 1372/1909/505
f 1358/1910/512 1439/1904/510 1440/1911/512
f 1342/1906/511 1433/1912/513 1344/1913/513
f 1374/1914/514 1447/1915/515 1448/1916/516
f 1360/1917/517 1440/1911/512 1441/1918/517
f 1344/1913/513 1434/1919/518 1346/1920/518
f 1374/1914/514 1449/1921/519 1376/1922/519
f 1362/1783/466 1441/1918/517 1442/1923/520
f 1346/1920/518 1435/1924/499 1348/1881/499
f 1376/1922/519 1450/1925/501 1378/1884/501
f 1334/1926/504 1428/1885/502 1427/1888/504
f 1441/1927/65 1433/1928/65 1429/1929/65
f 1459/1930/65 1452/1931/65 1458/1932/65
f 1460/1933/521 1453/1934/65 1459/1930/65
f 1462/1935/522 1455/1936/65 1456/1937/523
f 1457/1938/65 1455/1936/65 1461/1939/65
f 1358/1940/4 1458/1941/524 1356/1942/524
f 1360/1943/525 1459/1944/4 1358/1940/4
f 1415/1945/526 1453/1934/18 1416/1858/18
f 1378/1880/17 1462/1946/527 1376/1947/528
f 1425/1948/529 1455/1936/3 1426/1838/3
f 1404/1840/68 1457/1949/68 1332/1878/68
f 1487/1950/530 1500/1951/530 1501/1952/530
f 1488/1953/81 1486/1954/81 1485/1955/81
f 1415/1945/68 1458/1941/68 1452/1931/68
f 1332/1956/65 1403/1957/65 1404/1958/65
f 1332/1956/65 1334/1959/65 1403/1957/65
f 1413/1857/65 1352/1960/65 1354/1961/65
f 1334/1959/65 1336/1841/65 1405/1843/65
f 1334/1959/65 1405/1843/65 1403/1957/65
f 1356/1962/65 1414/1963/65 1354/1961/65
f 1415/1964/65 1414/1963/65 1356/1962/65
f 1414/1963/65 1413/1857/65 1354/1961/65
f 1492/1965/531 1466/1966/532 1491/1967/533
f 1494/1968/534 1468/1969/535 1467/1970/534
f 1464/1971/536 1500/1951/537 1489/1972/538
f 1490/1973/531 1463/1974/539 1486/1975/531
f 1494/1968/34 1465/1976/34 1492/1965/34
f 1488/1953/534 1464/1971/536 1489/1972/538
f 1462/1977/527 1471/1978/34 1376/1979/528
f 1456/1980/523 1472/1981/540 1462/1977/522
f 1425/1982/541 1471/1978/542 1469/1983/543
f 1456/1984/544 1469/1983/81 1470/1985/81
f 1454/1986/545 1474/1987/546 1475/1988/547
f 1417/1989/548 1473/1990/549 1360/1991/550
f 1454/1986/496 1476/1992/34 1417/1989/497
f 1460/1993/551 1473/1990/81 1474/1994/81
f 1478/1995/68 1477/1996/68 1479/1997/68
f 1482/1998/68 1483/1999/68 1484/2000/68
f 1479/1997/81 1490/2001/81 1488/2002/81
f 1478/1995/34 1487/2003/34 1480/2004/34
f 1477/2005/531 1487/2003/552 1490/2006/531
f 1478/1995/534 1488/2002/534 1489/2007/538
f 1484/2000/34 1492/2008/34 1482/2009/34
f 1483/1999/534 1494/2010/534 1484/2000/534
f 1482/2011/531 1491/2012/533 1481/2013/531
f 1483/1999/81 1491/2012/81 1493/2014/81
f 1503/2015/81 1502/2016/81 1499/2017/81
f 1506/2018/81 1536/2019/81 1518/2020/81
f 1468/1969/535 1502/2016/553 1497/2021/554
f 1491/1967/533 1498/2022/555 1499/2023/556
f 1491/2024/557 1502/2016/557 1493/2025/557
f 1487/2026/552 1495/2027/558 1463/1974/539
f 1464/1971/559 1508/2028/559 1496/2029/559
f 1503/2030/560 1468/1969/560 1497/2021/560
f 1466/1966/560 1506/2031/560 1498/2022/560
f 1509/2032/559 1463/1974/559 1495/2027/559
f 1509/2033/34 1501/1952/34 1500/1951/34
f 1507/2034/561 1529/2035/562 1508/2036/561
f 1504/2037/563 1518/2020/564 1511/2038/565
f 1505/2039/566 1520/2040/567 1506/2041/566
f 1510/2042/568 1533/2043/569 1526/2044/570
f 1532/2045/571 1523/2046/572 1527/2047/573
f 1528/2048/81 1523/2049/81 1524/2050/81
f 1531/2051/34 1532/2052/34 1533/2043/34
f 1512/2053/574 1521/2054/575 1514/2055/576
f 1511/2056/565 1519/2057/577 1513/2058/577
f 1513/2058/578 1517/2059/579 1512/2053/574
f 1521/2054/575 1516/2060/580 1514/2055/576
f 1522/2061/581 1515/2062/582 1516/2060/581
f 1530/2063/583 1525/2064/584 1523/2046/572
f 1531/2065/585 1524/2066/586 1525/2064/585
f 1526/2044/570 1534/2067/587 1528/2068/588
f 1528/2068/589 1532/2045/571 1527/2047/573
f 1504/2037/34 1535/2069/34 1515/2062/34
f 1515/2062/34 1535/2069/34 1516/2070/34
f 1512/2071/34 1535/2069/34 1513/2072/34
f 1513/2072/34 1535/2069/34 1511/2038/34
f 1516/2070/34 1535/2069/34 1514/2073/34
f 1514/2073/34 1535/2069/34 1512/2071/34
f 1518/2020/81 1536/2019/81 1519/2074/81
f 1519/2074/81 1536/2019/81 1517/2075/81
f 1522/2076/81 1536/2019/81 1520/2077/81
f 1517/2075/81 1536/2019/81 1521/2078/81
f 1521/2078/81 1536/2019/81 1522/2076/81
f 1442/2079/65 1444/2080/65 1443/2081/65
f 1445/2082/65 1537/2083/65 1446/2084/65
f 1446/2084/65 1448/2085/65 1447/2086/65
f 1444/2080/65 1537/2083/65 1445/2082/65
f 1362/1783/466 1442/1923/520 1443/1784/467
f 1333/1786/469 1380/1825/469 1379/1787/470
f 1402/1791/70 1379/2087/70 1380/2088/70
f 1380/2088/70 1381/2089/70 1382/2090/70
f 1382/2090/70 1383/2091/70 1384/2092/70
f 1384/2092/70 1385/2093/70 1386/1789/70
f 1386/1789/70 1387/2094/70 1388/2095/70
f 1388/2095/70 1389/2096/70 1390/2097/70
f 1390/2097/70 1391/2098/70 1392/2099/70
f 1392/2099/70 1393/2100/70 1394/1790/70
f 1394/1790/70 1395/2101/70 1396/2102/70
f 1396/2102/70 1397/2103/70 1398/2104/70
f 1398/2104/70 1399/2105/70 1400/2106/70
f 1400/2106/70 1401/2107/70 1402/1791/70
f 1402/1791/70 1380/2088/70 1382/2090/70
f 1382/2090/70 1384/2092/70 1386/1789/70
f 1386/1789/70 1388/2095/70 1390/2097/70
f 1390/2097/70 1392/2099/70 1394/1790/70
f 1394/1790/70 1396/2102/70 1398/2104/70
f 1398/2104/70 1400/2106/70 1402/1791/70
f 1402/1791/70 1382/2090/70 1386/1789/70
f 1386/1789/70 1390/2097/70 1394/1790/70
f 1394/1790/70 1398/2104/70 1402/1791/70
f 1355/1792/471 1357/1820/472 1392/1793/472
f 1367/1795/473 1397/1822/473 1396/1796/474
f 1377/1798/475 1402/1823/475 1401/1799/476
f 1341/1801/477 1343/1826/478 1385/1802/478
f 1351/1804/479 1353/1828/480 1390/1805/480
f 1363/1807/481 1395/1830/481 1394/1808/482
f 1373/1810/483 1400/1831/483 1399/1811/484
f 1339/1813/485 1383/1832/485 1382/1814/486
f 1349/1816/487 1388/1833/487 1387/1817/488
f 1359/1819/489 1393/1834/489 1392/1793/472
f 1369/1821/490 1398/1835/490 1397/1822/473
f 1331/1788/470 1379/1787/470 1402/1823/475
f 1333/1786/469 1335/1836/491 1381/1824/491
f 1343/1826/478 1345/1837/493 1386/1827/492
f 1353/1828/480 1355/2108/471 1391/1829/471
f 1363/1807/481 1365/1797/474 1396/1796/474
f 1373/1810/483 1375/1800/476 1401/1799/476
f 1339/1813/485 1341/1801/477 1384/1803/477
f 1349/1816/487 1351/1804/479 1389/1806/479
f 1359/1819/489 1361/1809/482 1394/1808/482
f 1371/1812/484 1399/1811/484 1398/1835/490
f 1337/1815/486 1382/1814/486 1381/1824/491
f 1345/1837/493 1347/1818/488 1387/1817/488
f 1426/1838/3 1455/1936/3 1451/1839/494
f 1336/1841/65 1338/1845/65 1406/1842/65
f 1340/1844/65 1407/1847/65 1406/1842/65
f 1342/1846/65 1408/1849/65 1407/1847/65
f 1344/1848/65 1409/1851/65 1408/1849/65
f 1344/1848/65 1346/1853/65 1410/1850/65
f 1348/1852/65 1411/1855/65 1410/1850/65
f 1348/1852/65 1350/1856/65 1412/1854/65
f 1350/1856/65 1352/1960/65 1413/1857/65
f 1416/1858/18 1453/1934/18 1454/1859/496
f 1362/1861/65 1418/1865/65 1417/1862/65
f 1364/1864/65 1419/1867/65 1418/1865/65
f 1364/1864/65 1366/1868/65 1420/1866/65
f 1366/1868/65 1368/1871/65 1421/1869/65
f 1370/1870/65 1422/1873/65 1421/1869/65
f 1372/1872/65 1423/1875/65 1422/1873/65
f 1372/1872/65 1374/1877/65 1424/1874/65
f 1376/1876/65 1425/2109/65 1424/1874/65
f 1332/1878/498 1457/1949/498 1461/1879/17
f 1348/1881/499 1435/1924/499 1436/1882/500
f 1378/1884/501 1450/1925/501 1428/1885/502
f 1336/1887/503 1334/1926/504 1427/1888/504
f 1366/1890/505 1364/1785/505 1443/1784/505
f 1350/1883/500 1436/1882/500 1437/1892/506
f 1338/1894/507 1336/1887/503 1429/1889/503
f 1368/1896/505 1366/1890/505 1444/1891/505
f 1352/1893/506 1437/1892/506 1438/1898/508
f 1340/1900/509 1338/1894/507 1430/1895/507
f 1368/1896/505 1445/1897/505 1446/1902/505
f 1354/1899/508 1438/1898/508 1439/1904/510
f 1342/1906/511 1340/1900/509 1431/1901/509
f 1370/1903/505 1446/1902/505 1447/1908/505
f 1358/1910/512 1356/1905/510 1439/1904/510
f 1342/1906/511 1432/1907/511 1433/1912/513
f 1374/1914/514 1372/2110/590 1447/1915/515
f 1360/1917/517 1358/1910/512 1440/1911/512
f 1344/1913/513 1433/1912/513 1434/1919/518
f 1374/1914/514 1448/1916/516 1449/1921/519
f 1362/1783/466 1360/1917/517 1441/1918/517
f 1346/1920/518 1434/1919/518 1435/1924/499
f 1376/1922/519 1449/1921/519 1450/1925/501
f 1334/1926/504 1332/1886/502 1428/1885/502
f 1429/1929/65 1427/2111/65 1428/2112/65
f 1428/2112/65 1450/2113/65 1449/2114/65
f 1449/2114/65 1448/2085/65 1537/2083/65
f 1537/2083/65 1442/2079/65 1441/1927/65
f 1441/1927/65 1440/2115/65 1439/2116/65
f 1439/2116/65 1438/2117/65 1437/2118/65
f 1437/2118/65 1436/2119/65 1435/2120/65
f 1435/2120/65 1434/2121/65 1433/1928/65
f 1433/1928/65 1432/2122/65 1431/2123/65
f 1431/2123/65 1430/2124/65 1429/1929/65
f 1429/1929/65 1428/2112/65 1449/2114/65
f 1449/2114/65 1537/2083/65 1441/1927/65
f 1441/1927/65 1439/2116/65 1437/2118/65
f 1437/2118/65 1435/2120/65 1433/1928/65
f 1433/1928/65 1431/2123/65 1429/1929/65
f 1429/1929/65 1449/2114/65 1441/1927/65
f 1441/1927/65 1437/2118/65 1433/1928/65
f 1459/1930/65 1453/1934/65 1452/1931/65
f 1460/1933/521 1454/2125/545 1453/1934/65
f 1462/1935/522 1461/1939/65 1455/1936/65
f 1457/1938/65 1451/1839/65 1455/1936/65
f 1358/1940/4 1459/1944/4 1458/1941/524
f 1360/1943/525 1460/2126/551 1459/1944/4
f 1415/1945/526 1452/1931/591 1453/1934/18
f 1378/1880/17 1461/1879/17 1462/1946/527
f 1425/1948/529 1456/2127/544 1455/1936/3
f 1404/1840/68 1451/1839/68 1457/1949/68
f 1487/1950/530 1489/2128/530 1500/1951/530
f 1488/1953/81 1490/2129/81 1486/1954/81
f 1415/1945/68 1356/1942/68 1458/1941/68
f 1492/1965/531 1465/1976/531 1466/1966/532
f 1494/1968/534 1493/2130/592 1468/1969/535
f 1464/1971/536 1496/2029/593 1500/1951/537
f 1490/1973/531 1487/2026/552 1463/1974/539
f 1494/1968/34 1467/1970/34 1465/1976/34
f 1488/1953/534 1485/1955/534 1464/1971/536
f 1462/1977/594 1472/1981/34 1471/1978/34
f 1456/1980/595 1470/2131/596 1472/1981/597
f 1425/1982/541 1376/1979/598 1471/1978/542
f 1456/1984/544 1425/1982/529 1469/1983/81
f 1454/1986/545 1460/2132/521 1474/1987/546
f 1417/1989/599 1476/1992/600 1473/1990/601
f 1454/1986/602 1475/1988/34 1476/1992/34
f 1460/1993/551 1360/1991/525 1473/1990/81
f 1478/1995/68 1480/2133/68 1477/1996/68
f 1482/1998/68 1481/2134/68 1483/1999/68
f 1479/1997/81 1477/2135/81 1490/2001/81
f 1478/1995/34 1489/2007/34 1487/2003/34
f 1477/2005/531 1480/2004/531 1487/2003/552
f 1478/1995/534 1479/1997/534 1488/2002/534
f 1484/2000/34 1494/2010/34 1492/2008/34
f 1483/1999/534 1493/2014/592 1494/2010/534
f 1482/2011/531 1492/2136/531 1491/2012/533
f 1483/1999/81 1481/2013/81 1491/2012/81
f 1499/2017/81 1498/2137/81 1506/2138/81
f 1503/2015/81 1497/2021/81 1502/2016/81
f 1499/2017/81 1506/2138/81 1503/2015/81
f 1518/2020/81 1503/2139/81 1506/2018/81
f 1506/2018/81 1520/2077/81 1536/2019/81
f 1468/1969/535 1493/2130/592 1502/2016/553
f 1491/1967/533 1466/1966/532 1498/2022/555
f 1491/2024/557 1499/2017/557 1502/2016/557
f 1487/2026/552 1501/1952/603 1495/2027/558
f 1464/1971/559 1507/2140/559 1508/2028/559
f 1503/2030/560 1504/2141/560 1468/1969/560
f 1466/1966/560 1505/2142/560 1506/2031/560
f 1509/2032/559 1510/2143/559 1463/1974/559
f 1500/1951/34 1496/2029/34 1508/2144/34
f 1509/2033/34 1495/2027/34 1501/1952/34
f 1500/1951/34 1508/2144/34 1509/2033/34
f 1507/2034/561 1524/2050/586 1529/2035/562
f 1504/2037/563 1503/2139/563 1518/2020/564
f 1505/2039/566 1515/2062/582 1520/2040/567
f 1510/2042/568 1509/2145/568 1533/2043/569
f 1532/2045/571 1530/2063/583 1523/2046/572
f 1524/2050/81 1507/2034/81 1510/2146/81
f 1510/2146/81 1526/2147/81 1528/2048/81
f 1528/2048/81 1527/2148/81 1523/2049/81
f 1523/2049/81 1525/2149/81 1524/2050/81
f 1524/2050/81 1510/2146/81 1528/2048/81
f 1533/2043/34 1509/2145/34 1508/2036/34
f 1508/2036/34 1529/2035/34 1531/2051/34
f 1531/2051/34 1530/2150/34 1532/2052/34
f 1532/2052/34 1534/2151/34 1533/2043/34
f 1533/2043/34 1508/2036/34 1531/2051/34
f 1512/2053/574 1517/2059/579 1521/2054/575
f 1511/2056/565 1518/2152/564 1519/2057/577
f 1513/2058/578 1519/2057/578 1517/2059/579
f 1521/2054/575 1522/2061/580 1516/2060/580
f 1522/2061/581 1520/2040/567 1515/2062/582
f 1530/2063/583 1531/2065/584 1525/2064/584
f 1531/2065/585 1529/2153/562 1524/2066/586
f 1526/2044/570 1533/2043/569 1534/2067/587
f 1528/2068/589 1534/2067/589 1532/2045/571
f 1515/2062/34 1505/2039/34 1504/2037/34
f 1504/2037/34 1511/2038/34 1535/2069/34
f 1442/2079/65 1537/2083/65 1444/2080/65
f 1446/2084/65 1537/2083/65 1448/2085/65
f 1557/1505/81 1559/1506/81 1551/1507/81
f 1540/1508/34 1570/1509/34 1572/1510/34
f 1549/1511/34 1550/1512/34 1567/1513/34
f 1548/1514/604 1551/1515/605 1543/1516/605
f 1544/1517/606 1610/1518/607 1609/1519/606
f 1546/1520/607 1552/1521/608 1610/1518/607
f 1552/1521/609 1543/1516/605 1551/1515/605
f 1606/1522/610 1549/1523/611 1547/1524/610
f 1555/1525/611 1550/1526/612 1549/1523/611
f 1554/1527/613 1548/1514/604 1550/1526/613
f 1540/1528/614 1589/1529/615 1542/1530/614
f 1581/1531/616 1590/1532/617 1583/1533/617
f 1542/1530/81 1614/1534/81 1587/1535/81
f 1541/1536/618 1580/1537/619 1539/1538/618
f 1539/1539/34 1613/1540/34 1584/1541/34
f 1587/1542/619 1582/1543/620 1580/1537/619
f 1588/1544/621 1581/1531/616 1582/1543/621
f 1590/1532/617 1585/1545/622 1583/1533/617
f 1591/1546/623 1584/1541/615 1585/1545/623
f 1596/1547/70 1538/1548/70 1593/1549/70
f 1599/1550/624 1595/1551/624 1594/1552/624
f 1593/1549/60 1597/1553/60 1596/1547/60
f 1598/1554/625 1592/1555/625 1595/1551/625
f 1598/1556/34 1577/1557/34 1597/1558/34
f 1603/1559/626 1600/1560/627 1601/1561/626
f 1594/1552/628 1602/1562/627 1599/1550/628
f 1538/1548/629 1603/1559/629 1601/1561/629
f 1538/1563/81 1600/1564/81 1594/1552/81
f 1538/1563/81 1592/1565/81 1593/1566/81
f 1595/1567/81 1538/1563/81 1594/1552/81
f 1592/1565/81 1538/1563/81 1595/1567/81
f 1597/1558/34 1577/1557/34 1596/1568/34
f 1577/1557/34 1598/1556/34 1599/1550/34
f 1602/1562/34 1577/1557/34 1599/1550/34
f 1573/1569/34 1543/1570/34 1545/1571/34
f 1545/1571/34 1546/1572/34 1573/1569/34
f 1544/1517/34 1573/1569/34 1546/1572/34
f 1548/1573/34 1573/1569/34 1569/1574/34
f 1567/1513/34 1547/1575/34 1549/1511/34
f 1567/1513/34 1550/1512/34 1548/1573/34
f 1551/1507/81 1563/1576/81 1552/1577/81
f 1552/1577/81 1563/1576/81 1610/1578/81
f 1607/1579/81 1553/1580/81 1554/1581/81
f 1555/1582/81 1606/1583/81 1607/1579/81
f 1554/1581/81 1555/1582/81 1607/1579/81
f 1563/1576/81 1609/1519/81 1610/1578/81
f 1584/1541/34 1613/1540/34 1585/1584/34
f 1585/1584/34 1613/1540/34 1583/1585/34
f 1583/1585/34 1613/1540/34 1581/1586/34
f 1582/1587/34 1613/1540/34 1580/1588/34
f 1581/1586/34 1613/1540/34 1582/1587/34
f 1587/1535/81 1614/1534/81 1588/1589/81
f 1590/1590/81 1614/1534/81 1591/1591/81
f 1591/1591/81 1614/1534/81 1589/1529/81
f 1588/1589/81 1614/1534/81 1586/1592/81
f 1586/1592/81 1614/1534/81 1590/1590/81
f 1539/1593/630 1579/1594/631 1541/1595/630
f 1540/1508/34 1578/1596/34 1539/1597/34
f 1578/1596/631 1609/1519/606 1579/1594/631
f 1547/1598/610 1542/1530/632 1606/1599/610
f 1542/1600/81 1560/1601/81 1558/1602/81
f 1579/1594/81 1542/1600/81 1541/1603/81
f 1633/1604/81 1635/1605/81 1627/1606/81
f 1616/1607/34 1646/1608/34 1648/1609/34
f 1625/1610/34 1626/1611/34 1643/1612/34
f 1624/1613/604 1627/1614/605 1619/1615/605
f 1620/1616/606 1673/1617/607 1672/1618/606
f 1622/1619/607 1628/1620/608 1673/1617/607
f 1628/1620/609 1619/1615/605 1627/1614/605
f 1669/1621/610 1625/1622/611 1623/1623/610
f 1631/1624/611 1626/1625/612 1625/1622/611
f 1630/1626/613 1624/1613/604 1626/1625/613
f 1616/1627/614 1664/1628/615 1618/1629/614
f 1656/1630/616 1665/1631/617 1658/1632/617
f 1618/1629/81 1677/1633/81 1662/1634/81
f 1617/1635/618 1655/1636/619 1615/1637/618
f 1615/1638/34 1676/1639/34 1659/1640/34
f 1662/1641/619 1657/1642/620 1655/1636/619
f 1663/1643/621 1656/1630/616 1657/1642/621
f 1665/1631/617 1660/1644/622 1658/1632/617
f 1666/1645/623 1659/1640/615 1660/1644/623
f 1649/1646/34 1619/1647/34 1621/1648/34
f 1621/1648/34 1622/1649/34 1649/1646/34
f 1620/1616/34 1649/1646/34 1622/1649/34
f 1624/1650/34 1649/1646/34 1645/1651/34
f 1643/1612/34 1623/1652/34 1625/1610/34
f 1643/1612/34 1626/1611/34 1624/1650/34
f 1627/1606/81 1639/1653/81 1628/1654/81
f 1628/1654/81 1639/1653/81 1673/1655/81
f 1670/1656/81 1629/1657/81 1630/1658/81
f 1631/1659/81 1669/1660/81 1670/1656/81
f 1630/1658/81 1631/1659/81 1670/1656/81
f 1639/1653/81 1672/1618/81 1673/1655/81
f 1659/1640/34 1676/1639/34 1660/1661/34
f 1660/1661/34 1676/1639/34 1658/1662/34
f 1658/1662/34 1676/1639/34 1656/1663/34
f 1657/1664/34 1676/1639/34 1655/1665/34
f 1656/1663/34 1676/1639/34 1657/1664/34
f 1662/1634/81 1677/1633/81 1663/1666/81
f 1665/1667/81 1677/1633/81 1666/1668/81
f 1666/1668/81 1677/1633/81 1664/1628/81
f 1663/1666/81 1677/1633/81 1661/1669/81
f 1661/1669/81 1677/1633/81 1665/1667/81
f 1615/1670/630 1654/1671/631 1617/1672/630
f 1616/1607/34 1653/1673/34 1615/1674/34
f 1653/1673/631 1672/1618/606 1654/1671/631
f 1623/1675/610 1618/1629/632 1669/1676/610
f 1618/1677/81 1636/1678/81 1634/1679/81
f 1654/1671/81 1618/1677/81 1617/1680/81
f 1688/1681/252 1701/1682/58 1687/1683/58
f 1681/1684/633 1696/1685/634 1695/1686/635
f 1681/1684/633 1682/1687/636 1696/1685/634
f 1688/1681/252 1689/1688/637 1702/1689/638
f 1682/1687/636 1697/1690/639 1696/1685/634
f 1689/1688/637 1703/1691/640 1702/1689/638
f 1682/1687/636 1698/1692/641 1697/1690/639
f 1689/1688/637 1690/1693/642 1703/1691/640
f 1690/1693/642 1704/1694/643 1703/1691/640
f 1684/1695/644 1698/1692/641 1683/1696/61
f 1690/1693/642 1691/1697/645 1704/1694/643
f 1678/1698/616 1694/1699/646 1693/1700/616
f 1684/1695/644 1685/1701/647 1699/1702/648
f 1678/1698/616 1679/1703/649 1694/1699/646
f 1691/1697/645 1705/1704/650 1704/1694/643
f 1685/1701/647 1700/1705/651 1699/1702/648
f 1685/1701/647 1686/1706/255 1700/1705/651
f 1680/1707/652 1694/1699/646 1679/1703/649
f 1678/1698/616 1705/1708/650 1692/1709/653
f 1687/1683/58 1700/1705/651 1686/1706/255
f 1680/1707/652 1681/1684/633 1695/1686/635
f 1694/1710/81 1698/1711/81 1702/1712/81
f 1688/1713/34 1684/1714/34 1680/1715/34
f 1551/1507/81 1553/1580/81 1607/1579/81
f 1551/1507/81 1607/1579/81 1557/1505/81
f 1559/1506/81 1563/1576/81 1551/1507/81
f 1574/1716/34 1573/1569/34 1544/1517/34
f 1547/1575/34 1567/1513/34 1564/1717/34
f 1547/1575/34 1564/1717/34 1565/1718/34
f 1575/1719/34 1574/1716/34 1544/1517/34
f 1575/1719/34 1544/1517/34 1578/1596/34
f 1540/1508/34 1547/1575/34 1565/1718/34
f 1540/1508/34 1565/1718/34 1566/1720/34
f 1575/1719/34 1578/1596/34 1540/1508/34
f 1576/1721/34 1575/1719/34 1540/1508/34
f 1540/1508/34 1566/1720/34 1571/1722/34
f 1540/1508/34 1571/1722/34 1570/1509/34
f 1572/1510/34 1576/1721/34 1540/1508/34
f 1548/1514/604 1553/1723/604 1551/1515/605
f 1544/1517/606 1546/1520/607 1610/1518/607
f 1546/1520/607 1545/1724/608 1552/1521/608
f 1552/1521/609 1545/1724/609 1543/1516/605
f 1606/1522/610 1555/1525/611 1549/1523/611
f 1555/1525/611 1554/1527/612 1550/1526/612
f 1554/1527/613 1553/1723/604 1548/1514/604
f 1540/1528/614 1584/1541/615 1589/1529/615
f 1581/1531/616 1586/1725/616 1590/1532/617
f 1587/1535/81 1541/1726/81 1542/1530/81
f 1542/1530/81 1589/1529/81 1614/1534/81
f 1541/1536/618 1587/1542/619 1580/1537/619
f 1584/1541/34 1540/1528/34 1539/1539/34
f 1539/1539/34 1580/1588/34 1613/1540/34
f 1587/1542/619 1588/1544/620 1582/1543/620
f 1588/1544/621 1586/1725/616 1581/1531/616
f 1590/1532/617 1591/1546/622 1585/1545/622
f 1591/1546/623 1589/1529/615 1584/1541/615
f 1596/1547/70 1577/1727/70 1538/1548/70
f 1599/1550/624 1598/1554/624 1595/1551/624
f 1593/1549/60 1592/1555/60 1597/1553/60
f 1598/1554/625 1597/1553/625 1592/1555/625
f 1603/1559/626 1602/1728/627 1600/1560/627
f 1594/1552/628 1600/1564/627 1602/1562/627
f 1538/1548/629 1577/1727/629 1603/1559/629
f 1538/1563/81 1601/1729/81 1600/1564/81
f 1602/1562/34 1603/1730/34 1577/1557/34
f 1568/1731/34 1567/1513/34 1548/1573/34
f 1548/1573/34 1543/1570/34 1573/1569/34
f 1569/1574/34 1568/1731/34 1548/1573/34
f 1539/1593/630 1578/1596/631 1579/1594/631
f 1578/1596/631 1544/1517/606 1609/1519/606
f 1547/1598/610 1540/1528/632 1542/1530/632
f 1605/1732/81 1607/1579/81 1606/1583/81
f 1609/1519/81 1563/1576/81 1561/1733/81
f 1609/1519/81 1561/1733/81 1612/1734/81
f 1611/1735/81 1605/1732/81 1606/1583/81
f 1556/1736/81 1611/1735/81 1606/1583/81
f 1579/1594/81 1609/1519/81 1612/1734/81
f 1579/1594/81 1612/1734/81 1562/1737/81
f 1556/1736/81 1606/1583/81 1542/1600/81
f 1604/1738/81 1556/1736/81 1542/1600/81
f 1542/1600/81 1579/1594/81 1562/1737/81
f 1542/1600/81 1562/1737/81 1608/1739/81
f 1558/1602/81 1604/1738/81 1542/1600/81
f 1542/1600/81 1608/1739/81 1560/1601/81
f 1627/1606/81 1629/1657/81 1670/1656/81
f 1627/1606/81 1670/1656/81 1633/1604/81
f 1635/1605/81 1639/1653/81 1627/1606/81
f 1650/1740/34 1649/1646/34 1620/1616/34
f 1623/1652/34 1643/1612/34 1640/1741/34
f 1623/1652/34 1640/1741/34 1641/1742/34
f 1651/1743/34 1650/1740/34 1620/1616/34
f 1651/1743/34 1620/1616/34 1653/1673/34
f 1616/1607/34 1623/1652/34 1641/1742/34
f 1616/1607/34 1641/1742/34 1642/1744/34
f 1651/1743/34 1653/1673/34 1616/1607/34
f 1652/1745/654 1651/1743/34 1616/1607/34
f 1616/1607/34 1642/1744/34 1647/1746/34
f 1616/1607/34 1647/1746/34 1646/1608/34
f 1648/1609/34 1652/1745/654 1616/1607/34
f 1624/1613/604 1629/1747/604 1627/1614/605
f 1620/1616/606 1622/1619/607 1673/1617/607
f 1622/1619/607 1621/1748/608 1628/1620/608
f 1628/1620/609 1621/1748/609 1619/1615/605
f 1669/1621/610 1631/1624/611 1625/1622/611
f 1631/1624/611 1630/1626/612 1626/1625/612
f 1630/1626/613 1629/1747/604 1624/1613/604
f 1616/1627/614 1659/1640/615 1664/1628/615
f 1656/1630/616 1661/1749/616 1665/1631/617
f 1662/1634/81 1617/1750/81 1618/1629/81
f 1618/1629/81 1664/1628/81 1677/1633/81
f 1617/1635/618 1662/1641/619 1655/1636/619
f 1659/1640/34 1616/1627/34 1615/1638/34
f 1615/1638/34 1655/1665/34 1676/1639/34
f 1662/1641/619 1663/1643/620 1657/1642/620
f 1663/1643/621 1661/1749/616 1656/1630/616
f 1665/1631/617 1666/1645/622 1660/1644/622
f 1666/1645/623 1664/1628/615 1659/1640/615
f 1644/1751/34 1643/1612/34 1624/1650/34
f 1624/1650/34 1619/1647/34 1649/1646/34
f 1645/1651/34 1644/1751/34 1624/1650/34
f 1615/1670/630 1653/1673/631 1654/1671/631
f 1653/1673/631 1620/1616/606 1672/1618/606
f 1623/1675/610 1616/1627/632 1618/1629/632
f 1668/1752/81 1670/1656/81 1669/1660/81
f 1672/1618/81 1639/1653/81 1637/1753/81
f 1672/1618/81 1637/1753/81 1675/1754/81
f 1674/1755/81 1668/1752/81 1669/1660/81
f 1632/1756/81 1674/1755/81 1669/1660/81
f 1654/1671/81 1672/1618/81 1675/1754/81
f 1654/1671/81 1675/1754/81 1638/1757/81
f 1632/1756/81 1669/1660/81 1618/1677/81
f 1667/1758/81 1632/1756/81 1618/1677/81
f 1618/1677/81 1654/1671/81 1638/1757/81
f 1618/1677/81 1638/1757/81 1671/1759/81
f 1634/1679/81 1667/1758/81 1618/1677/81
f 1618/1677/81 1671/1759/81 1636/1678/81
f 1688/1681/252 1702/1689/638 1701/1682/58
f 1682/1687/636 1683/1696/61 1698/1692/641
f 1684/1695/644 1699/1702/648 1698/1692/641
f 1691/1697/645 1692/1760/653 1705/1704/650
f 1680/1707/652 1695/1686/635 1694/1699/646
f 1678/1698/616 1693/1700/616 1705/1708/650
f 1687/1683/58 1701/1682/58 1700/1705/651
f 1705/1761/81 1693/1762/81 1694/1710/81
f 1694/1710/81 1695/1763/81 1696/1764/81
f 1696/1764/81 1697/1765/81 1698/1711/81
f 1698/1711/81 1699/1766/81 1700/1767/81
f 1700/1767/81 1701/1768/81 1702/1712/81
f 1702/1712/81 1703/1769/81 1704/1770/81
f 1704/1770/81 1705/1761/81 1694/1710/81
f 1694/1710/81 1696/1764/81 1698/1711/81
f 1698/1711/81 1700/1767/81 1702/1712/81
f 1702/1712/81 1704/1770/81 1694/1710/81
f 1679/1771/34 1678/1772/34 1692/1773/34
f 1692/1773/34 1691/1774/34 1690/1775/34
f 1690/1775/34 1689/1776/34 1688/1713/34
f 1688/1713/34 1687/1777/34 1686/1778/34
f 1686/1778/34 1685/1779/34 1684/1714/34
f 1684/1714/34 1683/1780/34 1682/1781/34
f 1682/1781/34 1681/1782/34 1680/1715/34
f 1680/1715/34 1679/1771/34 1692/1773/34
f 1692/1773/34 1690/1775/34 1688/1713/34
f 1688/1713/34 1686/1778/34 1684/1714/34
f 1684/1714/34 1682/1781/34 1680/1715/34
f 1680/1715/34 1692/1773/34 1688/1713/34
f 1725/1505/34 1727/1506/34 1719/1507/34
f 1708/1508/81 1738/1509/81 1740/1510/81
f 1717/1511/81 1718/1512/81 1735/1513/81
f 1716/1514/417 1719/1515/418 1711/1516/418
f 1712/1517/419 1778/1518/420 1777/1519/419
f 1714/1520/420 1720/1521/421 1778/1518/420
f 1720/1521/422 1711/1516/418 1719/1515/418
f 1774/1522/423 1717/1523/424 1715/1524/423
f 1723/1525/424 1718/1526/425 1717/1523/424
f 1722/1527/426 1716/1514/417 1718/1526/426
f 1708/1528/427 1757/1529/428 1710/1530/427
f 1749/1531/242 1758/1532/429 1751/1533/429
f 1710/1530/34 1782/1534/34 1755/1535/34
f 1709/1536/430 1748/1537/431 1707/1538/430
f 1707/1539/81 1781/1540/81 1752/1541/81
f 1755/1542/431 1750/1543/432 1748/1537/431
f 1756/1544/433 1749/1531/242 1750/1543/433
f 1758/1532/429 1753/1545/434 1751/1533/429
f 1759/1546/435 1752/1541/428 1753/1545/435
f 1764/1547/70 1706/1548/70 1761/1549/70
f 1767/1550/436 1763/1551/436 1762/1552/436
f 1761/1549/61 1765/1553/61 1764/1547/61
f 1766/1554/437 1760/1555/437 1763/1551/437
f 1766/1556/81 1745/1557/81 1765/1558/81
f 1771/1559/438 1768/1560/439 1769/1561/438
f 1762/1552/440 1770/1562/439 1767/1550/440
f 1706/1548/441 1771/1559/441 1769/1561/441
f 1706/1563/34 1768/1564/34 1762/1552/34
f 1706/1563/34 1760/1565/34 1761/1566/34
f 1763/1567/34 1706/1563/34 1762/1552/34
f 1760/1565/34 1706/1563/34 1763/1567/34
f 1765/1558/81 1745/1557/81 1764/1568/81
f 1745/1557/81 1766/1556/81 1767/1550/81
f 1770/1562/81 1745/1557/81 1767/1550/81
f 1741/1569/81 1711/1570/81 1713/1571/81
f 1713/1571/81 1714/1572/81 1741/1569/81
f 1712/1517/81 1741/1569/81 1714/1572/81
f 1716/1573/81 1741/1569/81 1737/1574/81
f 1735/1513/81 1715/1575/81 1717/1511/81
f 1735/1513/81 1718/1512/81 1716/1573/81
f 1719/1507/34 1731/1576/34 1720/1577/34
f 1720/1577/34 1731/1576/34 1778/1578/34
f 1775/1579/34 1721/1580/34 1722/1581/34
f 1723/1582/34 1774/1583/34 1775/1579/34
f 1722/1581/34 1723/1582/34 1775/1579/34
f 1731/1576/34 1777/1519/34 1778/1578/34
f 1752/1541/81 1781/1540/81 1753/1584/81
f 1753/1584/81 1781/1540/81 1751/1585/81
f 1751/1585/81 1781/1540/81 1749/1586/81
f 1750/1587/81 1781/1540/81 1748/1588/81
f 1749/1586/81 1781/1540/81 1750/1587/81
f 1755/1535/34 1782/1534/34 1756/1589/34
f 1758/1590/34 1782/1534/34 1759/1591/34
f 1759/1591/34 1782/1534/34 1757/1529/34
f 1756/1589/34 1782/1534/34 1754/1592/34
f 1754/1592/34 1782/1534/34 1758/1590/34
f 1707/1593/442 1747/1594/443 1709/1595/442
f 1708/1508/81 1746/1596/81 1707/1597/81
f 1746/1596/443 1777/1519/419 1747/1594/443
f 1715/1598/423 1710/1530/444 1774/1599/423
f 1710/1600/34 1728/1601/34 1726/1602/34
f 1747/1594/34 1710/1600/34 1709/1603/34
f 1801/1604/34 1803/1605/34 1795/1606/34
f 1784/1607/81 1814/1608/81 1816/1609/81
f 1793/1610/81 1794/1611/81 1811/1612/81
f 1792/1613/417 1795/1614/418 1787/1615/418
f 1788/1616/419 1841/1617/420 1840/1618/419
f 1790/1619/420 1796/1620/421 1841/1617/420
f 1796/1620/422 1787/1615/418 1795/1614/418
f 1837/1621/423 1793/1622/424 1791/1623/423
f 1799/1624/424 1794/1625/425 1793/1622/424
f 1798/1626/426 1792/1613/417 1794/1625/426
f 1784/1627/427 1832/1628/428 1786/1629/427
f 1824/1630/242 1833/1631/429 1826/1632/429
f 1786/1629/34 1845/1633/34 1830/1634/34
f 1785/1635/430 1823/1636/431 1783/1637/430
f 1783/1638/81 1844/1639/81 1827/1640/81
f 1830/1641/431 1825/1642/432 1823/1636/431
f 1831/1643/433 1824/1630/242 1825/1642/433
f 1833/1631/429 1828/1644/434 1826/1632/429
f 1834/1645/435 1827/1640/428 1828/1644/435
f 1817/1646/81 1787/1647/81 1789/1648/81
f 1789/1648/81 1790/1649/81 1817/1646/81
f 1788/1616/81 1817/1646/81 1790/1649/81
f 1792/1650/81 1817/1646/81 1813/1651/81
f 1811/1612/81 1791/1652/81 1793/1610/81
f 1811/1612/81 1794/1611/81 1792/1650/81
f 1795/1606/34 1807/1653/34 1796/1654/34
f 1796/1654/34 1807/1653/34 1841/1655/34
f 1838/1656/34 1797/1657/34 1798/1658/34
f 1799/1659/34 1837/1660/34 1838/1656/34
f 1798/1658/34 1799/1659/34 1838/1656/34
f 1807/1653/34 1840/1618/34 1841/1655/34
f 1827/1640/81 1844/1639/81 1828/1661/81
f 1828/1661/81 1844/1639/81 1826/1662/81
f 1826/1662/81 1844/1639/81 1824/1663/81
f 1825/1664/81 1844/1639/81 1823/1665/81
f 1824/1663/81 1844/1639/81 1825/1664/81
f 1830/1634/34 1845/1633/34 1831/1666/34
f 1833/1667/34 1845/1633/34 1834/1668/34
f 1834/1668/34 1845/1633/34 1832/1628/34
f 1831/1666/34 1845/1633/34 1829/1669/34
f 1829/1669/34 1845/1633/34 1833/1667/34
f 1783/1670/442 1822/1671/443 1785/1672/442
f 1784/1607/81 1821/1673/81 1783/1674/81
f 1821/1673/443 1840/1618/419 1822/1671/443
f 1791/1675/423 1786/1629/444 1837/1676/423
f 1786/1677/34 1804/1678/34 1802/1679/34
f 1822/1671/34 1786/1677/34 1785/1680/34
f 1856/1681/251 1869/1682/53 1855/1683/53
f 1849/1684/445 1864/1685/446 1863/1686/447
f 1849/1684/445 1850/1687/655 1864/1685/446
f 1856/1681/251 1857/1688/449 1870/1689/450
f 1850/1687/655 1865/1690/451 1864/1685/446
f 1857/1688/449 1871/1691/452 1870/1689/450
f 1850/1687/655 1866/1692/453 1865/1690/451
f 1857/1688/449 1858/1693/454 1871/1691/452
f 1858/1693/454 1872/1694/455 1871/1691/452
f 1852/1695/456 1866/1692/453 1851/1696/60
f 1858/1693/454 1859/1697/457 1872/1694/455
f 1846/1698/242 1862/1699/458 1861/1700/242
f 1852/1695/456 1853/1701/459 1867/1702/460
f 1846/1698/242 1847/1703/461 1862/1699/458
f 1859/1697/457 1873/1704/462 1872/1694/455
f 1853/1701/459 1868/1705/656 1867/1702/460
f 1853/1701/459 1854/1706/250 1868/1705/656
f 1848/1707/464 1862/1699/458 1847/1703/461
f 1846/1698/242 1873/1708/462 1860/1709/465
f 1855/1683/53 1868/1705/656 1854/1706/250
f 1848/1707/464 1849/1684/445 1863/1686/447
f 1862/1710/34 1866/1711/34 1870/1712/34
f 1856/1713/81 1852/1714/81 1848/1715/81
f 1719/1507/34 1721/1580/34 1775/1579/34
f 1719/1507/34 1775/1579/34 1725/1505/34
f 1727/1506/34 1731/1576/34 1719/1507/34
f 1742/1716/81 1741/1569/81 1712/1517/81
f 1715/1575/81 1735/1513/81 1732/1717/81
f 1715/1575/81 1732/1717/81 1733/1718/81
f 1743/1719/81 1742/1716/81 1712/1517/81
f 1743/1719/81 1712/1517/81 1746/1596/81
f 1708/1508/81 1715/1575/81 1733/1718/81
f 1708/1508/81 1733/1718/81 1734/1720/81
f 1743/1719/81 1746/1596/81 1708/1508/81
f 1744/1721/657 1743/1719/81 1708/1508/81
f 1708/1508/81 1734/1720/81 1739/1722/81
f 1708/1508/81 1739/1722/81 1738/1509/81
f 1740/1510/81 1744/1721/657 1708/1508/81
f 1716/1514/417 1721/1723/417 1719/1515/418
f 1712/1517/419 1714/1520/420 1778/1518/420
f 1714/1520/420 1713/1724/421 1720/1521/421
f 1720/1521/422 1713/1724/422 1711/1516/418
f 1774/1522/423 1723/1525/424 1717/1523/424
f 1723/1525/424 1722/1527/425 1718/1526/425
f 1722/1527/426 1721/1723/417 1716/1514/417
f 1708/1528/427 1752/1541/428 1757/1529/428
f 1749/1531/242 1754/1725/242 1758/1532/429
f 1755/1535/34 1709/1726/34 1710/1530/34
f 1710/1530/34 1757/1529/34 1782/1534/34
f 1709/1536/430 1755/1542/431 1748/1537/431
f 1752/1541/81 1708/1528/81 1707/1539/81
f 1707/1539/81 1748/1588/81 1781/1540/81
f 1755/1542/431 1756/1544/432 1750/1543/432
f 1756/1544/433 1754/1725/242 1749/1531/242
f 1758/1532/429 1759/1546/434 1753/1545/434
f 1759/1546/435 1757/1529/428 1752/1541/428
f 1764/1547/70 1745/1727/70 1706/1548/70
f 1767/1550/436 1766/1554/436 1763/1551/436
f 1761/1549/61 1760/1555/61 1765/1553/61
f 1766/1554/437 1765/1553/437 1760/1555/437
f 1771/1559/438 1770/1728/439 1768/1560/439
f 1762/1552/440 1768/1564/439 1770/1562/439
f 1706/1548/441 1745/1727/441 1771/1559/441
f 1706/1563/34 1769/1729/34 1768/1564/34
f 1770/1562/81 1771/1730/81 1745/1557/81
f 1736/1731/81 1735/1513/81 1716/1573/81
f 1716/1573/81 1711/1570/81 1741/1569/81
f 1737/1574/81 1736/1731/81 1716/1573/81
f 1707/1593/442 1746/1596/443 1747/1594/443
f 1746/1596/443 1712/1517/419 1777/1519/419
f 1715/1598/423 1708/1528/444 1710/1530/444
f 1773/1732/34 1775/1579/34 1774/1583/34
f 1777/1519/34 1731/1576/34 1729/1733/34
f 1777/1519/34 1729/1733/34 1780/1734/34
f 1779/1735/34 1773/1732/34 1774/1583/34
f 1724/1736/34 1779/1735/34 1774/1583/34
f 1747/1594/34 1777/1519/34 1780/1734/34
f 1747/1594/34 1780/1734/34 1730/1737/34
f 1724/1736/34 1774/1583/34 1710/1600/34
f 1772/1738/34 1724/1736/34 1710/1600/34
f 1710/1600/34 1747/1594/34 1730/1737/34
f 1710/1600/34 1730/1737/34 1776/1739/34
f 1726/1602/34 1772/1738/34 1710/1600/34
f 1710/1600/34 1776/1739/34 1728/1601/34
f 1795/1606/34 1797/1657/34 1838/1656/34
f 1795/1606/34 1838/1656/34 1801/1604/34
f 1803/1605/34 1807/1653/34 1795/1606/34
f 1818/1740/81 1817/1646/81 1788/1616/81
f 1791/1652/81 1811/1612/81 1808/1741/81
f 1791/1652/81 1808/1741/81 1809/1742/81
f 1819/1743/81 1818/1740/81 1788/1616/81
f 1819/1743/81 1788/1616/81 1821/1673/81
f 1784/1607/81 1791/1652/81 1809/1742/81
f 1784/1607/81 1809/1742/81 1810/1744/81
f 1819/1743/81 1821/1673/81 1784/1607/81
f 1820/1745/658 1819/1743/81 1784/1607/81
f 1784/1607/81 1810/1744/81 1815/1746/81
f 1784/1607/81 1815/1746/81 1814/1608/81
f 1816/1609/81 1820/1745/658 1784/1607/81
f 1792/1613/417 1797/1747/417 1795/1614/418
f 1788/1616/419 1790/1619/420 1841/1617/420
f 1790/1619/420 1789/1748/421 1796/1620/421
f 1796/1620/422 1789/1748/422 1787/1615/418
f 1837/1621/423 1799/1624/424 1793/1622/424
f 1799/1624/424 1798/1626/425 1794/1625/425
f 1798/1626/426 1797/1747/417 1792/1613/417
f 1784/1627/427 1827/1640/428 1832/1628/428
f 1824/1630/242 1829/1749/242 1833/1631/429
f 1830/1634/34 1785/1750/34 1786/1629/34
f 1786/1629/34 1832/1628/34 1845/1633/34
f 1785/1635/430 1830/1641/431 1823/1636/431
f 1827/1640/81 1784/1627/81 1783/1638/81
f 1783/1638/81 1823/1665/81 1844/1639/81
f 1830/1641/431 1831/1643/432 1825/1642/432
f 1831/1643/433 1829/1749/242 1824/1630/242
f 1833/1631/429 1834/1645/434 1828/1644/434
f 1834/1645/435 1832/1628/428 1827/1640/428
f 1812/1751/81 1811/1612/81 1792/1650/81
f 1792/1650/81 1787/1647/81 1817/1646/81
f 1813/1651/81 1812/1751/81 1792/1650/81
f 1783/1670/442 1821/1673/443 1822/1671/443
f 1821/1673/443 1788/1616/419 1840/1618/419
f 1791/1675/423 1784/1627/444 1786/1629/444
f 1836/1752/34 1838/1656/34 1837/1660/34
f 1840/1618/34 1807/1653/34 1805/1753/34
f 1840/1618/34 1805/1753/34 1843/1754/34
f 1842/1755/34 1836/1752/34 1837/1660/34
f 1800/1756/34 1842/1755/34 1837/1660/34
f 1822/1671/34 1840/1618/34 1843/1754/34
f 1822/1671/34 1843/1754/34 1806/1757/34
f 1800/1756/34 1837/1660/34 1786/1677/34
f 1835/1758/34 1800/1756/34 1786/1677/34
f 1786/1677/34 1822/1671/34 1806/1757/34
f 1786/1677/34 1806/1757/34 1839/1759/34
f 1802/1679/34 1835/1758/34 1786/1677/34
f 1786/1677/34 1839/1759/34 1804/1678/34
f 1856/1681/251 1870/1689/450 1869/1682/53
f 1850/1687/655 1851/1696/60 1866/1692/453
f 1852/1695/456 1867/1702/460 1866/1692/453
f 1859/1697/457 1860/1760/465 1873/1704/462
f 1848/1707/464 1863/1686/447 1862/1699/458
f 1846/1698/242 1861/1700/242 1873/1708/462
f 1855/1683/53 1869/1682/53 1868/1705/656
f 1873/1761/34 1861/1762/34 1862/1710/34
f 1862/1710/34 1863/1763/34 1864/1764/34
f 1864/1764/34 1865/1765/34 1866/1711/34
f 1866/1711/34 1867/1766/34 1868/1767/34
f 1868/1767/34 1869/1768/34 1870/1712/34
f 1870/1712/34 1871/1769/34 1872/1770/34
f 1872/1770/34 1873/1761/34 1862/1710/34
f 1862/1710/34 1864/1764/34 1866/1711/34
f 1866/1711/34 1868/1767/34 1870/1712/34
f 1870/1712/34 1872/1770/34 1862/1710/34
f 1847/1771/81 1846/1772/81 1860/1773/81
f 1860/1773/81 1859/1774/81 1858/1775/81
f 1858/1775/81 1857/1776/81 1856/1713/81
f 1856/1713/81 1855/1777/81 1854/1778/81
f 1854/1778/81 1853/1779/81 1852/1714/81
f 1852/1714/81 1851/1780/81 1850/1781/81
f 1850/1781/81 1849/1782/81 1848/1715/81
f 1848/1715/81 1847/1771/81 1860/1773/81
f 1860/1773/81 1858/1775/81 1856/1713/81
f 1856/1713/81 1854/1778/81 1852/1714/81
f 1852/1714/81 1850/1781/81 1848/1715/81
f 1848/1715/81 1860/1773/81 1856/1713/81
f 1905/1783/466 1986/1784/467 1907/1785/468
f 1876/1786/659 1922/1787/470 1874/1788/470
f 1929/1789/70 1937/1790/70 1945/1791/70
f 1898/1792/471 1935/1793/472 1934/1794/471
f 1910/1795/473 1939/1796/474 1908/1797/474
f 1920/1798/475 1944/1799/476 1918/1800/476
f 1884/1801/477 1928/1802/478 1927/1803/660
f 1894/1804/479 1933/1805/480 1932/1806/479
f 1906/1807/481 1937/1808/482 1904/1809/482
f 1916/1810/483 1942/1811/484 1914/1812/484
f 1882/1813/485 1925/1814/486 1880/1815/486
f 1892/1816/487 1930/1817/488 1890/1818/488
f 1902/1819/489 1935/1793/472 1900/1820/472
f 1912/1821/490 1940/1822/473 1910/1795/473
f 1874/1788/470 1945/1823/475 1920/1798/475
f 1876/1786/659 1924/1824/491 1923/1825/659
f 1886/1826/478 1929/1827/493 1928/1802/478
f 1896/1828/480 1934/1829/471 1933/1805/480
f 1906/1807/481 1939/1796/474 1938/1830/481
f 1916/1810/483 1944/1799/476 1943/1831/483
f 1882/1813/485 1927/1803/660 1926/1832/485
f 1892/1816/487 1932/1806/479 1931/1833/487
f 1902/1819/489 1937/1808/482 1936/1834/489
f 1914/1812/484 1941/1835/490 1912/1821/490
f 1880/1815/486 1924/1824/491 1878/1836/491
f 1888/1837/493 1930/1817/488 1929/1827/493
f 1969/1838/3 1994/1839/494 1947/1840/495
f 1879/1841/65 1949/1842/65 1948/1843/65
f 1883/1844/65 1949/1842/65 1881/1845/65
f 1885/1846/65 1950/1847/65 1883/1844/65
f 1887/1848/65 1951/1849/65 1885/1846/65
f 1887/1848/65 1953/1850/65 1952/1851/65
f 1891/1852/65 1953/1850/65 1889/1853/65
f 1891/1852/65 1955/1854/65 1954/1855/65
f 1893/1856/65 1956/1857/65 1955/1854/65
f 1959/1858/18 1997/1859/496 1960/1860/661
f 1905/1861/65 1960/1862/65 1903/1863/65
f 1907/1864/65 1961/1865/65 1905/1861/65
f 1907/1864/65 1963/1866/65 1962/1867/65
f 1909/1868/65 1964/1869/65 1963/1866/65
f 1913/1870/65 1964/1869/65 1911/1871/65
f 1915/1872/65 1965/1873/65 1913/1870/65
f 1915/1872/65 1967/1874/65 1966/1875/65
f 1919/1876/65 1967/1874/65 1917/1877/65
f 1875/1878/498 2004/1879/17 1921/1880/17
f 1891/1881/499 1979/1882/500 1893/1883/500
f 1921/1884/501 1971/1885/502 1875/1886/502
f 1879/1887/503 1970/1888/504 1972/1889/503
f 1909/1890/505 1986/1784/505 1987/1891/505
f 1893/1883/500 1980/1892/506 1895/1893/506
f 1881/1894/507 1972/1889/503 1973/1895/507
f 1911/1896/505 1987/1891/505 1988/1897/505
f 1895/1893/506 1981/1898/508 1897/1899/508
f 1883/1900/509 1973/1895/507 1974/1901/509
f 1911/1896/505 1989/1902/505 1913/1903/505
f 1897/1899/508 1982/1904/510 1899/1905/510
f 1885/1906/511 1974/1901/509 1975/1907/511
f 1913/1903/505 1990/1908/505 1915/1909/505
f 1901/1910/512 1982/1904/510 1983/1911/512
f 1885/1906/511 1976/1912/513 1887/1913/513
f 1917/1914/514 1990/1915/662 1991/1916/516
f 1903/1917/517 1983/1911/512 1984/1918/517
f 1887/1913/513 1977/1919/518 1889/1920/518
f 1917/1914/514 1992/1921/519 1919/1922/519
f 1905/1783/466 1984/1918/517 1985/1923/520
f 1889/1920/518 1978/1924/499 1891/1881/499
f 1919/1922/519 1993/1925/501 1921/1884/501
f 1877/1926/504 1971/1885/502 1970/1888/504
f 1984/1927/65 1976/1928/65 1972/1929/65
f 2002/1930/65 1995/1931/65 2001/1932/65
f 2003/1933/521 1996/1934/65 2002/1930/65
f 2005/1935/522 1998/1936/65 1999/1937/663
f 2000/1938/65 1998/1936/65 2004/1939/65
f 1901/1940/4 2001/1941/524 1899/1942/524
f 1903/1943/525 2002/1944/4 1901/1940/4
f 1958/1945/526 1996/1934/18 1959/1858/18
f 1921/1880/17 2005/1946/527 1919/1947/528
f 1968/1948/529 1998/1936/3 1969/1838/3
f 1947/1840/68 2000/1949/68 1875/1878/68
f 2030/1950/530 2043/1951/530 2044/1952/530
f 2031/1953/81 2029/1954/81 2028/1955/81
f 1958/1945/68 2001/1941/68 1995/1931/68
f 1875/1956/65 1946/1957/65 1947/1958/65
f 1875/1956/65 1877/1959/65 1946/1957/65
f 1956/1857/65 1895/1960/65 1897/1961/65
f 1877/1959/65 1879/1841/65 1948/1843/65
f 1877/1959/65 1948/1843/65 1946/1957/65
f 1899/1962/65 1957/1963/65 1897/1961/65
f 1958/1964/65 1957/1963/65 1899/1962/65
f 1957/1963/65 1956/1857/65 1897/1961/65
f 2035/1965/531 2009/1966/532 2034/1967/533
f 2037/1968/534 2011/1969/535 2010/1970/534
f 2007/1971/664 2043/1951/537 2032/1972/538
f 2033/1973/531 2006/1974/539 2029/1975/531
f 2037/1968/34 2008/1976/34 2035/1965/34
f 2031/1953/534 2007/1971/664 2032/1972/538
f 2005/1977/527 2014/1978/34 1919/1979/528
f 1999/1980/663 2015/1981/540 2005/1977/522
f 1968/1982/541 2014/1978/542 2012/1983/543
f 1999/1984/544 2012/1983/81 2013/1985/81
f 1997/1986/545 2017/1987/546 2018/1988/547
f 1960/1989/665 2016/1990/549 1903/1991/550
f 1997/1986/496 2019/1992/34 1960/1989/661
f 2003/1993/551 2016/1990/81 2017/1994/81
f 2021/1995/68 2020/1996/68 2022/1997/68
f 2025/1998/68 2026/1999/68 2027/2000/68
f 2022/1997/81 2033/2001/81 2031/2002/81
f 2021/1995/34 2030/2003/34 2023/2004/34
f 2020/2005/531 2030/2003/552 2033/2006/531
f 2021/1995/534 2031/2002/534 2032/2007/538
f 2027/2000/34 2035/2008/34 2025/2009/34
f 2026/1999/534 2037/2010/534 2027/2000/534
f 2025/2011/531 2034/2012/533 2024/2013/531
f 2026/1999/81 2034/2012/81 2036/2014/81
f 2046/2015/81 2045/2016/81 2042/2017/81
f 2049/2018/81 2079/2019/81 2061/2020/81
f 2011/1969/535 2045/2016/553 2040/2021/554
f 2034/1967/533 2041/2022/555 2042/2023/556
f 2034/2024/557 2045/2016/557 2036/2025/557
f 2030/2026/552 2038/2027/558 2006/1974/539
f 2007/1971/559 2051/2028/559 2039/2029/559
f 2046/2030/560 2011/1969/560 2040/2021/560
f 2009/1966/560 2049/2031/560 2041/2022/560
f 2052/2032/559 2006/1974/559 2038/2027/559
f 2052/2033/34 2044/1952/34 2043/1951/34
f 2050/2034/561 2072/2035/562 2051/2036/561
f 2047/2037/563 2061/2020/564 2054/2038/565
f 2048/2039/666 2063/2040/567 2049/2041/666
f 2053/2042/667 2076/2043/569 2069/2044/570
f 2075/2045/571 2066/2046/572 2070/2047/573
f 2071/2048/81 2066/2049/81 2067/2050/81
f 2074/2051/34 2075/2052/34 2076/2043/34
f 2055/2053/574 2064/2054/575 2057/2055/576
f 2054/2056/565 2062/2057/577 2056/2058/577
f 2056/2058/578 2060/2059/668 2055/2053/574
f 2064/2054/575 2059/2060/580 2057/2055/576
f 2065/2061/669 2058/2062/582 2059/2060/581
f 2073/2063/583 2068/2064/584 2066/2046/572
f 2074/2065/585 2067/2066/670 2068/2064/585
f 2069/2044/570 2077/2067/587 2071/2068/588
f 2071/2068/589 2075/2045/571 2070/2047/573
f 2047/2037/34 2078/2069/34 2058/2062/34
f 2058/2062/34 2078/2069/34 2059/2070/34
f 2055/2071/34 2078/2069/34 2056/2072/34
f 2056/2072/34 2078/2069/34 2054/2038/34
f 2059/2070/34 2078/2069/34 2057/2073/34
f 2057/2073/34 2078/2069/34 2055/2071/34
f 2061/2020/81 2079/2019/81 2062/2074/81
f 2062/2074/81 2079/2019/81 2060/2075/81
f 2065/2076/81 2079/2019/81 2063/2077/81
f 2060/2075/81 2079/2019/81 2064/2078/81
f 2064/2078/81 2079/2019/81 2065/2076/81
f 1985/2079/65 1987/2080/65 1986/2081/65
f 1988/2082/65 2080/2083/65 1989/2084/65
f 1989/2084/65 1991/2085/65 1990/2086/65
f 1987/2080/65 2080/2083/65 1988/2082/65
f 1905/1783/466 1985/1923/520 1986/1784/467
f 1876/1786/659 1923/1825/659 1922/1787/470
f 1945/1791/70 1922/2087/70 1923/2088/70
f 1923/2088/70 1924/2089/70 1925/2090/70
f 1925/2090/70 1926/2091/70 1927/2092/70
f 1927/2092/70 1928/2093/70 1929/1789/70
f 1929/1789/70 1930/2094/70 1931/2095/70
f 1931/2095/70 1932/2096/70 1933/2097/70
f 1933/2097/70 1934/2098/70 1935/2099/70
f 1935/2099/70 1936/2100/70 1937/1790/70
f 1937/1790/70 1938/2101/70 1939/2102/70
f 1939/2102/70 1940/2103/70 1941/2104/70
f 1941/2104/70 1942/2105/70 1943/2106/70
f 1943/2106/70 1944/2107/70 1945/1791/70
f 1945/1791/70 1923/2088/70 1925/2090/70
f 1925/2090/70 1927/2092/70 1929/1789/70
f 1929/1789/70 1931/2095/70 1933/2097/70
f 1933/2097/70 1935/2099/70 1937/1790/70
f 1937/1790/70 1939/2102/70 1941/2104/70
f 1941/2104/70 1943/2106/70 1945/1791/70
f 1945/1791/70 1925/2090/70 1929/1789/70
f 1929/1789/70 1933/2097/70 1937/1790/70
f 1937/1790/70 1941/2104/70 1945/1791/70
f 1898/1792/471 1900/1820/472 1935/1793/472
f 1910/1795/473 1940/1822/473 1939/1796/474
f 1920/1798/475 1945/1823/475 1944/1799/476
f 1884/1801/477 1886/1826/478 1928/1802/478
f 1894/1804/479 1896/1828/480 1933/1805/480
f 1906/1807/481 1938/1830/481 1937/1808/482
f 1916/1810/483 1943/1831/483 1942/1811/484
f 1882/1813/485 1926/1832/485 1925/1814/486
f 1892/1816/487 1931/1833/487 1930/1817/488
f 1902/1819/489 1936/1834/489 1935/1793/472
f 1912/1821/490 1941/1835/490 1940/1822/473
f 1874/1788/470 1922/1787/470 1945/1823/475
f 1876/1786/659 1878/1836/491 1924/1824/491
f 1886/1826/478 1888/1837/493 1929/1827/493
f 1896/1828/480 1898/2108/471 1934/1829/471
f 1906/1807/481 1908/1797/474 1939/1796/474
f 1916/1810/483 1918/1800/476 1944/1799/476
f 1882/1813/485 1884/1801/477 1927/1803/660
f 1892/1816/487 1894/1804/479 1932/1806/479
f 1902/1819/489 1904/1809/482 1937/1808/482
f 1914/1812/484 1942/1811/484 1941/1835/490
f 1880/1815/486 1925/1814/486 1924/1824/491
f 1888/1837/493 1890/1818/488 1930/1817/488
f 1969/1838/3 1998/1936/3 1994/1839/494
f 1879/1841/65 1881/1845/65 1949/1842/65
f 1883/1844/65 1950/1847/65 1949/1842/65
f 1885/1846/65 1951/1849/65 1950/1847/65
f 1887/1848/65 1952/1851/65 1951/1849/65
f 1887/1848/65 1889/1853/65 1953/1850/65
f 1891/1852/65 1954/1855/65 1953/1850/65
f 1891/1852/65 1893/1856/65 1955/1854/65
f 1893/1856/65 1895/1960/65 1956/1857/65
f 1959/1858/18 1996/1934/18 1997/1859/496
f 1905/1861/65 1961/1865/65 1960/1862/65
f 1907/1864/65 1962/1867/65 1961/1865/65
f 1907/1864/65 1909/1868/65 1963/1866/65
f 1909/1868/65 1911/1871/65 1964/1869/65
f 1913/1870/65 1965/1873/65 1964/1869/65
f 1915/1872/65 1966/1875/65 1965/1873/65
f 1915/1872/65 1917/1877/65 1967/1874/65
f 1919/1876/65 1968/2109/65 1967/1874/65
f 1875/1878/498 2000/1949/498 2004/1879/17
f 1891/1881/499 1978/1924/499 1979/1882/500
f 1921/1884/501 1993/1925/501 1971/1885/502
f 1879/1887/503 1877/1926/504 1970/1888/504
f 1909/1890/505 1907/1785/505 1986/1784/505
f 1893/1883/500 1979/1882/500 1980/1892/506
f 1881/1894/507 1879/1887/503 1972/1889/503
f 1911/1896/505 1909/1890/505 1987/1891/505
f 1895/1893/506 1980/1892/506 1981/1898/508
f 1883/1900/509 1881/1894/507 1973/1895/507
f 1911/1896/505 1988/1897/505 1989/1902/505
f 1897/1899/508 1981/1898/508 1982/1904/510
f 1885/1906/511 1883/1900/509 1974/1901/509
f 1913/1903/505 1989/1902/505 1990/1908/505
f 1901/1910/512 1899/1905/510 1982/1904/510
f 1885/1906/511 1975/1907/511 1976/1912/513
f 1917/1914/514 1915/2110/590 1990/1915/662
f 1903/1917/517 1901/1910/512 1983/1911/512
f 1887/1913/513 1976/1912/513 1977/1919/518
f 1917/1914/514 1991/1916/516 1992/1921/519
f 1905/1783/466 1903/1917/517 1984/1918/517
f 1889/1920/518 1977/1919/518 1978/1924/499
f 1919/1922/519 1992/1921/519 1993/1925/501
f 1877/1926/504 1875/1886/502 1971/1885/502
f 1972/1929/65 1970/2111/65 1971/2112/65
f 1971/2112/65 1993/2113/65 1992/2114/65
f 1992/2114/65 1991/2085/65 2080/2083/65
f 2080/2083/65 1985/2079/65 1984/1927/65
f 1984/1927/65 1983/2115/65 1982/2116/65
f 1982/2116/65 1981/2117/65 1980/2118/65
f 1980/2118/65 1979/2119/65 1978/2120/65
f 1978/2120/65 1977/2121/65 1976/1928/65
f 1976/1928/65 1975/2122/65 1974/2123/65
f 1974/2123/65 1973/2124/65 1972/1929/65
f 1972/1929/65 1971/2112/65 1992/2114/65
f 1992/2114/65 2080/2083/65 1984/1927/65
f 1984/1927/65 1982/2116/65 1980/2118/65
f 1980/2118/65 1978/2120/65 1976/1928/65
f 1976/1928/65 1974/2123/65 1972/1929/65
f 1972/1929/65 1992/2114/65 1984/1927/65
f 1984/1927/65 1980/2118/65 1976/1928/65
f 2002/1930/65 1996/1934/65 1995/1931/65
f 2003/1933/521 1997/2125/545 1996/1934/65
f 2005/1935/522 2004/1939/65 1998/1936/65
f 2000/1938/65 1994/1839/65 1998/1936/65
f 1901/1940/4 2002/1944/4 2001/1941/524
f 1903/1943/525 2003/2126/551 2002/1944/4
f 1958/1945/526 1995/1931/591 1996/1934/18
f 1921/1880/17 2004/1879/17 2005/1946/527
f 1968/1948/529 1999/2127/544 1998/1936/3
f 1947/1840/68 1994/1839/68 2000/1949/68
f 2030/1950/530 2032/2128/530 2043/1951/530
f 2031/1953/81 2033/2129/81 2029/1954/81
f 1958/1945/68 1899/1942/68 2001/1941/68
f 2035/1965/531 2008/1976/531 2009/1966/532
f 2037/1968/534 2036/2130/592 2011/1969/535
f 2007/1971/664 2039/2029/593 2043/1951/537
f 2033/1973/531 2030/2026/552 2006/1974/539
f 2037/1968/34 2010/1970/34 2008/1976/34
f 2031/1953/534 2028/1955/534 2007/1971/536
f 2005/1977/594 2015/1981/34 2014/1978/34
f 1999/1980/595 2013/2131/596 2015/1981/597
f 1968/1982/541 1919/1979/598 2014/1978/542
f 1999/1984/544 1968/1982/529 2012/1983/81
f 1997/1986/545 2003/2132/521 2017/1987/546
f 1960/1989/599 2019/1992/600 2016/1990/601
f 1997/1986/602 2018/1988/34 2019/1992/34
f 2003/1993/551 1903/1991/525 2016/1990/81
f 2021/1995/68 2023/2133/68 2020/1996/68
f 2025/1998/68 2024/2134/68 2026/1999/68
f 2022/1997/81 2020/2135/81 2033/2001/81
f 2021/1995/34 2032/2007/34 2030/2003/34
f 2020/2005/531 2023/2004/531 2030/2003/552
f 2021/1995/534 2022/1997/534 2031/2002/534
f 2027/2000/34 2037/2010/34 2035/2008/34
f 2026/1999/534 2036/2014/592 2037/2010/534
f 2025/2011/531 2035/2136/531 2034/2012/533
f 2026/1999/81 2024/2013/81 2034/2012/81
f 2042/2017/81 2041/2137/81 2049/2138/81
f 2046/2015/81 2040/2021/81 2045/2016/81
f 2042/2017/81 2049/2138/81 2046/2015/81
f 2061/2020/81 2046/2139/81 2049/2018/81
f 2049/2018/81 2063/2077/81 2079/2019/81
f 2011/1969/535 2036/2130/592 2045/2016/553
f 2034/1967/533 2009/1966/532 2041/2022/555
f 2034/2024/557 2042/2017/557 2045/2016/557
f 2030/2026/552 2044/1952/603 2038/2027/558
f 2007/1971/559 2050/2140/559 2051/2028/559
f 2046/2030/560 2047/2141/560 2011/1969/560
f 2009/1966/560 2048/2142/560 2049/2031/560
f 2052/2032/559 2053/2143/559 2006/1974/559
f 2043/1951/34 2039/2029/34 2051/2144/34
f 2052/2033/34 2038/2027/34 2044/1952/34
f 2043/1951/34 2051/2144/34 2052/2033/34
f 2050/2034/561 2067/2050/670 2072/2035/562
f 2047/2037/563 2046/2139/563 2061/2020/564
f 2048/2039/666 2058/2062/582 2063/2040/567
f 2053/2042/667 2052/2145/667 2076/2043/569
f 2075/2045/571 2073/2063/583 2066/2046/572
f 2067/2050/81 2050/2034/81 2053/2146/81
f 2053/2146/81 2069/2147/81 2071/2048/81
f 2071/2048/81 2070/2148/81 2066/2049/81
f 2066/2049/81 2068/2149/81 2067/2050/81
f 2067/2050/81 2053/2146/81 2071/2048/81
f 2076/2043/34 2052/2145/34 2051/2036/34
f 2051/2036/34 2072/2035/34 2074/2051/34
f 2074/2051/34 2073/2150/34 2075/2052/34
f 2075/2052/34 2077/2151/34 2076/2043/34
f 2076/2043/34 2051/2036/34 2074/2051/34
f 2055/2053/574 2060/2059/668 2064/2054/575
f 2054/2056/565 2061/2152/564 2062/2057/577
f 2056/2058/578 2062/2057/578 2060/2059/668
f 2064/2054/575 2065/2061/580 2059/2060/580
f 2065/2061/669 2063/2040/567 2058/2062/582
f 2073/2063/583 2074/2065/584 2068/2064/584
f 2074/2065/585 2072/2153/562 2067/2066/670
f 2069/2044/570 2076/2043/569 2077/2067/587
f 2071/2068/589 2077/2067/589 2075/2045/571
f 2058/2062/34 2048/2039/34 2047/2037/34
f 2047/2037/34 2054/2038/34 2078/2069/34
f 1985/2079/65 2080/2083/65 1987/2080/65
f 1989/2084/65 2080/2083/65 1991/2085/65
f 2096/2154/172 2081/2155/179 2094/2156/172
f 2102/2157/174 2093/2158/175 2100/2159/174
f 2090/2160/65 2086/2161/65 2097/2162/65
f 2084/2163/184 2087/2164/177 2082/2165/184
f 2090/2166/182 2099/2167/185 2088/2168/182
f 2085/2169/179 2083/2170/197 2081/2155/179
f 2086/2171/198 2082/2165/184 2083/2170/198
f 2088/2168/182 2092/2172/193 2090/2166/182
f 2089/2173/194 2091/2174/177 2092/2172/194
f 2100/2159/174 2104/2175/191 2102/2157/174
f 2101/2176/192 2103/2177/185 2104/2175/192
f 2094/2156/172 2098/2178/196 2096/2154/172
f 2095/2179/195 2097/2180/175 2098/2178/195
f 2099/2181/70 2095/2182/70 2082/2165/70
f 2105/2183/81 2122/2184/192 2121/2185/81
f 2106/2186/192 2123/2187/1 2122/2184/192
f 2107/2188/1 2124/2189/191 2123/2187/1
f 2108/2190/191 2125/2191/68 2124/2189/191
f 2109/2192/68 2126/2193/195 2125/2191/68
f 2110/2194/195 2127/2195/8 2126/2193/195
f 2111/2196/8 2128/2197/196 2127/2195/8
f 2112/2198/196 2129/2199/34 2128/2197/196
f 2113/2200/34 2130/2201/197 2129/2199/34
f 2114/2202/197 2131/2203/15 2130/2201/197
f 2115/2204/15 2132/2205/198 2131/2203/15
f 2116/2206/198 2133/2207/137 2132/2205/198
f 2117/2208/137 2134/2209/194 2133/2207/137
f 2118/2210/194 2135/2211/6 2134/2209/194
f 2119/2212/6 2136/2213/193 2135/2211/6
f 2120/2214/193 2121/2215/81 2136/2213/193
f 2153/2216/193 2186/2217/81 2185/2218/193
f 2152/2219/181 2185/2218/193 2184/2220/181
f 2143/2221/192 2189/2222/192 2175/2223/192
f 2150/2224/137 2183/2225/177 2182/2226/137
f 2149/2227/198 2182/2226/137 2181/2228/198
f 2148/2229/183 2181/2228/198 2180/2230/183
f 2139/2231/671 2156/2232/671 2154/2233/671
f 2146/2234/34 2179/2235/179 2178/2236/34
f 2145/2237/196 2178/2236/34 2177/2238/196
f 2144/2239/171 2177/2238/196 2176/2240/171
f 2139/2241/194 2187/2242/194 2171/2243/194
f 2142/2244/68 2175/2245/175 2174/2246/68
f 2141/2247/191 2174/2246/68 2173/2248/191
f 2140/2249/173 2173/2248/191 2172/2250/173
f 2148/2251/672 2159/2252/672 2147/2253/672
f 2138/2254/81 2171/2255/185 2186/2217/81
f 2193/2256/197 2169/2257/197 2201/2258/197
f 2147/2259/195 2191/2260/195 2179/2261/195
f 2151/2262/197 2193/2256/197 2183/2263/197
f 2151/2264/673 2162/2265/673 2161/2266/673
f 2144/2267/674 2157/2268/674 2143/2269/674
f 2169/2257/178 2202/2270/178 2201/2258/178
f 2167/2271/180 2200/2272/180 2199/2273/180
f 2165/2274/176 2198/2275/176 2197/2276/176
f 2163/2277/186 2196/2278/186 2195/2279/186
f 2189/2222/192 2165/2274/192 2197/2276/192
f 2162/2265/675 2169/2257/675 2161/2266/675
f 2160/2280/676 2167/2271/676 2159/2252/676
f 2191/2260/195 2167/2271/195 2199/2273/195
f 2158/2281/677 2165/2274/677 2157/2268/677
f 2187/2242/194 2163/2277/194 2195/2279/194
f 2156/2232/678 2163/2277/678 2154/2233/678
f 2192/2282/6 2168/2283/6 2160/2284/6
f 2190/2285/15 2166/2286/15 2158/2287/15
f 2194/2288/1 2170/2289/1 2162/2290/1
f 2152/2291/1 2194/2288/1 2162/2290/1
f 2148/2292/6 2192/2282/6 2160/2284/6
f 2144/2293/15 2190/2285/15 2158/2287/15
f 2140/2294/8 2188/2295/8 2156/2296/8
f 2188/2295/8 2164/2297/8 2156/2296/8
f 2171/2243/194 2155/2298/194 2137/2299/194
f 2096/2154/172 2085/2169/179 2081/2155/179
f 2102/2157/174 2097/2300/175 2093/2158/175
f 2097/2162/65 2102/2301/65 2104/2302/65
f 2104/2302/65 2103/2303/65 2090/2160/65
f 2090/2160/65 2092/2304/65 2091/2174/65
f 2091/2174/65 2084/2163/65 2086/2161/65
f 2086/2161/65 2085/2305/65 2096/2306/65
f 2096/2306/65 2098/2307/65 2097/2162/65
f 2097/2162/65 2104/2302/65 2090/2160/65
f 2090/2160/65 2091/2174/65 2086/2161/65
f 2086/2161/65 2096/2306/65 2097/2162/65
f 2084/2163/184 2091/2174/177 2087/2164/177
f 2090/2166/182 2103/2177/185 2099/2167/185
f 2085/2169/179 2086/2171/197 2083/2170/197
f 2086/2171/198 2084/2163/184 2082/2165/184
f 2088/2168/182 2089/2173/193 2092/2172/193
f 2089/2173/194 2087/2164/177 2091/2174/177
f 2100/2159/174 2101/2176/191 2104/2175/191
f 2101/2176/192 2099/2167/185 2103/2177/185
f 2094/2156/172 2095/2179/196 2098/2178/196
f 2095/2179/195 2093/2308/175 2097/2180/175
f 2082/2165/70 2087/2164/70 2089/2309/70
f 2089/2309/70 2088/2310/70 2099/2181/70
f 2099/2181/70 2101/2311/70 2100/2312/70
f 2100/2312/70 2093/2313/70 2095/2182/70
f 2095/2182/70 2094/2314/70 2081/2315/70
f 2081/2315/70 2083/2316/70 2082/2165/70
f 2082/2165/70 2089/2309/70 2099/2181/70
f 2099/2181/70 2100/2312/70 2095/2182/70
f 2095/2182/70 2081/2315/70 2082/2165/70
f 2105/2183/81 2106/2186/192 2122/2184/192
f 2106/2186/192 2107/2188/1 2123/2187/1
f 2107/2188/1 2108/2190/191 2124/2189/191
f 2108/2190/191 2109/2192/68 2125/2191/68
f 2109/2192/68 2110/2194/195 2126/2193/195
f 2110/2194/195 2111/2196/8 2127/2195/8
f 2111/2196/8 2112/2198/196 2128/2197/196
f 2112/2198/196 2113/2200/34 2129/2199/34
f 2113/2200/34 2114/2202/197 2130/2201/197
f 2114/2202/197 2115/2204/15 2131/2203/15
f 2115/2204/15 2116/2206/198 2132/2205/198
f 2116/2206/198 2117/2208/137 2133/2207/137
f 2117/2208/137 2118/2210/194 2134/2209/194
f 2118/2210/194 2119/2212/6 2135/2211/6
f 2119/2212/6 2120/2214/193 2136/2213/193
f 2120/2214/193 2105/2317/81 2121/2215/81
f 2153/2216/193 2138/2254/81 2186/2217/81
f 2152/2219/181 2153/2216/193 2185/2218/193
f 2143/2221/192 2157/2318/192 2189/2222/192
f 2150/2224/137 2151/2319/177 2183/2225/177
f 2149/2227/198 2150/2224/137 2182/2226/137
f 2148/2229/183 2149/2227/198 2181/2228/198
f 2139/2231/671 2140/2320/671 2156/2232/671
f 2146/2234/34 2147/2321/179 2179/2235/179
f 2145/2237/196 2146/2234/34 2178/2236/34
f 2144/2239/171 2145/2237/196 2177/2238/196
f 2139/2241/194 2154/2322/194 2187/2242/194
f 2142/2244/68 2143/2323/175 2175/2245/175
f 2141/2247/191 2142/2244/68 2174/2246/68
f 2140/2249/173 2141/2247/191 2173/2248/191
f 2148/2251/672 2160/2280/672 2159/2252/672
f 2138/2254/81 2139/2324/185 2171/2255/185
f 2193/2256/197 2161/2325/197 2169/2257/197
f 2147/2259/195 2159/2326/195 2191/2260/195
f 2151/2262/197 2161/2325/197 2193/2256/197
f 2151/2264/673 2152/2327/673 2162/2265/673
f 2144/2267/674 2158/2281/674 2157/2268/674
f 2169/2257/178 2170/2289/178 2202/2270/178
f 2167/2271/180 2168/2283/180 2200/2272/180
f 2165/2274/176 2166/2286/176 2198/2275/176
f 2163/2277/186 2164/2297/186 2196/2278/186
f 2189/2222/192 2157/2318/192 2165/2274/192
f 2162/2265/675 2170/2289/675 2169/2257/675
f 2160/2280/676 2168/2283/676 2167/2271/676
f 2191/2260/195 2159/2326/195 2167/2271/195
f 2158/2281/677 2166/2286/677 2165/2274/677
f 2187/2242/194 2154/2322/194 2163/2277/194
f 2156/2232/678 2164/2297/678 2163/2277/678
f 2192/2282/6 2200/2272/6 2168/2283/6
f 2190/2285/15 2198/2275/15 2166/2286/15
f 2194/2288/1 2202/2270/1 2170/2289/1
f 2152/2291/1 2184/2328/1 2194/2288/1
f 2148/2292/6 2180/2329/6 2192/2282/6
f 2144/2293/15 2176/2330/15 2190/2285/15
f 2140/2294/8 2172/2331/8 2188/2295/8
f 2188/2295/8 2196/2278/8 2164/2297/8
f 2171/2243/194 2187/2242/194 2155/2298/194
f 2314/2332/34 2212/2333/34 2214/2334/34
f 2321/2335/679 2204/2336/680 2215/2337/680
f 2218/2338/681 2303/2339/682 2317/2340/683
f 2309/2341/684 2312/2342/685 2305/2343/686
f 2308/2344/683 2211/2345/681 2315/2346/683
f 2306/2347/679 2214/2334/680 2207/2348/680
f 2212/2349/687 2208/2350/687 2213/2351/687
f 2218/2338/81 2320/2352/81 2321/2335/81
f 2318/2353/684 2300/2354/685 2320/2355/686
f 2204/2356/688 2216/2357/688 2215/2358/688
f 2211/2345/689 2209/2359/689 2212/2349/689
f 2214/2360/688 2208/2350/688 2207/2361/688
f 2218/2338/689 2206/2362/689 2205/2363/689
f 2206/2362/687 2216/2357/687 2203/2364/687
f 2220/2365/690 2221/2366/691 2219/2367/690
f 2222/2368/691 2223/2369/692 2221/2366/691
f 2224/2370/692 2225/2371/693 2223/2369/692
f 2226/2372/693 2227/2373/694 2225/2371/693
f 2228/2374/695 2229/2375/696 2227/2373/694
f 2230/2376/696 2231/2377/697 2229/2378/696
f 2232/2379/697 2233/2380/698 2231/2377/697
f 2234/2381/698 2235/2382/699 2233/2380/698
f 2236/2383/699 2237/2384/700 2235/2382/699
f 2238/2385/700 2239/2386/688 2237/2384/700
f 2240/2387/688 2241/2388/701 2239/2386/688
f 2242/2389/701 2243/2390/687 2241/2388/701
f 2244/2391/687 2245/2392/702 2243/2390/687
f 2246/2393/702 2247/2394/689 2245/2392/702
f 2248/2395/689 2249/2396/703 2247/2394/689
f 2250/2397/703 2219/2367/690 2249/2396/703
f 2252/2398/691 2271/2399/691 2267/2400/691
f 2355/2401/691 2273/2402/691 2269/2403/691
f 2253/2404/691 2270/2405/691 2274/2406/691
f 2254/2407/693 2276/2408/693 2271/2399/693
f 2272/2409/693 2366/2410/693 2367/2411/693
f 2253/2404/693 2278/2412/693 2255/2413/693
f 2256/2414/696 2280/2415/696 2276/2408/696
f 2279/2416/696 2366/2410/696 2275/2417/696
f 2255/2413/696 2282/2418/696 2257/2419/696
f 2260/2420/698 2280/2415/698 2258/2421/698
f 2284/2422/698 2368/2423/698 2279/2416/698
f 2257/2419/698 2286/2424/698 2259/2425/698
f 2262/2426/700 2283/2427/700 2260/2420/700
f 2259/2425/700 2290/2428/700 2261/2429/700
f 2262/2426/701 2292/2430/701 2287/2431/701
f 2352/2432/701 2294/2433/701 2289/2434/701
f 2261/2429/701 2293/2435/701 2263/2436/701
f 2254/2437/34 2266/2438/34 2262/2439/34
f 2264/2440/702 2296/2441/702 2292/2442/702
f 2357/2443/702 2298/2444/702 2294/2445/702
f 2263/2446/702 2297/2447/702 2265/2448/702
f 2266/2449/703 2267/2400/703 2296/2441/703
f 2370/2450/703 2295/2451/703 2268/2452/703
f 2251/2453/703 2297/2447/703 2270/2405/703
f 2255/2454/81 2259/2455/81 2263/2456/81
f 2311/2457/679 2307/2458/698 2313/2459/698
f 2313/2459/696 2305/2343/686 2312/2342/685
f 2317/2460/683 2304/2461/691 2319/2462/691
f 2319/2462/693 2302/2463/684 2318/2353/684
f 2315/2464/683 2310/2465/691 2308/2466/683
f 2316/2467/693 2309/2341/684 2310/2465/693
f 2299/2468/679 2322/2469/698 2301/2470/698
f 2301/2470/696 2320/2355/686 2300/2354/685
f 2327/2471/704 2330/2472/705 2329/2473/705
f 2330/2472/705 2331/2474/706 2329/2473/705
f 2332/2475/706 2333/2476/707 2331/2474/706
f 2382/2477/708 2381/2478/708 2337/2479/708
f 2337/2479/709 2340/2480/710 2339/2481/710
f 2340/2480/710 2341/2482/711 2339/2481/710
f 2342/2483/712 2323/2484/713 2341/2482/712
f 2323/2485/81 2361/2486/81 2341/2487/81
f 2356/2488/693 2277/2489/693 2273/2402/693
f 2380/2490/34 2324/2491/34 2377/2492/34
f 2355/2401/703 2298/2444/703 2358/2493/703
f 2351/2494/696 2277/2489/696 2350/2495/696
f 2369/2496/701 2291/2497/701 2371/2498/701
f 2349/2499/698 2281/2500/698 2351/2494/698
f 2370/2450/691 2272/2409/691 2367/2411/691
f 2352/2432/700 2285/2501/700 2349/2499/700
f 2375/2502/81 2323/2485/81 2378/2503/81
f 2371/2504/702 2295/2451/702 2372/2505/702
f 2337/2506/81 2343/2507/81 2335/2508/81
f 2335/2508/81 2345/2509/81 2333/2510/81
f 2333/2510/81 2359/2511/81 2331/2512/81
f 2331/2512/81 2364/2513/81 2329/2514/81
f 2329/2514/81 2373/2515/81 2327/2516/81
f 2373/2515/81 2329/2514/81 2364/2513/81
f 2364/2513/81 2331/2512/81 2359/2511/81
f 2359/2511/81 2333/2510/81 2345/2509/81
f 2345/2509/81 2335/2508/81 2343/2507/81
f 2343/2507/81 2337/2506/81 2347/2517/81
f 2341/2487/81 2361/2486/81 2353/2518/81
f 2353/2518/81 2347/2517/81 2339/2519/81
f 2347/2517/81 2337/2506/81 2339/2519/81
f 2339/2519/81 2341/2487/81 2353/2518/81
f 2361/2486/81 2323/2485/81 2375/2502/81
f 2323/2485/81 2379/2520/81 2378/2503/81
f 2381/2478/34 2348/2521/34 2354/2522/34
f 2348/2521/34 2336/2523/34 2344/2524/34
f 2344/2524/34 2334/2525/34 2346/2526/34
f 2346/2526/34 2334/2525/34 2332/2527/34
f 2332/2527/34 2330/2528/34 2360/2529/34
f 2360/2529/34 2330/2528/34 2363/2530/34
f 2363/2530/34 2330/2528/34 2374/2531/34
f 2360/2529/34 2346/2526/34 2332/2527/34
f 2334/2525/34 2344/2524/34 2336/2523/34
f 2336/2523/34 2348/2521/34 2382/2477/34
f 2377/2492/34 2324/2491/34 2376/2532/34
f 2376/2532/34 2324/2491/34 2342/2533/34
f 2342/2533/34 2340/2534/34 2362/2535/34
f 2338/2536/34 2354/2522/34 2340/2534/34
f 2354/2522/34 2362/2535/34 2340/2534/34
f 2362/2535/34 2376/2532/34 2342/2533/34
f 2323/2484/713 2326/2537/714 2325/2538/714
f 2327/2471/715 2374/2539/715 2328/2540/715
f 2380/2541/716 2325/2538/717 2326/2537/716
f 2374/2531/34 2330/2528/34 2328/2542/34
f 2334/2543/718 2335/2544/719 2333/2476/718
f 2214/2334/34 2311/2457/34 2313/2545/34
f 2313/2545/34 2312/2546/34 2314/2332/34
f 2314/2332/34 2316/2547/34 2315/2548/34
f 2315/2548/34 2211/2549/34 2212/2333/34
f 2212/2333/34 2213/2550/34 2214/2334/34
f 2214/2334/34 2313/2545/34 2314/2332/34
f 2314/2332/34 2315/2548/34 2212/2333/34
f 2321/2335/679 2299/2468/679 2204/2336/680
f 2218/2338/681 2205/2363/681 2303/2339/682
f 2309/2341/684 2314/2551/684 2312/2342/685
f 2308/2344/683 2210/2552/681 2211/2345/681
f 2306/2347/679 2311/2457/679 2214/2334/680
f 2212/2349/687 2209/2359/687 2208/2350/687
f 2321/2335/81 2215/2337/81 2216/2553/81
f 2216/2553/81 2217/2554/81 2218/2338/81
f 2218/2338/81 2317/2340/81 2319/2555/81
f 2319/2555/81 2318/2556/81 2320/2352/81
f 2320/2352/81 2322/2557/81 2321/2335/81
f 2321/2335/81 2216/2553/81 2218/2338/81
f 2218/2338/81 2319/2555/81 2320/2352/81
f 2318/2353/684 2302/2463/684 2300/2354/685
f 2204/2356/688 2203/2364/688 2216/2357/688
f 2211/2345/689 2210/2552/689 2209/2359/689
f 2214/2360/688 2213/2351/688 2208/2350/688
f 2218/2338/689 2217/2558/689 2206/2362/689
f 2206/2362/687 2217/2558/687 2216/2357/687
f 2220/2365/690 2222/2368/691 2221/2366/691
f 2222/2368/691 2224/2370/692 2223/2369/692
f 2224/2370/692 2226/2372/693 2225/2371/693
f 2226/2372/693 2228/2374/695 2227/2373/694
f 2228/2374/695 2230/2559/696 2229/2375/696
f 2230/2376/696 2232/2379/697 2231/2377/697
f 2232/2379/697 2234/2381/698 2233/2380/698
f 2234/2381/698 2236/2383/699 2235/2382/699
f 2236/2383/699 2238/2385/700 2237/2384/700
f 2238/2385/700 2240/2387/688 2239/2386/688
f 2240/2387/688 2242/2389/701 2241/2388/701
f 2242/2389/701 2244/2391/687 2243/2390/687
f 2244/2391/687 2246/2393/702 2245/2392/702
f 2246/2393/702 2248/2395/689 2247/2394/689
f 2248/2395/689 2250/2397/703 2249/2396/703
f 2250/2397/703 2220/2365/690 2219/2367/690
f 2252/2398/691 2254/2407/691 2271/2399/691
f 2355/2401/691 2356/2488/691 2273/2402/691
f 2253/2404/691 2251/2453/691 2270/2405/691
f 2254/2407/693 2256/2414/693 2276/2408/693
f 2272/2409/693 2275/2417/693 2366/2410/693
f 2253/2404/693 2274/2406/693 2278/2412/693
f 2256/2414/696 2258/2421/696 2280/2415/696
f 2279/2416/696 2368/2423/696 2366/2410/696
f 2255/2413/696 2278/2412/696 2282/2418/696
f 2260/2420/698 2283/2427/698 2280/2415/698
f 2284/2422/698 2365/2560/698 2368/2423/698
f 2257/2419/698 2282/2418/698 2286/2424/698
f 2262/2426/700 2287/2431/700 2283/2427/700
f 2259/2425/700 2286/2424/700 2290/2428/700
f 2262/2426/701 2264/2561/701 2292/2430/701
f 2352/2432/701 2357/2562/701 2294/2433/701
f 2261/2429/701 2290/2428/701 2293/2435/701
f 2262/2439/34 2260/2563/34 2258/2564/34
f 2258/2564/34 2256/2565/34 2254/2437/34
f 2254/2437/34 2252/2566/34 2266/2438/34
f 2266/2438/34 2264/2567/34 2262/2439/34
f 2262/2439/34 2258/2564/34 2254/2437/34
f 2264/2440/702 2266/2449/702 2296/2441/702
f 2357/2443/702 2358/2493/702 2298/2444/702
f 2263/2446/702 2293/2568/702 2297/2447/702
f 2266/2449/703 2252/2398/703 2267/2400/703
f 2370/2450/703 2372/2505/703 2295/2451/703
f 2251/2453/703 2265/2448/703 2297/2447/703
f 2263/2456/81 2265/2569/81 2251/2570/81
f 2251/2570/81 2253/2571/81 2255/2454/81
f 2255/2454/81 2257/2572/81 2259/2455/81
f 2259/2455/81 2261/2573/81 2263/2456/81
f 2263/2456/81 2251/2570/81 2255/2454/81
f 2311/2457/679 2306/2347/679 2307/2458/698
f 2313/2459/696 2307/2458/696 2305/2343/686
f 2317/2460/683 2303/2574/682 2304/2461/691
f 2319/2462/693 2304/2461/693 2302/2463/684
f 2315/2464/683 2316/2467/691 2310/2465/691
f 2316/2467/693 2314/2551/684 2309/2341/684
f 2299/2468/679 2321/2335/679 2322/2469/698
f 2301/2470/696 2322/2469/696 2320/2355/686
f 2327/2471/704 2328/2540/704 2330/2472/705
f 2330/2472/705 2332/2475/706 2331/2474/706
f 2332/2475/706 2334/2543/707 2333/2476/707
f 2337/2479/708 2335/2544/719 2336/2575/719
f 2337/2479/708 2336/2575/719 2382/2477/708
f 2381/2478/708 2338/2536/708 2337/2479/708
f 2337/2479/709 2338/2536/709 2340/2480/710
f 2340/2480/710 2342/2483/711 2341/2482/711
f 2342/2483/712 2324/2576/713 2323/2484/713
f 2356/2488/693 2350/2495/693 2277/2489/693
f 2380/2490/34 2326/2577/34 2324/2491/34
f 2355/2401/703 2269/2403/703 2298/2444/703
f 2351/2494/696 2281/2500/696 2277/2489/696
f 2369/2496/701 2288/2578/701 2291/2497/701
f 2349/2499/698 2285/2501/698 2281/2500/698
f 2370/2450/691 2268/2452/691 2272/2409/691
f 2352/2432/700 2289/2434/700 2285/2501/700
f 2371/2504/702 2291/2579/702 2295/2451/702
f 2323/2485/81 2325/2580/81 2379/2520/81
f 2381/2478/34 2382/2477/34 2348/2521/34
f 2338/2536/34 2381/2478/34 2354/2522/34
f 2323/2484/713 2324/2576/713 2326/2537/714
f 2327/2471/715 2373/2581/715 2374/2539/715
f 2380/2541/716 2379/2582/717 2325/2538/717
f 2334/2543/718 2336/2575/719 2335/2544/719
f 2395/2583/720 2384/2584/720 2386/2585/720
f 2394/2586/721 2397/2587/721 2401/2588/721
f 2407/2589/720 2388/2590/720 2390/2591/720
f 2406/2592/722 2409/2593/722 2413/2594/721
f 2402/2595/723 2397/2596/723 2398/2597/723
f 2389/2598/724 2410/2599/724 2403/2600/724
f 2414/2601/723 2409/2602/723 2410/2603/723
f 2406/2604/725 2407/2605/725 2389/2606/725
f 2394/2607/725 2395/2608/725 2385/2609/725
f 2401/2588/726 2396/2610/726 2394/2586/726
f 2402/2611/727 2395/2583/727 2396/2610/727
f 2398/2612/728 2393/2613/728 2391/2614/728
f 2399/2615/729 2392/2616/729 2393/2613/729
f 2413/2594/726 2408/2617/726 2406/2592/726
f 2414/2618/727 2407/2589/727 2408/2617/727
f 2410/2599/730 2405/2619/730 2403/2600/730
f 2411/2620/729 2404/2621/729 2405/2619/729
f 2385/2622/724 2398/2612/724 2391/2614/724
f 2395/2583/720 2400/2623/720 2384/2584/720
f 2394/2586/721 2392/2616/721 2397/2587/721
f 2407/2589/720 2412/2624/720 2388/2590/720
f 2406/2592/722 2404/2621/722 2409/2593/722
f 2398/2597/723 2383/2625/723 2384/2626/723
f 2384/2626/723 2400/2627/723 2402/2595/723
f 2402/2595/723 2401/2628/723 2397/2596/723
f 2397/2596/723 2399/2629/723 2398/2597/723
f 2398/2597/723 2384/2626/723 2402/2595/723
f 2389/2598/724 2387/2630/724 2410/2599/724
f 2410/2603/723 2387/2631/723 2388/2632/723
f 2388/2632/723 2412/2633/723 2414/2601/723
f 2414/2601/723 2413/2634/723 2409/2602/723
f 2409/2602/723 2411/2635/723 2410/2603/723
f 2410/2603/723 2388/2632/723 2414/2601/723
f 2389/2606/725 2403/2636/725 2405/2637/725
f 2405/2637/725 2404/2638/725 2406/2604/725
f 2406/2604/725 2408/2639/725 2407/2605/725
f 2407/2605/725 2390/2640/725 2389/2606/725
f 2389/2606/725 2405/2637/725 2406/2604/725
f 2385/2609/725 2391/2641/725 2393/2642/725
f 2393/2642/725 2392/2643/725 2394/2607/725
f 2394/2607/725 2396/2644/725 2395/2608/725
f 2395/2608/725 2386/2645/725 2385/2609/725
f 2385/2609/725 2393/2642/725 2394/2607/725
f 2401/2588/726 2402/2611/726 2396/2610/726
f 2402/2611/727 2400/2623/727 2395/2583/727
f 2398/2612/728 2399/2615/728 2393/2613/728
f 2399/2615/729 2397/2587/729 2392/2616/729
f 2413/2594/726 2414/2618/726 2408/2617/726
f 2414/2618/727 2412/2624/731 2407/2589/727
f 2410/2599/730 2411/2620/730 2405/2619/730
f 2411/2620/729 2409/2593/729 2404/2621/729
f 2385/2622/724 2383/2646/724 2398/2612/724
f 2433/2647/732 2417/2648/732 2438/2649/732
f 2436/2650/733 2416/2651/733 2419/2652/733
f 2422/2653/734 2418/2654/734 2420/2655/734
f 2421/2656/735 2416/2657/735 2415/2658/735
f 2452/2659/736 2455/2660/737 2457/2661/736
f 2453/2662/738 2458/2663/739 2454/2664/739
f 2425/2665/740 2431/2666/741 2430/2667/742
f 2432/2668/743 2428/2669/744 2424/2670/732
f 2424/2670/745 2425/2671/745 2423/2672/745
f 2426/2673/746 2428/2674/746 2427/2675/746
f 2432/2676/747 2426/2677/747 2427/2678/747
f 2430/2667/748 2432/2676/748 2429/2679/748
f 2416/2651/749 2439/2680/749 2415/2681/749
f 2511/2682/748 2515/2683/748 2519/2684/748
f 2424/2670/750 2430/2667/750 2429/2679/750
f 2434/2685/751 2418/2654/751 2433/2647/751
f 2437/2686/752 2417/2687/752 2422/2688/752
f 2415/2681/753 2440/2689/753 2421/2690/753
f 2434/2685/754 2422/2688/755 2420/2691/756
f 2436/2650/757 2421/2656/757 2440/2692/757
f 2547/2693/747 2442/2694/747 2545/2695/747
f 2482/2696/758 2460/2697/759 2471/2698/760
f 2489/2699/761 2504/2700/758 2499/2701/759
f 2494/2702/762 2505/2703/763 2491/2704/763
f 2493/2705/764 2502/2706/765 2497/2707/764
f 2472/2708/766 2470/2709/767 2477/2710/767
f 2480/2711/765 2464/2712/764 2475/2713/764
f 2478/2714/768 2468/2715/769 2473/2716/769
f 2490/2717/766 2507/2718/770 2487/2719/770
f 2474/2720/771 2466/2721/772 2479/2722/772
f 2476/2723/773 2462/2724/763 2481/2725/763
f 2488/2726/774 2501/2727/769 2485/2728/769
f 2444/2729/775 2547/2693/775 2546/2730/775
f 2446/2731/776 2549/2732/776 2548/2733/777
f 2450/2734/778 2553/2735/779 2552/2736/778
f 2457/2661/736 2453/2662/738 2452/2659/736
f 2460/2697/759 2472/2708/766 2471/2698/760
f 2468/2715/769 2474/2720/771 2473/2716/769
f 2475/2713/764 2463/2737/773 2476/2723/773
f 2478/2714/768 2470/2709/767 2469/2738/768
f 2480/2739/765 2466/2721/772 2465/2740/765
f 2482/2696/758 2462/2724/763 2461/2741/758
f 2486/2742/771 2503/2743/780 2483/2744/780
f 2494/2702/762 2497/2707/764 2496/2745/773
f 2498/2746/766 2489/2699/761 2499/2701/759
f 2500/2747/771 2485/2728/769 2501/2727/769
f 2503/2743/780 2484/2748/765 2483/2744/780
f 2505/2703/763 2492/2749/758 2491/2704/763
f 2487/2719/770 2506/2750/768 2488/2726/774
f 2470/2709/748 2495/2751/748 2469/2738/748
f 2487/2752/748 2488/2753/748 2464/2754/748
f 2490/2755/748 2487/2752/748 2464/2754/748
f 2495/2756/748 2493/2757/748 2494/2758/748
f 2459/2759/748 2460/2760/748 2483/2761/748
f 2525/2762/781 2542/2763/782 2524/2764/783
f 2534/2765/784 2524/2764/783 2543/2766/785
f 2529/2767/786 2534/2765/784 2535/2768/787
f 2524/2764/783 2534/2765/784 2529/2767/786
f 2528/2769/788 2529/2767/786 2535/2768/787
f 2522/2770/789 2523/2771/790 2540/2772/791
f 2535/2768/787 2540/2772/791 2528/2769/788
f 2530/2773/792 2537/2774/793 2525/2762/781
f 2490/2755/748 2465/2775/748 2489/2776/748
f 2542/2763/782 2543/2766/785 2524/2764/783
f 2541/2777/794 2522/2770/789 2540/2772/791
f 2536/2778/795 2537/2774/793 2530/2773/792
f 2526/2779/796 2527/2780/797 2532/2781/798
f 2536/2778/795 2530/2773/792 2531/2782/799
f 2527/2780/797 2522/2770/789 2541/2777/794
f 2536/2778/795 2531/2782/799 2520/2783/800
f 2527/2780/797 2541/2777/794 2532/2781/798
f 2539/2784/801 2536/2778/795 2520/2783/800
f 2533/2785/802 2526/2779/796 2532/2781/798
f 2520/2783/800 2521/2786/803 2539/2784/801
f 2540/2772/791 2523/2771/790 2528/2769/788
f 2537/2774/793 2542/2763/782 2525/2762/781
f 2526/2779/796 2533/2785/802 2538/2787/804
f 2526/2779/796 2538/2787/804 2521/2786/803
f 2521/2786/803 2538/2787/804 2539/2784/801
f 2468/2788/748 2491/2789/748 2492/2790/748
f 2467/2791/748 2492/2790/748 2466/2792/748
f 2488/2753/748 2485/2793/748 2463/2794/748
f 2488/2753/748 2463/2794/748 2464/2754/748
f 2467/2791/748 2468/2788/748 2492/2790/748
f 2486/2795/748 2462/2796/748 2485/2793/748
f 2492/2790/748 2489/2776/748 2466/2792/748
f 2486/2795/748 2461/2797/748 2462/2796/748
f 2469/2798/748 2491/2789/748 2468/2788/748
f 2486/2795/748 2460/2760/748 2461/2797/748
f 2469/2798/748 2494/2758/748 2491/2789/748
f 2483/2761/748 2460/2760/748 2486/2795/748
f 2469/2798/748 2495/2756/748 2494/2758/748
f 2484/2799/748 2459/2759/748 2483/2761/748
f 2465/2775/748 2466/2792/748 2489/2776/748
f 2485/2793/748 2462/2796/748 2463/2794/748
f 2470/2800/748 2493/2757/748 2495/2756/748
f 2470/2800/748 2484/2799/748 2493/2757/748
f 2470/2800/748 2459/2759/748 2484/2799/748
f 2490/2755/748 2464/2754/748 2465/2775/748
f 2444/2729/748 2550/2801/805 2447/2802/805
f 2550/2801/805 2448/2803/806 2447/2802/805
f 2445/2804/750 2552/2736/778 2549/2732/750
f 2441/2805/736 2545/2695/736 2442/2694/736
f 2551/2806/806 2449/2807/779 2448/2803/806
f 2446/2731/745 2544/2808/745 2441/2809/745
f 2433/2647/732 2418/2654/732 2417/2648/732
f 2436/2650/733 2435/2810/733 2416/2651/733
f 2422/2653/734 2417/2648/734 2418/2654/734
f 2421/2656/735 2419/2652/735 2416/2657/735
f 2452/2659/736 2451/2811/737 2455/2660/737
f 2453/2662/738 2456/2812/738 2458/2663/739
f 2430/2667/742 2423/2672/742 2425/2665/740
f 2425/2665/740 2426/2813/807 2431/2666/741
f 2424/2670/732 2429/2679/732 2432/2668/743
f 2432/2668/743 2427/2814/808 2428/2669/744
f 2424/2670/745 2428/2674/745 2425/2671/745
f 2426/2673/746 2425/2671/746 2428/2674/746
f 2432/2676/747 2431/2815/747 2426/2677/747
f 2430/2667/748 2431/2815/748 2432/2676/748
f 2416/2651/749 2435/2810/749 2439/2680/749
f 2519/2684/748 2508/2816/748 2509/2817/748
f 2509/2817/748 2510/2818/809 2511/2682/748
f 2511/2682/748 2512/2819/810 2513/2820/748
f 2513/2820/748 2514/2821/811 2515/2683/748
f 2515/2683/748 2516/2822/748 2517/2823/748
f 2517/2823/748 2518/2824/812 2519/2684/748
f 2519/2684/748 2509/2817/748 2511/2682/748
f 2511/2682/748 2513/2820/748 2515/2683/748
f 2515/2683/748 2517/2823/748 2519/2684/748
f 2424/2670/750 2423/2672/750 2430/2667/750
f 2434/2685/751 2420/2691/751 2418/2654/751
f 2437/2686/752 2438/2825/752 2417/2687/752
f 2415/2681/753 2439/2680/753 2440/2689/753
f 2434/2685/754 2437/2686/813 2422/2688/755
f 2436/2650/814 2419/2652/815 2421/2656/816
f 2547/2693/747 2443/2826/747 2442/2694/747
f 2482/2696/758 2461/2741/758 2460/2697/759
f 2489/2699/761 2492/2749/758 2504/2700/758
f 2494/2702/762 2496/2745/773 2505/2703/763
f 2493/2705/764 2484/2748/765 2502/2706/765
f 2472/2708/766 2459/2827/766 2470/2709/767
f 2480/2711/765 2465/2828/765 2464/2712/764
f 2478/2714/768 2469/2738/768 2468/2715/769
f 2490/2717/766 2498/2829/766 2507/2718/770
f 2474/2720/771 2467/2830/771 2466/2721/772
f 2476/2723/773 2463/2737/773 2462/2724/763
f 2488/2726/774 2506/2750/768 2501/2727/769
f 2444/2729/775 2443/2826/775 2547/2693/775
f 2446/2731/776 2445/2804/776 2549/2732/776
f 2450/2734/778 2449/2807/779 2553/2735/779
f 2457/2661/736 2456/2812/738 2453/2662/738
f 2460/2697/759 2459/2827/766 2472/2708/766
f 2468/2715/769 2467/2830/771 2474/2720/771
f 2475/2713/764 2464/2712/764 2463/2737/773
f 2478/2714/768 2477/2710/767 2470/2709/767
f 2480/2739/765 2479/2722/772 2466/2721/772
f 2482/2696/758 2481/2725/763 2462/2724/763
f 2486/2742/771 2500/2747/771 2503/2743/780
f 2494/2702/762 2493/2705/764 2497/2707/764
f 2498/2746/766 2490/2831/766 2489/2699/761
f 2500/2747/771 2486/2742/771 2485/2728/769
f 2503/2743/780 2502/2706/765 2484/2748/765
f 2505/2703/763 2504/2700/758 2492/2749/758
f 2487/2719/770 2507/2718/770 2506/2750/768
f 2444/2729/748 2546/2730/748 2550/2801/817
f 2550/2801/805 2551/2806/806 2448/2803/806
f 2445/2804/750 2450/2734/778 2552/2736/778
f 2441/2805/736 2544/2832/736 2545/2695/736
f 2551/2806/806 2553/2735/779 2449/2807/779
f 2446/2731/745 2548/2733/745 2544/2808/745
usemtl SpacialRoverExploreralumGray.001
f 2555/2833/137 2556/2834/255 2554/2835/137
f 2556/2834/255 2559/2836/58 2558/2837/58
f 2559/2836/58 2560/2838/252 2558/2837/58
f 2561/2839/252 2562/2840/65 2560/2838/252
f 2563/2841/65 2564/2842/251 2562/2843/65
f 2565/2844/251 2566/2845/53 2564/2842/251
f 2567/2846/53 2568/2847/250 2566/2845/53
f 2569/2848/250 2570/2849/68 2568/2847/250
f 2571/2850/68 2572/2851/248 2570/2849/68
f 2573/2852/248 2574/2853/60 2572/2851/248
f 2575/2854/60 2576/2855/451 2574/2853/60
f 2577/2856/451 2578/2857/70 2576/2855/451
f 2579/2858/70 2580/2859/639 2578/2857/70
f 2581/2860/639 2582/2861/61 2580/2859/639
f 2583/2862/61 2584/2863/241 2582/2861/61
f 2585/2864/241 2554/2835/137 2584/2863/241
f 2589/2865/137 2606/2866/137 2604/2867/137
f 2597/2868/137 2621/2869/137 2620/2870/137
f 2591/2871/137 2606/2866/137 2590/2872/137
f 2592/2873/137 2608/2874/137 2591/2871/137
f 2593/2875/137 2610/2876/137 2592/2873/137
f 2593/2875/137 2614/2877/137 2612/2878/137
f 2619/2879/159 2621/2880/81 2598/2881/81
f 2618/2882/158 2619/2879/159 2617/2883/158
f 2616/2884/70 2617/2885/158 2615/2886/70
f 2613/2887/157 2616/2884/70 2615/2886/70
f 2611/2888/156 2614/2889/157 2613/2887/157
f 2610/2890/34 2611/2888/156 2609/2891/34
f 2608/2892/155 2609/2891/34 2607/2893/155
f 2606/2894/154 2607/2893/155 2605/2895/154
f 2604/2896/65 2605/2895/154 2603/2897/65
f 2602/2898/153 2603/2897/65 2601/2899/153
f 2600/2900/152 2601/2899/153 2599/2901/152
f 2598/2881/81 2600/2900/152 2599/2901/152
f 2597/2868/137 2618/2902/137 2596/2903/137
f 2589/2865/137 2602/2904/137 2588/2905/137
f 2596/2903/137 2616/2906/137 2595/2907/137
f 2587/2908/137 2602/2904/137 2600/2909/137
f 2594/2910/137 2616/2906/137 2614/2877/137
f 2586/2911/137 2600/2909/137 2621/2869/137
f 2636/2912/81 2680/2913/81 2638/2914/81
f 2631/2915/34 2653/2916/34 2629/2917/34
f 2624/2918/81 2646/2919/81 2673/2920/81
f 2637/2921/34 2668/2922/34 2665/2923/34
f 2632/2924/81 2676/2925/81 2677/2926/81
f 2625/2927/34 2672/2928/34 2622/2929/34
f 2638/2914/81 2681/2930/81 2640/2931/81
f 2633/2932/34 2656/2933/34 2631/2915/34
f 2626/2934/81 2673/2920/81 2674/2935/81
f 2639/2936/34 2671/2937/34 2668/2922/34
f 2632/2924/81 2678/2938/81 2634/2939/81
f 2627/2940/34 2647/2941/34 2625/2927/34
f 2623/2942/81 2681/2930/81 2646/2919/81
f 2633/2932/34 2662/2943/34 2659/2944/34
f 2628/2945/81 2674/2935/81 2675/2946/81
f 2622/2929/34 2671/2937/34 2641/2947/34
f 2634/2939/81 2679/2948/81 2636/2912/81
f 2629/2917/34 2650/2949/34 2627/2940/34
f 2635/2950/34 2665/2923/34 2662/2943/34
f 2630/2951/81 2675/2946/81 2676/2925/81
f 2646/2952/818 2682/2953/819 2673/2954/819
f 2648/2955/81 2693/2956/81 2694/2957/81
f 2685/2958/34 2701/2959/34 2702/2960/34
f 2686/2961/820 2677/2962/821 2676/2963/820
f 2687/2964/822 2678/2965/822 2677/2962/822
f 2688/2966/823 2679/2967/823 2678/2965/823
f 2689/2968/68 2680/2969/68 2679/2967/68
f 2680/2969/824 2691/2970/824 2681/2971/824
f 2681/2971/825 2683/2972/825 2646/2952/825
f 2651/2973/81 2663/2974/81 2669/2975/81
f 2669/2976/825 2672/2977/825 2642/2978/825
f 2668/2979/824 2669/2976/824 2666/2980/824
f 2665/2981/68 2666/2980/68 2663/2982/68
f 2662/2983/823 2663/2982/823 2660/2984/823
f 2659/2985/822 2660/2984/822 2657/2986/822
f 2656/2987/820 2657/2986/821 2654/2988/820
f 2647/2989/819 2693/2990/70 2643/2991/819
f 2672/2977/818 2643/2991/819 2642/2978/818
f 2644/2992/34 2683/2993/34 2645/2994/34
f 2644/2992/34 2684/2995/34 2682/2996/34
f 2649/2997/34 2685/2958/34 2684/2995/34
f 2655/2998/34 2685/2958/34 2652/2999/34
f 2658/3000/34 2686/3001/34 2655/2998/34
f 2661/3002/34 2687/3003/34 2658/3000/34
f 2664/3004/34 2688/3005/34 2661/3002/34
f 2664/3004/34 2690/3006/34 2689/3007/34
f 2667/3008/34 2691/3009/34 2690/3006/34
f 2645/2994/34 2691/3009/34 2670/3010/34
f 2650/2949/34 2692/3011/34 2647/2941/34
f 2676/2963/820 2701/3012/65 2686/2961/820
f 2654/2988/820 2703/3013/65 2656/2987/820
f 2684/2995/34 2696/3014/34 2682/2996/34
f 2674/2935/81 2704/3015/81 2705/3016/81
f 2653/2916/34 2703/3017/34 2698/3018/34
f 2675/2946/81 2707/3019/81 2676/2925/81
f 2682/2953/819 2704/3020/70 2673/2954/819
f 2651/2973/81 2700/3021/81 2654/3022/81
f 2725/3023/185 2741/3024/186 2726/3025/186
f 2737/3026/177 2755/3027/178 2738/3028/178
f 2733/3029/179 2751/3030/180 2734/3031/180
f 2729/3032/175 2747/3033/176 2730/3034/176
f 2710/3035/65 2711/3036/65 2742/3037/65
f 2731/3038/171 2749/3039/172 2732/3040/172
f 2727/3041/173 2745/3042/174 2728/3043/174
f 2735/3044/183 2753/3045/184 2736/3046/184
f 2739/3047/181 2743/3048/182 2724/3049/182
f 2755/3027/178 2739/3047/181 2738/3028/178
f 2725/3023/185 2743/3048/182 2742/3050/185
f 2751/3030/180 2735/3044/183 2734/3031/180
f 2737/3026/177 2753/3045/184 2752/3051/177
f 2747/3033/176 2731/3038/171 2730/3034/176
f 2733/3029/179 2749/3039/172 2748/3052/179
f 2741/3024/186 2727/3053/173 2726/3025/186
f 2729/3032/175 2745/3042/174 2744/3054/175
f 2755/3055/65 2722/3056/65 2754/3057/65
f 2722/3056/65 2723/3058/65 2754/3057/65
f 2754/3057/65 2710/3035/65 2743/3059/65
f 2751/3060/65 2718/3061/65 2719/3062/65
f 2716/3063/65 2717/3064/65 2748/3065/65
f 2751/3060/65 2717/3064/65 2718/3061/65
f 2708/3066/65 2709/3067/65 2741/3068/65
f 2717/3064/65 2751/3060/65 2748/3065/65
f 2711/3036/65 2741/3068/65 2742/3037/65
f 2750/3069/65 2719/3062/65 2720/3070/65
f 2722/3056/65 2755/3055/65 2721/3071/65
f 2745/3072/65 2740/3073/65 2712/3074/65
f 2753/3075/65 2721/3071/65 2752/3076/65
f 2712/3074/65 2744/3077/65 2745/3072/65
f 2713/3078/65 2744/3077/65 2712/3074/65
f 2753/3075/65 2720/3070/65 2721/3071/65
f 2714/3079/65 2747/3080/65 2713/3078/65
f 2753/3075/65 2750/3069/65 2720/3070/65
f 2709/3067/65 2740/3073/65 2741/3068/65
f 2740/3073/65 2709/3067/65 2712/3074/65
f 2750/3069/65 2751/3060/65 2719/3062/65
f 2715/3081/65 2746/3082/65 2714/3079/65
f 2746/3082/65 2747/3080/65 2714/3079/65
f 2716/3063/65 2746/3082/65 2715/3081/65
f 2723/3058/65 2710/3035/65 2754/3057/65
f 2755/3055/65 2752/3076/65 2721/3071/65
f 2716/3063/65 2748/3065/65 2749/3083/65
f 2747/3080/65 2744/3077/65 2713/3078/65
f 2710/3035/65 2742/3037/65 2743/3059/65
f 2746/3082/65 2716/3063/65 2749/3083/65
f 2741/3068/65 2711/3036/65 2708/3066/65
f 2757/3084/56 2758/3085/56 2756/3086/56
f 2759/3087/53 2760/3088/53 2758/3085/53
f 2761/3089/54 2762/3090/54 2760/3088/54
f 2763/3091/59 2764/3092/59 2762/3090/59
f 2765/3093/60 2766/3094/60 2764/3092/60
f 2767/3095/63 2768/3096/63 2766/3094/63
f 2769/3097/64 2770/3098/64 2768/3096/64
f 2771/3099/61 2772/3100/61 2770/3098/61
f 2773/3101/62 2774/3102/62 2772/3100/62
f 2775/3103/57 2776/3104/57 2774/3102/57
f 2777/3105/58 2778/3106/58 2776/3104/58
f 2779/3107/55 2756/3086/55 2778/3108/55
f 2762/3109/81 2770/3110/81 2778/3108/81
f 2781/3111/56 2782/3112/56 2780/3113/56
f 2783/3114/53 2784/3115/53 2782/3112/53
f 2785/3116/54 2786/3117/54 2784/3115/54
f 2787/3118/59 2788/3119/59 2786/3117/59
f 2789/3120/60 2790/3121/60 2788/3119/60
f 2791/3122/63 2792/3123/63 2790/3121/63
f 2793/3124/64 2794/3125/64 2792/3123/64
f 2795/3126/61 2796/3127/61 2794/3125/61
f 2797/3128/62 2798/3129/62 2796/3127/62
f 2799/3130/57 2800/3131/57 2798/3129/57
f 2801/3132/58 2802/3133/58 2800/3131/58
f 2803/3134/55 2780/3113/55 2802/3135/55
f 2786/3136/81 2794/3137/81 2802/3135/81
f 2805/3138/70 2823/3139/70 2810/3140/70
f 2819/3141/137 2816/3142/137 2817/3143/137
f 2811/3144/81 2826/3145/81 2813/3146/81
f 2814/3147/65 2817/3143/65 2807/3148/65
f 2808/3149/34 2820/3150/34 2804/3151/34
f 2817/3143/76 2809/3152/76 2807/3148/76
f 2818/3153/80 2808/3149/80 2809/3152/80
f 2805/3138/69 2821/3154/69 2819/3155/69
f 2806/3156/82 2820/3150/82 2821/3154/82
f 2811/3144/79 2824/3157/79 2822/3158/79
f 2812/3159/75 2823/3139/75 2824/3157/75
f 2814/3160/74 2827/3161/74 2825/3162/74
f 2815/3163/83 2826/3145/83 2827/3161/83
f 2830/3164/56 2829/3165/56 2828/3166/56
f 2832/3167/53 2831/3168/53 2830/3164/53
f 2834/3169/54 2833/3170/54 2832/3167/54
f 2836/3171/59 2835/3172/59 2834/3169/59
f 2838/3173/60 2837/3174/60 2836/3171/60
f 2840/3175/63 2839/3176/63 2838/3173/63
f 2842/3177/64 2841/3178/64 2840/3175/64
f 2844/3179/61 2843/3180/61 2842/3177/61
f 2846/3181/62 2845/3182/62 2844/3179/62
f 2848/3183/57 2847/3184/57 2846/3181/57
f 2850/3185/58 2849/3186/58 2848/3183/58
f 2828/3166/55 2851/3187/55 2850/3188/55
f 2834/3189/34 2830/3190/34 2846/3191/34
f 2854/3192/56 2853/3193/56 2852/3194/56
f 2856/3195/53 2855/3196/53 2854/3192/53
f 2858/3197/54 2857/3198/54 2856/3195/54
f 2860/3199/59 2859/3200/59 2858/3197/59
f 2862/3201/60 2861/3202/60 2860/3199/60
f 2864/3203/63 2863/3204/63 2862/3201/63
f 2866/3205/64 2865/3206/64 2864/3203/64
f 2868/3207/61 2867/3208/61 2866/3205/61
f 2870/3209/62 2869/3210/62 2868/3207/62
f 2872/3211/57 2871/3212/57 2870/3209/57
f 2874/3213/58 2873/3214/58 2872/3211/58
f 2852/3194/55 2875/3215/55 2874/3216/55
f 2858/3217/34 2854/3218/34 2870/3219/34
f 2895/3220/70 2877/3221/70 2882/3222/70
f 2891/3223/137 2889/3224/137 2888/3225/137
f 2898/3226/34 2883/3227/34 2885/3228/34
f 2889/3224/65 2886/3229/65 2879/3230/65
f 2892/3231/81 2880/3232/81 2876/3233/81
f 2881/3234/74 2889/3224/74 2879/3230/74
f 2880/3232/83 2890/3235/83 2881/3234/83
f 2893/3236/75 2877/3221/75 2891/3237/75
f 2892/3231/79 2878/3238/79 2893/3236/79
f 2896/3239/82 2883/3227/82 2894/3240/82
f 2895/3220/69 2884/3241/69 2896/3239/69
f 2899/3242/76 2886/3243/76 2897/3244/76
f 2898/3226/80 2887/3245/80 2899/3242/80
f 2757/3084/56 2759/3087/56 2758/3085/56
f 2759/3087/53 2761/3089/53 2760/3088/53
f 2761/3089/54 2763/3091/54 2762/3090/54
f 2763/3091/59 2765/3093/59 2764/3092/59
f 2765/3093/60 2767/3095/60 2766/3094/60
f 2767/3095/63 2769/3097/63 2768/3096/63
f 2769/3097/64 2771/3099/64 2770/3098/64
f 2771/3099/61 2773/3101/61 2772/3100/61
f 2773/3101/62 2775/3103/62 2774/3102/62
f 2775/3103/57 2777/3105/57 2776/3104/57
f 2777/3105/58 2779/3246/58 2778/3106/58
f 2779/3107/55 2757/3084/55 2756/3086/55
f 2778/3108/81 2756/3086/81 2758/3247/81
f 2758/3247/81 2760/3248/81 2762/3109/81
f 2762/3109/81 2764/3249/81 2766/3250/81
f 2766/3250/81 2768/3251/81 2770/3110/81
f 2770/3110/81 2772/3252/81 2774/3253/81
f 2774/3253/81 2776/3254/81 2770/3110/81
f 2776/3254/81 2778/3108/81 2770/3110/81
f 2778/3108/81 2758/3247/81 2762/3109/81
f 2762/3109/81 2766/3250/81 2770/3110/81
f 2781/3111/56 2783/3114/56 2782/3112/56
f 2783/3114/53 2785/3116/53 2784/3115/53
f 2785/3116/54 2787/3118/54 2786/3117/54
f 2787/3118/59 2789/3120/59 2788/3119/59
f 2789/3120/60 2791/3122/60 2790/3121/60
f 2791/3122/63 2793/3124/63 2792/3123/63
f 2793/3124/64 2795/3126/64 2794/3125/64
f 2795/3126/61 2797/3128/61 2796/3127/61
f 2797/3128/62 2799/3130/62 2798/3129/62
f 2799/3130/57 2801/3132/57 2800/3131/57
f 2801/3132/58 2803/3255/58 2802/3133/58
f 2803/3134/55 2781/3111/55 2780/3113/55
f 2802/3135/81 2780/3113/81 2782/3256/81
f 2782/3256/81 2784/3257/81 2786/3136/81
f 2786/3136/81 2788/3258/81 2790/3259/81
f 2790/3259/81 2792/3260/81 2794/3137/81
f 2794/3137/81 2796/3261/81 2798/3262/81
f 2798/3262/81 2800/3263/81 2794/3137/81
f 2800/3263/81 2802/3135/81 2794/3137/81
f 2802/3135/81 2782/3256/81 2786/3136/81
f 2786/3136/81 2790/3259/81 2794/3137/81
f 2805/3138/70 2819/3155/70 2823/3139/70
f 2823/3264/137 2819/3141/137 2817/3143/137
f 2819/3141/137 2821/3265/137 2820/3266/137
f 2816/3142/137 2819/3141/137 2820/3266/137
f 2816/3142/137 2818/3267/137 2817/3143/137
f 2817/3143/137 2825/3268/137 2823/3264/137
f 2825/3268/137 2827/3269/137 2826/3270/137
f 2823/3264/137 2825/3268/137 2822/3271/137
f 2826/3270/137 2822/3271/137 2825/3268/137
f 2822/3271/137 2824/3272/137 2823/3264/137
f 2811/3144/81 2822/3158/81 2826/3145/81
f 2814/3147/65 2825/3268/65 2817/3143/65
f 2808/3149/34 2816/3273/34 2820/3150/34
f 2817/3143/76 2818/3153/76 2809/3152/76
f 2818/3153/80 2816/3273/80 2808/3149/80
f 2805/3138/69 2806/3156/69 2821/3154/69
f 2806/3156/82 2804/3151/82 2820/3150/82
f 2811/3144/79 2812/3159/79 2824/3157/79
f 2812/3159/75 2810/3140/75 2823/3139/75
f 2814/3160/74 2815/3163/74 2827/3161/74
f 2815/3163/83 2813/3146/83 2826/3145/83
f 2830/3164/56 2831/3168/56 2829/3165/56
f 2832/3167/53 2833/3170/53 2831/3168/53
f 2834/3169/54 2835/3172/54 2833/3170/54
f 2836/3171/59 2837/3174/59 2835/3172/59
f 2838/3173/60 2839/3176/60 2837/3174/60
f 2840/3175/63 2841/3178/63 2839/3176/63
f 2842/3177/64 2843/3180/64 2841/3178/64
f 2844/3179/61 2845/3182/61 2843/3180/61
f 2846/3181/62 2847/3184/62 2845/3182/62
f 2848/3183/57 2849/3186/57 2847/3184/57
f 2850/3185/58 2851/3274/58 2849/3186/58
f 2828/3166/55 2829/3165/55 2851/3187/55
f 2830/3190/34 2828/3166/34 2850/3188/34
f 2850/3188/34 2848/3275/34 2830/3190/34
f 2848/3275/34 2846/3191/34 2830/3190/34
f 2846/3191/34 2844/3276/34 2838/3277/34
f 2844/3276/34 2842/3278/34 2838/3277/34
f 2842/3278/34 2840/3279/34 2838/3277/34
f 2838/3277/34 2836/3280/34 2834/3189/34
f 2834/3189/34 2832/3281/34 2830/3190/34
f 2838/3277/34 2834/3189/34 2846/3191/34
f 2854/3192/56 2855/3196/56 2853/3193/56
f 2856/3195/53 2857/3198/53 2855/3196/53
f 2858/3197/54 2859/3200/54 2857/3198/54
f 2860/3199/59 2861/3202/59 2859/3200/59
f 2862/3201/60 2863/3204/60 2861/3202/60
f 2864/3203/63 2865/3206/63 2863/3204/63
f 2866/3205/64 2867/3208/64 2865/3206/64
f 2868/3207/61 2869/3210/61 2867/3208/61
f 2870/3209/62 2871/3212/62 2869/3210/62
f 2872/3211/57 2873/3214/57 2871/3212/57
f 2874/3213/58 2875/3282/58 2873/3214/58
f 2852/3194/55 2853/3193/55 2875/3215/55
f 2854/3218/34 2852/3194/34 2874/3216/34
f 2874/3216/34 2872/3283/34 2854/3218/34
f 2872/3283/34 2870/3219/34 2854/3218/34
f 2870/3219/34 2868/3284/34 2862/3285/34
f 2868/3284/34 2866/3286/34 2862/3285/34
f 2866/3286/34 2864/3287/34 2862/3285/34
f 2862/3285/34 2860/3288/34 2858/3217/34
f 2858/3217/34 2856/3289/34 2854/3218/34
f 2862/3285/34 2858/3217/34 2870/3219/34
f 2895/3220/70 2891/3237/70 2877/3221/70
f 2893/3290/137 2891/3223/137 2892/3291/137
f 2891/3223/137 2895/3292/137 2889/3224/137
f 2895/3292/137 2896/3293/137 2894/3294/137
f 2894/3294/137 2898/3295/137 2897/3296/137
f 2898/3295/137 2899/3297/137 2897/3296/137
f 2897/3296/137 2889/3224/137 2895/3292/137
f 2894/3294/137 2897/3296/137 2895/3292/137
f 2889/3224/137 2890/3298/137 2888/3225/137
f 2888/3225/137 2892/3291/137 2891/3223/137
f 2898/3226/34 2894/3240/34 2883/3227/34
f 2889/3224/65 2897/3296/65 2886/3229/65
f 2892/3231/81 2888/3299/81 2880/3232/81
f 2881/3234/74 2890/3235/74 2889/3224/74
f 2880/3232/83 2888/3299/83 2890/3235/83
f 2893/3236/75 2878/3238/75 2877/3221/75
f 2892/3231/79 2876/3233/79 2878/3238/79
f 2896/3239/82 2884/3241/82 2883/3227/82
f 2895/3220/69 2882/3222/69 2884/3241/69
f 2899/3242/76 2887/3245/76 2886/3243/76
f 2898/3226/80 2885/3228/80 2887/3245/80
f 2956/3300/826 2906/3301/827 2931/3302/828
f 2911/3303/829 2939/3304/830 2912/3305/831
f 2913/3306/832 2941/3307/833 2914/3308/834
f 2915/3309/835 2943/3310/836 2916/3311/837
f 2917/3312/838 2945/3313/839 2918/3314/840
f 2944/3315/841 2901/3316/81 2919/3317/842
f 2905/3318/81 2920/3319/843 2904/3320/81
f 2946/3321/844 2922/3322/845 2921/3323/846
f 2948/3324/847 2924/3325/848 2923/3326/849
f 2950/3327/850 2926/3328/851 2925/3329/852
f 2952/3330/853 2928/3331/854 2927/3332/855
f 2954/3333/856 2930/3334/857 2929/3335/858
f 2953/3336/859 2900/3337/860 2938/3338/861
f 2909/3339/862 2937/3340/863 2910/3341/864
f 2907/3342/865 2933/3343/866 2908/3344/867
f 2959/3345/81 2965/3346/81 2963/3347/81
f 2935/3348/868 2907/3342/865 2906/3301/827
f 2932/3349/869 2908/3344/867 2933/3343/866
f 2936/3350/870 2910/3341/864 2937/3340/863
f 2938/3351/871 2912/3305/831 2939/3304/830
f 2940/3352/872 2914/3308/834 2941/3307/833
f 2942/3353/873 2916/3311/837 2943/3310/836
f 2919/3317/842 2945/3313/839 2944/3315/841
f 2921/3323/846 2947/3354/874 2946/3321/844
f 2923/3326/849 2949/3355/875 2948/3324/847
f 2925/3329/852 2951/3356/876 2950/3327/850
f 2927/3332/855 2953/3357/877 2952/3330/853
f 2929/3335/858 2955/3358/878 2954/3333/856
f 2931/3302/828 2957/3359/879 2956/3300/826
f 2917/3360/880 2921/3361/881 2929/3362/882
f 2969/3363/883 2977/3364/883 2971/3365/883
f 2977/3364/884 2976/3366/884 2978/3367/884
f 2969/3368/81 2975/3369/81 2974/3370/81
f 2971/3365/883 2978/3367/883 2973/3371/883
f 2973/3372/34 2979/3373/34 2972/3374/34
f 2970/3375/885 2975/3369/885 2968/3376/885
f 2972/3377/885 2976/3366/885 2970/3375/885
f 2981/3378/81 2986/3379/81 2980/3380/81
f 2986/3379/81 2996/3381/81 2980/3380/81
f 2991/3382/34 2994/3383/34 2985/3384/34
f 2984/3385/34 2991/3382/34 2985/3384/34
f 2983/3386/34 2990/3387/34 2984/3385/34
f 2982/3388/81 2987/3389/81 2981/3378/81
f 2985/3384/65 2995/3390/65 2982/3388/65
f 2982/3388/81 2993/3391/81 2988/3392/81
f 2994/3393/68 2993/3391/68 2995/3390/68
f 3003/3394/81 3006/3395/81 3002/3396/81
f 2996/3381/137 2999/3397/137 2997/3398/137
f 2980/3380/65 2997/3399/65 2983/3386/65
f 2983/3386/34 2999/3400/34 2989/3401/34
f 3001/3402/137 3002/3396/137 3000/3403/137
f 3007/3404/68 3004/3405/68 3006/3395/68
f 3005/3406/34 3000/3403/34 3004/3407/34
f 3003/3408/65 3005/3406/65 3007/3409/65
f 2555/2833/137 2557/3410/255 2556/2834/255
f 2556/2834/255 2557/3410/255 2559/2836/58
f 2559/2836/58 2561/2839/252 2560/2838/252
f 2561/2839/252 2563/3411/65 2562/2840/65
f 2563/2841/65 2565/2844/251 2564/2842/251
f 2565/2844/251 2567/2846/53 2566/2845/53
f 2567/2846/53 2569/2848/250 2568/2847/250
f 2569/2848/250 2571/2850/68 2570/2849/68
f 2571/2850/68 2573/2852/248 2572/2851/248
f 2573/2852/248 2575/2854/60 2574/2853/60
f 2575/2854/60 2577/2856/451 2576/2855/451
f 2577/2856/451 2579/2858/70 2578/2857/70
f 2579/2858/70 2581/2860/639 2580/2859/639
f 2581/2860/639 2583/2862/61 2582/2861/61
f 2583/2862/61 2585/2864/241 2584/2863/241
f 2585/2864/241 2555/2833/137 2554/2835/137
f 2589/2865/137 2590/2872/137 2606/2866/137
f 2597/2868/137 2586/2911/137 2621/2869/137
f 2591/2871/137 2608/2874/137 2606/2866/137
f 2592/2873/137 2610/2876/137 2608/2874/137
f 2593/2875/137 2612/2878/137 2610/2876/137
f 2593/2875/137 2594/2910/137 2614/2877/137
f 2619/2879/159 2620/3412/159 2621/2880/81
f 2618/2882/158 2620/3412/159 2619/2879/159
f 2616/2884/70 2618/3413/158 2617/2885/158
f 2613/2887/157 2614/2889/157 2616/2884/70
f 2611/2888/156 2612/3414/156 2614/2889/157
f 2610/2890/34 2612/3414/156 2611/2888/156
f 2608/2892/155 2610/2890/34 2609/2891/34
f 2606/2894/154 2608/2892/155 2607/2893/155
f 2604/2896/65 2606/2894/154 2605/2895/154
f 2602/2898/153 2604/2896/65 2603/2897/65
f 2600/2900/152 2602/2898/153 2601/2899/153
f 2598/2881/81 2621/2880/81 2600/2900/152
f 2597/2868/137 2620/2870/137 2618/2902/137
f 2589/2865/137 2604/2867/137 2602/2904/137
f 2596/2903/137 2618/2902/137 2616/2906/137
f 2587/2908/137 2588/2905/137 2602/2904/137
f 2594/2910/137 2595/2907/137 2616/2906/137
f 2586/2911/137 2587/2908/137 2600/2909/137
f 2636/2912/81 2679/2948/81 2680/2913/81
f 2631/2915/34 2656/2933/34 2653/2916/34
f 2624/2918/81 2623/2942/81 2646/2919/81
f 2637/2921/34 2639/2936/34 2668/2922/34
f 2632/2924/81 2630/2951/81 2676/2925/81
f 2625/2927/34 2647/2941/34 2672/2928/34
f 2638/2914/81 2680/2913/81 2681/2930/81
f 2633/2932/34 2659/2944/34 2656/2933/34
f 2626/2934/81 2624/2918/81 2673/2920/81
f 2639/2936/34 2641/2947/34 2671/2937/34
f 2632/2924/81 2677/2926/81 2678/2938/81
f 2627/2940/34 2650/2949/34 2647/2941/34
f 2623/2942/81 2640/2931/81 2681/2930/81
f 2633/2932/34 2635/2950/34 2662/2943/34
f 2628/2945/81 2626/2934/81 2674/2935/81
f 2622/2929/34 2672/2928/34 2671/2937/34
f 2634/2939/81 2678/2938/81 2679/2948/81
f 2629/2917/34 2653/2916/34 2650/2949/34
f 2635/2950/34 2637/2921/34 2665/2923/34
f 2630/2951/81 2628/2945/81 2675/2946/81
f 2646/2952/818 2683/2972/818 2682/2953/819
f 2648/2955/81 2643/3415/81 2693/2956/81
f 2685/2958/34 2686/3001/34 2701/2959/34
f 2686/2961/820 2687/2964/821 2677/2962/821
f 2687/2964/822 2688/2966/822 2678/2965/822
f 2688/2966/823 2689/2968/823 2679/2967/823
f 2689/2968/68 2690/3416/68 2680/2969/68
f 2680/2969/824 2690/3416/824 2691/2970/824
f 2681/2971/825 2691/2970/825 2683/2972/825
f 2669/2975/81 2642/3417/81 2643/3415/81
f 2643/3415/81 2648/2955/81 2651/2973/81
f 2651/2973/81 2654/3022/81 2657/3418/81
f 2657/3418/81 2660/3419/81 2663/2974/81
f 2663/2974/81 2666/3420/81 2669/2975/81
f 2669/2975/81 2643/3415/81 2651/2973/81
f 2651/2973/81 2657/3418/81 2663/2974/81
f 2669/2976/825 2671/3421/825 2672/2977/825
f 2668/2979/824 2671/3421/824 2669/2976/824
f 2665/2981/68 2668/2979/68 2666/2980/68
f 2662/2983/823 2665/2981/823 2663/2982/823
f 2659/2985/822 2662/2983/822 2660/2984/822
f 2656/2987/820 2659/2985/821 2657/2986/821
f 2647/2989/886 2692/3422/70 2693/2990/70
f 2672/2977/818 2647/2989/819 2643/2991/819
f 2644/2992/34 2682/2996/34 2683/2993/34
f 2644/2992/34 2649/2997/34 2684/2995/34
f 2649/2997/34 2652/2999/34 2685/2958/34
f 2655/2998/34 2686/3001/34 2685/2958/34
f 2658/3000/34 2687/3003/34 2686/3001/34
f 2661/3002/34 2688/3005/34 2687/3003/34
f 2664/3004/34 2689/3007/34 2688/3005/34
f 2664/3004/34 2667/3008/34 2690/3006/34
f 2667/3008/34 2670/3010/34 2691/3009/34
f 2645/2994/34 2683/2993/34 2691/3009/34
f 2650/2949/34 2697/3423/34 2692/3011/34
f 2676/2963/887 2707/3424/65 2701/3012/65
f 2654/2988/887 2700/3425/65 2703/3013/65
f 2684/2995/34 2695/3426/34 2696/3014/34
f 2674/2935/81 2673/2920/81 2704/3015/81
f 2653/2916/34 2656/2933/34 2703/3017/34
f 2675/2946/81 2706/3427/81 2707/3019/81
f 2682/2953/886 2696/3428/70 2704/3020/70
f 2651/2973/81 2699/3429/81 2700/3021/81
f 2725/3023/185 2742/3050/185 2741/3024/186
f 2737/3026/177 2752/3051/177 2755/3027/178
f 2733/3029/179 2748/3052/179 2751/3030/180
f 2729/3032/175 2744/3054/175 2747/3033/176
f 2731/3038/171 2746/3430/171 2749/3039/172
f 2727/3041/173 2740/3431/173 2745/3042/174
f 2735/3044/183 2750/3432/183 2753/3045/184
f 2739/3047/181 2754/3433/181 2743/3048/182
f 2755/3027/178 2754/3433/181 2739/3047/181
f 2725/3023/185 2724/3049/182 2743/3048/182
f 2751/3030/180 2750/3432/183 2735/3044/183
f 2737/3026/177 2736/3046/184 2753/3045/184
f 2747/3033/176 2746/3430/171 2731/3038/171
f 2733/3029/179 2732/3040/172 2749/3039/172
f 2741/3024/186 2740/3434/173 2727/3053/173
f 2729/3032/175 2728/3043/174 2745/3042/174
f 2956/3300/826 2935/3348/868 2906/3301/827
f 2911/3303/829 2936/3350/870 2939/3304/830
f 2913/3306/832 2938/3351/871 2941/3307/833
f 2915/3309/835 2940/3352/872 2943/3310/836
f 2917/3312/838 2942/3353/873 2945/3313/839
f 2944/3315/841 2900/3435/81 2901/3316/81
f 2905/3318/81 2947/3354/874 2920/3319/843
f 2946/3321/844 2949/3355/875 2922/3322/845
f 2948/3324/847 2951/3356/876 2924/3325/848
f 2950/3327/850 2953/3357/877 2926/3328/851
f 2952/3330/853 2955/3358/878 2928/3331/854
f 2954/3333/856 2957/3359/879 2930/3334/857
f 2937/3436/888 2932/3437/889 2933/3438/888
f 2933/3438/888 2934/3439/888 2935/3440/888
f 2935/3440/888 2956/3441/888 2957/3442/888
f 2957/3442/888 2954/3443/890 2955/3444/888
f 2955/3444/888 2952/3445/891 2953/3336/859
f 2953/3336/859 2950/3446/888 2951/3447/892
f 2951/3447/892 2948/3448/893 2949/3449/894
f 2949/3449/894 2946/3450/895 2947/3451/895
f 2905/3452/896 2903/3453/81 2900/3337/860
f 2949/3449/894 2947/3451/895 2905/3452/896
f 2953/3336/859 2951/3447/892 2949/3449/894
f 2957/3442/888 2955/3444/888 2953/3336/859
f 2933/3438/888 2935/3440/888 2957/3442/888
f 2936/3454/888 2937/3436/888 2933/3438/888
f 2938/3338/861 2939/3455/897 2936/3454/888
f 2940/3456/898 2941/3457/888 2938/3338/861
f 2942/3458/899 2943/3459/900 2940/3456/898
f 2944/3460/901 2945/3461/902 2942/3458/899
f 2949/3449/894 2905/3452/896 2900/3337/860
f 2900/3337/860 2944/3460/901 2942/3458/899
f 2942/3458/899 2940/3456/898 2938/3338/861
f 2938/3338/861 2936/3454/888 2933/3438/888
f 2933/3438/888 2957/3442/888 2953/3336/859
f 2953/3336/859 2949/3449/894 2900/3337/860
f 2900/3337/860 2942/3458/899 2938/3338/861
f 2938/3338/861 2933/3438/888 2953/3336/859
f 2909/3339/862 2932/3349/869 2937/3340/863
f 2907/3342/865 2934/3462/903 2933/3343/866
f 2963/3347/81 2960/3463/81 2961/3464/81
f 2961/3464/81 2958/3465/81 2959/3345/81
f 2959/3345/81 2966/3466/81 2967/3467/81
f 2967/3467/81 2964/3468/81 2965/3346/81
f 2965/3346/81 2962/3469/81 2963/3347/81
f 2963/3347/81 2961/3464/81 2959/3345/81
f 2959/3345/81 2967/3467/81 2965/3346/81
f 2935/3348/868 2934/3462/903 2907/3342/865
f 2932/3349/869 2909/3339/862 2908/3344/867
f 2936/3350/870 2911/3303/829 2910/3341/864
f 2938/3351/871 2913/3306/832 2912/3305/831
f 2940/3352/872 2915/3309/835 2914/3308/834
f 2942/3353/873 2917/3312/838 2916/3311/837
f 2919/3317/842 2918/3314/840 2945/3313/839
f 2921/3323/846 2920/3319/843 2947/3354/874
f 2923/3326/849 2922/3322/845 2949/3355/875
f 2925/3329/852 2924/3325/848 2951/3356/876
f 2927/3332/855 2926/3328/851 2953/3357/877
f 2929/3335/858 2928/3331/854 2955/3358/878
f 2931/3302/828 2930/3334/857 2957/3359/879
f 2931/3470/904 2906/3471/905 2907/3472/904
f 2907/3472/904 2908/3473/906 2909/3474/907
f 2909/3474/907 2910/3475/908 2911/3476/904
f 2911/3476/904 2912/3477/904 2913/3478/909
f 2913/3478/909 2914/3479/904 2915/3480/910
f 2915/3480/910 2916/3481/911 2917/3360/880
f 2917/3360/880 2918/3482/912 2919/3483/912
f 2901/3484/913 2902/3485/34 2904/3486/914
f 2917/3360/880 2919/3483/912 2901/3484/913
f 2913/3478/909 2915/3480/910 2917/3360/880
f 2909/3474/907 2911/3476/904 2913/3478/909
f 2931/3470/904 2907/3472/904 2909/3474/907
f 2929/3362/882 2930/3487/904 2931/3470/904
f 2927/3488/904 2928/3489/904 2929/3362/882
f 2925/3490/915 2926/3491/904 2927/3488/904
f 2923/3492/916 2924/3493/904 2925/3490/915
f 2921/3361/881 2922/3494/917 2923/3492/916
f 2904/3486/914 2920/3495/918 2921/3361/881
f 2917/3360/880 2901/3484/913 2904/3486/914
f 2909/3474/907 2913/3478/909 2917/3360/880
f 2929/3362/882 2931/3470/904 2909/3474/907
f 2925/3490/915 2927/3488/904 2929/3362/882
f 2921/3361/881 2923/3492/916 2925/3490/915
f 2917/3360/880 2904/3486/914 2921/3361/881
f 2929/3362/882 2909/3474/907 2917/3360/880
f 2921/3361/881 2925/3490/915 2929/3362/882
f 2969/3363/883 2974/3370/883 2977/3364/883
f 2977/3364/884 2974/3370/884 2975/3369/884
f 2976/3366/884 2979/3373/235 2978/3367/884
f 2977/3364/884 2975/3369/884 2976/3366/884
f 2969/3368/81 2968/3496/81 2975/3369/81
f 2971/3365/883 2977/3364/883 2978/3367/883
f 2973/3372/34 2978/3367/34 2979/3373/34
f 2970/3375/885 2976/3366/885 2975/3369/885
f 2972/3377/885 2979/3373/885 2976/3366/885
f 2981/3378/81 2987/3389/81 2986/3379/81
f 2986/3379/81 2998/3497/81 2996/3381/81
f 2991/3382/34 2992/3498/34 2994/3383/34
f 2984/3385/34 2990/3387/34 2991/3382/34
f 2983/3386/34 2989/3401/34 2990/3387/34
f 2982/3388/81 2988/3392/81 2987/3389/81
f 2985/3384/65 2994/3383/65 2995/3390/65
f 2982/3388/81 2995/3390/81 2993/3391/81
f 2994/3393/68 2992/3499/68 2993/3391/68
f 3003/3394/81 3007/3404/81 3006/3395/81
f 2996/3381/137 2998/3497/137 2999/3397/137
f 2980/3380/65 2996/3381/65 2997/3399/65
f 2983/3386/34 2997/3399/34 2999/3400/34
f 3001/3402/137 3003/3394/137 3002/3396/137
f 3007/3404/68 3005/3500/68 3004/3405/68
f 3005/3406/34 3001/3402/34 3000/3403/34
f 3003/3408/65 3001/3402/65 3005/3406/65
f 3017/3501/919 3029/3502/920 3028/3503/921
f 3009/3504/922 3026/3505/923 3020/3506/924
f 3010/3507/925 3023/3508/926 3026/3505/927
f 3012/3509/928 3024/3510/929 3029/3502/920
f 3013/3511/930 3021/3512/931 3024/3510/932
f 3027/3513/933 3016/3514/934 3022/3515/935
f 3022/3515/936 3014/3516/937 3030/3517/938
f 3025/3518/939 3019/3519/940 3031/3520/941
f 3031/3520/942 3017/3501/919 3028/3503/921
f 3011/3521/943 3020/3506/924 3021/3512/931
f 3018/3522/944 3030/3517/938 3014/3516/937
f 3015/3523/945 3023/3508/926 3008/3524/946
f 3017/3501/919 3012/3509/928 3029/3502/920
f 3009/3504/922 3010/3507/947 3026/3505/923
f 3010/3507/925 3008/3524/946 3023/3508/926
f 3012/3509/928 3013/3511/948 3024/3510/929
f 3013/3511/930 3011/3521/943 3021/3512/931
f 3027/3513/949 3015/3523/945 3016/3514/950
f 3022/3515/936 3016/3514/951 3014/3516/937
f 3025/3518/952 3018/3525/944 3019/3519/940
f 3031/3520/942 3019/3519/953 3017/3501/919
f 3011/3521/943 3009/3504/922 3020/3506/924
f 3018/3522/944 3025/3526/952 3030/3517/938
f 3015/3523/945 3027/3513/949 3023/3508/926
f 3041/3501/954 3053/3502/955 3052/3503/956
f 3033/3504/957 3050/3505/958 3044/3506/959
f 3034/3507/960 3047/3508/961 3050/3505/962
f 3036/3509/963 3048/3510/964 3053/3502/955
f 3037/3511/965 3045/3512/966 3048/3510/967
f 3051/3513/968 3040/3514/969 3046/3515/970
f 3046/3515/971 3038/3516/972 3054/3517/973
f 3049/3518/974 3043/3519/975 3055/3520/976
f 3055/3520/977 3041/3501/954 3052/3503/956
f 3035/3521/978 3044/3506/959 3045/3512/966
f 3042/3522/979 3054/3517/973 3038/3516/972
f 3039/3523/980 3047/3508/961 3032/3524/981
f 3041/3501/954 3036/3509/963 3053/3502/955
f 3033/3504/957 3034/3507/982 3050/3505/958
f 3034/3507/960 3032/3524/981 3047/3508/961
f 3036/3509/963 3037/3511/983 3048/3510/964
f 3037/3511/965 3035/3521/978 3045/3512/966
f 3051/3513/984 3039/3523/980 3040/3514/985
f 3046/3515/971 3040/3514/986 3038/3516/972
f 3049/3518/987 3042/3525/979 3043/3519/988
f 3055/3520/977 3043/3519/989 3041/3501/954
f 3035/3521/978 3033/3504/957 3044/3506/959
f 3042/3522/979 3049/3526/987 3054/3517/973
f 3039/3523/980 3051/3513/984 3047/3508/961
f 3071/3527/990 3056/3528/991 3063/3529/992
f 3070/3530/993 3063/3529/994 3062/3531/995
f 3061/3532/996 3070/3530/997 3062/3531/998
f 3060/3533/999 3069/3534/1000 3061/3532/1001
f 3059/3535/1002 3068/3536/1003 3060/3533/1002
f 3058/3537/1004 3067/3538/1005 3059/3539/1006
f 3065/3540/1007 3058/3537/1008 3057/3541/1009
f 3064/3542/1010 3057/3541/1011 3056/3528/1011
f 3085/3543/81 3093/3544/81 3086/3545/81
f 3079/3546/81 3075/3547/81 3074/3548/81
f 3073/3549/1012 3078/3550/1012 3076/3551/1012
f 3073/3549/65 3074/3548/65 3075/3552/65
f 3077/3553/1013 3074/3548/1013 3072/3554/1013
f 3081/3555/68 3095/3556/68 3084/3557/68
f 3089/3558/70 3093/3559/70 3095/3560/70
f 3087/3561/137 3089/3562/137 3082/3563/137
f 3093/3544/6 3087/3561/6 3086/3545/6
f 3083/3564/15 3089/3562/15 3088/3565/15
f 3081/3555/8 3091/3566/8 3090/3567/8
f 3085/3568/1 3095/3556/1 3094/3569/1
f 3083/3564/34 3091/3566/34 3080/3570/34
f 3098/3571/70 3113/3572/70 3099/3573/70
f 3099/3573/81 3113/3572/81 3131/3574/81
f 3100/3575/34 3116/3576/34 3130/3577/34
f 3096/3578/70 3125/3579/70 3103/3580/70
f 3102/3581/65 3107/3582/65 3097/3583/65
f 3101/3584/65 3116/3576/65 3100/3575/65
f 3110/3585/137 3119/3586/137 3114/3587/137
f 3126/3588/137 3108/3589/137 3122/3590/137
f 3106/3591/241 3126/3592/241 3127/3593/241
f 3114/3594/241 3112/3595/241 3110/3596/241
f 3115/3597/639 3111/3598/639 3112/3595/639
f 3108/3589/255 3124/3599/255 3122/3590/255
f 3109/3600/252 3123/3601/252 3124/3599/252
f 3120/3602/252 3118/3603/252 3116/3576/252
f 3121/3604/255 3117/3605/255 3118/3603/255
f 3097/3583/34 3107/3582/34 3129/3606/34
f 3105/3607/639 3127/3593/639 3125/3579/639
f 3124/3608/81 3123/3601/81 3128/3609/81
f 3105/3610/34 3129/3606/34 3106/3611/34
f 3128/3609/81 3102/3581/81 3103/3580/81
f 3128/3609/81 3125/3579/81 3127/3612/81
f 3126/3613/81 3122/3614/81 3128/3609/81
f 3127/3612/81 3126/3613/81 3128/3609/81
f 3128/3609/81 3122/3614/81 3124/3608/81
f 3106/3611/34 3129/3606/34 3104/3615/34
f 3108/3616/34 3129/3606/34 3109/3617/34
f 3104/3615/34 3129/3606/34 3108/3616/34
f 3109/3617/34 3129/3606/34 3107/3582/34
f 3111/3618/34 3130/3577/34 3112/3619/34
f 3112/3619/34 3130/3577/34 3110/3620/34
f 3118/3621/34 3130/3577/34 3116/3576/34
f 3110/3620/34 3130/3577/34 3117/3622/34
f 3117/3622/34 3130/3577/34 3118/3621/34
f 3120/3602/81 3131/3574/81 3121/3623/81
f 3121/3623/81 3131/3574/81 3119/3624/81
f 3115/3625/81 3131/3574/81 3113/3572/81
f 3119/3624/81 3131/3574/81 3114/3626/81
f 3114/3626/81 3131/3574/81 3115/3625/81
f 3077/3553/34 3073/3627/34 3076/3628/34
f 3076/3629/70 3078/3630/70 3087/3631/70
f 3087/3631/70 3078/3630/70 3086/3632/70
f 3079/3546/70 3085/3633/70 3078/3630/70
f 3085/3633/70 3079/3546/70 3084/3634/70
f 3084/3634/70 3079/3546/70 3077/3553/70
f 3081/3635/70 3084/3634/70 3077/3553/70
f 3076/3629/70 3087/3631/70 3082/3636/70
f 3080/3637/70 3081/3635/70 3077/3553/70
f 3076/3629/70 3082/3636/70 3083/3638/70
f 3076/3629/70 3083/3638/70 3080/3637/70
f 3076/3629/70 3080/3637/70 3077/3553/70
f 3085/3633/70 3086/3632/70 3078/3630/70
f 3098/3571/70 3111/3598/70 3113/3572/70
f 3120/3602/81 3101/3584/81 3131/3574/81
f 3101/3584/81 3099/3573/81 3131/3574/81
f 3111/3618/34 3098/3639/34 3130/3577/34
f 3098/3639/34 3100/3575/34 3130/3577/34
f 3096/3578/70 3105/3607/70 3125/3579/70
f 3102/3581/65 3123/3601/65 3107/3582/65
f 3101/3584/65 3120/3602/65 3116/3576/65
f 3110/3585/137 3117/3605/137 3119/3586/137
f 3126/3588/137 3104/3640/137 3108/3589/137
f 3106/3591/241 3104/3641/241 3126/3592/241
f 3114/3594/241 3115/3597/241 3112/3595/241
f 3115/3597/639 3113/3572/639 3111/3598/639
f 3108/3589/255 3109/3600/255 3124/3599/255
f 3109/3600/252 3107/3582/252 3123/3601/252
f 3120/3602/252 3121/3604/252 3118/3603/252
f 3121/3604/255 3119/3586/255 3117/3605/255
f 3105/3610/34 3096/3642/34 3129/3606/34
f 3096/3642/34 3097/3583/34 3129/3606/34
f 3105/3607/639 3106/3591/639 3127/3593/639
f 3103/3580/81 3125/3579/81 3128/3609/81
f 3128/3609/81 3123/3601/81 3102/3581/81
f 3145/3543/81 3153/3544/81 3146/3545/81
f 3139/3546/81 3135/3547/81 3134/3548/81
f 3133/3549/1012 3138/3550/1012 3136/3551/1012
f 3133/3549/65 3134/3548/65 3135/3552/65
f 3137/3553/1013 3134/3548/1013 3132/3554/1013
f 3141/3555/68 3155/3556/68 3144/3557/68
f 3149/3558/70 3153/3559/70 3155/3560/70
f 3147/3561/137 3149/3562/137 3142/3563/137
f 3153/3544/6 3147/3561/6 3146/3545/6
f 3143/3564/15 3149/3562/15 3148/3565/15
f 3141/3555/8 3151/3566/8 3150/3567/8
f 3145/3568/1 3155/3556/1 3154/3569/1
f 3143/3564/34 3151/3566/34 3140/3570/34
f 3158/3571/70 3173/3572/70 3159/3573/70
f 3159/3573/81 3173/3572/81 3191/3574/81
f 3160/3575/34 3176/3576/34 3190/3577/34
f 3156/3578/70 3185/3579/70 3163/3580/70
f 3162/3581/65 3167/3582/65 3157/3583/65
f 3161/3584/65 3176/3576/65 3160/3575/65
f 3170/3585/137 3179/3586/137 3174/3587/137
f 3186/3588/137 3168/3589/137 3182/3590/137
f 3166/3591/241 3186/3592/241 3187/3593/241
f 3174/3594/241 3172/3595/241 3170/3596/241
f 3175/3597/639 3171/3598/639 3172/3595/639
f 3168/3589/255 3184/3599/255 3182/3590/255
f 3169/3600/252 3183/3601/252 3184/3599/252
f 3180/3602/252 3178/3603/252 3176/3576/252
f 3181/3604/255 3177/3605/255 3178/3603/255
f 3157/3583/34 3167/3582/34 3189/3606/34
f 3165/3607/639 3187/3593/639 3185/3579/639
f 3184/3608/81 3183/3601/81 3188/3609/81
f 3165/3610/34 3189/3606/34 3166/3611/34
f 3188/3609/81 3162/3581/81 3163/3580/81
f 3188/3609/81 3185/3579/81 3187/3612/81
f 3186/3613/81 3182/3614/81 3188/3609/81
f 3187/3612/81 3186/3613/81 3188/3609/81
f 3188/3609/81 3182/3614/81 3184/3608/81
f 3166/3611/34 3189/3606/34 3164/3615/34
f 3168/3616/34 3189/3606/34 3169/3617/34
f 3164/3615/34 3189/3606/34 3168/3616/34
f 3169/3617/34 3189/3606/34 3167/3582/34
f 3171/3618/34 3190/3577/34 3172/3619/34
f 3172/3619/34 3190/3577/34 3170/3620/34
f 3178/3621/34 3190/3577/34 3176/3576/34
f 3170/3620/34 3190/3577/34 3177/3622/34
f 3177/3622/34 3190/3577/34 3178/3621/34
f 3180/3602/81 3191/3574/81 3181/3623/81
f 3181/3623/81 3191/3574/81 3179/3624/81
f 3175/3625/81 3191/3574/81 3173/3572/81
f 3179/3624/81 3191/3574/81 3174/3626/81
f 3174/3626/81 3191/3574/81 3175/3625/81
f 3137/3553/34 3133/3627/34 3136/3628/34
f 3136/3629/70 3138/3630/70 3147/3631/70
f 3147/3631/70 3138/3630/70 3146/3632/70
f 3139/3546/70 3145/3633/70 3138/3630/70
f 3145/3633/70 3139/3546/70 3144/3634/70
f 3144/3634/70 3139/3546/70 3137/3553/70
f 3141/3635/70 3144/3634/70 3137/3553/70
f 3136/3629/70 3147/3631/70 3142/3636/70
f 3140/3637/70 3141/3635/70 3137/3553/70
f 3136/3629/70 3142/3636/70 3143/3638/70
f 3136/3629/70 3143/3638/70 3140/3637/70
f 3136/3629/70 3140/3637/70 3137/3553/70
f 3145/3633/70 3146/3632/70 3138/3630/70
f 3158/3571/70 3171/3598/70 3173/3572/70
f 3180/3602/81 3161/3584/81 3191/3574/81
f 3161/3584/81 3159/3573/81 3191/3574/81
f 3171/3618/34 3158/3639/34 3190/3577/34
f 3158/3639/34 3160/3575/34 3190/3577/34
f 3156/3578/70 3165/3607/70 3185/3579/70
f 3162/3581/65 3183/3601/65 3167/3582/65
f 3161/3584/65 3180/3602/65 3176/3576/65
f 3170/3585/137 3177/3605/137 3179/3586/137
f 3186/3588/137 3164/3640/137 3168/3589/137
f 3166/3591/241 3164/3641/241 3186/3592/241
f 3174/3594/241 3175/3597/241 3172/3595/241
f 3175/3597/639 3173/3572/639 3171/3598/639
f 3168/3589/255 3169/3600/255 3184/3599/255
f 3169/3600/252 3167/3582/252 3183/3601/252
f 3180/3602/252 3181/3604/252 3178/3603/252
f 3181/3604/255 3179/3586/255 3177/3605/255
f 3165/3610/34 3156/3642/34 3189/3606/34
f 3156/3642/34 3157/3583/34 3189/3606/34
f 3165/3607/639 3166/3591/639 3187/3593/639
f 3163/3580/81 3185/3579/81 3188/3609/81
f 3188/3609/81 3183/3601/81 3162/3581/81
f 3071/3527/990 3064/3542/1014 3056/3528/991
f 3070/3530/993 3071/3527/993 3063/3529/994
f 3061/3532/996 3069/3534/1015 3070/3530/997
f 3060/3533/999 3068/3536/1000 3069/3534/1000
f 3059/3535/1002 3067/3643/1016 3068/3536/1003
f 3058/3537/1004 3066/3644/1005 3067/3538/1005
f 3065/3540/1007 3066/3644/1007 3058/3537/1008
f 3064/3542/1010 3065/3540/1017 3057/3541/1011
f 3085/3543/81 3094/3645/81 3093/3544/81
f 3079/3546/81 3078/3646/81 3075/3547/81
f 3073/3549/1012 3075/3552/1012 3078/3550/1012
f 3073/3549/65 3072/3554/65 3074/3548/65
f 3077/3553/1013 3079/3546/1013 3074/3548/1013
f 3081/3555/68 3090/3567/68 3095/3556/68
f 3095/3560/70 3090/3647/70 3091/3648/70
f 3091/3648/70 3088/3649/70 3089/3558/70
f 3089/3558/70 3092/3650/70 3093/3559/70
f 3093/3559/70 3094/3651/70 3095/3560/70
f 3095/3560/70 3091/3648/70 3089/3558/70
f 3087/3561/137 3092/3652/137 3089/3562/137
f 3093/3544/6 3092/3652/6 3087/3561/6
f 3083/3564/15 3082/3563/15 3089/3562/15
f 3081/3555/8 3080/3570/8 3091/3566/8
f 3085/3568/1 3084/3557/1 3095/3556/1
f 3083/3564/34 3088/3565/34 3091/3566/34
f 3077/3553/34 3072/3554/34 3073/3627/34
f 3145/3543/81 3154/3645/81 3153/3544/81
f 3139/3546/81 3138/3646/81 3135/3547/81
f 3133/3549/1012 3135/3552/1012 3138/3550/1012
f 3133/3549/65 3132/3554/65 3134/3548/65
f 3137/3553/1013 3139/3546/1013 3134/3548/1013
f 3141/3555/68 3150/3567/68 3155/3556/68
f 3155/3560/70 3150/3647/70 3151/3648/70
f 3151/3648/70 3148/3649/70 3149/3558/70
f 3149/3558/70 3152/3650/70 3153/3559/70
f 3153/3559/70 3154/3651/70 3155/3560/70
f 3155/3560/70 3151/3648/70 3149/3558/70
f 3147/3561/137 3152/3652/137 3149/3562/137
f 3153/3544/6 3152/3652/6 3147/3561/6
f 3143/3564/15 3142/3563/15 3149/3562/15
f 3141/3555/8 3140/3570/8 3151/3566/8
f 3145/3568/1 3144/3557/1 3155/3556/1
f 3143/3564/34 3148/3565/34 3151/3566/34
f 3137/3553/34 3132/3554/34 3133/3627/34
f 3193/3653/81 3194/3654/4 3192/3655/81
f 3195/3656/4 3196/3657/1018 3194/3654/4
f 3197/3658/1018 3198/3659/1 3196/3657/1018
f 3199/3660/1 3200/3661/1019 3198/3659/1
f 3201/3662/1019 3202/3663/2 3200/3661/1019
f 3203/3664/2 3204/3665/68 3202/3663/2
f 3205/3666/68 3206/3667/7 3204/3665/68
f 3207/3668/7 3208/3669/1020 3206/3667/7
f 3209/3670/1020 3210/3671/8 3208/3669/1020
f 3211/3672/8 3212/3673/1021 3210/3671/8
f 3213/3674/1021 3214/3675/196 3212/3673/1021
f 3216/3676/70 3288/3677/70 3290/3678/70
f 3216/3676/70 3292/3679/70 3218/3680/70
f 3219/3681/197 3220/3682/1022 3218/3683/197
f 3221/3684/1022 3222/3685/15 3220/3682/1022
f 3223/3686/15 3224/3687/1023 3222/3685/15
f 3225/3688/1023 3226/3689/16 3224/3687/1023
f 3227/3690/16 3228/3691/137 3226/3689/16
f 3229/3692/137 3230/3693/5 3228/3691/137
f 3231/3694/5 3232/3695/1024 3230/3693/5
f 3233/3696/1024 3234/3697/6 3232/3695/1024
f 3235/3698/6 3236/3699/1025 3234/3697/6
f 3199/3700/65 3260/3701/65 3257/3702/1026
f 3229/3703/65 3221/3704/65 3249/3705/65
f 3237/3706/1025 3238/3707/3 3236/3699/1025
f 3239/3708/3 3192/3655/81 3238/3707/3
f 3198/3709/70 3206/3710/70 3267/3711/70
f 3222/3712/70 3230/3713/70 3279/3714/70
f 3217/3715/65 3293/3716/65 3291/3717/65
f 3218/3680/137 3293/3716/137 3219/3718/137
f 3215/3719/68 3288/3677/68 3214/3720/68
f 3217/3715/65 3289/3721/65 3215/3722/65
f 3193/3653/81 3195/3656/4 3194/3654/4
f 3195/3656/4 3197/3658/1018 3196/3657/1018
f 3197/3658/1018 3199/3660/1 3198/3659/1
f 3199/3660/1 3201/3662/1019 3200/3661/1019
f 3201/3662/1019 3203/3664/2 3202/3663/2
f 3203/3664/2 3205/3666/68 3204/3665/68
f 3205/3666/68 3207/3668/7 3206/3667/7
f 3207/3668/7 3209/3670/1020 3208/3669/1020
f 3209/3670/1020 3211/3672/8 3210/3671/8
f 3211/3672/8 3213/3674/1021 3212/3673/1021
f 3213/3674/1021 3215/3723/196 3214/3675/196
f 3216/3676/70 3214/3720/70 3288/3677/70
f 3216/3676/70 3290/3678/70 3292/3679/70
f 3219/3681/197 3221/3684/1022 3220/3682/1022
f 3221/3684/1022 3223/3686/15 3222/3685/15
f 3223/3686/15 3225/3688/1023 3224/3687/1023
f 3225/3688/1023 3227/3690/16 3226/3689/16
f 3227/3690/16 3229/3692/137 3228/3691/137
f 3229/3692/137 3231/3694/5 3230/3693/5
f 3231/3694/5 3233/3696/1024 3232/3695/1024
f 3233/3696/1024 3235/3698/6 3234/3697/6
f 3235/3698/6 3237/3706/1025 3236/3699/1025
f 3256/3724/65 3205/3725/65 3203/3726/65
f 3203/3726/65 3201/3727/65 3199/3700/65
f 3199/3700/65 3197/3728/65 3263/3729/65
f 3199/3700/65 3263/3729/65 3254/3730/65
f 3256/3724/65 3203/3726/65 3199/3700/65
f 3257/3702/1026 3256/3724/65 3199/3700/65
f 3199/3700/65 3254/3730/65 3260/3701/65
f 3245/3731/65 3263/3729/65 3197/3728/65
f 3197/3728/65 3195/3732/65 3193/3733/65
f 3193/3733/65 3239/3734/65 3237/3735/65
f 3237/3735/65 3235/3736/65 3233/3737/65
f 3233/3737/65 3231/3738/65 3229/3703/65
f 3229/3703/65 3227/3739/65 3225/3740/65
f 3225/3740/65 3223/3741/65 3221/3704/65
f 3221/3704/65 3219/3742/65 3217/3743/65
f 3217/3743/65 3215/3744/65 3213/3745/65
f 3213/3745/65 3211/3746/65 3209/3747/65
f 3209/3747/65 3207/3748/65 3205/3725/65
f 3205/3725/65 3256/3724/65 3259/3749/65
f 3205/3725/65 3259/3749/65 3258/3750/65
f 3213/3745/65 3209/3747/65 3205/3725/65
f 3221/3704/65 3217/3743/65 3213/3745/65
f 3229/3703/65 3225/3740/65 3221/3704/65
f 3237/3735/65 3233/3737/65 3229/3703/65
f 3197/3728/65 3193/3733/65 3237/3735/65
f 3246/3751/1027 3245/3731/65 3197/3728/65
f 3243/3752/65 3246/3751/1027 3197/3728/65
f 3213/3745/65 3205/3725/65 3258/3750/65
f 3213/3745/65 3258/3750/65 3255/3753/65
f 3243/3752/65 3197/3728/65 3237/3735/65
f 3244/3754/65 3243/3752/65 3237/3735/65
f 3213/3745/65 3255/3753/65 3262/3755/65
f 3213/3745/65 3262/3755/65 3251/3756/65
f 3241/3757/65 3244/3754/65 3237/3735/65
f 3242/3758/65 3241/3757/65 3237/3735/65
f 3221/3704/65 3213/3745/65 3251/3756/65
f 3221/3704/65 3251/3756/65 3252/3759/1028
f 3242/3758/65 3237/3735/65 3229/3703/65
f 3240/3760/65 3242/3758/65 3229/3703/65
f 3221/3704/65 3252/3759/1028 3250/3761/65
f 3221/3704/65 3250/3761/65 3253/3762/65
f 3261/3763/65 3240/3760/65 3229/3703/65
f 3247/3764/65 3261/3763/65 3229/3703/65
f 3221/3704/65 3253/3762/65 3248/3765/65
f 3249/3705/65 3247/3764/65 3229/3703/65
f 3221/3704/65 3248/3765/65 3249/3705/65
f 3237/3706/1025 3239/3708/3 3238/3707/3
f 3239/3708/3 3193/3653/81 3192/3655/81
f 3268/3766/70 3270/3767/70 3198/3709/70
f 3198/3709/70 3200/3768/70 3202/3769/70
f 3202/3769/70 3204/3770/70 3206/3710/70
f 3206/3710/70 3286/3771/70 3269/3772/70
f 3267/3711/70 3268/3766/70 3198/3709/70
f 3206/3710/70 3269/3772/70 3267/3711/70
f 3198/3709/70 3202/3769/70 3206/3710/70
f 3276/3773/70 3286/3771/70 3206/3710/70
f 3206/3710/70 3208/3774/70 3210/3775/70
f 3210/3775/70 3212/3776/70 3214/3777/70
f 3214/3777/70 3216/3778/70 3218/3779/70
f 3218/3779/70 3220/3780/70 3222/3712/70
f 3222/3712/70 3224/3781/70 3226/3782/70
f 3226/3782/70 3228/3783/70 3230/3713/70
f 3230/3713/70 3232/3784/70 3234/3785/70
f 3234/3785/70 3236/3786/70 3238/3787/70
f 3238/3787/70 3192/3788/70 3194/3789/70
f 3194/3789/70 3196/3790/70 3198/3709/70
f 3198/3709/70 3270/3767/70 3265/3791/70
f 3198/3709/70 3265/3791/70 3266/3792/70
f 3238/3787/70 3194/3789/70 3198/3709/70
f 3230/3713/70 3234/3785/70 3238/3787/70
f 3222/3712/70 3226/3782/70 3230/3713/70
f 3214/3777/70 3218/3779/70 3222/3712/70
f 3206/3710/70 3210/3775/70 3214/3777/70
f 3277/3793/1029 3276/3773/70 3206/3710/70
f 3274/3794/70 3277/3793/1029 3206/3710/70
f 3238/3787/70 3198/3709/70 3266/3792/70
f 3238/3787/70 3266/3792/70 3264/3795/70
f 3274/3794/70 3206/3710/70 3214/3777/70
f 3275/3796/70 3274/3794/70 3214/3777/70
f 3238/3787/70 3264/3795/70 3287/3797/70
f 3238/3787/70 3287/3797/70 3281/3798/70
f 3272/3799/70 3275/3796/70 3214/3777/70
f 3273/3800/70 3272/3799/70 3214/3777/70
f 3230/3713/70 3238/3787/70 3281/3798/70
f 3230/3713/70 3281/3798/70 3282/3801/1030
f 3273/3800/70 3214/3777/70 3222/3712/70
f 3271/3802/70 3273/3800/70 3222/3712/70
f 3230/3713/70 3282/3801/1030 3284/3803/70
f 3230/3713/70 3284/3803/70 3280/3804/70
f 3285/3805/70 3271/3802/70 3222/3712/70
f 3283/3806/70 3285/3805/70 3222/3712/70
f 3230/3713/70 3280/3804/70 3278/3807/70
f 3279/3714/70 3283/3806/70 3222/3712/70
f 3230/3713/70 3278/3807/70 3279/3714/70
f 3217/3715/65 3219/3718/65 3293/3716/65
f 3218/3680/137 3292/3679/137 3293/3716/137
f 3215/3719/68 3289/3808/68 3288/3677/68
f 3217/3715/65 3291/3717/65 3289/3721/65
f 3350/3809/70 3318/3810/70 3349/3811/1031
f 3318/3810/70 3350/3809/70 3351/3812/1032
f 3318/3810/70 3317/3813/1031 3349/3811/1031
f 3351/3812/1032 3319/3814/1032 3318/3810/70
f 3317/3813/1031 3348/3815/639 3349/3811/1031
f 3351/3812/1032 3352/3816/451 3319/3814/1032
f 3317/3813/1031 3316/3817/639 3348/3815/639
f 3352/3816/451 3320/3818/451 3319/3814/1032
f 3352/3816/451 3353/3819/1033 3320/3818/451
f 3353/3819/1033 3321/3820/1033 3320/3818/451
f 3316/3817/639 3347/3821/1034 3348/3815/639
f 3347/3821/1034 3316/3817/639 3315/3822/1034
f 3353/3819/1033 3354/3823/60 3321/3820/1033
f 3354/3823/60 3322/3824/60 3321/3820/1033
f 3347/3821/1034 3315/3822/1034 3346/3825/61
f 3315/3822/1034 3314/3826/61 3346/3825/61
f 3314/3826/61 3345/3827/461 3346/3825/61
f 3354/3823/60 3355/3828/649 3322/3824/60
f 3314/3826/61 3313/3829/461 3345/3827/461
f 3355/3828/649 3323/3830/649 3322/3824/60
f 3355/3828/649 3356/3831/248 3323/3830/649
f 3345/3827/461 3313/3829/461 3344/3832/241
f 3313/3829/461 3312/3833/241 3344/3832/241
f 3323/3830/649 3356/3831/248 3324/3834/248
f 3312/3833/241 3343/3835/242 3344/3832/241
f 3324/3834/248 3356/3831/248 3325/3836/616
f 3312/3833/241 3311/3837/242 3343/3835/242
f 3325/3836/616 3356/3831/248 3357/3838/616
f 3311/3837/242 3342/3839/137 3343/3835/242
f 3342/3839/137 3311/3837/242 3310/3840/137
f 3325/3836/616 3357/3838/616 3326/3841/68
f 3326/3841/68 3294/3842/68 3325/3836/616
f 3326/3841/68 3327/3843/653 3294/3842/68
f 3342/3839/137 3310/3840/137 3341/3844/465
f 3341/3844/465 3310/3840/137 3309/3845/465
f 3294/3842/68 3327/3843/653 3295/3846/653
f 3295/3846/653 3327/3843/653 3328/3847/250
f 3295/3846/653 3328/3847/250 3296/3848/250
f 3341/3844/465 3309/3845/465 3340/3849/255
f 3309/3850/465 3308/3851/255 3340/3852/255
f 3308/3851/255 3339/3853/254 3340/3852/255
f 3296/3848/250 3328/3847/250 3329/3854/1035
f 3308/3851/255 3307/3855/254 3339/3853/254
f 3296/3848/250 3329/3854/1035 3297/3856/1035
f 3339/3853/254 3307/3855/254 3338/3857/58
f 3297/3856/1035 3329/3854/1035 3330/3858/53
f 3297/3856/1035 3330/3858/53 3298/3859/53
f 3338/3857/58 3307/3855/254 3306/3860/58
f 3298/3859/53 3330/3858/53 3331/3861/1036
f 3338/3857/58 3306/3860/58 3337/3862/1037
f 3298/3859/53 3331/3861/1036 3299/3863/1036
f 3337/3862/1037 3306/3860/58 3305/3864/1037
f 3299/3863/1036 3331/3861/1036 3332/3865/251
f 3337/3862/1037 3305/3864/1037 3336/3866/252
f 3299/3863/1036 3332/3865/251 3300/3867/251
f 3336/3866/252 3305/3864/1037 3304/3868/252
f 3300/3867/251 3332/3865/251 3333/3869/1038
f 3336/3866/252 3304/3868/252 3335/3870/1039
f 3335/3870/1039 3304/3868/252 3303/3871/1039
f 3300/3867/251 3333/3869/1038 3301/3872/1038
f 3335/3870/1039 3303/3871/1039 3334/3873/65
f 3301/3872/1038 3333/3869/1038 3334/3873/65
f 3334/3873/65 3303/3871/1039 3302/3874/65
f 3301/3872/1038 3334/3873/65 3302/3874/65
f 3494/3875/1040 3505/3876/1041 3506/3877/1040
f 3500/3878/1042 3513/3879/1043 3501/3880/1043
f 3491/3881/1044 3502/3882/1045 3503/3883/1044
f 3497/3884/1046 3510/3885/1047 3498/3886/1047
f 3494/3875/1040 3507/3887/1048 3495/3888/1048
f 3490/3889/1045 3513/3879/1043 3502/3882/1045
f 3491/3890/1044 3504/3891/1049 3492/3892/1049
f 3498/3886/1047 3511/3893/1050 3499/3894/1050
f 3496/3895/1051 3507/3887/1048 3508/3896/1051
f 3492/3897/1049 3505/3876/1041 3493/3898/1041
f 3499/3894/1050 3512/3899/1042 3500/3878/1042
f 3496/3895/1051 3509/3900/1046 3497/3884/1046
f 3380/3901/1052 3358/3902/1053 3381/3903/1054
f 3376/3904/1055 3379/3905/1056 3377/3906/1057
f 3372/3907/1058 3375/3908/1059 3373/3909/1058
f 3376/3910/1060 3608/3911/1061 3374/3912/1060
f 3368/3913/1062 3371/3914/1063 3369/3915/1064
f 3364/3916/1065 3367/3917/1066 3365/3918/1067
f 3360/3919/1068 3363/3920/1069 3361/3921/1068
f 3402/3922/58 3405/3923/1070 3403/3924/1070
f 3398/3925/62 3401/3926/1071 3399/3927/1071
f 3394/3928/64 3397/3929/1072 3395/3930/1072
f 3391/3931/1073 3392/3932/60 3393/3933/1073
f 3386/3934/54 3389/3935/1074 3387/3936/1074
f 3382/3937/1075 3384/3938/56 3385/3939/1075
f 3484/3940/1076 3393/3941/1073 3487/3942/1076
f 3468/3943/1077 3401/3944/1071 3471/3945/1077
f 3378/3946/1078 3597/3947/1079 3600/3948/1079
f 3604/3949/55 3401/3944/55 3400/3950/55
f 3372/3951/1080 3616/3952/1081 3370/3953/1080
f 3364/3954/1082 3590/3955/1083 3362/3956/1082
f 3369/3957/1084 3483/3958/1085 3488/3959/1085
f 3375/3960/1086 3472/3961/1087 3377/3962/1086
f 3593/3963/55 3387/3964/55 3456/3965/55
f 3580/3966/57 3442/3967/57 3443/3968/57
f 3579/3969/57 3443/3968/57 3444/3970/57
f 3586/3971/1088 3386/3934/1089 3593/3972/1088
f 3581/3973/1090 3384/3938/1091 3383/3974/1091
f 3358/3975/1092 3448/3976/1093 3361/3977/1092
f 3444/3970/1094 3446/3978/1095 3449/3979/1096
f 3586/3971/63 3389/3980/63 3388/3981/63
f 3587/3982/63 3453/3983/63 3586/3984/63
f 3592/3985/55 3456/3965/55 3457/3986/55
f 3594/3987/1097 3402/3922/1098 3599/3988/1097
f 3588/3989/1099 3592/3990/1100 3591/3991/1099
f 3456/3965/1101 3389/3980/1074 3453/3983/1101
f 3365/3992/1102 3455/3993/1103 3450/3994/1103
f 3451/3995/1104 3457/3986/1105 3452/3996/1105
f 3599/3997/61 3403/3998/61 3464/3999/61
f 3600/4000/61 3462/4001/61 3463/4002/61
f 3597/4003/53 3459/4004/53 3596/4005/53
f 3595/4006/53 3461/4007/53 3594/4008/53
f 3601/4009/1106 3595/4010/1107 3598/4011/1107
f 3464/3999/1108 3405/4012/1070 3461/4007/1108
f 3379/4013/1109 3458/4014/1110 3381/4015/1109
f 3462/4001/1111 3460/4016/1112 3459/4004/1111
f 3602/4017/1113 3606/4018/1114 3609/4019/1113
f 3466/4020/1115 3470/4021/1116 3473/4022/1115
f 3605/4023/55 3471/3945/55 3604/4024/55
f 3604/3949/1117 3398/3925/1118 3607/4025/1117
f 3610/4026/1119 3394/3928/1120 3615/4027/1119
f 3606/4028/63 3468/3943/63 3469/4029/63
f 3615/4030/59 3395/4031/59 3480/4032/59
f 3614/4033/59 3480/4032/59 3481/4034/59
f 3610/4026/57 3397/4035/57 3396/4036/57
f 3611/4037/57 3477/4038/57 3610/4039/57
f 3612/4040/1121 3614/4041/1122 3617/4042/1121
f 3480/4032/1123 3397/4035/1072 3477/4038/1123
f 3373/4043/1124 3479/4044/1125 3474/4045/1125
f 3475/4046/1126 3481/4034/1127 3476/4047/1127
f 3621/4048/53 3391/4049/53 3484/3940/53
f 3620/4050/53 3484/3940/53 3485/4051/53
f 3482/4052/1128 3486/4053/1129 3489/4054/1128
f 3621/4055/1130 3392/3932/1131 3390/4056/1131
f 3368/4057/1132 3618/4058/1133 3366/4059/1132
f 3619/4060/1134 3625/4061/1135 3620/4062/1135
f 3429/4063/168 3359/4064/1136 3380/3901/1052
f 3428/4065/168 3406/4066/65 3429/4067/168
f 3427/4068/1137 3380/3901/1052 3378/4069/1138
f 3426/4070/1137 3429/4067/168 3427/4071/1137
f 3425/4072/1139 3378/4069/1138 3376/3904/1055
f 3416/4073/54 3435/4074/54 3417/4075/54
f 3423/4076/1140 3376/3904/1055 3374/4077/1059
f 3422/4078/1140 3425/4079/1139 3423/4080/1140
f 3421/4081/169 3374/4077/1059 3372/3907/1058
f 3420/4082/169 3423/4080/1140 3421/4083/169
f 3419/4084/1141 3372/3907/1058 3370/4085/1142
f 3418/4086/1141 3421/4083/169 3419/4087/1141
f 3417/4088/1143 3370/4085/1142 3368/3913/1062
f 3410/4089/34 3430/4090/34 3408/4091/34
f 3366/4092/1144 3417/4088/1143 3368/3913/1062
f 3415/4093/1145 3416/4094/1143 3417/4095/1143
f 3413/4096/68 3366/4092/1144 3364/3916/1065
f 3413/4097/68 3414/4098/1145 3415/4093/1145
f 3411/4099/1146 3364/3916/1065 3362/4100/1069
f 3410/4101/1146 3413/4097/68 3411/4102/1146
f 3409/4103/1147 3362/4100/1069 3360/3919/1068
f 3427/4104/56 3440/4105/56 3426/4106/56
f 3406/4107/65 3360/4108/1068 3359/4064/1136
f 3407/4109/65 3409/4110/1147 3406/4107/65
f 3438/4111/57 3441/4112/57 3439/4113/57
f 3434/4114/63 3437/4115/63 3435/4116/63
f 3430/4090/53 3433/4117/53 3431/4118/53
f 3427/4104/81 3439/4119/81 3441/4120/81
f 3411/4121/60 3432/4122/60 3410/4123/60
f 3424/4124/34 3440/4125/34 3438/4111/34
f 3419/4126/81 3435/4074/81 3437/4127/81
f 3424/4124/64 3439/4119/64 3425/4128/64
f 3419/4126/62 3436/4129/62 3418/4130/62
f 3418/4130/34 3434/4114/34 3416/4131/34
f 3408/4091/58 3431/4132/58 3409/4133/58
f 3409/4133/81 3433/4134/81 3411/4121/81
f 3578/4135/57 3444/3970/57 3445/4136/57
f 3588/3989/63 3452/3996/63 3587/4137/63
f 3589/4138/63 3451/3995/63 3588/4139/63
f 3591/4140/55 3457/3986/55 3454/4141/55
f 3590/4142/55 3454/4141/55 3455/4143/55
f 3596/4144/53 3460/4016/53 3595/4010/53
f 3601/4145/61 3465/4146/61 3462/4001/61
f 3598/4147/61 3464/3999/61 3465/4146/61
f 3609/4148/63 3469/4029/63 3466/4020/63
f 3608/4149/63 3466/4020/63 3467/4150/63
f 3602/4017/55 3470/4021/55 3605/4151/55
f 3603/4152/55 3473/4022/55 3602/4153/55
f 3612/4040/57 3476/4047/57 3611/4154/57
f 3613/4155/57 3475/4046/57 3612/4156/57
f 3617/4157/59 3481/4034/59 3478/4158/59
f 3616/4159/59 3478/4158/59 3479/4044/59
f 3619/4160/53 3485/4051/53 3482/4052/53
f 3618/4161/53 3482/4052/53 3483/3958/53
f 3444/3970/1094 3448/3976/1093 3445/4136/1093
f 3447/4162/1148 3443/3968/1095 3442/3967/1148
f 3451/3995/1104 3455/4143/1103 3454/4141/1104
f 3453/3983/1101 3457/3986/1105 3456/3965/1101
f 3459/4004/1111 3463/4002/1110 3462/4001/1111
f 3461/4007/1108 3465/4146/1112 3464/3999/1108
f 3473/4022/1115 3467/4150/1087 3466/4020/1115
f 3471/3945/1077 3469/4029/1116 3468/3943/1077
f 3475/4046/1126 3479/4044/1125 3478/4158/1126
f 3480/4032/1123 3476/4047/1127 3481/4034/1127
f 3489/4054/1128 3483/3958/1085 3482/4052/1128
f 3487/3942/1076 3485/4051/1129 3484/3940/1076
f 3442/3967/1148 3385/4163/1075 3447/4162/1148
f 3501/4164/168 3407/4109/65 3428/4165/168
f 3500/4166/1149 3428/4165/168 3426/4167/1137
f 3499/4168/137 3426/4167/1137 3424/4169/1139
f 3498/4170/1140 3424/4169/1139 3422/4171/1140
f 3497/4172/169 3422/4171/1140 3420/4173/169
f 3496/4174/70 3420/4173/169 3418/4175/1141
f 3495/4176/167 3418/4175/1141 3416/4177/1143
f 3414/4178/1145 3495/4176/167 3416/4177/1143
f 3493/4179/68 3414/4178/1145 3412/4180/68
f 3492/3892/1150 3412/4180/68 3410/4181/1146
f 3491/3890/166 3410/4181/1146 3408/4182/1147
f 3490/4183/65 3408/4184/1147 3407/4109/65
f 3302/4185/81 3516/4186/81 3545/4187/81
f 3316/4188/81 3544/4189/81 3315/4190/81
f 3301/4191/81 3545/4187/81 3543/4192/81
f 3315/4190/81 3542/4193/81 3314/4194/81
f 3300/4195/81 3543/4192/81 3541/4196/81
f 3314/4194/81 3540/4197/81 3313/4198/81
f 3299/4199/81 3541/4196/81 3539/4200/81
f 3312/4201/81 3540/4197/81 3538/4202/81
f 3325/4203/81 3526/4204/81 3537/4205/81
f 3298/4206/81 3539/4200/81 3536/4207/81
f 3312/4201/81 3535/4208/81 3311/4209/81
f 3324/4210/81 3537/4205/81 3534/4211/81
f 3297/4212/81 3536/4207/81 3533/4213/81
f 3311/4209/81 3532/4214/81 3310/4215/81
f 3324/4210/81 3531/4216/81 3323/4217/81
f 3296/4218/81 3533/4213/81 3530/4219/81
f 3310/4215/81 3529/4220/81 3309/4221/81
f 3323/4217/81 3528/4222/81 3322/4223/81
f 3295/4224/81 3530/4219/81 3527/4225/81
f 3309/4221/81 3525/4226/81 3308/4227/81
f 3322/4223/81 3524/4228/81 3321/4229/81
f 3295/4224/81 3526/4204/81 3294/4230/81
f 3307/4231/81 3525/4226/81 3523/4232/81
f 3321/4229/81 3522/4233/81 3320/4234/81
f 3306/4235/81 3523/4232/81 3521/4236/81
f 3320/4234/81 3520/4237/81 3319/4238/81
f 3305/4239/81 3521/4236/81 3519/4240/81
f 3319/4238/81 3518/4241/81 3318/4242/81
f 3304/4243/81 3519/4240/81 3517/4244/81
f 3318/4242/81 3515/4245/81 3317/4246/81
f 3303/4247/81 3517/4244/81 3516/4186/81
f 3317/4246/81 3514/4248/81 3316/4188/81
f 3327/4249/34 3577/4250/34 3546/4251/34
f 3328/4252/34 3546/4251/34 3547/4253/34
f 3328/4252/34 3548/4254/34 3329/4255/34
f 3329/4255/34 3549/4256/34 3330/4257/34
f 3330/4257/34 3550/4258/34 3331/4259/34
f 3331/4259/34 3551/4260/34 3332/4261/34
f 3332/4261/34 3552/4262/34 3333/4263/34
f 3333/4263/34 3553/4264/34 3334/4265/34
f 3334/4265/34 3554/4266/34 3335/4267/34
f 3335/4267/34 3555/4268/34 3336/4269/34
f 3336/4269/34 3556/4270/34 3337/4271/34
f 3337/4271/34 3557/4272/34 3338/4273/34
f 3338/4273/34 3558/4274/34 3339/4275/34
f 3339/4275/34 3559/4276/34 3340/4277/34
f 3340/4277/34 3560/4278/34 3341/4279/34
f 3341/4279/34 3561/4280/34 3342/4281/34
f 3342/4281/34 3562/4282/34 3343/4283/34
f 3343/4283/34 3563/4284/34 3344/4285/34
f 3344/4285/34 3564/4286/34 3345/4287/34
f 3346/4288/34 3564/4286/34 3565/4289/34
f 3347/4290/34 3565/4289/34 3566/4291/34
f 3348/4292/34 3566/4291/34 3567/4293/34
f 3349/4294/34 3567/4293/34 3568/4295/34
f 3350/4296/34 3568/4295/34 3569/4297/34
f 3351/4298/34 3569/4297/34 3570/4299/34
f 3352/4300/34 3570/4299/34 3571/4301/34
f 3353/4302/34 3571/4301/34 3572/4303/34
f 3354/4304/34 3572/4303/34 3573/4305/34
f 3355/4306/34 3573/4305/34 3574/4307/34
f 3356/4308/34 3574/4307/34 3575/4309/34
f 3357/4310/34 3575/4309/34 3576/4311/34
f 3326/4312/34 3576/4311/34 3577/4250/34
f 3578/4135/57 3358/3975/57 3359/4313/57
f 3361/3977/59 3583/4314/59 3360/4315/59
f 3365/4316/63 3589/4317/63 3364/3954/63
f 3363/4318/55 3590/4319/55 3455/4143/55
f 3581/4320/57 3382/4321/57 3442/3967/57
f 3381/4015/53 3597/3947/53 3380/4322/53
f 3379/4013/61 3600/4323/61 3463/4002/61
f 3377/3962/55 3603/4324/55 3376/3910/55
f 3375/3960/63 3608/4325/63 3467/4150/63
f 3373/4043/57 3613/4326/57 3372/3951/57
f 3371/4327/59 3616/4328/59 3479/4044/59
f 3367/4329/53 3618/4330/53 3483/3958/53
f 3369/3957/61 3623/4331/61 3368/4057/61
f 3581/4332/1090 3585/4333/1151 3584/4334/1090
f 3591/4335/1099 3589/4138/1083 3588/4139/1099
f 3593/4336/1088 3587/3982/1100 3586/3984/1088
f 3601/4337/1106 3597/4003/1079 3596/4005/1106
f 3599/4338/1097 3595/4006/1107 3594/4008/1097
f 3602/4153/1113 3608/4339/1061 3603/4152/1061
f 3607/4340/1117 3605/4023/1114 3604/4024/1117
f 3617/4341/1121 3613/4155/1081 3612/4156/1121
f 3610/4039/1119 3614/4342/1122 3611/4037/1152
f 3622/4343/1134 3618/4344/1133 3623/4345/1133
f 3624/4346/1130 3620/4347/1135 3625/4348/1135
f 3360/4315/1153 3578/4349/1154 3359/4350/1153
f 3594/3987/53 3405/4012/53 3404/4351/53
f 3583/4352/59 3449/3979/59 3582/4353/59
f 3582/4354/59 3446/3978/59 3585/4355/59
f 3585/4333/59 3447/4162/59 3584/4334/59
f 3584/4356/59 3385/4163/59 3384/3938/59
f 3607/4357/63 3399/4358/63 3468/3943/63
f 3583/4352/1154 3579/4359/1155 3578/4360/1154
f 3580/4361/1151 3582/4354/1155 3585/4355/1151
f 3623/4345/61 3489/4054/61 3622/4343/61
f 3622/4362/61 3486/4053/61 3625/4061/61
f 3625/4348/61 3487/3942/61 3624/4346/61
f 3624/4363/61 3393/3941/61 3392/3932/61
f 3494/3875/1040 3493/3898/1041 3505/3876/1041
f 3500/3878/1042 3512/3899/1042 3513/3879/1043
f 3491/3881/1044 3490/3889/1045 3502/3882/1045
f 3497/3884/1046 3509/3900/1046 3510/3885/1047
f 3494/3875/1040 3506/3877/1040 3507/3887/1048
f 3490/3889/1045 3501/3880/1043 3513/3879/1043
f 3491/3890/1044 3503/4364/1044 3504/3891/1049
f 3498/3886/1047 3510/3885/1047 3511/3893/1050
f 3496/3895/1051 3495/3888/1048 3507/3887/1048
f 3492/3897/1049 3504/4365/1049 3505/3876/1041
f 3499/3894/1050 3511/3893/1050 3512/3899/1042
f 3496/3895/1051 3508/3896/1051 3509/3900/1046
f 3380/3901/1052 3359/4064/1136 3358/3902/1053
f 3376/3904/1055 3378/4069/1138 3379/3905/1056
f 3372/3907/1058 3374/4077/1059 3375/3908/1059
f 3376/3910/1060 3603/4324/1061 3608/3911/1061
f 3368/3913/1062 3370/4085/1142 3371/3914/1063
f 3364/3916/1065 3366/4092/1144 3367/3917/1066
f 3360/3919/1068 3362/4100/1069 3363/3920/1069
f 3402/3922/58 3404/4351/58 3405/3923/1070
f 3398/3925/62 3400/3950/62 3401/3926/1071
f 3394/3928/64 3396/4036/64 3397/3929/1072
f 3391/3931/1073 3390/4056/60 3392/3932/60
f 3386/3934/54 3388/3981/54 3389/3935/1074
f 3382/3937/1075 3383/3974/56 3384/3938/56
f 3484/3940/1076 3391/4049/1073 3393/3941/1073
f 3468/3943/1077 3399/4358/1071 3401/3944/1071
f 3378/3946/1078 3380/4322/1078 3597/3947/1079
f 3604/3949/55 3471/3945/55 3401/3944/55
f 3372/3951/1080 3613/4326/1081 3616/3952/1081
f 3364/3954/1082 3589/4317/1083 3590/3955/1083
f 3369/3957/1084 3367/4329/1084 3483/3958/1085
f 3375/3960/1086 3467/4150/1087 3472/3961/1087
f 3593/3963/55 3386/4366/55 3387/3964/55
f 3580/3966/57 3581/4367/57 3442/3967/57
f 3579/3969/57 3580/4368/57 3443/3968/57
f 3586/3971/1088 3388/3981/1089 3386/3934/1089
f 3581/3973/1090 3584/4356/1090 3384/3938/1091
f 3358/3975/1092 3445/4136/1093 3448/3976/1093
f 3444/3970/1094 3443/3968/1095 3446/3978/1095
f 3586/3971/63 3453/3983/63 3389/3980/63
f 3587/3982/63 3452/3996/63 3453/3983/63
f 3592/3985/55 3593/4369/55 3456/3965/55
f 3594/3987/1097 3404/4351/1098 3402/3922/1098
f 3588/3989/1099 3587/4137/1100 3592/3990/1100
f 3456/3965/1101 3387/3964/1074 3389/3980/1074
f 3365/3992/1102 3363/4370/1102 3455/3993/1103
f 3451/3995/1104 3454/4141/1104 3457/3986/1105
f 3599/3997/61 3402/4371/61 3403/3998/61
f 3600/4000/61 3601/4372/61 3462/4001/61
f 3597/4003/53 3458/4014/53 3459/4004/53
f 3595/4006/53 3460/4016/53 3461/4007/53
f 3601/4009/1106 3596/4144/1106 3595/4010/1107
f 3464/3999/1108 3403/3998/1070 3405/4012/1070
f 3379/4013/1109 3463/4002/1110 3458/4014/1110
f 3462/4001/1111 3465/4146/1112 3460/4016/1112
f 3602/4017/1113 3605/4151/1114 3606/4018/1114
f 3466/4020/1115 3469/4029/1116 3470/4021/1116
f 3605/4023/55 3470/4021/55 3471/3945/55
f 3604/3949/1117 3400/3950/1118 3398/3925/1118
f 3610/4026/1119 3396/4036/1120 3394/3928/1120
f 3606/4028/63 3607/4373/63 3468/3943/63
f 3615/4030/59 3394/4374/59 3395/4031/59
f 3614/4033/59 3615/4375/59 3480/4032/59
f 3610/4026/57 3477/4038/57 3397/4035/57
f 3611/4037/57 3476/4047/57 3477/4038/57
f 3612/4040/1121 3611/4154/1152 3614/4041/1122
f 3480/4032/1123 3395/4031/1072 3397/4035/1072
f 3373/4043/1124 3371/4327/1124 3479/4044/1125
f 3475/4046/1126 3478/4158/1126 3481/4034/1127
f 3621/4048/53 3390/4376/53 3391/4049/53
f 3620/4050/53 3621/4377/53 3484/3940/53
f 3482/4052/1128 3485/4051/1129 3486/4053/1129
f 3621/4055/1130 3624/4363/1130 3392/3932/1131
f 3368/4057/1132 3623/4331/1133 3618/4058/1133
f 3619/4060/1134 3622/4362/1134 3625/4061/1135
f 3429/4063/168 3406/4107/65 3359/4064/1136
f 3428/4065/168 3407/4378/65 3406/4066/65
f 3427/4068/1137 3429/4063/168 3380/3901/1052
f 3426/4070/1137 3428/4065/168 3429/4067/168
f 3425/4072/1139 3427/4068/1137 3378/4069/1138
f 3416/4073/54 3434/4379/54 3435/4074/54
f 3423/4076/1140 3425/4072/1139 3376/3904/1055
f 3422/4078/1140 3424/4380/1139 3425/4079/1139
f 3421/4081/169 3423/4076/1140 3374/4077/1059
f 3420/4082/169 3422/4078/1140 3423/4080/1140
f 3419/4084/1141 3421/4081/169 3372/3907/1058
f 3418/4086/1141 3420/4082/169 3421/4083/169
f 3417/4088/1143 3419/4084/1141 3370/4085/1142
f 3410/4089/34 3432/4381/34 3430/4090/34
f 3366/4092/1144 3415/4382/1145 3417/4088/1143
f 3415/4093/1145 3414/4098/1145 3416/4094/1143
f 3413/4096/68 3415/4382/1145 3366/4092/1144
f 3413/4097/68 3412/4383/68 3414/4098/1145
f 3411/4099/1146 3413/4096/68 3364/3916/1065
f 3410/4101/1146 3412/4383/68 3413/4097/68
f 3409/4103/1147 3411/4099/1146 3362/4100/1069
f 3427/4104/56 3441/4120/56 3440/4105/56
f 3406/4107/65 3409/4110/1147 3360/4108/1068
f 3407/4109/65 3408/4184/1147 3409/4110/1147
f 3438/4111/57 3440/4125/57 3441/4112/57
f 3434/4114/63 3436/4129/63 3437/4115/63
f 3430/4090/53 3432/4381/53 3433/4117/53
f 3427/4104/81 3425/4128/81 3439/4119/81
f 3411/4121/60 3433/4134/60 3432/4122/60
f 3424/4124/34 3426/4384/34 3440/4125/34
f 3419/4126/81 3417/4075/81 3435/4074/81
f 3424/4124/64 3438/4111/64 3439/4119/64
f 3419/4126/62 3437/4127/62 3436/4129/62
f 3418/4130/34 3436/4129/34 3434/4114/34
f 3408/4091/58 3430/4090/58 3431/4132/58
f 3409/4133/81 3431/4132/81 3433/4134/81
f 3578/4135/57 3579/4385/57 3444/3970/57
f 3588/3989/63 3451/3995/63 3452/3996/63
f 3589/4138/63 3450/4386/63 3451/3995/63
f 3591/4140/55 3592/4387/55 3457/3986/55
f 3590/4142/55 3591/4388/55 3454/4141/55
f 3596/4144/53 3459/4004/53 3460/4016/53
f 3601/4145/61 3598/4389/61 3465/4146/61
f 3598/4147/61 3599/4390/61 3464/3999/61
f 3609/4148/63 3606/4391/63 3469/4029/63
f 3608/4149/63 3609/4392/63 3466/4020/63
f 3602/4017/55 3473/4022/55 3470/4021/55
f 3603/4152/55 3472/3961/55 3473/4022/55
f 3612/4040/57 3475/4046/57 3476/4047/57
f 3613/4155/57 3474/4045/57 3475/4046/57
f 3617/4157/59 3614/4393/59 3481/4034/59
f 3616/4159/59 3617/4394/59 3478/4158/59
f 3619/4160/53 3620/4395/53 3485/4051/53
f 3618/4161/53 3619/4396/53 3482/4052/53
f 3444/3970/1094 3449/3979/1096 3448/3976/1093
f 3447/4162/1148 3446/3978/1095 3443/3968/1095
f 3451/3995/1104 3450/4386/1103 3455/4143/1103
f 3453/3983/1101 3452/3996/1105 3457/3986/1105
f 3459/4004/1111 3458/4014/1110 3463/4002/1110
f 3461/4007/1108 3460/4016/1112 3465/4146/1112
f 3473/4022/1115 3472/3961/1087 3467/4150/1087
f 3471/3945/1077 3470/4021/1116 3469/4029/1116
f 3475/4046/1126 3474/4045/1125 3479/4044/1125
f 3480/4032/1123 3477/4038/1123 3476/4047/1127
f 3489/4054/1128 3488/3959/1085 3483/3958/1085
f 3487/3942/1076 3486/4053/1129 3485/4051/1129
f 3442/3967/1148 3382/4321/1075 3385/4163/1075
f 3501/4164/168 3490/4183/65 3407/4109/65
f 3500/4166/1149 3501/4164/168 3428/4165/168
f 3499/4168/137 3500/4166/1149 3426/4167/1137
f 3498/4170/1140 3499/4168/137 3424/4169/1139
f 3497/4172/169 3498/4170/1140 3422/4171/1140
f 3496/4174/70 3497/4172/169 3420/4173/169
f 3495/4176/167 3496/4174/70 3418/4175/1141
f 3414/4178/1145 3494/4397/1145 3495/4176/167
f 3493/4179/68 3494/4397/1145 3414/4178/1145
f 3492/3892/1150 3493/4179/68 3412/4180/68
f 3491/3890/166 3492/3892/1150 3410/4181/1146
f 3490/4183/65 3491/4398/166 3408/4184/1147
f 3302/4185/81 3303/4247/81 3516/4186/81
f 3316/4188/81 3514/4248/81 3544/4189/81
f 3301/4191/81 3302/4185/81 3545/4187/81
f 3315/4190/81 3544/4189/81 3542/4193/81
f 3300/4195/81 3301/4191/81 3543/4192/81
f 3314/4194/81 3542/4193/81 3540/4197/81
f 3299/4199/81 3300/4195/81 3541/4196/81
f 3312/4201/81 3313/4198/81 3540/4197/81
f 3325/4203/81 3294/4230/81 3526/4204/81
f 3298/4206/81 3299/4199/81 3539/4200/81
f 3312/4201/81 3538/4202/81 3535/4208/81
f 3324/4210/81 3325/4203/81 3537/4205/81
f 3297/4212/81 3298/4206/81 3536/4207/81
f 3311/4209/81 3535/4208/81 3532/4214/81
f 3324/4210/81 3534/4211/81 3531/4216/81
f 3296/4218/81 3297/4212/81 3533/4213/81
f 3310/4215/81 3532/4214/81 3529/4220/81
f 3323/4217/81 3531/4216/81 3528/4222/81
f 3295/4224/81 3296/4218/81 3530/4219/81
f 3309/4221/81 3529/4220/81 3525/4226/81
f 3322/4223/81 3528/4222/81 3524/4228/81
f 3295/4224/81 3527/4225/81 3526/4204/81
f 3307/4231/81 3308/4227/81 3525/4226/81
f 3321/4229/81 3524/4228/81 3522/4233/81
f 3306/4235/81 3307/4231/81 3523/4232/81
f 3320/4234/81 3522/4233/81 3520/4237/81
f 3305/4239/81 3306/4235/81 3521/4236/81
f 3319/4238/81 3520/4237/81 3518/4241/81
f 3304/4243/81 3305/4239/81 3519/4240/81
f 3318/4242/81 3518/4241/81 3515/4245/81
f 3303/4247/81 3304/4243/81 3517/4244/81
f 3317/4246/81 3515/4245/81 3514/4248/81
f 3327/4249/34 3326/4312/34 3577/4250/34
f 3328/4252/34 3327/4249/34 3546/4251/34
f 3328/4252/34 3547/4253/34 3548/4254/34
f 3329/4255/34 3548/4254/34 3549/4256/34
f 3330/4257/34 3549/4256/34 3550/4258/34
f 3331/4259/34 3550/4258/34 3551/4260/34
f 3332/4261/34 3551/4260/34 3552/4262/34
f 3333/4263/34 3552/4262/34 3553/4264/34
f 3334/4265/34 3553/4264/34 3554/4266/34
f 3335/4267/34 3554/4266/34 3555/4268/34
f 3336/4269/34 3555/4268/34 3556/4270/34
f 3337/4271/34 3556/4270/34 3557/4272/34
f 3338/4273/34 3557/4272/34 3558/4274/34
f 3339/4275/34 3558/4274/34 3559/4276/34
f 3340/4277/34 3559/4276/34 3560/4278/34
f 3341/4279/34 3560/4278/34 3561/4280/34
f 3342/4281/34 3561/4280/34 3562/4282/34
f 3343/4283/34 3562/4282/34 3563/4284/34
f 3344/4285/34 3563/4284/34 3564/4286/34
f 3346/4288/34 3345/4287/34 3564/4286/34
f 3347/4290/34 3346/4288/34 3565/4289/34
f 3348/4292/34 3347/4290/34 3566/4291/34
f 3349/4294/34 3348/4292/34 3567/4293/34
f 3350/4296/34 3349/4294/34 3568/4295/34
f 3351/4298/34 3350/4296/34 3569/4297/34
f 3352/4300/34 3351/4298/34 3570/4299/34
f 3353/4302/34 3352/4300/34 3571/4301/34
f 3354/4304/34 3353/4302/34 3572/4303/34
f 3355/4306/34 3354/4304/34 3573/4305/34
f 3356/4308/34 3355/4306/34 3574/4307/34
f 3357/4310/34 3356/4308/34 3575/4309/34
f 3326/4312/34 3357/4310/34 3576/4311/34
f 3578/4135/57 3445/4136/57 3358/3975/57
f 3361/3977/59 3448/3976/59 3583/4314/59
f 3365/4316/63 3450/4386/63 3589/4317/63
f 3363/4318/55 3362/4399/55 3590/4319/55
f 3581/4320/57 3383/4400/57 3382/4321/57
f 3381/4015/53 3458/4014/53 3597/3947/53
f 3379/4013/61 3378/4401/61 3600/4323/61
f 3377/3962/55 3472/3961/55 3603/4324/55
f 3375/3960/63 3374/4402/63 3608/4325/63
f 3373/4043/57 3474/4045/57 3613/4326/57
f 3371/4327/59 3370/4403/59 3616/4328/59
f 3367/4329/53 3366/4404/53 3618/4330/53
f 3369/3957/61 3488/3959/61 3623/4331/61
f 3581/4332/1090 3580/4405/1151 3585/4333/1151
f 3591/4335/1099 3590/4406/1083 3589/4138/1083
f 3593/4336/1088 3592/4407/1100 3587/3982/1100
f 3601/4337/1106 3600/4408/1079 3597/4003/1079
f 3599/4338/1097 3598/4409/1107 3595/4006/1107
f 3602/4153/1113 3609/4410/1113 3608/4339/1061
f 3607/4340/1117 3606/4411/1114 3605/4023/1114
f 3617/4341/1121 3616/4412/1081 3613/4155/1081
f 3610/4039/1119 3615/4413/1119 3614/4342/1122
f 3622/4343/1134 3619/4414/1134 3618/4344/1133
f 3624/4346/1130 3621/4415/1130 3620/4347/1135
f 3360/4315/1153 3583/4314/1154 3578/4349/1154
f 3594/3987/53 3461/4007/53 3405/4012/53
f 3583/4352/59 3448/3976/59 3449/3979/59
f 3582/4354/59 3449/3979/59 3446/3978/59
f 3585/4333/59 3446/3978/59 3447/4162/59
f 3584/4356/59 3447/4162/59 3385/4163/59
f 3607/4357/63 3398/4416/63 3399/4358/63
f 3583/4352/1154 3582/4353/1155 3579/4359/1155
f 3580/4361/1151 3579/4417/1155 3582/4354/1155
f 3623/4345/61 3488/3959/61 3489/4054/61
f 3622/4362/61 3489/4054/61 3486/4053/61
f 3625/4348/61 3486/4053/61 3487/3942/61
f 3624/4363/61 3487/3942/61 3393/3941/61
f 3635/3501/1156 3647/3502/1157 3646/3503/1158
f 3627/3504/1159 3644/3505/1160 3638/3506/1161
f 3628/3507/1162 3641/3508/1163 3644/3505/1164
f 3630/3509/1165 3642/3510/1166 3647/3502/1157
f 3631/3511/1167 3639/3512/1168 3642/3510/1169
f 3645/3513/1170 3634/3514/1171 3640/3515/1172
f 3640/3515/1173 3632/3516/1174 3648/3517/1175
f 3643/3518/1176 3637/3519/1177 3649/3520/1178
f 3649/3520/1179 3635/3501/1156 3646/3503/1158
f 3629/3521/1180 3638/3506/1161 3639/3512/1168
f 3636/3522/1181 3648/3517/1175 3632/3516/1174
f 3633/3523/1182 3641/3508/1163 3626/3524/1183
f 3635/3501/1156 3630/3509/1165 3647/3502/1157
f 3627/3504/1159 3628/3507/1184 3644/3505/1160
f 3628/3507/1162 3626/3524/1183 3641/3508/1163
f 3630/3509/1165 3631/3511/1185 3642/3510/1166
f 3631/3511/1167 3629/3521/1180 3639/3512/1168
f 3645/3513/1186 3633/3523/1182 3634/3514/1187
f 3640/3515/1173 3634/3514/1188 3632/3516/1174
f 3643/3518/1189 3636/3525/1181 3637/3519/1177
f 3649/3520/1179 3637/3519/1190 3635/3501/1156
f 3629/3521/1180 3627/3504/1159 3638/3506/1161
f 3636/3522/1181 3643/3526/1189 3648/3517/1175
f 3633/3523/1182 3645/3513/1186 3641/3508/1163
f 3659/3501/954 3671/3502/955 3670/3503/956
f 3651/3504/957 3668/3505/958 3662/3506/959
f 3652/3507/960 3665/3508/961 3668/3505/962
f 3654/3509/963 3666/3510/964 3671/3502/955
f 3655/3511/965 3663/3512/966 3666/3510/967
f 3669/3513/1191 3658/3514/969 3664/3515/970
f 3664/3515/971 3656/3516/972 3672/3517/973
f 3667/3518/974 3661/3519/975 3673/3520/976
f 3673/3520/977 3659/3501/954 3670/3503/956
f 3653/3521/978 3662/3506/959 3663/3512/966
f 3660/3522/979 3672/3517/973 3656/3516/972
f 3657/3523/980 3665/3508/961 3650/3524/981
f 3659/3501/954 3654/3509/963 3671/3502/955
f 3651/3504/957 3652/3507/982 3668/3505/958
f 3652/3507/960 3650/3524/981 3665/3508/961
f 3654/3509/963 3655/3511/983 3666/3510/964
f 3655/3511/965 3653/3521/978 3663/3512/966
f 3669/3513/984 3657/3523/980 3658/3514/1192
f 3664/3515/971 3658/3514/986 3656/3516/972
f 3667/3518/987 3660/3525/979 3661/3519/1193
f 3673/3520/977 3661/3519/989 3659/3501/954
f 3653/3521/978 3651/3504/957 3662/3506/959
f 3660/3522/979 3667/3526/987 3672/3517/973
f 3657/3523/980 3669/3513/984 3665/3508/961
f 3689/3527/990 3674/3528/991 3681/3529/992
f 3688/3530/993 3681/3529/994 3680/3531/995
f 3679/3532/996 3688/3530/997 3680/3531/998
f 3678/3533/999 3687/3534/1000 3679/3532/1001
f 3677/3535/1002 3686/3536/1003 3678/3533/1002
f 3676/3537/1004 3685/3538/1005 3677/3539/1006
f 3683/3540/1007 3676/3537/1008 3675/3541/1009
f 3682/3542/1010 3675/3541/1011 3674/3528/1011
f 3703/3543/81 3711/3544/81 3704/3545/81
f 3697/3546/81 3693/3547/81 3692/3548/81
f 3691/3549/1012 3696/3550/1012 3694/3551/1012
f 3691/3549/65 3692/3548/65 3693/3552/65
f 3695/3553/1013 3692/3548/1013 3690/3554/1013
f 3699/3555/68 3713/3556/68 3702/3557/68
f 3707/3558/70 3711/3559/70 3713/3560/70
f 3705/3561/137 3707/3562/137 3700/3563/137
f 3711/3544/6 3705/3561/6 3704/3545/6
f 3701/3564/15 3707/3562/15 3706/3565/15
f 3699/3555/8 3709/3566/8 3708/3567/8
f 3703/3568/1 3713/3556/1 3712/3569/1
f 3701/3564/34 3709/3566/34 3698/3570/34
f 3716/3571/70 3731/3572/70 3717/3573/70
f 3717/3573/81 3731/3572/81 3749/3574/81
f 3718/3575/34 3734/3576/34 3748/3577/34
f 3714/3578/70 3743/3579/70 3721/3580/70
f 3720/3581/65 3725/3582/65 3715/3583/65
f 3719/3584/65 3734/3576/65 3718/3575/65
f 3728/3585/137 3737/3586/137 3732/3587/137
f 3744/3588/137 3726/3589/137 3740/3590/137
f 3724/3591/241 3744/3592/241 3745/3593/241
f 3732/3594/241 3730/3595/241 3728/3596/241
f 3733/3597/639 3729/3598/639 3730/3595/639
f 3726/3589/255 3742/3599/255 3740/3590/255
f 3727/3600/252 3741/3601/252 3742/3599/252
f 3738/3602/252 3736/3603/252 3734/3576/252
f 3739/3604/255 3735/3605/255 3736/3603/255
f 3715/3583/34 3725/3582/34 3747/3606/34
f 3723/3607/639 3745/3593/639 3743/3579/639
f 3742/3608/81 3741/3601/81 3746/3609/81
f 3723/3610/34 3747/3606/34 3724/3611/34
f 3746/3609/81 3720/3581/81 3721/3580/81
f 3746/3609/81 3743/3579/81 3745/3612/81
f 3744/3613/81 3740/3614/81 3746/3609/81
f 3745/3612/81 3744/3613/81 3746/3609/81
f 3746/3609/81 3740/3614/81 3742/3608/81
f 3724/3611/34 3747/3606/34 3722/3615/34
f 3726/3616/34 3747/3606/34 3727/3617/34
f 3722/3615/34 3747/3606/34 3726/3616/34
f 3727/3617/34 3747/3606/34 3725/3582/34
f 3729/3618/34 3748/3577/34 3730/3619/34
f 3730/3619/34 3748/3577/34 3728/3620/34
f 3736/3621/34 3748/3577/34 3734/3576/34
f 3728/3620/34 3748/3577/34 3735/3622/34
f 3735/3622/34 3748/3577/34 3736/3621/34
f 3738/3602/81 3749/3574/81 3739/3623/81
f 3739/3623/81 3749/3574/81 3737/3624/81
f 3733/3625/81 3749/3574/81 3731/3572/81
f 3737/3624/81 3749/3574/81 3732/3626/81
f 3732/3626/81 3749/3574/81 3733/3625/81
f 3695/3553/34 3691/3627/34 3694/3628/34
f 3694/3629/70 3696/3630/70 3705/3631/70
f 3705/3631/70 3696/3630/70 3704/3632/70
f 3697/3546/70 3703/3633/70 3696/3630/70
f 3703/3633/70 3697/3546/70 3702/3634/70
f 3702/3634/70 3697/3546/70 3695/3553/70
f 3699/3635/70 3702/3634/70 3695/3553/70
f 3694/3629/70 3705/3631/70 3700/3636/70
f 3698/3637/70 3699/3635/70 3695/3553/70
f 3694/3629/70 3700/3636/70 3701/3638/70
f 3694/3629/70 3701/3638/70 3698/3637/70
f 3694/3629/70 3698/3637/70 3695/3553/70
f 3703/3633/70 3704/3632/70 3696/3630/70
f 3716/3571/70 3729/3598/70 3731/3572/70
f 3738/3602/81 3719/3584/81 3749/3574/81
f 3719/3584/81 3717/3573/81 3749/3574/81
f 3729/3618/34 3716/3639/34 3748/3577/34
f 3716/3639/34 3718/3575/34 3748/3577/34
f 3714/3578/70 3723/3607/70 3743/3579/70
f 3720/3581/65 3741/3601/65 3725/3582/65
f 3719/3584/65 3738/3602/65 3734/3576/65
f 3728/3585/137 3735/3605/137 3737/3586/137
f 3744/3588/137 3722/3640/137 3726/3589/137
f 3724/3591/241 3722/3641/241 3744/3592/241
f 3732/3594/241 3733/3597/241 3730/3595/241
f 3733/3597/639 3731/3572/639 3729/3598/639
f 3726/3589/255 3727/3600/255 3742/3599/255
f 3727/3600/252 3725/3582/252 3741/3601/252
f 3738/3602/252 3739/3604/252 3736/3603/252
f 3739/3604/255 3737/3586/255 3735/3605/255
f 3723/3610/34 3714/3642/34 3747/3606/34
f 3714/3642/34 3715/3583/34 3747/3606/34
f 3723/3607/639 3724/3591/639 3745/3593/639
f 3721/3580/81 3743/3579/81 3746/3609/81
f 3746/3609/81 3741/3601/81 3720/3581/81
f 3763/3543/81 3771/3544/81 3764/3545/81
f 3757/3546/81 3753/3547/81 3752/3548/81
f 3751/3549/1012 3756/3550/1012 3754/3551/1012
f 3751/3549/65 3752/3548/65 3753/3552/65
f 3755/3553/1013 3752/3548/1013 3750/3554/1013
f 3759/3555/68 3773/3556/68 3762/3557/68
f 3767/3558/70 3771/3559/70 3773/3560/70
f 3765/3561/137 3767/3562/137 3760/3563/137
f 3771/3544/6 3765/3561/6 3764/3545/6
f 3761/3564/15 3767/3562/15 3766/3565/15
f 3759/3555/8 3769/3566/8 3768/3567/8
f 3763/3568/1 3773/3556/1 3772/3569/1
f 3761/3564/34 3769/3566/34 3758/3570/34
f 3776/3571/70 3791/3572/70 3777/3573/70
f 3777/3573/81 3791/3572/81 3809/3574/81
f 3778/3575/34 3794/3576/34 3808/3577/34
f 3774/3578/70 3803/3579/70 3781/3580/70
f 3780/3581/65 3785/3582/65 3775/3583/65
f 3779/3584/65 3794/3576/65 3778/3575/65
f 3788/3585/137 3797/3586/137 3792/3587/137
f 3804/3588/137 3786/3589/137 3800/3590/137
f 3784/3591/241 3804/3592/241 3805/3593/241
f 3792/3594/241 3790/3595/241 3788/3596/241
f 3793/3597/639 3789/3598/639 3790/3595/639
f 3786/3589/255 3802/3599/255 3800/3590/255
f 3787/3600/252 3801/3601/252 3802/3599/252
f 3798/3602/252 3796/3603/252 3794/3576/252
f 3799/3604/255 3795/3605/255 3796/3603/255
f 3775/3583/34 3785/3582/34 3807/3606/34
f 3783/3607/639 3805/3593/639 3803/3579/639
f 3802/3608/81 3801/3601/81 3806/3609/81
f 3783/3610/34 3807/3606/34 3784/3611/34
f 3806/3609/81 3780/3581/81 3781/3580/81
f 3806/3609/81 3803/3579/81 3805/3612/81
f 3804/3613/81 3800/3614/81 3806/3609/81
f 3805/3612/81 3804/3613/81 3806/3609/81
f 3806/3609/81 3800/3614/81 3802/3608/81
f 3784/3611/34 3807/3606/34 3782/3615/34
f 3786/3616/34 3807/3606/34 3787/3617/34
f 3782/3615/34 3807/3606/34 3786/3616/34
f 3787/3617/34 3807/3606/34 3785/3582/34
f 3789/3618/34 3808/3577/34 3790/3619/34
f 3790/3619/34 3808/3577/34 3788/3620/34
f 3796/3621/34 3808/3577/34 3794/3576/34
f 3788/3620/34 3808/3577/34 3795/3622/34
f 3795/3622/34 3808/3577/34 3796/3621/34
f 3798/3602/81 3809/3574/81 3799/3623/81
f 3799/3623/81 3809/3574/81 3797/3624/81
f 3793/3625/81 3809/3574/81 3791/3572/81
f 3797/3624/81 3809/3574/81 3792/3626/81
f 3792/3626/81 3809/3574/81 3793/3625/81
f 3755/3553/34 3751/3627/34 3754/3628/34
f 3754/3629/70 3756/3630/70 3765/3631/70
f 3765/3631/70 3756/3630/70 3764/3632/70
f 3757/3546/70 3763/3633/70 3756/3630/70
f 3763/3633/70 3757/3546/70 3762/3634/70
f 3762/3634/70 3757/3546/70 3755/3553/70
f 3759/3635/70 3762/3634/70 3755/3553/70
f 3754/3629/70 3765/3631/70 3760/3636/70
f 3758/3637/70 3759/3635/70 3755/3553/70
f 3754/3629/70 3760/3636/70 3761/3638/70
f 3754/3629/70 3761/3638/70 3758/3637/70
f 3754/3629/70 3758/3637/70 3755/3553/70
f 3763/3633/70 3764/3632/70 3756/3630/70
f 3776/3571/70 3789/3598/70 3791/3572/70
f 3798/3602/81 3779/3584/81 3809/3574/81
f 3779/3584/81 3777/3573/81 3809/3574/81
f 3789/3618/34 3776/3639/34 3808/3577/34
f 3776/3639/34 3778/3575/34 3808/3577/34
f 3774/3578/70 3783/3607/70 3803/3579/70
f 3780/3581/65 3801/3601/65 3785/3582/65
f 3779/3584/65 3798/3602/65 3794/3576/65
f 3788/3585/137 3795/3605/137 3797/3586/137
f 3804/3588/137 3782/3640/137 3786/3589/137
f 3784/3591/241 3782/3641/241 3804/3592/241
f 3792/3594/241 3793/3597/241 3790/3595/241
f 3793/3597/639 3791/3572/639 3789/3598/639
f 3786/3589/255 3787/3600/255 3802/3599/255
f 3787/3600/252 3785/3582/252 3801/3601/252
f 3798/3602/252 3799/3604/252 3796/3603/252
f 3799/3604/255 3797/3586/255 3795/3605/255
f 3783/3610/34 3774/3642/34 3807/3606/34
f 3774/3642/34 3775/3583/34 3807/3606/34
f 3783/3607/639 3784/3591/639 3805/3593/639
f 3781/3580/81 3803/3579/81 3806/3609/81
f 3806/3609/81 3801/3601/81 3780/3581/81
f 3689/3527/990 3682/3542/1014 3674/3528/991
f 3688/3530/993 3689/3527/993 3681/3529/994
f 3679/3532/996 3687/3534/1015 3688/3530/997
f 3678/3533/999 3686/3536/1000 3687/3534/1000
f 3677/3535/1002 3685/3643/1016 3686/3536/1003
f 3676/3537/1004 3684/3644/1005 3685/3538/1005
f 3683/3540/1007 3684/3644/1007 3676/3537/1008
f 3682/3542/1010 3683/3540/1017 3675/3541/1011
f 3703/3543/81 3712/3645/81 3711/3544/81
f 3697/3546/81 3696/3646/81 3693/3547/81
f 3691/3549/1012 3693/3552/1012 3696/3550/1012
f 3691/3549/65 3690/3554/65 3692/3548/65
f 3695/3553/1013 3697/3546/1013 3692/3548/1013
f 3699/3555/68 3708/3567/68 3713/3556/68
f 3713/3560/70 3708/3647/70 3709/3648/70
f 3709/3648/70 3706/3649/70 3707/3558/70
f 3707/3558/70 3710/3650/70 3711/3559/70
f 3711/3559/70 3712/3651/70 3713/3560/70
f 3713/3560/70 3709/3648/70 3707/3558/70
f 3705/3561/137 3710/3652/137 3707/3562/137
f 3711/3544/6 3710/3652/6 3705/3561/6
f 3701/3564/15 3700/3563/15 3707/3562/15
f 3699/3555/8 3698/3570/8 3709/3566/8
f 3703/3568/1 3702/3557/1 3713/3556/1
f 3701/3564/34 3706/3565/34 3709/3566/34
f 3695/3553/34 3690/3554/34 3691/3627/34
f 3763/3543/81 3772/3645/81 3771/3544/81
f 3757/3546/81 3756/3646/81 3753/3547/81
f 3751/3549/1012 3753/3552/1012 3756/3550/1012
f 3751/3549/65 3750/3554/65 3752/3548/65
f 3755/3553/1013 3757/3546/1013 3752/3548/1013
f 3759/3555/68 3768/3567/68 3773/3556/68
f 3773/3560/70 3768/3647/70 3769/3648/70
f 3769/3648/70 3766/3649/70 3767/3558/70
f 3767/3558/70 3770/3650/70 3771/3559/70
f 3771/3559/70 3772/3651/70 3773/3560/70
f 3773/3560/70 3769/3648/70 3767/3558/70
f 3765/3561/137 3770/3652/137 3767/3562/137
f 3771/3544/6 3770/3652/6 3765/3561/6
f 3761/3564/15 3760/3563/15 3767/3562/15
f 3759/3555/8 3758/3570/8 3769/3566/8
f 3763/3568/1 3762/3557/1 3773/3556/1
f 3761/3564/34 3766/3565/34 3769/3566/34
f 3755/3553/34 3750/3554/34 3751/3627/34
f 3811/4418/34 3812/4419/18 3810/4420/34
f 3813/4421/18 3814/4422/1022 3812/4419/18
f 3815/4423/1022 3816/4424/15 3814/4422/1022
f 3817/4425/15 3818/4426/1023 3816/4424/15
f 3819/4427/1023 3820/4428/16 3818/4426/1023
f 3821/4429/16 3822/4430/137 3820/4431/16
f 3823/4432/137 3824/4433/5 3822/4430/137
f 3825/4434/5 3826/4435/1024 3824/4433/5
f 3827/4436/1024 3828/4437/6 3826/4435/1024
f 3829/4438/6 3830/4439/1025 3828/4437/6
f 3831/4440/1025 3832/4441/193 3830/4439/1025
f 3834/4442/70 3906/4443/70 3908/4444/70
f 3834/4442/70 3910/4445/70 3836/4446/70
f 3837/4447/192 3838/4448/1018 3836/4449/192
f 3839/4450/1018 3840/4451/1 3838/4448/1018
f 3841/4452/1 3842/4453/1019 3840/4451/1
f 3843/4454/1019 3844/4455/2 3842/4453/1019
f 3845/4456/2 3846/4457/68 3844/4455/2
f 3847/4458/68 3848/4459/7 3846/4457/68
f 3849/4460/7 3850/4461/1020 3848/4459/7
f 3851/4462/1020 3852/4463/8 3850/4461/1020
f 3853/4464/8 3854/4465/1021 3852/4463/8
f 3817/4466/65 3878/4467/65 3875/4468/1194
f 3847/4469/65 3839/4470/65 3867/4471/65
f 3855/4472/1021 3856/4473/17 3854/4465/1021
f 3857/4474/17 3810/4420/34 3856/4473/17
f 3816/4475/70 3824/4476/70 3885/4477/70
f 3840/4478/70 3848/4479/70 3897/4480/70
f 3835/4481/65 3911/4482/65 3909/4483/65
f 3836/4446/68 3911/4484/68 3837/4485/68
f 3833/4486/137 3906/4443/137 3832/4487/137
f 3835/4481/65 3907/4488/65 3833/4486/65
f 3811/4418/34 3813/4421/18 3812/4419/18
f 3813/4421/18 3815/4423/1022 3814/4422/1022
f 3815/4423/1022 3817/4425/15 3816/4424/15
f 3817/4425/15 3819/4427/1023 3818/4426/1023
f 3819/4427/1023 3821/4489/16 3820/4428/16
f 3821/4429/16 3823/4432/137 3822/4430/137
f 3823/4432/137 3825/4434/5 3824/4433/5
f 3825/4434/5 3827/4436/1024 3826/4435/1024
f 3827/4436/1024 3829/4438/6 3828/4437/6
f 3829/4438/6 3831/4440/1025 3830/4439/1025
f 3831/4440/1025 3833/4490/193 3832/4441/193
f 3834/4442/70 3832/4487/70 3906/4443/70
f 3834/4442/70 3908/4444/70 3910/4445/70
f 3837/4447/192 3839/4450/1018 3838/4448/1018
f 3839/4450/1018 3841/4452/1 3840/4451/1
f 3841/4452/1 3843/4454/1019 3842/4453/1019
f 3843/4454/1019 3845/4456/2 3844/4455/2
f 3845/4456/2 3847/4458/68 3846/4457/68
f 3847/4458/68 3849/4460/7 3848/4459/7
f 3849/4460/7 3851/4462/1020 3850/4461/1020
f 3851/4462/1020 3853/4464/8 3852/4463/8
f 3853/4464/8 3855/4472/1021 3854/4465/1021
f 3874/4491/65 3823/4492/65 3821/4493/65
f 3821/4493/65 3819/4494/65 3817/4466/65
f 3817/4466/65 3815/4495/65 3881/4496/65
f 3817/4466/65 3881/4496/65 3872/4497/65
f 3874/4491/65 3821/4493/65 3817/4466/65
f 3875/4468/1194 3874/4491/65 3817/4466/65
f 3817/4466/65 3872/4497/65 3878/4467/65
f 3863/4498/65 3881/4496/65 3815/4495/65
f 3815/4495/65 3813/4499/65 3811/4500/65
f 3811/4500/65 3857/4501/65 3855/4502/65
f 3855/4502/65 3853/4503/65 3851/4504/65
f 3851/4504/65 3849/4505/65 3847/4469/65
f 3847/4469/65 3845/4506/65 3843/4507/65
f 3843/4507/65 3841/4508/65 3839/4470/65
f 3839/4470/65 3837/4509/65 3835/4510/65
f 3835/4510/65 3833/4511/65 3831/4512/65
f 3831/4512/65 3829/4513/65 3827/4514/65
f 3827/4514/65 3825/4515/65 3823/4492/65
f 3823/4492/65 3874/4491/65 3877/4516/65
f 3823/4492/65 3877/4516/65 3876/4517/65
f 3831/4512/65 3827/4514/65 3823/4492/65
f 3839/4470/65 3835/4510/65 3831/4512/65
f 3847/4469/65 3843/4507/65 3839/4470/65
f 3855/4502/65 3851/4504/65 3847/4469/65
f 3815/4495/65 3811/4500/65 3855/4502/65
f 3864/4518/1195 3863/4498/65 3815/4495/65
f 3861/4519/65 3864/4518/1195 3815/4495/65
f 3831/4512/65 3823/4492/65 3876/4517/65
f 3831/4512/65 3876/4517/65 3873/4520/65
f 3861/4519/65 3815/4495/65 3855/4502/65
f 3862/4521/65 3861/4519/65 3855/4502/65
f 3831/4512/65 3873/4520/65 3880/4522/65
f 3831/4512/65 3880/4522/65 3869/4523/65
f 3859/4524/65 3862/4521/65 3855/4502/65
f 3860/4525/65 3859/4524/65 3855/4502/65
f 3839/4470/65 3831/4512/65 3869/4523/65
f 3839/4470/65 3869/4523/65 3870/4526/1196
f 3860/4525/65 3855/4502/65 3847/4469/65
f 3858/4527/65 3860/4525/65 3847/4469/65
f 3839/4470/65 3870/4526/1196 3868/4528/65
f 3839/4470/65 3868/4528/65 3871/4529/65
f 3879/4530/65 3858/4527/65 3847/4469/65
f 3865/4531/65 3879/4530/65 3847/4469/65
f 3839/4470/65 3871/4529/65 3866/4532/65
f 3867/4471/65 3865/4531/65 3847/4469/65
f 3839/4470/65 3866/4532/65 3867/4471/65
f 3855/4472/1021 3857/4474/17 3856/4473/17
f 3857/4474/17 3811/4418/34 3810/4420/34
f 3886/4533/70 3888/4534/70 3816/4475/70
f 3816/4475/70 3818/4535/70 3820/4536/70
f 3820/4536/70 3822/4537/70 3824/4476/70
f 3824/4476/70 3904/4538/70 3887/4539/70
f 3885/4477/70 3886/4533/70 3816/4475/70
f 3824/4476/70 3887/4539/70 3885/4477/70
f 3816/4475/70 3820/4536/70 3824/4476/70
f 3894/4540/70 3904/4538/70 3824/4476/70
f 3824/4476/70 3826/4541/70 3828/4542/70
f 3828/4542/70 3830/4543/70 3832/4544/70
f 3832/4544/70 3834/4545/70 3836/4546/70
f 3836/4546/70 3838/4547/70 3840/4478/70
f 3840/4478/70 3842/4548/70 3844/4549/70
f 3844/4549/70 3846/4550/70 3848/4479/70
f 3848/4479/70 3850/4551/70 3852/4552/70
f 3852/4552/70 3854/4553/70 3856/4554/70
f 3856/4554/70 3810/4555/70 3812/4556/70
f 3812/4556/70 3814/4557/70 3816/4475/70
f 3816/4475/70 3888/4534/70 3883/4558/70
f 3816/4475/70 3883/4558/70 3884/4559/70
f 3856/4554/70 3812/4556/70 3816/4475/70
f 3848/4479/70 3852/4552/70 3856/4554/70
f 3840/4478/70 3844/4549/70 3848/4479/70
f 3832/4544/70 3836/4546/70 3840/4478/70
f 3824/4476/70 3828/4542/70 3832/4544/70
f 3895/4560/1197 3894/4540/70 3824/4476/70
f 3892/4561/70 3895/4560/1197 3824/4476/70
f 3856/4554/70 3816/4475/70 3884/4559/70
f 3856/4554/70 3884/4559/70 3882/4562/70
f 3892/4561/70 3824/4476/70 3832/4544/70
f 3893/4563/70 3892/4561/70 3832/4544/70
f 3856/4554/70 3882/4562/70 3905/4564/70
f 3856/4554/70 3905/4564/70 3899/4565/70
f 3890/4566/70 3893/4563/70 3832/4544/70
f 3891/4567/70 3890/4566/70 3832/4544/70
f 3848/4479/70 3856/4554/70 3899/4565/70
f 3848/4479/70 3899/4565/70 3900/4568/1198
f 3891/4567/70 3832/4544/70 3840/4478/70
f 3889/4569/70 3891/4567/70 3840/4478/70
f 3848/4479/70 3900/4568/1198 3902/4570/70
f 3848/4479/70 3902/4570/70 3898/4571/70
f 3903/4572/70 3889/4569/70 3840/4478/70
f 3901/4573/70 3903/4572/70 3840/4478/70
f 3848/4479/70 3898/4571/70 3896/4574/70
f 3897/4480/70 3901/4573/70 3840/4478/70
f 3848/4479/70 3896/4574/70 3897/4480/70
f 3835/4481/65 3837/4575/65 3911/4482/65
f 3836/4446/68 3910/4445/68 3911/4484/68
f 3833/4486/137 3907/4488/137 3906/4443/137
f 3835/4481/65 3909/4483/65 3907/4488/65
f 3968/3809/70 3936/3810/70 3967/3811/1032
f 3936/3810/70 3968/3809/70 3969/3812/1031
f 3936/3810/70 3935/3813/1032 3967/3811/1032
f 3969/3812/1031 3937/3814/1031 3936/3810/70
f 3935/3813/1032 3966/3815/451 3967/3811/1032
f 3969/3812/1031 3970/3816/639 3937/3814/1031
f 3935/3813/1032 3934/3817/451 3966/3815/451
f 3970/3816/639 3938/3818/639 3937/3814/1031
f 3970/3816/639 3971/3819/1034 3938/3818/639
f 3971/3819/1034 3939/3820/1034 3938/3818/639
f 3934/3817/451 3965/3821/1033 3966/3815/451
f 3965/3821/1033 3934/3817/451 3933/3822/1033
f 3971/3819/1034 3972/3823/61 3939/3820/1034
f 3972/3823/61 3940/3824/61 3939/3820/1034
f 3965/3821/1033 3933/3822/1033 3964/3825/60
f 3933/3822/1033 3932/3826/60 3964/3825/60
f 3932/3826/60 3963/3827/649 3964/3825/60
f 3972/3823/61 3973/3828/461 3940/3824/61
f 3932/3826/60 3931/3829/649 3963/3827/649
f 3973/3828/461 3941/3830/461 3940/3824/61
f 3973/3828/461 3974/3831/241 3941/3830/461
f 3963/3827/649 3931/3829/649 3962/3832/248
f 3931/3829/649 3930/3833/248 3962/3832/248
f 3941/3830/461 3974/3831/241 3942/3834/241
f 3930/3833/248 3961/3835/616 3962/3832/248
f 3942/3834/241 3974/3831/241 3943/3836/242
f 3930/3833/248 3929/3837/616 3961/3835/616
f 3943/3836/242 3974/3831/241 3975/3838/242
f 3929/3837/616 3960/3839/68 3961/3835/616
f 3960/3839/68 3929/3837/616 3928/3840/68
f 3943/3836/242 3975/3838/242 3944/3841/137
f 3944/3841/137 3912/3842/137 3943/3836/242
f 3944/3841/137 3945/3843/465 3912/3842/137
f 3960/3839/68 3928/3840/68 3959/3844/653
f 3959/3844/653 3928/3840/68 3927/3845/653
f 3912/3842/137 3945/3843/465 3913/3846/465
f 3913/3846/465 3945/3843/465 3946/3847/255
f 3913/3846/465 3946/3847/255 3914/3848/255
f 3959/3844/653 3927/3845/653 3958/3849/250
f 3927/3850/653 3926/3851/250 3958/3852/250
f 3926/3851/250 3957/3853/1035 3958/3852/250
f 3914/3848/255 3946/3847/255 3947/3854/254
f 3926/3851/250 3925/3855/1035 3957/3853/1035
f 3914/3848/255 3947/3854/254 3915/3856/254
f 3957/3853/1035 3925/3855/1035 3956/3857/53
f 3915/3856/254 3947/3854/254 3948/3858/58
f 3915/3856/254 3948/3858/58 3916/3859/58
f 3956/3857/53 3925/3855/1035 3924/3860/53
f 3916/3859/58 3948/3858/58 3949/3861/1037
f 3956/3857/53 3924/3860/53 3955/3862/1036
f 3916/3859/58 3949/3861/1037 3917/3863/1037
f 3955/3862/1036 3924/3860/53 3923/3864/1036
f 3917/3863/1037 3949/3861/1037 3950/3865/252
f 3955/3862/1036 3923/3864/1036 3954/3866/251
f 3917/3863/1037 3950/3865/252 3918/3867/252
f 3954/3866/251 3923/3864/1036 3922/3868/251
f 3918/3867/252 3950/3865/252 3951/3869/1039
f 3954/3866/251 3922/3868/251 3953/3870/1038
f 3953/3870/1038 3922/3868/251 3921/3871/1038
f 3918/3867/252 3951/3869/1039 3919/3872/1039
f 3953/3870/1038 3921/3871/1038 3952/3873/65
f 3919/3872/1039 3951/3869/1039 3952/3873/65
f 3952/3873/65 3921/3871/1038 3920/3874/65
f 3919/3872/1039 3952/3873/65 3920/3874/65
f 4112/3875/1199 4123/3876/1200 4124/3877/1199
f 4118/3878/1201 4131/3879/1202 4119/3880/1202
f 4109/3881/1203 4120/3882/1204 4121/3883/1203
f 4115/3884/1205 4128/3885/1206 4116/3886/1206
f 4112/3875/1199 4125/3887/1207 4113/3888/1207
f 4108/3889/1204 4131/3879/1202 4120/3882/1204
f 4109/3890/1203 4122/3891/1208 4110/3892/1208
f 4116/3886/1206 4129/3893/1209 4117/3894/1209
f 4114/3895/1210 4125/3887/1207 4126/3896/1210
f 4110/3897/1208 4123/3876/1200 4111/3898/1200
f 4117/3894/1209 4130/3899/1201 4118/3878/1201
f 4114/3895/1210 4127/3900/1205 4115/3884/1205
f 3998/3901/1147 3976/3902/1211 3999/3903/1212
f 3994/3904/1213 3997/3905/1214 3995/3906/1213
f 3990/3907/1143 3993/3908/1215 3991/3909/1143
f 3994/3910/1216 4226/3911/1217 3992/3912/1216
f 3986/3913/1218 3989/3914/1219 3987/3915/1220
f 3982/3916/1139 3985/3917/1221 3983/3918/1139
f 3978/3919/1222 3981/3920/1137 3979/3921/1222
f 4020/3922/53 4023/3923/1223 4021/3924/1223
f 4016/3925/59 4019/3926/1224 4017/3927/1224
f 4012/3928/63 4015/3929/1225 4013/3930/1225
f 4009/3931/1226 4010/3932/61 4011/3933/1226
f 4004/3934/57 4007/3935/1227 4005/3936/1227
f 4000/3937/1228 4002/3938/55 4003/3939/1228
f 4102/3940/1229 4011/3941/1226 4105/3942/1229
f 4086/3943/1230 4019/3944/1224 4089/3945/1230
f 3996/3946/1231 4215/3947/1232 4218/3948/1232
f 4222/3949/56 4019/3944/56 4018/3950/56
f 3990/3951/1233 4234/3952/1234 3988/3953/1233
f 3982/3954/1235 4208/3955/1236 3980/3956/1235
f 3987/3957/1237 4101/3958/1238 4106/3959/1238
f 3993/3960/1239 4090/3961/1240 3995/3962/1239
f 4211/3963/56 4005/3964/56 4074/3965/56
f 4198/3966/54 4060/3967/54 4061/3968/54
f 4197/3969/54 4061/3968/54 4062/3970/54
f 4204/3971/1241 4004/3934/1242 4211/3972/1241
f 4199/3973/1243 4002/3938/1244 4001/3974/1244
f 3976/3975/1245 4066/3976/1246 3979/3977/1245
f 4062/3970/1247 4064/3978/1248 4067/3979/1247
f 4204/3971/64 4007/3980/64 4006/3981/64
f 4205/3982/64 4071/3983/64 4204/3984/64
f 4210/3985/56 4074/3965/56 4075/3986/56
f 4212/3987/1249 4020/3922/1250 4217/3988/1249
f 4206/3989/1251 4210/3990/1252 4209/3991/1251
f 4074/3965/1253 4007/3980/1227 4071/3983/1253
f 3983/3992/1254 4073/3993/1255 4068/3994/1255
f 4069/3995/1256 4075/3986/1257 4070/3996/1257
f 4217/3997/60 4021/3998/60 4082/3999/60
f 4218/4000/60 4080/4001/60 4081/4002/60
f 4215/4003/58 4077/4004/58 4214/4005/58
f 4213/4006/58 4079/4007/58 4212/4008/58
f 4219/4009/1258 4213/4010/1259 4216/4011/1259
f 4082/3999/1260 4023/4012/1223 4079/4007/1260
f 3997/4013/1261 4076/4014/1262 3999/4015/1261
f 4080/4001/1263 4078/4016/1264 4077/4004/1263
f 4220/4017/1265 4224/4018/1266 4227/4019/1265
f 4084/4020/1267 4088/4021/1268 4091/4022/1267
f 4223/4023/56 4089/3945/56 4222/4024/56
f 4222/3949/1269 4016/3925/1270 4225/4025/1269
f 4228/4026/1271 4012/3928/1272 4233/4027/1271
f 4224/4028/64 4086/3943/64 4087/4029/64
f 4233/4030/62 4013/4031/62 4098/4032/62
f 4232/4033/62 4098/4032/62 4099/4034/62
f 4228/4026/54 4015/4035/54 4014/4036/54
f 4229/4037/54 4095/4038/54 4228/4039/54
f 4230/4040/1273 4232/4041/1274 4235/4042/1275
f 4098/4032/1276 4015/4035/1225 4095/4038/1276
f 3991/4043/1277 4097/4044/1278 4092/4045/1278
f 4093/4046/1279 4099/4034/1280 4094/4047/1280
f 4239/4048/58 4009/4049/58 4102/3940/58
f 4238/4050/58 4102/3940/58 4103/4051/58
f 4100/4052/1281 4104/4053/1282 4107/4054/1281
f 4239/4055/1283 4010/3932/1284 4008/4056/1284
f 3986/4057/1285 4236/4058/1286 3984/4059/1287
f 4237/4060/1288 4243/4061/1289 4238/4062/1289
f 4047/4063/166 3977/4064/1290 3998/3901/1147
f 4046/4065/166 4024/4066/65 4047/4067/166
f 4045/4068/1069 3998/3901/1147 3996/4069/1146
f 4044/4070/1069 4047/4067/166 4045/4071/1069
f 4043/4072/1065 3996/4069/1146 3994/3904/1213
f 4034/4073/57 4053/4074/57 4035/4075/57
f 4041/4076/1145 3994/3904/1213 3992/4077/1215
f 4040/4078/1145 4043/4079/1065 4041/4080/1145
f 4039/4081/167 3992/4077/1215 3990/3907/1143
f 4038/4082/167 4041/4080/1145 4039/4083/167
f 4037/4084/1142 3990/3907/1143 3988/4085/1141
f 4036/4086/1142 4039/4083/167 4037/4087/1142
f 4035/4088/1058 3988/4085/1141 3986/3913/1218
f 4028/4089/81 4048/4090/81 4026/4091/81
f 3984/4092/1291 4035/4088/1058 3986/3913/1218
f 4033/4093/1140 4034/4094/1058 4035/4095/1058
f 4031/4096/137 3984/4092/1291 3982/3916/1139
f 4031/4097/137 4032/4098/1140 4033/4093/1140
f 4029/4099/1138 3982/3916/1139 3980/4100/1137
f 4028/4101/1138 4031/4097/137 4029/4102/1138
f 4027/4103/1052 3980/4100/1137 3978/3919/1222
f 4045/4104/55 4058/4105/55 4044/4106/55
f 4024/4107/65 3978/4108/1222 3977/4064/1290
f 4025/4109/65 4027/4110/1052 4024/4107/65
f 4056/4111/54 4059/4112/54 4057/4113/54
f 4052/4114/64 4055/4115/64 4053/4116/64
f 4048/4090/58 4051/4117/58 4049/4118/58
f 4045/4104/34 4057/4119/34 4059/4120/34
f 4029/4121/61 4050/4122/61 4028/4123/61
f 4042/4124/81 4058/4125/81 4056/4111/81
f 4037/4126/34 4053/4074/34 4055/4127/34
f 4042/4124/63 4057/4119/63 4043/4128/63
f 4037/4126/59 4054/4129/59 4036/4130/59
f 4036/4130/81 4052/4114/81 4034/4131/81
f 4026/4091/53 4049/4132/53 4027/4133/53
f 4027/4133/34 4051/4134/34 4029/4121/34
f 4196/4135/54 4062/3970/54 4063/4136/54
f 4206/3989/64 4070/3996/64 4205/4137/64
f 4207/4138/64 4069/3995/64 4206/4139/64
f 4209/4140/56 4075/3986/56 4072/4141/56
f 4208/4142/56 4072/4141/56 4073/4143/56
f 4214/4144/58 4078/4016/58 4213/4010/58
f 4219/4145/60 4083/4146/60 4080/4001/60
f 4216/4147/60 4082/3999/60 4083/4146/60
f 4227/4148/64 4087/4029/64 4084/4020/64
f 4226/4149/64 4084/4020/64 4085/4150/64
f 4220/4017/56 4088/4021/56 4223/4151/56
f 4221/4152/56 4091/4022/56 4220/4153/56
f 4230/4040/54 4094/4047/54 4229/4154/54
f 4231/4155/54 4093/4046/54 4230/4156/54
f 4235/4157/62 4099/4034/62 4096/4158/62
f 4234/4159/62 4096/4158/62 4097/4044/62
f 4237/4160/58 4103/4051/58 4100/4052/58
f 4236/4161/58 4100/4052/58 4101/3958/58
f 4062/3970/1247 4066/3976/1246 4063/4136/1246
f 4065/4162/1292 4061/3968/1248 4060/3967/1292
f 4069/3995/1256 4073/4143/1255 4072/4141/1256
f 4071/3983/1253 4075/3986/1257 4074/3965/1253
f 4077/4004/1263 4081/4002/1262 4080/4001/1263
f 4079/4007/1260 4083/4146/1264 4082/3999/1260
f 4091/4022/1267 4085/4150/1240 4084/4020/1267
f 4089/3945/1230 4087/4029/1268 4086/3943/1230
f 4093/4046/1279 4097/4044/1278 4096/4158/1279
f 4098/4032/1276 4094/4047/1280 4099/4034/1280
f 4107/4054/1281 4101/3958/1238 4100/4052/1281
f 4105/3942/1229 4103/4051/1282 4102/3940/1229
f 4060/3967/1292 4003/4163/1228 4065/4162/1292
f 4119/4164/166 4025/4109/65 4046/4165/166
f 4118/4166/1150 4046/4165/166 4044/4167/1069
f 4117/4168/68 4044/4167/1069 4042/4169/1065
f 4116/4170/1145 4042/4169/1065 4040/4171/1145
f 4115/4172/167 4040/4171/1145 4038/4173/167
f 4114/4174/70 4038/4173/167 4036/4175/1142
f 4113/4176/169 4036/4175/1142 4034/4177/1058
f 4032/4178/1140 4113/4176/169 4034/4177/1058
f 4111/4179/137 4032/4178/1140 4030/4180/137
f 4110/3892/1149 4030/4180/137 4028/4181/1138
f 4109/3890/168 4028/4181/1138 4026/4182/1052
f 4108/4183/65 4026/4184/1052 4025/4109/65
f 3920/4185/34 4134/4186/34 4163/4187/34
f 3934/4188/34 4162/4189/34 3933/4190/34
f 3919/4191/34 4163/4187/34 4161/4192/34
f 3933/4190/34 4160/4193/34 3932/4194/34
f 3918/4195/34 4161/4192/34 4159/4196/34
f 3932/4194/34 4158/4197/34 3931/4198/34
f 3917/4199/34 4159/4196/34 4157/4200/34
f 3930/4201/34 4158/4197/34 4156/4202/34
f 3943/4203/34 4144/4204/34 4155/4205/34
f 3916/4206/34 4157/4200/34 4154/4207/34
f 3930/4201/34 4153/4208/34 3929/4209/34
f 3942/4210/34 4155/4205/34 4152/4211/34
f 3915/4212/34 4154/4207/34 4151/4213/34
f 3929/4209/34 4150/4214/34 3928/4215/34
f 3942/4210/34 4149/4216/34 3941/4217/34
f 3914/4218/34 4151/4213/34 4148/4219/34
f 3928/4215/34 4147/4220/34 3927/4221/34
f 3941/4217/34 4146/4222/34 3940/4223/34
f 3913/4224/34 4148/4219/34 4145/4225/34
f 3927/4221/34 4143/4226/34 3926/4227/34
f 3940/4223/34 4142/4228/34 3939/4229/34
f 3913/4224/34 4144/4204/34 3912/4230/34
f 3925/4231/34 4143/4226/34 4141/4232/34
f 3939/4229/34 4140/4233/34 3938/4234/34
f 3924/4235/34 4141/4232/34 4139/4236/34
f 3938/4234/34 4138/4237/34 3937/4238/34
f 3923/4239/34 4139/4236/34 4137/4240/34
f 3937/4238/34 4136/4241/34 3936/4242/34
f 3922/4243/34 4137/4240/34 4135/4244/34
f 3936/4242/34 4133/4245/34 3935/4246/34
f 3921/4247/34 4135/4244/34 4134/4186/34
f 3935/4246/34 4132/4248/34 3934/4188/34
f 3945/4249/81 4195/4250/81 4164/4251/81
f 3946/4252/81 4164/4251/81 4165/4253/81
f 3946/4252/81 4166/4254/81 3947/4255/81
f 3947/4255/81 4167/4256/81 3948/4257/81
f 3948/4257/81 4168/4258/81 3949/4259/81
f 3949/4259/81 4169/4260/81 3950/4261/81
f 3950/4261/81 4170/4262/81 3951/4263/81
f 3951/4263/81 4171/4264/81 3952/4265/81
f 3952/4265/81 4172/4266/81 3953/4267/81
f 3953/4267/81 4173/4268/81 3954/4269/81
f 3954/4269/81 4174/4270/81 3955/4271/81
f 3955/4271/81 4175/4272/81 3956/4273/81
f 3956/4273/81 4176/4274/81 3957/4275/81
f 3957/4275/81 4177/4276/81 3958/4277/81
f 3958/4277/81 4178/4278/81 3959/4279/81
f 3959/4279/81 4179/4280/81 3960/4281/81
f 3960/4281/81 4180/4282/81 3961/4283/81
f 3961/4283/81 4181/4284/81 3962/4285/81
f 3962/4285/81 4182/4286/81 3963/4287/81
f 3964/4288/81 4182/4286/81 4183/4289/81
f 3965/4290/81 4183/4289/81 4184/4291/81
f 3966/4292/81 4184/4291/81 4185/4293/81
f 3967/4294/81 4185/4293/81 4186/4295/81
f 3968/4296/81 4186/4295/81 4187/4297/81
f 3969/4298/81 4187/4297/81 4188/4299/81
f 3970/4300/81 4188/4299/81 4189/4301/81
f 3971/4302/81 4189/4301/81 4190/4303/81
f 3972/4304/81 4190/4303/81 4191/4305/81
f 3973/4306/81 4191/4305/81 4192/4307/81
f 3974/4308/81 4192/4307/81 4193/4309/81
f 3975/4310/81 4193/4309/81 4194/4311/81
f 3944/4312/81 4194/4311/81 4195/4250/81
f 4196/4135/54 3976/3975/54 3977/4313/54
f 3979/3977/62 4201/4314/62 3978/4315/62
f 3983/4316/64 4207/4317/64 3982/3954/64
f 3981/4318/56 4208/4319/56 4073/4143/56
f 4199/4320/54 4000/4321/54 4060/3967/54
f 3999/4015/58 4215/3947/58 3998/4322/58
f 3997/4013/60 4218/4323/60 4081/4002/60
f 3995/3962/56 4221/4324/56 3994/3910/56
f 3993/3960/64 4226/4325/64 4085/4150/64
f 3991/4043/54 4231/4326/54 3990/3951/54
f 3989/4327/62 4234/4328/62 4097/4044/62
f 3985/4329/58 4236/4330/58 4101/3958/58
f 3987/3957/60 4241/4331/60 3986/4057/60
f 4199/4332/1243 4203/4333/1293 4202/4334/1243
f 4209/4335/1251 4207/4138/1236 4206/4139/1251
f 4211/4336/1241 4205/3982/1252 4204/3984/1241
f 4219/4337/1258 4215/4003/1232 4214/4005/1258
f 4217/4338/1249 4213/4006/1259 4212/4008/1249
f 4220/4153/1265 4226/4339/1217 4221/4152/1217
f 4225/4340/1269 4223/4023/1266 4222/4024/1269
f 4235/4341/1275 4231/4155/1234 4230/4156/1273
f 4228/4039/1271 4232/4342/1274 4229/4037/1274
f 4240/4343/1288 4236/4344/1286 4241/4345/1286
f 4242/4346/1283 4238/4347/1289 4243/4348/1289
f 3978/4315/1294 4196/4349/1295 3977/4350/1294
f 4212/3987/58 4023/4012/58 4022/4351/58
f 4201/4352/62 4067/3979/62 4200/4353/62
f 4200/4354/62 4064/3978/62 4203/4355/62
f 4203/4333/62 4065/4162/62 4202/4334/62
f 4202/4356/62 4003/4163/62 4002/3938/62
f 4225/4357/64 4017/4358/64 4086/3943/64
f 4201/4352/1295 4197/4359/1296 4196/4360/1295
f 4198/4361/1293 4200/4354/1297 4203/4355/1293
f 4241/4345/60 4107/4054/60 4240/4343/60
f 4240/4362/60 4104/4053/60 4243/4061/60
f 4243/4348/60 4105/3942/60 4242/4346/60
f 4242/4363/60 4011/3941/60 4010/3932/60
f 4112/3875/1199 4111/3898/1200 4123/3876/1200
f 4118/3878/1201 4130/3899/1201 4131/3879/1202
f 4109/3881/1203 4108/3889/1204 4120/3882/1204
f 4115/3884/1205 4127/3900/1205 4128/3885/1206
f 4112/3875/1199 4124/3877/1199 4125/3887/1207
f 4108/3889/1204 4119/3880/1202 4131/3879/1202
f 4109/3890/1203 4121/4364/1203 4122/3891/1208
f 4116/3886/1206 4128/3885/1206 4129/3893/1209
f 4114/3895/1210 4113/3888/1207 4125/3887/1207
f 4110/3897/1208 4122/4365/1208 4123/3876/1200
f 4117/3894/1209 4129/3893/1209 4130/3899/1201
f 4114/3895/1210 4126/3896/1210 4127/3900/1205
f 3998/3901/1147 3977/4064/1290 3976/3902/1211
f 3994/3904/1213 3996/4069/1146 3997/3905/1214
f 3990/3907/1143 3992/4077/1215 3993/3908/1215
f 3994/3910/1216 4221/4324/1217 4226/3911/1217
f 3986/3913/1218 3988/4085/1141 3989/3914/1219
f 3982/3916/1139 3984/4092/1291 3985/3917/1221
f 3978/3919/1222 3980/4100/1137 3981/3920/1137
f 4020/3922/53 4022/4351/53 4023/3923/1223
f 4016/3925/59 4018/3950/59 4019/3926/1224
f 4012/3928/63 4014/4036/63 4015/3929/1225
f 4009/3931/1226 4008/4056/61 4010/3932/61
f 4004/3934/57 4006/3981/57 4007/3935/1227
f 4000/3937/1228 4001/3974/55 4002/3938/55
f 4102/3940/1229 4009/4049/1226 4011/3941/1226
f 4086/3943/1230 4017/4358/1224 4019/3944/1224
f 3996/3946/1231 3998/4322/1231 4215/3947/1232
f 4222/3949/56 4089/3945/56 4019/3944/56
f 3990/3951/1233 4231/4326/1234 4234/3952/1234
f 3982/3954/1235 4207/4317/1236 4208/3955/1236
f 3987/3957/1237 3985/4329/1237 4101/3958/1238
f 3993/3960/1239 4085/4150/1240 4090/3961/1240
f 4211/3963/56 4004/4366/56 4005/3964/56
f 4198/3966/54 4199/4367/54 4060/3967/54
f 4197/3969/54 4198/4368/54 4061/3968/54
f 4204/3971/1241 4006/3981/1242 4004/3934/1242
f 4199/3973/1243 4202/4356/1243 4002/3938/1244
f 3976/3975/1245 4063/4136/1246 4066/3976/1246
f 4062/3970/1247 4061/3968/1248 4064/3978/1248
f 4204/3971/64 4071/3983/64 4007/3980/64
f 4205/3982/64 4070/3996/64 4071/3983/64
f 4210/3985/56 4211/4369/56 4074/3965/56
f 4212/3987/1249 4022/4351/1250 4020/3922/1250
f 4206/3989/1251 4205/4137/1252 4210/3990/1252
f 4074/3965/1253 4005/3964/1227 4007/3980/1227
f 3983/3992/1254 3981/4370/1298 4073/3993/1255
f 4069/3995/1256 4072/4141/1256 4075/3986/1257
f 4217/3997/60 4020/4371/60 4021/3998/60
f 4218/4000/60 4219/4372/60 4080/4001/60
f 4215/4003/58 4076/4014/58 4077/4004/58
f 4213/4006/58 4078/4016/58 4079/4007/58
f 4219/4009/1258 4214/4144/1258 4213/4010/1259
f 4082/3999/1260 4021/3998/1223 4023/4012/1223
f 3997/4013/1261 4081/4002/1262 4076/4014/1262
f 4080/4001/1263 4083/4146/1264 4078/4016/1264
f 4220/4017/1265 4223/4151/1266 4224/4018/1266
f 4084/4020/1267 4087/4029/1268 4088/4021/1268
f 4223/4023/56 4088/4021/56 4089/3945/56
f 4222/3949/1269 4018/3950/1270 4016/3925/1270
f 4228/4026/1271 4014/4036/1272 4012/3928/1272
f 4224/4028/64 4225/4373/64 4086/3943/64
f 4233/4030/62 4012/4374/62 4013/4031/62
f 4232/4033/62 4233/4375/62 4098/4032/62
f 4228/4026/54 4095/4038/54 4015/4035/54
f 4229/4037/54 4094/4047/54 4095/4038/54
f 4230/4040/1273 4229/4154/1274 4232/4041/1274
f 4098/4032/1276 4013/4031/1225 4015/4035/1225
f 3991/4043/1277 3989/4327/1277 4097/4044/1278
f 4093/4046/1279 4096/4158/1279 4099/4034/1280
f 4239/4048/58 4008/4376/58 4009/4049/58
f 4238/4050/58 4239/4377/58 4102/3940/58
f 4100/4052/1281 4103/4051/1282 4104/4053/1282
f 4239/4055/1283 4242/4363/1283 4010/3932/1284
f 3986/4057/1285 4241/4331/1286 4236/4058/1286
f 4237/4060/1288 4240/4362/1288 4243/4061/1289
f 4047/4063/166 4024/4107/65 3977/4064/1290
f 4046/4065/166 4025/4378/65 4024/4066/65
f 4045/4068/1069 4047/4063/166 3998/3901/1147
f 4044/4070/1069 4046/4065/166 4047/4067/166
f 4043/4072/1065 4045/4068/1069 3996/4069/1146
f 4034/4073/57 4052/4379/57 4053/4074/57
f 4041/4076/1145 4043/4072/1065 3994/3904/1213
f 4040/4078/1145 4042/4380/1065 4043/4079/1065
f 4039/4081/167 4041/4076/1145 3992/4077/1215
f 4038/4082/167 4040/4078/1145 4041/4080/1145
f 4037/4084/1142 4039/4081/167 3990/3907/1143
f 4036/4086/1142 4038/4082/167 4039/4083/167
f 4035/4088/1058 4037/4084/1142 3988/4085/1141
f 4028/4089/81 4050/4381/81 4048/4090/81
f 3984/4092/1291 4033/4382/1140 4035/4088/1058
f 4033/4093/1140 4032/4098/1140 4034/4094/1058
f 4031/4096/137 4033/4382/1140 3984/4092/1291
f 4031/4097/137 4030/4383/137 4032/4098/1140
f 4029/4099/1138 4031/4096/137 3982/3916/1139
f 4028/4101/1138 4030/4383/137 4031/4097/137
f 4027/4103/1052 4029/4099/1138 3980/4100/1137
f 4045/4104/55 4059/4120/55 4058/4105/55
f 4024/4107/65 4027/4110/1052 3978/4108/1222
f 4025/4109/65 4026/4184/1052 4027/4110/1052
f 4056/4111/54 4058/4125/54 4059/4112/54
f 4052/4114/64 4054/4129/64 4055/4115/64
f 4048/4090/58 4050/4381/58 4051/4117/58
f 4045/4104/34 4043/4128/34 4057/4119/34
f 4029/4121/61 4051/4134/61 4050/4122/61
f 4042/4124/81 4044/4384/81 4058/4125/81
f 4037/4126/34 4035/4075/34 4053/4074/34
f 4042/4124/63 4056/4111/63 4057/4119/63
f 4037/4126/59 4055/4127/59 4054/4129/59
f 4036/4130/81 4054/4129/81 4052/4114/81
f 4026/4091/53 4048/4090/53 4049/4132/53
f 4027/4133/34 4049/4132/34 4051/4134/34
f 4196/4135/54 4197/4385/54 4062/3970/54
f 4206/3989/64 4069/3995/64 4070/3996/64
f 4207/4138/64 4068/4386/64 4069/3995/64
f 4209/4140/56 4210/4387/56 4075/3986/56
f 4208/4142/56 4209/4388/56 4072/4141/56
f 4214/4144/58 4077/4004/58 4078/4016/58
f 4219/4145/60 4216/4389/60 4083/4146/60
f 4216/4147/60 4217/4390/60 4082/3999/60
f 4227/4148/64 4224/4391/64 4087/4029/64
f 4226/4149/64 4227/4392/64 4084/4020/64
f 4220/4017/56 4091/4022/56 4088/4021/56
f 4221/4152/56 4090/3961/56 4091/4022/56
f 4230/4040/54 4093/4046/54 4094/4047/54
f 4231/4155/54 4092/4045/54 4093/4046/54
f 4235/4157/62 4232/4393/62 4099/4034/62
f 4234/4159/62 4235/4394/62 4096/4158/62
f 4237/4160/58 4238/4395/58 4103/4051/58
f 4236/4161/58 4237/4396/58 4100/4052/58
f 4062/3970/1247 4067/3979/1247 4066/3976/1246
f 4065/4162/1292 4064/3978/1248 4061/3968/1248
f 4069/3995/1256 4068/4386/1255 4073/4143/1255
f 4071/3983/1253 4070/3996/1257 4075/3986/1257
f 4077/4004/1263 4076/4014/1262 4081/4002/1262
f 4079/4007/1260 4078/4016/1264 4083/4146/1264
f 4091/4022/1267 4090/3961/1240 4085/4150/1240
f 4089/3945/1230 4088/4021/1268 4087/4029/1268
f 4093/4046/1279 4092/4045/1278 4097/4044/1278
f 4098/4032/1276 4095/4038/1276 4094/4047/1280
f 4107/4054/1281 4106/3959/1238 4101/3958/1238
f 4105/3942/1229 4104/4053/1282 4103/4051/1282
f 4060/3967/1292 4000/4321/1228 4003/4163/1228
f 4119/4164/166 4108/4183/65 4025/4109/65
f 4118/4166/1150 4119/4164/166 4046/4165/166
f 4117/4168/68 4118/4166/1150 4044/4167/1069
f 4116/4170/1145 4117/4168/68 4042/4169/1065
f 4115/4172/167 4116/4170/1145 4040/4171/1145
f 4114/4174/70 4115/4172/167 4038/4173/167
f 4113/4176/169 4114/4174/70 4036/4175/1142
f 4032/4178/1140 4112/4397/1140 4113/4176/169
f 4111/4179/137 4112/4397/1140 4032/4178/1140
f 4110/3892/1149 4111/4179/137 4030/4180/137
f 4109/3890/168 4110/3892/1149 4028/4181/1138
f 4108/4183/65 4109/4398/168 4026/4184/1052
f 3920/4185/34 3921/4247/34 4134/4186/34
f 3934/4188/34 4132/4248/34 4162/4189/34
f 3919/4191/34 3920/4185/34 4163/4187/34
f 3933/4190/34 4162/4189/34 4160/4193/34
f 3918/4195/34 3919/4191/34 4161/4192/34
f 3932/4194/34 4160/4193/34 4158/4197/34
f 3917/4199/34 3918/4195/34 4159/4196/34
f 3930/4201/34 3931/4198/34 4158/4197/34
f 3943/4203/34 3912/4230/34 4144/4204/34
f 3916/4206/34 3917/4199/34 4157/4200/34
f 3930/4201/34 4156/4202/34 4153/4208/34
f 3942/4210/34 3943/4203/34 4155/4205/34
f 3915/4212/34 3916/4206/34 4154/4207/34
f 3929/4209/34 4153/4208/34 4150/4214/34
f 3942/4210/34 4152/4211/34 4149/4216/34
f 3914/4218/34 3915/4212/34 4151/4213/34
f 3928/4215/34 4150/4214/34 4147/4220/34
f 3941/4217/34 4149/4216/34 4146/4222/34
f 3913/4224/34 3914/4218/34 4148/4219/34
f 3927/4221/34 4147/4220/34 4143/4226/34
f 3940/4223/34 4146/4222/34 4142/4228/34
f 3913/4224/34 4145/4225/34 4144/4204/34
f 3925/4231/34 3926/4227/34 4143/4226/34
f 3939/4229/34 4142/4228/34 4140/4233/34
f 3924/4235/34 3925/4231/34 4141/4232/34
f 3938/4234/34 4140/4233/34 4138/4237/34
f 3923/4239/34 3924/4235/34 4139/4236/34
f 3937/4238/34 4138/4237/34 4136/4241/34
f 3922/4243/34 3923/4239/34 4137/4240/34
f 3936/4242/34 4136/4241/34 4133/4245/34
f 3921/4247/34 3922/4243/34 4135/4244/34
f 3935/4246/34 4133/4245/34 4132/4248/34
f 3945/4249/81 3944/4312/81 4195/4250/81
f 3946/4252/81 3945/4249/81 4164/4251/81
f 3946/4252/81 4165/4253/81 4166/4254/81
f 3947/4255/81 4166/4254/81 4167/4256/81
f 3948/4257/81 4167/4256/81 4168/4258/81
f 3949/4259/81 4168/4258/81 4169/4260/81
f 3950/4261/81 4169/4260/81 4170/4262/81
f 3951/4263/81 4170/4262/81 4171/4264/81
f 3952/4265/81 4171/4264/81 4172/4266/81
f 3953/4267/81 4172/4266/81 4173/4268/81
f 3954/4269/81 4173/4268/81 4174/4270/81
f 3955/4271/81 4174/4270/81 4175/4272/81
f 3956/4273/81 4175/4272/81 4176/4274/81
f 3957/4275/81 4176/4274/81 4177/4276/81
f 3958/4277/81 4177/4276/81 4178/4278/81
f 3959/4279/81 4178/4278/81 4179/4280/81
f 3960/4281/81 4179/4280/81 4180/4282/81
f 3961/4283/81 4180/4282/81 4181/4284/81
f 3962/4285/81 4181/4284/81 4182/4286/81
f 3964/4288/81 3963/4287/81 4182/4286/81
f 3965/4290/81 3964/4288/81 4183/4289/81
f 3966/4292/81 3965/4290/81 4184/4291/81
f 3967/4294/81 3966/4292/81 4185/4293/81
f 3968/4296/81 3967/4294/81 4186/4295/81
f 3969/4298/81 3968/4296/81 4187/4297/81
f 3970/4300/81 3969/4298/81 4188/4299/81
f 3971/4302/81 3970/4300/81 4189/4301/81
f 3972/4304/81 3971/4302/81 4190/4303/81
f 3973/4306/81 3972/4304/81 4191/4305/81
f 3974/4308/81 3973/4306/81 4192/4307/81
f 3975/4310/81 3974/4308/81 4193/4309/81
f 3944/4312/81 3975/4310/81 4194/4311/81
f 4196/4135/54 4063/4136/54 3976/3975/54
f 3979/3977/62 4066/3976/62 4201/4314/62
f 3983/4316/64 4068/4386/64 4207/4317/64
f 3981/4318/56 3980/4399/56 4208/4319/56
f 4199/4320/54 4001/4400/54 4000/4321/54
f 3999/4015/58 4076/4014/58 4215/3947/58
f 3997/4013/60 3996/4401/60 4218/4323/60
f 3995/3962/56 4090/3961/56 4221/4324/56
f 3993/3960/64 3992/4402/64 4226/4325/64
f 3991/4043/54 4092/4045/54 4231/4326/54
f 3989/4327/62 3988/4403/62 4234/4328/62
f 3985/4329/58 3984/4404/58 4236/4330/58
f 3987/3957/60 4106/3959/60 4241/4331/60
f 4199/4332/1243 4198/4405/1293 4203/4333/1293
f 4209/4335/1251 4208/4406/1236 4207/4138/1236
f 4211/4336/1241 4210/4407/1252 4205/3982/1252
f 4219/4337/1258 4218/4408/1232 4215/4003/1232
f 4217/4338/1249 4216/4409/1259 4213/4006/1259
f 4220/4153/1265 4227/4410/1265 4226/4339/1217
f 4225/4340/1269 4224/4411/1266 4223/4023/1266
f 4235/4341/1275 4234/4412/1234 4231/4155/1234
f 4228/4039/1271 4233/4413/1271 4232/4342/1274
f 4240/4343/1288 4237/4414/1288 4236/4344/1286
f 4242/4346/1283 4239/4415/1283 4238/4347/1289
f 3978/4315/1294 4201/4314/1295 4196/4349/1295
f 4212/3987/58 4079/4007/58 4023/4012/58
f 4201/4352/62 4066/3976/62 4067/3979/62
f 4200/4354/62 4067/3979/62 4064/3978/62
f 4203/4333/62 4064/3978/62 4065/4162/62
f 4202/4356/62 4065/4162/62 4003/4163/62
f 4225/4357/64 4016/4416/64 4017/4358/64
f 4201/4352/1295 4200/4353/1297 4197/4359/1296
f 4198/4361/1293 4197/4417/1296 4200/4354/1297
f 4241/4345/60 4106/3959/60 4107/4054/60
f 4240/4362/60 4107/4054/60 4104/4053/60
f 4243/4348/60 4104/4053/60 4105/3942/60
f 4242/4363/60 4105/3942/60 4011/3941/60
f 4245/4576/65 4323/4577/251 4322/4578/65
f 4247/4579/251 4326/4580/53 4323/4577/251
f 4249/4581/53 4328/4582/250 4326/4580/53
f 4251/4583/250 4330/4584/1299 4328/4582/250
f 4253/4585/1299 4332/4586/1300 4330/4584/1299
f 4337/4587/81 4383/4588/81 4325/4589/81
f 4260/4590/81 4376/4591/81 4262/4592/81
f 4320/4593/34 4395/4594/34 4394/4595/34
f 4325/4589/81 4382/4596/81 4324/4597/81
f 4316/4598/1300 4368/4599/68 4254/4600/1300
f 4261/4601/34 4373/4602/34 4259/4603/34
f 4267/4604/1301 4327/4605/1302 4324/4606/1301
f 4269/4607/1302 4329/4608/255 4327/4605/1302
f 4271/4609/255 4331/4610/58 4329/4608/255
f 4245/4611/34 4273/4612/34 4283/4613/34
f 4265/4614/34 4279/4615/416 4277/4616/34
f 4273/4617/58 4333/4618/252 4331/4610/58
f 4275/4619/252 4322/4578/65 4333/4618/252
f 4250/4620/81 4256/4621/81 4299/4622/81
f 4270/4623/81 4274/4624/81 4305/4625/81
f 4306/4626/65 4246/4627/251 4244/4628/65
f 4307/4629/251 4248/4630/53 4246/4627/251
f 4248/4630/53 4312/4631/250 4250/4632/250
f 4312/4631/250 4252/4633/1299 4250/4632/250
f 4314/4634/1299 4254/4600/1300 4252/4633/1299
f 4320/4593/34 4393/4635/34 4319/4636/34
f 4260/4590/81 4372/4637/81 4374/4638/81
f 4319/4636/34 4392/4639/34 4318/4640/34
f 4259/4603/34 4371/4641/34 4257/4642/34
f 4318/4640/34 4391/4643/34 4316/4644/34
f 4256/4621/81 4372/4637/81 4258/4645/81
f 4266/4646/1301 4311/4647/1302 4268/4648/1302
f 4311/4647/1302 4270/4649/255 4268/4648/1302
f 4313/4650/255 4272/4651/58 4270/4649/255
f 4315/4652/58 4274/4653/252 4272/4651/58
f 4317/4654/252 4244/4628/65 4274/4653/252
f 4341/4655/34 4320/4593/34 4319/4636/34
f 4342/4656/34 4338/4657/34 4306/4658/34
f 4343/4659/34 4342/4656/34 4306/4658/34
f 4310/4660/34 4346/4661/34 4348/4662/34
f 4338/4657/34 4307/4663/34 4306/4658/34
f 4317/4664/34 4315/4665/34 4347/4666/34
f 4310/4660/34 4307/4663/34 4346/4661/34
f 4343/4659/34 4317/4664/34 4347/4666/34
f 4307/4663/34 4338/4657/34 4346/4661/34
f 4315/4665/34 4313/4667/34 4352/4668/34
f 4312/4669/34 4310/4660/34 4348/4662/34
f 4347/4666/34 4315/4665/34 4352/4668/34
f 4348/4662/34 4340/4670/34 4312/4669/34
f 4313/4667/34 4351/4671/34 4352/4668/34
f 4313/4667/34 4311/4672/34 4351/4671/34
f 4340/4670/34 4314/4673/34 4312/4669/34
f 4340/4670/34 4339/4674/34 4314/4673/34
f 4311/4672/34 4344/4675/34 4351/4671/34
f 4339/4674/34 4316/4644/34 4314/4673/34
f 4311/4672/34 4308/4676/34 4344/4675/34
f 4339/4674/34 4349/4677/34 4316/4644/34
f 4308/4676/34 4345/4678/34 4344/4675/34
f 4345/4678/34 4308/4676/34 4309/4679/34
f 4316/4644/34 4349/4677/34 4318/4640/34
f 4350/4680/34 4345/4678/34 4309/4679/34
f 4349/4677/34 4341/4681/34 4318/4640/34
f 4309/4679/34 4321/4682/34 4350/4680/34
f 4318/4683/34 4341/4655/34 4319/4636/34
f 4321/4682/34 4320/4593/34 4350/4680/34
f 4264/4684/81 4270/4623/81 4304/4685/81
f 4317/4664/34 4343/4659/34 4306/4658/34
f 4335/4686/81 4336/4687/81 4356/4688/81
f 4325/4589/81 4365/4689/81 4337/4587/81
f 4334/4690/81 4335/4686/81 4356/4688/81
f 4364/4691/81 4332/4692/81 4334/4690/81
f 4356/4688/81 4364/4691/81 4334/4690/81
f 4324/4597/81 4360/4693/81 4325/4589/81
f 4360/4693/81 4365/4689/81 4325/4589/81
f 4333/4694/81 4358/4695/81 4362/4696/81
f 4332/4692/81 4364/4691/81 4354/4697/81
f 4359/4698/81 4360/4693/81 4324/4597/81
f 4359/4698/81 4324/4597/81 4327/4699/81
f 4330/4700/81 4332/4692/81 4354/4697/81
f 4330/4700/81 4354/4697/81 4355/4701/81
f 4366/4702/81 4359/4698/81 4327/4699/81
f 4328/4703/81 4330/4700/81 4355/4701/81
f 4366/4702/81 4327/4699/81 4329/4704/81
f 4328/4703/81 4355/4701/81 4363/4705/81
f 4367/4706/81 4366/4702/81 4329/4704/81
f 4361/4707/81 4326/4708/81 4363/4705/81
f 4329/4704/81 4331/4709/81 4367/4706/81
f 4331/4709/81 4362/4696/81 4367/4706/81
f 4323/4710/81 4326/4708/81 4361/4707/81
f 4353/4711/81 4323/4710/81 4361/4707/81
f 4331/4709/81 4333/4694/81 4362/4696/81
f 4357/4712/81 4323/4710/81 4353/4711/81
f 4358/4695/81 4333/4694/81 4322/4713/81
f 4326/4708/81 4328/4703/81 4363/4705/81
f 4357/4712/81 4358/4695/81 4322/4713/81
f 4365/4689/81 4336/4687/81 4337/4587/81
f 4322/4713/81 4323/4710/81 4357/4712/81
f 4309/4679/34 4395/4594/34 4321/4682/34
f 4261/4601/34 4377/4714/34 4375/4715/34
f 4336/4687/81 4388/4716/81 4337/4587/81
f 4324/4606/1301 4381/4717/137 4267/4604/1301
f 4308/4676/34 4390/4718/34 4309/4679/34
f 4262/4592/81 4378/4719/81 4264/4684/81
f 4336/4687/81 4386/4720/81 4387/4721/81
f 4265/4614/34 4377/4714/34 4263/4722/34
f 4334/4690/81 4386/4720/81 4335/4686/81
f 4264/4684/81 4380/4723/81 4266/4724/81
f 4332/4692/81 4385/4725/81 4334/4690/81
f 4266/4646/1301 4389/4726/137 4308/4727/1301
f 4267/4728/34 4379/4729/34 4265/4614/34
f 4255/4730/1300 4384/4731/68 4332/4586/1300
f 4254/4732/81 4369/4733/81 4256/4621/81
f 4257/4642/34 4370/4734/34 4255/4735/34
f 4251/4736/34 4288/4737/34 4278/4738/34
f 4245/4576/65 4247/4579/251 4323/4577/251
f 4247/4579/251 4249/4581/53 4326/4580/53
f 4249/4581/53 4251/4583/250 4328/4582/250
f 4251/4583/250 4253/4585/1299 4330/4584/1299
f 4253/4585/1299 4255/4730/1300 4332/4586/1300
f 4337/4587/81 4388/4716/81 4383/4588/81
f 4260/4590/81 4374/4638/81 4376/4591/81
f 4320/4593/34 4321/4682/34 4395/4594/34
f 4325/4589/81 4383/4588/81 4382/4596/81
f 4316/4598/1300 4391/4739/68 4368/4599/68
f 4261/4601/34 4375/4715/34 4373/4602/34
f 4267/4604/1301 4269/4607/1302 4327/4605/1302
f 4269/4607/1302 4271/4609/255 4329/4608/255
f 4271/4609/255 4273/4617/58 4331/4610/58
f 4283/4613/34 4276/4740/34 4245/4611/34
f 4245/4611/34 4275/4741/34 4273/4612/34
f 4273/4612/34 4282/4742/34 4283/4613/34
f 4281/4743/34 4282/4742/34 4273/4612/34
f 4273/4612/34 4271/4744/34 4269/4745/34
f 4269/4745/34 4267/4728/34 4265/4614/34
f 4263/4722/34 4261/4601/34 4286/4746/34
f 4281/4743/34 4273/4612/34 4269/4745/34
f 4277/4616/34 4281/4743/34 4269/4745/34
f 4265/4614/34 4263/4722/34 4286/4746/34
f 4265/4614/34 4286/4746/34 4280/4747/34
f 4277/4616/34 4269/4745/34 4265/4614/34
f 4265/4614/34 4280/4747/34 4279/4615/416
f 4273/4617/58 4275/4619/252 4333/4618/252
f 4275/4619/252 4245/4576/65 4322/4578/65
f 4296/4748/81 4295/4749/81 4274/4624/81
f 4274/4624/81 4244/4750/81 4246/4751/81
f 4246/4751/81 4248/4752/81 4250/4620/81
f 4250/4620/81 4252/4753/81 4254/4732/81
f 4250/4620/81 4254/4732/81 4256/4621/81
f 4296/4748/81 4274/4624/81 4246/4751/81
f 4291/4754/81 4296/4748/81 4246/4751/81
f 4258/4645/81 4260/4590/81 4297/4755/81
f 4258/4645/81 4297/4755/81 4301/4756/81
f 4291/4754/81 4246/4751/81 4250/4620/81
f 4298/4757/81 4291/4754/81 4250/4620/81
f 4256/4621/81 4258/4645/81 4301/4756/81
f 4256/4621/81 4301/4756/81 4292/4758/81
f 4300/4759/81 4298/4757/81 4250/4620/81
f 4256/4621/81 4292/4758/81 4299/4622/81
f 4299/4622/81 4300/4759/81 4250/4620/81
f 4305/4625/81 4294/4760/81 4270/4623/81
f 4270/4623/81 4272/4761/81 4274/4624/81
f 4274/4624/81 4295/4749/81 4305/4625/81
f 4306/4626/65 4307/4629/251 4246/4627/251
f 4307/4629/251 4310/4762/53 4248/4630/53
f 4248/4630/53 4310/4762/53 4312/4631/250
f 4312/4631/250 4314/4634/1299 4252/4633/1299
f 4314/4634/1299 4316/4598/1300 4254/4600/1300
f 4320/4593/34 4394/4595/34 4393/4635/34
f 4260/4590/81 4258/4645/81 4372/4637/81
f 4319/4636/34 4393/4635/34 4392/4639/34
f 4259/4603/34 4373/4602/34 4371/4641/34
f 4318/4640/34 4392/4639/34 4391/4643/34
f 4256/4621/81 4369/4733/81 4372/4637/81
f 4266/4646/1301 4308/4727/1301 4311/4647/1302
f 4311/4647/1302 4313/4650/255 4270/4649/255
f 4313/4650/255 4315/4652/58 4272/4651/58
f 4315/4652/58 4317/4654/252 4274/4653/252
f 4317/4654/252 4306/4626/65 4244/4628/65
f 4293/4763/81 4260/4590/81 4262/4592/81
f 4264/4684/81 4266/4724/81 4268/4764/81
f 4293/4763/81 4262/4592/81 4264/4684/81
f 4303/4765/81 4293/4763/81 4264/4684/81
f 4264/4684/81 4268/4764/81 4270/4623/81
f 4270/4623/81 4294/4760/81 4302/4766/81
f 4304/4685/81 4303/4765/81 4264/4684/81
f 4270/4623/81 4302/4766/81 4304/4685/81
f 4309/4679/34 4390/4718/34 4395/4594/34
f 4261/4601/34 4263/4722/34 4377/4714/34
f 4336/4687/81 4387/4721/81 4388/4716/81
f 4324/4606/1301 4382/4767/137 4381/4717/137
f 4308/4676/34 4389/4768/34 4390/4718/34
f 4262/4592/81 4376/4591/81 4378/4719/81
f 4336/4687/81 4335/4686/81 4386/4720/81
f 4265/4614/34 4379/4729/34 4377/4714/34
f 4334/4690/81 4385/4725/81 4386/4720/81
f 4264/4684/81 4378/4719/81 4380/4723/81
f 4332/4692/81 4384/4769/81 4385/4725/81
f 4266/4646/1301 4380/4770/137 4389/4726/137
f 4267/4728/34 4381/4771/34 4379/4729/34
f 4255/4730/1300 4370/4772/68 4384/4731/68
f 4254/4732/81 4368/4773/81 4369/4733/81
f 4257/4642/34 4371/4641/34 4370/4734/34
f 4287/4774/34 4261/4601/34 4259/4603/34
f 4257/4642/34 4255/4735/34 4253/4775/34
f 4287/4774/34 4259/4603/34 4257/4642/34
f 4290/4776/34 4287/4774/34 4257/4642/34
f 4257/4642/34 4253/4775/34 4251/4736/34
f 4251/4736/34 4249/4777/34 4247/4778/34
f 4247/4778/34 4245/4611/34 4276/4740/34
f 4247/4778/34 4276/4740/34 4285/4779/34
f 4289/4780/654 4290/4776/34 4257/4642/34
f 4278/4738/34 4289/4780/654 4257/4642/34
f 4251/4736/34 4247/4778/34 4285/4779/34
f 4251/4736/34 4285/4779/34 4284/4781/34
f 4278/4738/34 4257/4642/34 4251/4736/34
f 4251/4736/34 4284/4781/34 4288/4737/34
f 4397/4782/1303 4398/4783/1304 4396/4784/1305
f 4399/4785/1306 4400/4786/1307 4398/4783/1304
f 4401/4787/1308 4402/4788/1309 4400/4786/1307
f 4403/4789/1310 4404/4790/1311 4402/4788/1309
f 4405/4791/1312 4406/4792/1313 4404/4790/1311
f 4407/4793/1314 4408/4794/1315 4406/4792/1313
f 4409/4795/1316 4410/4796/1317 4408/4794/1315
f 4411/4797/1318 4412/4798/1319 4410/4796/1317
f 4413/4799/1320 4414/4800/1321 4412/4798/1319
f 4415/4801/1322 4416/4802/1323 4414/4803/1321
f 4417/4804/1324 4418/4805/1325 4416/4802/1323
f 4419/4806/1326 4420/4807/1327 4418/4805/1325
f 4421/4808/1328 4422/4809/1329 4420/4807/1327
f 4423/4810/1330 4424/4811/1331 4422/4809/1329
f 4425/4812/1332 4426/4813/1333 4424/4811/1331
f 4427/4814/1334 4396/4784/1305 4426/4813/1333
f 4397/4782/1303 4399/4785/1306 4398/4783/1304
f 4399/4785/1306 4401/4787/1308 4400/4786/1307
f 4401/4787/1308 4403/4789/1310 4402/4788/1309
f 4403/4789/1310 4405/4791/1312 4404/4790/1311
f 4405/4791/1312 4407/4793/1314 4406/4792/1313
f 4407/4793/1314 4409/4795/1316 4408/4794/1315
f 4409/4795/1316 4411/4797/1318 4410/4796/1317
f 4411/4797/1318 4413/4799/1320 4412/4798/1319
f 4413/4799/1320 4415/4815/1322 4414/4800/1321
f 4415/4801/1322 4417/4804/1324 4416/4802/1323
f 4417/4804/1324 4419/4806/1326 4418/4805/1325
f 4419/4806/1326 4421/4808/1328 4420/4807/1327
f 4421/4808/1328 4423/4810/1330 4422/4809/1329
f 4423/4810/1330 4425/4812/1332 4424/4811/1331
f 4425/4812/1332 4427/4814/1334 4426/4813/1333
f 4427/4814/1334 4397/4782/1303 4396/4784/1305
f 4525/4816/1335 4535/4817/738 4522/4818/738
f 4527/4819/1336 4537/4820/776 4524/4821/776
f 4529/4822/1337 4539/4823/1338 4526/4824/1338
f 4531/4825/1339 4541/4826/1340 4528/4827/1340
f 4530/4828/1341 4532/4829/1342 4543/4830/775
f 4520/4831/1343 4534/4832/736 4533/4833/1343
f 4503/4834/776 4515/4835/1336 4504/4836/1336
f 4508/4837/1339 4516/4838/1340 4519/4839/1339
f 4505/4840/1338 4517/4841/1337 4506/4842/1337
f 4553/4843/1344 4430/4844/1344 4552/4845/1344
f 4430/4844/1345 4554/4846/1345 4552/4845/1345
f 4452/4847/767 4454/4848/766 4465/4849/767
f 4446/4850/1346 4460/4851/765 4459/4852/1346
f 4448/4853/772 4462/4854/771 4461/4855/772
f 4450/4856/769 4464/4857/768 4463/4858/769
f 4442/4859/759 4456/4860/758 4455/4861/759
f 4444/4862/763 4458/4863/773 4457/4864/763
f 4434/4865/1347 4433/4866/748 4435/4867/748
f 4547/4868/1348 4438/4869/1348 4544/4870/1348
f 4551/4871/1344 4435/4872/1344 4548/4873/1344
f 4438/4874/1349 4549/4875/1349 4544/4876/1349
f 4432/4877/1350 4551/4871/1350 4546/4878/1350
f 4560/2733/745 4440/4879/745 4556/2808/745
f 4478/4880/806 4565/2735/779 4563/2806/806
f 4556/2832/736 4441/4881/736 4557/2695/736
f 4561/2732/750 4480/4882/778 4485/4883/750
f 4443/4884/766 4455/4885/759 4454/4848/766
f 4457/4864/763 4445/4886/758 4444/4862/763
f 4459/4852/1346 4447/4887/773 4446/4850/1346
f 4461/4855/772 4449/4888/765 4448/4853/772
f 4463/4858/769 4451/4889/771 4450/4856/769
f 4465/4849/767 4453/4890/768 4452/4847/767
f 4473/4891/748 4459/4892/748 4460/4893/748
f 4455/4894/748 4456/4895/748 4469/4896/748
f 4467/4897/748 4465/4898/748 4454/4899/748
f 4461/4900/748 4472/4901/748 4460/4893/748
f 4480/4902/732 4482/4903/732 4441/4904/732
f 4479/4905/805 4563/2806/806 4562/2801/805
f 4558/2730/748 4479/4905/805 4562/2801/805
f 4511/4906/1342 4499/4907/1351 4498/4908/1342
f 4513/4909/1352 4503/4834/776 4502/4910/1352
f 4515/4835/1336 4505/4840/1338 4504/4836/1336
f 4517/4841/1337 4507/4911/1340 4506/4842/1337
f 4519/4839/1339 4509/4912/775 4508/4837/1339
f 4498/4908/1342 4518/4913/775 4511/4906/1342
f 4493/4914/732 4490/4915/732 4504/4916/732
f 4490/4915/732 4503/4917/732 4504/4916/732
f 4505/4918/732 4493/4914/732 4504/4916/732
f 4539/4823/1338 4527/4819/1336 4526/4824/1338
f 4533/4833/1343 4521/4919/1342 4520/4831/1343
f 4537/4920/776 4525/4816/1335 4524/4921/776
f 4541/4826/1340 4529/4822/1337 4528/4827/1340
f 4543/4830/775 4531/4825/1339 4530/4828/1341
f 4522/4818/738 4534/4832/736 4523/4922/736
f 4547/4868/1345 4437/4923/1345 4439/4924/1345
f 4545/4925/1353 4435/4872/1353 4433/4866/1353
f 4437/4923/1344 4549/4875/1344 4436/4926/1344
f 4432/4927/1348 4545/4925/1348 4433/4866/1348
f 4551/4928/745 4545/4925/745 4546/4929/745
f 4553/4843/1349 4429/4930/1353 4431/4931/1353
f 4429/4930/1348 4554/4932/1348 4428/4933/1348
f 4553/4934/748 4554/4932/748 4555/4935/748
f 4470/4936/748 4471/4937/748 4459/4892/748
f 4465/4898/748 4476/4938/748 4477/4939/748
f 4458/4940/748 4471/4937/748 4468/4941/748
f 4461/4900/748 4462/4942/748 4475/4943/748
f 4472/4901/748 4461/4900/748 4475/4943/748
f 4457/4944/748 4458/4940/748 4468/4941/748
f 4463/4945/748 4475/4943/748 4462/4942/748
f 4468/4941/748 4469/4896/748 4457/4944/748
f 4463/4945/748 4474/4946/748 4475/4943/748
f 4463/4945/748 4464/4947/748 4474/4946/748
f 4466/4948/748 4455/4894/748 4469/4896/748
f 4454/4899/748 4455/4894/748 4466/4948/748
f 4471/4937/748 4458/4940/748 4459/4892/748
f 4464/4947/748 4465/4898/748 4477/4939/748
f 4467/4897/748 4454/4899/748 4466/4948/748
f 4469/4896/748 4456/4895/748 4457/4944/748
f 4464/4947/748 4477/4939/748 4474/4946/748
f 4465/4898/748 4467/4897/748 4476/4938/748
f 4472/4901/748 4473/4891/748 4460/4893/748
f 4459/4892/748 4473/4891/748 4470/4936/748
f 4493/4914/732 4505/4918/732 4492/4949/732
f 4507/4950/732 4495/4951/732 4506/4952/732
f 4509/4953/732 4496/4954/732 4497/4955/732
f 4490/4915/732 4502/4956/732 4503/4917/732
f 4502/4956/732 4490/4915/732 4491/4957/732
f 4494/4958/732 4495/4951/732 4507/4950/732
f 4501/4959/732 4502/4956/732 4491/4957/732
f 4508/4960/732 4497/4955/732 4507/4950/732
f 4501/4959/732 4491/4957/732 4488/4961/732
f 4499/4962/732 4500/4963/732 4489/4964/732
f 4501/4959/732 4488/4961/732 4489/4964/732
f 4508/4960/732 4509/4953/732 4497/4955/732
f 4500/4963/732 4501/4959/732 4489/4964/732
f 4498/4965/732 4487/4966/732 4496/4954/732
f 4486/4967/732 4499/4962/732 4489/4964/732
f 4509/4953/732 4498/4965/732 4496/4954/732
f 4487/4966/732 4499/4962/732 4486/4967/732
f 4505/4918/732 4506/4952/732 4492/4949/732
f 4497/4955/732 4494/4958/732 4507/4950/732
f 4499/4962/732 4487/4966/732 4498/4965/732
f 4495/4951/732 4492/4949/732 4506/4952/732
f 4550/4968/748 4544/4870/748 4549/4969/748
f 4564/2736/778 4481/4970/779 4480/4882/778
f 4560/2733/777 4485/4883/777 4484/4971/777
f 4558/2730/775 4483/4972/775 4482/4973/1341
f 4483/4972/747 4557/2695/747 4441/4881/747
f 4525/4816/1335 4536/4974/1335 4535/4817/738
f 4527/4819/1336 4538/4975/1336 4537/4820/776
f 4529/4822/1337 4540/4976/1337 4539/4823/1338
f 4531/4825/1339 4542/4977/1339 4541/4826/1340
f 4530/4828/1341 4521/4919/1342 4532/4829/1342
f 4520/4831/1343 4523/4922/736 4534/4832/736
f 4503/4834/776 4512/4978/776 4515/4835/1336
f 4508/4837/1339 4507/4911/1340 4516/4838/1340
f 4505/4840/1338 4514/4979/1338 4517/4841/1337
f 4553/4843/1344 4431/4931/1344 4430/4844/1344
f 4430/4844/1345 4428/4980/1345 4554/4846/1345
f 4452/4847/767 4443/4884/766 4454/4848/766
f 4446/4850/1346 4449/4888/765 4460/4851/765
f 4448/4853/772 4451/4889/771 4462/4854/771
f 4450/4856/769 4453/4890/768 4464/4857/768
f 4442/4859/759 4445/4886/758 4456/4860/758
f 4444/4862/763 4447/4887/773 4458/4863/773
f 4434/4865/1347 4432/4927/1347 4433/4866/748
f 4547/4868/1348 4439/4924/1348 4438/4869/1348
f 4551/4871/1344 4434/4981/1344 4435/4872/1344
f 4438/4874/1349 4436/4926/1349 4549/4875/1349
f 4432/4877/1350 4434/4981/1350 4551/4871/1350
f 4560/2733/745 4484/4971/745 4440/4879/745
f 4478/4880/806 4481/4970/779 4565/2735/779
f 4556/2832/736 4440/4982/736 4441/4881/736
f 4561/2732/750 4564/2736/778 4480/4882/778
f 4443/4884/766 4442/4983/759 4455/4885/759
f 4457/4864/763 4456/4860/758 4445/4886/758
f 4459/4852/1346 4458/4863/773 4447/4887/773
f 4461/4855/772 4460/4851/765 4449/4888/765
f 4463/4858/769 4462/4854/771 4451/4889/771
f 4465/4849/767 4464/4857/768 4453/4890/768
f 4441/4904/732 4440/4984/732 4484/4985/732
f 4484/4985/732 4485/4986/732 4480/4902/732
f 4480/4902/732 4481/4987/732 4478/4988/732
f 4478/4988/732 4479/4989/732 4482/4903/732
f 4482/4903/732 4483/4990/732 4441/4904/732
f 4441/4904/732 4484/4985/732 4480/4902/732
f 4480/4902/732 4478/4988/732 4482/4903/732
f 4479/4905/805 4478/4880/806 4563/2806/806
f 4558/2730/748 4482/4973/748 4479/4905/805
f 4511/4906/1342 4510/4991/1351 4499/4907/1351
f 4513/4909/1352 4512/4978/776 4503/4834/776
f 4515/4835/1336 4514/4979/1338 4505/4840/1338
f 4517/4841/1337 4516/4838/1340 4507/4911/1340
f 4519/4839/1339 4518/4913/775 4509/4912/775
f 4498/4908/1342 4509/4912/775 4518/4913/775
f 4539/4823/1338 4538/4975/1336 4527/4819/1336
f 4533/4833/1343 4532/4829/1342 4521/4919/1342
f 4537/4920/776 4536/4974/1335 4525/4816/1335
f 4541/4826/1340 4540/4976/1337 4529/4822/1337
f 4543/4830/775 4542/4977/1339 4531/4825/1339
f 4522/4818/738 4535/4817/738 4534/4832/736
f 4547/4868/1345 4550/4992/1350 4437/4923/1345
f 4545/4925/1353 4548/4873/1353 4435/4872/1353
f 4437/4923/1344 4550/4992/1344 4549/4875/1344
f 4432/4927/1348 4546/4929/1348 4545/4925/1348
f 4551/4928/745 4548/4993/745 4545/4925/745
f 4553/4843/1349 4555/4935/1349 4429/4930/1353
f 4429/4930/1348 4555/4935/1348 4554/4932/1348
f 4553/4934/748 4552/4994/748 4554/4932/748
f 4550/4968/748 4547/4868/1347 4544/4870/748
f 4564/2736/778 4565/2735/779 4481/4970/779
f 4560/2733/777 4561/2732/777 4485/4883/777
f 4558/2730/775 4559/2693/775 4483/4972/775
f 4483/4972/747 4559/2693/747 4557/2695/747
f 4622/3809/70 4590/3810/70 4621/3811/1031
f 4590/3810/70 4622/3809/70 4623/3812/1032
f 4590/3810/70 4589/3813/1031 4621/3811/1031
f 4623/3812/1032 4591/3814/1032 4590/3810/70
f 4589/3813/1031 4620/3815/639 4621/3811/1031
f 4623/3812/1032 4624/3816/451 4591/3814/1032
f 4589/3813/1031 4588/3817/639 4620/3815/639
f 4624/3816/451 4592/3818/451 4591/3814/1032
f 4624/3816/451 4625/3819/1033 4592/3818/451
f 4625/3819/1033 4593/3820/1033 4592/3818/451
f 4588/3817/639 4619/3821/1034 4620/3815/639
f 4619/3821/1034 4588/3817/639 4587/3822/1034
f 4625/3819/1033 4626/3823/60 4593/3820/1033
f 4626/3823/60 4594/3824/60 4593/3820/1033
f 4619/3821/1034 4587/3822/1034 4618/3825/61
f 4587/3822/1034 4586/3826/61 4618/3825/61
f 4586/3826/61 4617/3827/461 4618/3825/61
f 4626/3823/60 4627/3828/649 4594/3824/60
f 4586/3826/61 4585/3829/461 4617/3827/461
f 4627/3828/649 4595/3830/649 4594/3824/60
f 4627/3828/649 4628/3831/248 4595/3830/649
f 4617/3827/461 4585/3829/461 4616/3832/241
f 4585/3829/461 4584/3833/241 4616/3832/241
f 4595/3830/649 4628/3831/248 4596/3834/248
f 4584/3833/241 4615/3835/242 4616/3832/241
f 4596/3834/248 4628/3831/248 4597/3836/616
f 4584/3833/241 4583/3837/242 4615/3835/242
f 4597/3836/616 4628/3831/248 4629/3838/616
f 4583/3837/242 4614/3839/137 4615/3835/242
f 4614/3839/137 4583/3837/242 4582/3840/137
f 4597/3836/616 4629/3838/616 4598/3841/68
f 4598/3841/68 4566/3842/68 4597/3836/616
f 4598/3841/68 4599/3843/653 4566/3842/68
f 4614/3839/137 4582/3840/137 4613/3844/465
f 4613/3844/465 4582/3840/137 4581/3845/465
f 4566/3842/68 4599/3843/653 4567/3846/653
f 4567/3846/653 4599/3843/653 4600/3847/250
f 4567/3846/653 4600/3847/250 4568/3848/250
f 4613/3844/465 4581/3845/465 4612/3849/255
f 4581/3850/465 4580/3851/255 4612/3852/255
f 4580/3851/255 4611/3853/254 4612/3852/255
f 4568/3848/250 4600/3847/250 4601/3854/1035
f 4580/3851/255 4579/3855/254 4611/3853/254
f 4568/3848/250 4601/3854/1035 4569/3856/1035
f 4611/3853/254 4579/3855/254 4610/3857/58
f 4569/3856/1035 4601/3854/1035 4602/3858/53
f 4569/3856/1035 4602/3858/53 4570/3859/53
f 4610/3857/58 4579/3855/254 4578/3860/58
f 4570/3859/53 4602/3858/53 4603/3861/1036
f 4610/3857/58 4578/3860/58 4609/3862/1037
f 4570/3859/53 4603/3861/1036 4571/3863/1036
f 4609/3862/1037 4578/3860/58 4577/3864/1037
f 4571/3863/1036 4603/3861/1036 4604/3865/251
f 4609/3862/1037 4577/3864/1037 4608/3866/252
f 4571/3863/1036 4604/3865/251 4572/3867/251
f 4608/3866/252 4577/3864/1037 4576/3868/252
f 4572/3867/251 4604/3865/251 4605/3869/1038
f 4608/3866/252 4576/3868/252 4607/3870/1039
f 4607/3870/1039 4576/3868/252 4575/3871/1039
f 4572/3867/251 4605/3869/1038 4573/3872/1038
f 4607/3870/1039 4575/3871/1039 4606/3873/65
f 4573/3872/1038 4605/3869/1038 4606/3873/65
f 4606/3873/65 4575/3871/1039 4574/3874/65
f 4573/3872/1038 4606/3873/65 4574/3874/65
f 4766/3875/1040 4777/3876/1041 4778/3877/1040
f 4772/3878/1042 4785/3879/1043 4773/3880/1043
f 4763/3881/1044 4774/3882/1045 4775/3883/1044
f 4769/3884/1046 4782/3885/1047 4770/3886/1047
f 4766/3875/1040 4779/3887/1048 4767/3888/1048
f 4762/3889/1045 4785/3879/1043 4774/3882/1045
f 4763/3890/1044 4776/3891/1049 4764/3892/1049
f 4770/3886/1047 4783/3893/1050 4771/3894/1050
f 4768/3895/1051 4779/3887/1048 4780/3896/1051
f 4764/3897/1049 4777/3876/1041 4765/3898/1041
f 4771/3894/1050 4784/3899/1042 4772/3878/1042
f 4768/3895/1051 4781/3900/1046 4769/3884/1046
f 4652/3901/1052 4630/3902/1354 4653/3903/1054
f 4648/3904/1055 4651/3905/1056 4649/3906/1057
f 4644/3907/1058 4647/3908/1059 4645/3909/1058
f 4648/3910/1060 4880/3911/1061 4646/3912/1060
f 4640/3913/1062 4643/3914/1142 4641/3915/1064
f 4636/3916/1065 4639/3917/1066 4637/3918/1065
f 4632/3919/1068 4635/3920/1069 4633/3921/1068
f 4674/3922/58 4677/3923/1070 4675/3924/1070
f 4670/3925/62 4673/3926/1071 4671/3927/1071
f 4666/3928/64 4669/3929/1072 4667/3930/1072
f 4663/3931/1073 4664/3932/60 4665/3933/1073
f 4658/3934/54 4661/3935/1074 4659/3936/1074
f 4654/3937/1075 4656/3938/56 4657/3939/1075
f 4756/3940/1076 4665/3941/1073 4759/3942/1076
f 4740/3943/1077 4673/3944/1071 4743/3945/1077
f 4650/3946/1078 4869/3947/1079 4872/3948/1079
f 4876/3949/55 4673/3944/55 4672/3950/55
f 4644/3951/1080 4888/3952/1081 4642/3953/1080
f 4636/3954/1082 4862/3955/1083 4634/3956/1082
f 4641/3957/1084 4755/3958/1085 4760/3959/1085
f 4647/3960/1086 4744/3961/1087 4649/3962/1086
f 4865/3963/55 4659/3964/55 4728/3965/55
f 4852/3966/57 4714/3967/57 4715/3968/57
f 4851/3969/57 4715/3968/57 4716/3970/57
f 4858/3971/1088 4658/3934/1089 4865/3972/1088
f 4853/3973/1090 4656/3938/1091 4655/3974/1091
f 4630/3975/1092 4720/3976/1093 4633/3977/1092
f 4716/3970/1096 4718/3978/1355 4721/3979/1096
f 4858/3971/63 4661/3980/63 4660/3981/63
f 4859/3982/63 4725/3983/63 4858/3984/63
f 4864/3985/55 4728/3965/55 4729/3986/55
f 4866/3987/1097 4674/3922/1098 4871/3988/1097
f 4860/3989/1356 4864/3990/1357 4863/3991/1099
f 4728/3965/1101 4661/3980/1074 4725/3983/1101
f 4637/3992/1102 4727/3993/1103 4722/3994/1103
f 4723/3995/1358 4729/3986/1359 4724/3996/1359
f 4871/3997/61 4675/3998/61 4736/3999/61
f 4872/4000/61 4734/4001/61 4735/4002/61
f 4869/4003/53 4731/4004/53 4868/4005/53
f 4867/4006/53 4733/4007/53 4866/4008/53
f 4873/4009/1106 4867/4010/1107 4870/4011/1107
f 4736/3999/1108 4677/4012/1070 4733/4007/1108
f 4651/4013/1109 4730/4014/1110 4653/4015/1109
f 4734/4001/1111 4732/4016/1112 4731/4004/1111
f 4874/4017/1113 4878/4018/1114 4881/4019/1360
f 4738/4020/1115 4742/4021/1361 4745/4022/1362
f 4877/4023/55 4743/3945/55 4876/4024/55
f 4876/3949/1117 4670/3925/1118 4879/4025/1117
f 4882/4026/1119 4666/3928/1120 4887/4027/1119
f 4878/4028/63 4740/3943/63 4741/4029/63
f 4887/4030/59 4667/4031/59 4752/4032/59
f 4886/4033/59 4752/4032/59 4753/4034/59
f 4882/4026/57 4669/4035/57 4668/4036/57
f 4883/4037/57 4749/4038/57 4882/4039/57
f 4884/4040/1363 4886/4041/1152 4889/4042/1121
f 4752/4032/1123 4669/4035/1072 4749/4038/1123
f 4645/4043/1364 4751/4044/1125 4746/4045/1125
f 4747/4046/1126 4753/4034/1127 4748/4047/1365
f 4893/4048/53 4663/4049/53 4756/3940/53
f 4892/4050/53 4756/3940/53 4757/4051/53
f 4754/4052/1128 4758/4053/1129 4761/4054/1128
f 4893/4055/1130 4664/3932/1131 4662/4056/1131
f 4640/4057/1132 4890/4058/1133 4638/4059/1366
f 4891/4060/1134 4897/4061/1135 4892/4062/1135
f 4701/4063/168 4631/4064/1136 4652/3901/1052
f 4700/4065/168 4678/4066/65 4701/4067/168
f 4699/4068/1137 4652/3901/1052 4650/4069/1138
f 4698/4070/1137 4701/4067/168 4699/4071/1137
f 4697/4072/1139 4650/4069/1138 4648/3904/1055
f 4688/4073/54 4707/4074/54 4689/4075/54
f 4695/4076/1140 4648/3904/1055 4646/4077/1059
f 4694/4078/1140 4697/4079/1139 4695/4080/1140
f 4693/4081/169 4646/4077/1059 4644/3907/1058
f 4692/4082/169 4695/4080/1140 4693/4083/169
f 4691/4084/1141 4644/3907/1058 4642/4085/1142
f 4690/4086/1141 4693/4083/169 4691/4087/1141
f 4689/4088/1143 4642/4085/1142 4640/3913/1062
f 4682/4089/34 4702/4090/34 4680/4091/34
f 4638/4092/1144 4689/4088/1143 4640/3913/1062
f 4687/4093/1145 4688/4094/1143 4689/4095/1143
f 4685/4096/68 4638/4092/1144 4636/3916/1065
f 4685/4097/68 4686/4098/1145 4687/4093/1145
f 4683/4099/1146 4636/3916/1065 4634/4100/1069
f 4682/4101/1146 4685/4097/68 4683/4102/1146
f 4681/4103/1147 4634/4100/1069 4632/3919/1068
f 4699/4104/56 4712/4105/56 4698/4106/56
f 4678/4107/65 4632/4108/1068 4631/4064/1136
f 4679/4109/65 4681/4110/1147 4678/4107/65
f 4710/4111/57 4713/4112/57 4711/4113/57
f 4706/4114/63 4709/4115/63 4707/4116/63
f 4702/4090/53 4705/4117/53 4703/4118/53
f 4699/4104/81 4711/4119/81 4713/4120/81
f 4683/4121/60 4704/4122/60 4682/4123/60
f 4696/4124/34 4712/4125/34 4710/4111/34
f 4691/4126/81 4707/4074/81 4709/4127/81
f 4696/4124/64 4711/4119/64 4697/4128/64
f 4691/4126/62 4708/4129/62 4690/4130/62
f 4690/4130/34 4706/4114/34 4688/4131/34
f 4680/4091/58 4703/4132/58 4681/4133/58
f 4681/4133/81 4705/4134/81 4683/4121/81
f 4850/4135/57 4716/3970/57 4717/4136/57
f 4860/3989/63 4724/3996/63 4859/4137/63
f 4861/4138/63 4723/3995/63 4860/4139/63
f 4863/4140/55 4729/3986/55 4726/4141/55
f 4862/4142/55 4726/4141/55 4727/4143/55
f 4868/4144/53 4732/4016/53 4867/4010/53
f 4873/4145/61 4737/4146/61 4734/4001/61
f 4870/4147/61 4736/3999/61 4737/4146/61
f 4881/4148/63 4741/4029/63 4738/4020/63
f 4880/4149/63 4738/4020/63 4739/4150/63
f 4874/4017/55 4742/4021/55 4877/4151/55
f 4875/4152/55 4745/4022/55 4874/4153/55
f 4884/4040/57 4748/4047/57 4883/4154/57
f 4885/4155/57 4747/4046/57 4884/4156/57
f 4889/4157/59 4753/4034/59 4750/4158/59
f 4888/4159/59 4750/4158/59 4751/4044/59
f 4891/4160/53 4757/4051/53 4754/4052/53
f 4890/4161/53 4754/4052/53 4755/3958/53
f 4716/3970/1096 4720/3976/1093 4717/4136/1093
f 4719/4162/1148 4715/3968/1355 4714/3967/1148
f 4723/3995/1358 4727/4143/1103 4726/4141/1358
f 4725/3983/1101 4729/3986/1359 4728/3965/1101
f 4731/4004/1111 4735/4002/1110 4734/4001/1111
f 4733/4007/1108 4737/4146/1112 4736/3999/1108
f 4745/4022/1362 4739/4150/1087 4738/4020/1115
f 4743/3945/1077 4741/4029/1361 4740/3943/1077
f 4747/4046/1126 4751/4044/1125 4750/4158/1126
f 4752/4032/1123 4748/4047/1365 4753/4034/1127
f 4761/4054/1128 4755/3958/1085 4754/4052/1128
f 4759/3942/1076 4757/4051/1129 4756/3940/1076
f 4714/3967/1148 4657/4163/1075 4719/4162/1148
f 4773/4164/168 4679/4109/65 4700/4165/168
f 4772/4166/1149 4700/4165/168 4698/4167/1137
f 4771/4168/137 4698/4167/1137 4696/4169/1139
f 4770/4170/1140 4696/4169/1139 4694/4171/1140
f 4769/4172/169 4694/4171/1140 4692/4173/169
f 4768/4174/70 4692/4173/169 4690/4175/1141
f 4767/4176/167 4690/4175/1141 4688/4177/1143
f 4686/4178/1145 4767/4176/167 4688/4177/1143
f 4765/4179/68 4686/4178/1145 4684/4180/68
f 4764/3892/1150 4684/4180/68 4682/4181/1146
f 4763/3890/166 4682/4181/1146 4680/4182/1147
f 4762/4183/65 4680/4184/1147 4679/4109/65
f 4574/4185/81 4788/4186/81 4817/4187/81
f 4588/4188/81 4816/4189/81 4587/4190/81
f 4573/4191/81 4817/4187/81 4815/4192/81
f 4587/4190/81 4814/4193/81 4586/4194/81
f 4572/4195/81 4815/4192/81 4813/4196/81
f 4586/4194/81 4812/4197/81 4585/4198/81
f 4571/4199/81 4813/4196/81 4811/4200/81
f 4584/4201/81 4812/4197/81 4810/4202/81
f 4597/4203/81 4798/4204/81 4809/4205/81
f 4570/4206/81 4811/4200/81 4808/4207/81
f 4584/4201/81 4807/4208/81 4583/4209/81
f 4596/4210/81 4809/4205/81 4806/4211/81
f 4569/4212/81 4808/4207/81 4805/4213/81
f 4583/4209/81 4804/4214/81 4582/4215/81
f 4596/4210/81 4803/4216/81 4595/4217/81
f 4568/4218/81 4805/4213/81 4802/4219/81
f 4582/4215/81 4801/4220/81 4581/4221/81
f 4595/4217/81 4800/4222/81 4594/4223/81
f 4567/4224/81 4802/4219/81 4799/4225/81
f 4581/4221/81 4797/4226/81 4580/4227/81
f 4594/4223/81 4796/4228/81 4593/4229/81
f 4567/4224/81 4798/4204/81 4566/4230/81
f 4579/4231/81 4797/4226/81 4795/4232/81
f 4593/4229/81 4794/4233/81 4592/4234/81
f 4578/4235/81 4795/4232/81 4793/4236/81
f 4592/4234/81 4792/4237/81 4591/4238/81
f 4577/4239/81 4793/4236/81 4791/4240/81
f 4591/4238/81 4790/4241/81 4590/4242/81
f 4576/4243/81 4791/4240/81 4789/4244/81
f 4590/4242/81 4787/4245/81 4589/4246/81
f 4575/4247/81 4789/4244/81 4788/4186/81
f 4589/4246/81 4786/4248/81 4588/4188/81
f 4599/4249/34 4849/4250/34 4818/4251/34
f 4600/4252/34 4818/4251/34 4819/4253/34
f 4600/4252/34 4820/4254/34 4601/4255/34
f 4601/4255/34 4821/4256/34 4602/4257/34
f 4602/4257/34 4822/4258/34 4603/4259/34
f 4603/4259/34 4823/4260/34 4604/4261/34
f 4604/4261/34 4824/4262/34 4605/4263/34
f 4605/4263/34 4825/4264/34 4606/4265/34
f 4606/4265/34 4826/4266/34 4607/4267/34
f 4607/4267/34 4827/4268/34 4608/4269/34
f 4608/4269/34 4828/4270/34 4609/4271/34
f 4609/4271/34 4829/4272/34 4610/4273/34
f 4610/4273/34 4830/4274/34 4611/4275/34
f 4611/4275/34 4831/4276/34 4612/4277/34
f 4612/4277/34 4832/4278/34 4613/4279/34
f 4613/4279/34 4833/4280/34 4614/4281/34
f 4614/4281/34 4834/4282/34 4615/4283/34
f 4615/4283/34 4835/4284/34 4616/4285/34
f 4616/4285/34 4836/4286/34 4617/4287/34
f 4618/4288/34 4836/4286/34 4837/4289/34
f 4619/4290/34 4837/4289/34 4838/4291/34
f 4620/4292/34 4838/4291/34 4839/4293/34
f 4621/4294/34 4839/4293/34 4840/4295/34
f 4622/4296/34 4840/4295/34 4841/4297/34
f 4623/4298/34 4841/4297/34 4842/4299/34
f 4624/4300/34 4842/4299/34 4843/4301/34
f 4625/4302/34 4843/4301/34 4844/4303/34
f 4626/4304/34 4844/4303/34 4845/4305/34
f 4627/4306/34 4845/4305/34 4846/4307/34
f 4628/4308/34 4846/4307/34 4847/4309/34
f 4629/4310/34 4847/4309/34 4848/4311/34
f 4598/4312/34 4848/4311/34 4849/4250/34
f 4850/4135/57 4630/3975/57 4631/4313/57
f 4633/3977/59 4855/4314/59 4632/4315/59
f 4637/4316/63 4861/4317/63 4636/3954/63
f 4635/4318/55 4862/4319/55 4727/4143/55
f 4853/4320/57 4654/4321/57 4714/3967/57
f 4653/4015/53 4869/3947/53 4652/4322/53
f 4651/4013/61 4872/4323/61 4735/4002/61
f 4649/3962/55 4875/4324/55 4648/3910/55
f 4647/3960/63 4880/4325/63 4739/4150/63
f 4645/4043/57 4885/4326/57 4644/3951/57
f 4643/4327/59 4888/4328/59 4751/4044/59
f 4639/4329/53 4890/4330/53 4755/3958/53
f 4641/3957/61 4895/4331/61 4640/4057/61
f 4853/4332/1090 4857/4333/1367 4856/4334/1090
f 4863/4335/1099 4861/4138/1083 4860/4139/1356
f 4865/4336/1088 4859/3982/1357 4858/3984/1088
f 4873/4337/1106 4869/4003/1079 4868/4005/1106
f 4871/4338/1097 4867/4006/1107 4866/4008/1097
f 4874/4153/1113 4880/4339/1061 4875/4152/1061
f 4879/4340/1117 4877/4023/1114 4876/4024/1117
f 4889/4341/1121 4885/4155/1081 4884/4156/1363
f 4882/4039/1119 4886/4342/1152 4883/4037/1152
f 4894/4343/1134 4890/4344/1133 4895/4345/1133
f 4896/4346/1130 4892/4347/1135 4897/4348/1135
f 4632/4315/1153 4850/4349/1154 4631/4350/1153
f 4866/3987/53 4677/4012/53 4676/4351/53
f 4855/4352/59 4721/3979/59 4854/4353/59
f 4854/4354/59 4718/3978/59 4857/4355/59
f 4857/4333/59 4719/4162/59 4856/4334/59
f 4856/4356/59 4657/4163/59 4656/3938/59
f 4879/4357/63 4671/4358/63 4740/3943/63
f 4855/4352/1154 4851/4359/1368 4850/4360/1154
f 4852/4361/1367 4854/4354/1368 4857/4355/1367
f 4895/4345/61 4761/4054/61 4894/4343/61
f 4894/4362/61 4758/4053/61 4897/4061/61
f 4897/4348/61 4759/3942/61 4896/4346/61
f 4896/4363/61 4665/3941/61 4664/3932/61
f 4766/3875/1040 4765/3898/1041 4777/3876/1041
f 4772/3878/1042 4784/3899/1042 4785/3879/1043
f 4763/3881/1044 4762/3889/1045 4774/3882/1045
f 4769/3884/1046 4781/3900/1046 4782/3885/1047
f 4766/3875/1040 4778/3877/1040 4779/3887/1048
f 4762/3889/1045 4773/3880/1043 4785/3879/1043
f 4763/3890/1044 4775/4364/1044 4776/3891/1049
f 4770/3886/1047 4782/3885/1047 4783/3893/1050
f 4768/3895/1051 4767/3888/1048 4779/3887/1048
f 4764/3897/1049 4776/4365/1049 4777/3876/1041
f 4771/3894/1050 4783/3893/1050 4784/3899/1042
f 4768/3895/1051 4780/3896/1051 4781/3900/1046
f 4652/3901/1052 4631/4064/1136 4630/3902/1354
f 4648/3904/1055 4650/4069/1138 4651/3905/1056
f 4644/3907/1058 4646/4077/1059 4647/3908/1059
f 4648/3910/1060 4875/4324/1061 4880/3911/1061
f 4640/3913/1062 4642/4085/1142 4643/3914/1142
f 4636/3916/1065 4638/4092/1144 4639/3917/1066
f 4632/3919/1068 4634/4100/1069 4635/3920/1069
f 4674/3922/58 4676/4351/58 4677/3923/1070
f 4670/3925/62 4672/3950/62 4673/3926/1071
f 4666/3928/64 4668/4036/64 4669/3929/1072
f 4663/3931/1073 4662/4056/60 4664/3932/60
f 4658/3934/54 4660/3981/54 4661/3935/1074
f 4654/3937/1075 4655/3974/56 4656/3938/56
f 4756/3940/1076 4663/4049/1073 4665/3941/1073
f 4740/3943/1077 4671/4358/1071 4673/3944/1071
f 4650/3946/1078 4652/4322/1369 4869/3947/1079
f 4876/3949/55 4743/3945/55 4673/3944/55
f 4644/3951/1080 4885/4326/1081 4888/3952/1081
f 4636/3954/1082 4861/4317/1083 4862/3955/1083
f 4641/3957/1084 4639/4329/1084 4755/3958/1085
f 4647/3960/1086 4739/4150/1087 4744/3961/1087
f 4865/3963/55 4658/4366/55 4659/3964/55
f 4852/3966/57 4853/4367/57 4714/3967/57
f 4851/3969/57 4852/4368/57 4715/3968/57
f 4858/3971/1088 4660/3981/1089 4658/3934/1089
f 4853/3973/1090 4856/4356/1090 4656/3938/1091
f 4630/3975/1092 4717/4136/1093 4720/3976/1093
f 4716/3970/1096 4715/3968/1355 4718/3978/1355
f 4858/3971/63 4725/3983/63 4661/3980/63
f 4859/3982/63 4724/3996/63 4725/3983/63
f 4864/3985/55 4865/4369/55 4728/3965/55
f 4866/3987/1097 4676/4351/1098 4674/3922/1098
f 4860/3989/1356 4859/4137/1357 4864/3990/1357
f 4728/3965/1101 4659/3964/1074 4661/3980/1074
f 4637/3992/1102 4635/4370/1102 4727/3993/1103
f 4723/3995/1358 4726/4141/1358 4729/3986/1359
f 4871/3997/61 4674/4371/61 4675/3998/61
f 4872/4000/61 4873/4372/61 4734/4001/61
f 4869/4003/53 4730/4014/53 4731/4004/53
f 4867/4006/53 4732/4016/53 4733/4007/53
f 4873/4009/1106 4868/4144/1106 4867/4010/1107
f 4736/3999/1108 4675/3998/1070 4677/4012/1070
f 4651/4013/1109 4735/4002/1110 4730/4014/1110
f 4734/4001/1111 4737/4146/1112 4732/4016/1112
f 4874/4017/1113 4877/4151/1114 4878/4018/1114
f 4738/4020/1115 4741/4029/1361 4742/4021/1361
f 4877/4023/55 4742/4021/55 4743/3945/55
f 4876/3949/1117 4672/3950/1118 4670/3925/1118
f 4882/4026/1119 4668/4036/1120 4666/3928/1120
f 4878/4028/63 4879/4373/63 4740/3943/63
f 4887/4030/59 4666/4374/59 4667/4031/59
f 4886/4033/59 4887/4375/59 4752/4032/59
f 4882/4026/57 4749/4038/57 4669/4035/57
f 4883/4037/57 4748/4047/57 4749/4038/57
f 4884/4040/1363 4883/4154/1152 4886/4041/1152
f 4752/4032/1123 4667/4031/1072 4669/4035/1072
f 4645/4043/1364 4643/4327/1364 4751/4044/1125
f 4747/4046/1126 4750/4158/1126 4753/4034/1127
f 4893/4048/53 4662/4376/53 4663/4049/53
f 4892/4050/53 4893/4377/53 4756/3940/53
f 4754/4052/1128 4757/4051/1129 4758/4053/1129
f 4893/4055/1130 4896/4363/1130 4664/3932/1131
f 4640/4057/1132 4895/4331/1133 4890/4058/1133
f 4891/4060/1134 4894/4362/1134 4897/4061/1135
f 4701/4063/168 4678/4107/65 4631/4064/1136
f 4700/4065/168 4679/4378/65 4678/4066/65
f 4699/4068/1137 4701/4063/168 4652/3901/1052
f 4698/4070/1137 4700/4065/168 4701/4067/168
f 4697/4072/1139 4699/4068/1137 4650/4069/1138
f 4688/4073/54 4706/4379/54 4707/4074/54
f 4695/4076/1140 4697/4072/1139 4648/3904/1055
f 4694/4078/1140 4696/4380/1139 4697/4079/1139
f 4693/4081/169 4695/4076/1140 4646/4077/1059
f 4692/4082/169 4694/4078/1140 4695/4080/1140
f 4691/4084/1141 4693/4081/169 4644/3907/1058
f 4690/4086/1141 4692/4082/169 4693/4083/169
f 4689/4088/1143 4691/4084/1141 4642/4085/1142
f 4682/4089/34 4704/4381/34 4702/4090/34
f 4638/4092/1144 4687/4382/1145 4689/4088/1143
f 4687/4093/1145 4686/4098/1145 4688/4094/1143
f 4685/4096/68 4687/4382/1145 4638/4092/1144
f 4685/4097/68 4684/4383/68 4686/4098/1145
f 4683/4099/1146 4685/4096/68 4636/3916/1065
f 4682/4101/1146 4684/4383/68 4685/4097/68
f 4681/4103/1147 4683/4099/1146 4634/4100/1069
f 4699/4104/56 4713/4120/56 4712/4105/56
f 4678/4107/65 4681/4110/1147 4632/4108/1068
f 4679/4109/65 4680/4184/1147 4681/4110/1147
f 4710/4111/57 4712/4125/57 4713/4112/57
f 4706/4114/63 4708/4129/63 4709/4115/63
f 4702/4090/53 4704/4381/53 4705/4117/53
f 4699/4104/81 4697/4128/81 4711/4119/81
f 4683/4121/60 4705/4134/60 4704/4122/60
f 4696/4124/34 4698/4384/34 4712/4125/34
f 4691/4126/81 4689/4075/81 4707/4074/81
f 4696/4124/64 4710/4111/64 4711/4119/64
f 4691/4126/62 4709/4127/62 4708/4129/62
f 4690/4130/34 4708/4129/34 4706/4114/34
f 4680/4091/58 4702/4090/58 4703/4132/58
f 4681/4133/81 4703/4132/81 4705/4134/81
f 4850/4135/57 4851/4385/57 4716/3970/57
f 4860/3989/63 4723/3995/63 4724/3996/63
f 4861/4138/63 4722/4386/63 4723/3995/63
f 4863/4140/55 4864/4387/55 4729/3986/55
f 4862/4142/55 4863/4388/55 4726/4141/55
f 4868/4144/53 4731/4004/53 4732/4016/53
f 4873/4145/61 4870/4389/61 4737/4146/61
f 4870/4147/61 4871/4390/61 4736/3999/61
f 4881/4148/63 4878/4391/63 4741/4029/63
f 4880/4149/63 4881/4392/63 4738/4020/63
f 4874/4017/55 4745/4022/55 4742/4021/55
f 4875/4152/55 4744/3961/55 4745/4022/55
f 4884/4040/57 4747/4046/57 4748/4047/57
f 4885/4155/57 4746/4045/57 4747/4046/57
f 4889/4157/59 4886/4393/59 4753/4034/59
f 4888/4159/59 4889/4394/59 4750/4158/59
f 4891/4160/53 4892/4395/53 4757/4051/53
f 4890/4161/53 4891/4396/53 4754/4052/53
f 4716/3970/1096 4721/3979/1096 4720/3976/1093
f 4719/4162/1148 4718/3978/1355 4715/3968/1355
f 4723/3995/1358 4722/4386/1103 4727/4143/1103
f 4725/3983/1101 4724/3996/1359 4729/3986/1359
f 4731/4004/1111 4730/4014/1110 4735/4002/1110
f 4733/4007/1108 4732/4016/1112 4737/4146/1112
f 4745/4022/1362 4744/3961/1087 4739/4150/1087
f 4743/3945/1077 4742/4021/1361 4741/4029/1361
f 4747/4046/1126 4746/4045/1125 4751/4044/1125
f 4752/4032/1123 4749/4038/1123 4748/4047/1365
f 4761/4054/1128 4760/3959/1085 4755/3958/1085
f 4759/3942/1076 4758/4053/1129 4757/4051/1129
f 4714/3967/1148 4654/4321/1075 4657/4163/1075
f 4773/4164/168 4762/4183/65 4679/4109/65
f 4772/4166/1149 4773/4164/168 4700/4165/168
f 4771/4168/137 4772/4166/1149 4698/4167/1137
f 4770/4170/1140 4771/4168/137 4696/4169/1139
f 4769/4172/169 4770/4170/1140 4694/4171/1140
f 4768/4174/70 4769/4172/169 4692/4173/169
f 4767/4176/167 4768/4174/70 4690/4175/1141
f 4686/4178/1145 4766/4397/1145 4767/4176/167
f 4765/4179/68 4766/4397/1145 4686/4178/1145
f 4764/3892/1150 4765/4179/68 4684/4180/68
f 4763/3890/166 4764/3892/1150 4682/4181/1146
f 4762/4183/65 4763/4398/166 4680/4184/1147
f 4574/4185/81 4575/4247/81 4788/4186/81
f 4588/4188/81 4786/4248/81 4816/4189/81
f 4573/4191/81 4574/4185/81 4817/4187/81
f 4587/4190/81 4816/4189/81 4814/4193/81
f 4572/4195/81 4573/4191/81 4815/4192/81
f 4586/4194/81 4814/4193/81 4812/4197/81
f 4571/4199/81 4572/4195/81 4813/4196/81
f 4584/4201/81 4585/4198/81 4812/4197/81
f 4597/4203/81 4566/4230/81 4798/4204/81
f 4570/4206/81 4571/4199/81 4811/4200/81
f 4584/4201/81 4810/4202/81 4807/4208/81
f 4596/4210/81 4597/4203/81 4809/4205/81
f 4569/4212/81 4570/4206/81 4808/4207/81
f 4583/4209/81 4807/4208/81 4804/4214/81
f 4596/4210/81 4806/4211/81 4803/4216/81
f 4568/4218/81 4569/4212/81 4805/4213/81
f 4582/4215/81 4804/4214/81 4801/4220/81
f 4595/4217/81 4803/4216/81 4800/4222/81
f 4567/4224/81 4568/4218/81 4802/4219/81
f 4581/4221/81 4801/4220/81 4797/4226/81
f 4594/4223/81 4800/4222/81 4796/4228/81
f 4567/4224/81 4799/4225/81 4798/4204/81
f 4579/4231/81 4580/4227/81 4797/4226/81
f 4593/4229/81 4796/4228/81 4794/4233/81
f 4578/4235/81 4579/4231/81 4795/4232/81
f 4592/4234/81 4794/4233/81 4792/4237/81
f 4577/4239/81 4578/4235/81 4793/4236/81
f 4591/4238/81 4792/4237/81 4790/4241/81
f 4576/4243/81 4577/4239/81 4791/4240/81
f 4590/4242/81 4790/4241/81 4787/4245/81
f 4575/4247/81 4576/4243/81 4789/4244/81
f 4589/4246/81 4787/4245/81 4786/4248/81
f 4599/4249/34 4598/4312/34 4849/4250/34
f 4600/4252/34 4599/4249/34 4818/4251/34
f 4600/4252/34 4819/4253/34 4820/4254/34
f 4601/4255/34 4820/4254/34 4821/4256/34
f 4602/4257/34 4821/4256/34 4822/4258/34
f 4603/4259/34 4822/4258/34 4823/4260/34
f 4604/4261/34 4823/4260/34 4824/4262/34
f 4605/4263/34 4824/4262/34 4825/4264/34
f 4606/4265/34 4825/4264/34 4826/4266/34
f 4607/4267/34 4826/4266/34 4827/4268/34
f 4608/4269/34 4827/4268/34 4828/4270/34
f 4609/4271/34 4828/4270/34 4829/4272/34
f 4610/4273/34 4829/4272/34 4830/4274/34
f 4611/4275/34 4830/4274/34 4831/4276/34
f 4612/4277/34 4831/4276/34 4832/4278/34
f 4613/4279/34 4832/4278/34 4833/4280/34
f 4614/4281/34 4833/4280/34 4834/4282/34
f 4615/4283/34 4834/4282/34 4835/4284/34
f 4616/4285/34 4835/4284/34 4836/4286/34
f 4618/4288/34 4617/4287/34 4836/4286/34
f 4619/4290/34 4618/4288/34 4837/4289/34
f 4620/4292/34 4619/4290/34 4838/4291/34
f 4621/4294/34 4620/4292/34 4839/4293/34
f 4622/4296/34 4621/4294/34 4840/4295/34
f 4623/4298/34 4622/4296/34 4841/4297/34
f 4624/4300/34 4623/4298/34 4842/4299/34
f 4625/4302/34 4624/4300/34 4843/4301/34
f 4626/4304/34 4625/4302/34 4844/4303/34
f 4627/4306/34 4626/4304/34 4845/4305/34
f 4628/4308/34 4627/4306/34 4846/4307/34
f 4629/4310/34 4628/4308/34 4847/4309/34
f 4598/4312/34 4629/4310/34 4848/4311/34
f 4850/4135/57 4717/4136/57 4630/3975/57
f 4633/3977/59 4720/3976/59 4855/4314/59
f 4637/4316/63 4722/4386/63 4861/4317/63
f 4635/4318/55 4634/4399/55 4862/4319/55
f 4853/4320/57 4655/4400/57 4654/4321/57
f 4653/4015/53 4730/4014/53 4869/3947/53
f 4651/4013/61 4650/4401/61 4872/4323/61
f 4649/3962/55 4744/3961/55 4875/4324/55
f 4647/3960/63 4646/4402/63 4880/4325/63
f 4645/4043/57 4746/4045/57 4885/4326/57
f 4643/4327/59 4642/4403/59 4888/4328/59
f 4639/4329/53 4638/4404/53 4890/4330/53
f 4641/3957/61 4760/3959/61 4895/4331/61
f 4853/4332/1090 4852/4405/1367 4857/4333/1367
f 4863/4335/1099 4862/4406/1083 4861/4138/1083
f 4865/4336/1088 4864/4407/1357 4859/3982/1357
f 4873/4337/1106 4872/4408/1079 4869/4003/1079
f 4871/4338/1097 4870/4409/1107 4867/4006/1107
f 4874/4153/1113 4881/4410/1360 4880/4339/1061
f 4879/4340/1117 4878/4411/1114 4877/4023/1114
f 4889/4341/1121 4888/4412/1081 4885/4155/1081
f 4882/4039/1119 4887/4413/1119 4886/4342/1152
f 4894/4343/1134 4891/4414/1134 4890/4344/1133
f 4896/4346/1130 4893/4415/1130 4892/4347/1135
f 4632/4315/1153 4855/4314/1154 4850/4349/1154
f 4866/3987/53 4733/4007/53 4677/4012/53
f 4855/4352/59 4720/3976/59 4721/3979/59
f 4854/4354/59 4721/3979/59 4718/3978/59
f 4857/4333/59 4718/3978/59 4719/4162/59
f 4856/4356/59 4719/4162/59 4657/4163/59
f 4879/4357/63 4670/4416/63 4671/4358/63
f 4855/4352/1154 4854/4353/1368 4851/4359/1368
f 4852/4361/1367 4851/4417/1368 4854/4354/1368
f 4895/4345/61 4760/3959/61 4761/4054/61
f 4894/4362/61 4761/4054/61 4758/4053/61
f 4897/4348/61 4758/4053/61 4759/3942/61
f 4896/4363/61 4759/3942/61 4665/3941/61
f 4954/3809/380 4922/3810/380 4953/3811/1370
f 4922/3810/380 4954/3809/380 4955/3812/1371
f 4922/3810/380 4921/3813/1370 4953/3811/1370
f 4955/3812/1371 4923/3814/1371 4922/3810/380
f 4921/3813/1370 4952/3815/399 4953/3811/1370
f 4955/3812/1371 4956/3816/1372 4923/3814/1371
f 4921/3813/1370 4920/3817/399 4952/3815/399
f 4956/3816/1372 4924/3818/1372 4923/3814/1371
f 4956/3816/1372 4957/3819/1373 4924/3818/1372
f 4957/3819/1373 4925/3820/1373 4924/3818/1372
f 4920/3817/399 4951/3821/1374 4952/3815/399
f 4951/3821/1374 4920/3817/399 4919/3822/1374
f 4957/3819/1373 4958/3823/382 4925/3820/1373
f 4958/3823/382 4926/3824/382 4925/3820/1373
f 4951/3821/1374 4919/3822/1374 4950/3825/405
f 4919/3822/1374 4918/3826/405 4950/3825/405
f 4918/3826/405 4949/3827/1375 4950/3825/405
f 4958/3823/382 4959/3828/410 4926/3824/382
f 4918/3826/405 4917/3829/1375 4949/3827/1375
f 4959/3828/410 4927/3830/410 4926/3824/382
f 4959/3828/410 4960/3831/1376 4927/3830/410
f 4949/3827/1375 4917/3829/1375 4948/3832/1377
f 4917/3829/1375 4916/3833/1377 4948/3832/1377
f 4927/3830/410 4960/3831/1376 4928/3834/1376
f 4916/3833/1377 4947/3835/1378 4948/3832/1377
f 4928/3834/1376 4960/3831/1376 4929/3836/372
f 4916/3833/1377 4915/3837/1378 4947/3835/1378
f 4929/3836/372 4960/3831/1376 4961/3838/372
f 4915/3837/1378 4946/3839/1379 4947/3835/1378
f 4946/3839/1379 4915/3837/1378 4914/3840/1379
f 4929/3836/372 4961/3838/372 4930/3841/1380
f 4930/3841/1380 4898/3842/1380 4929/3836/372
f 4930/3841/1380 4931/3843/415 4898/3842/1380
f 4946/3839/1379 4914/3840/1379 4945/3844/1381
f 4945/3844/1381 4914/3840/1379 4913/3845/1381
f 4898/3842/1380 4931/3843/415 4899/3846/415
f 4899/3846/415 4931/3843/415 4932/3847/1382
f 4899/3846/415 4932/3847/1382 4900/3848/1382
f 4945/3844/1381 4913/3845/1381 4944/3849/413
f 4913/3850/1381 4912/3851/413 4944/3852/413
f 4912/3851/413 4943/3853/1383 4944/3852/413
f 4900/3848/1382 4932/3847/1382 4933/3854/1384
f 4912/3851/413 4911/3855/1383 4943/3853/1383
f 4900/3848/1382 4933/3854/1384 4901/3856/1384
f 4943/3853/1383 4911/3855/1383 4942/3857/392
f 4901/3856/1384 4933/3854/1384 4934/3858/1385
f 4901/3856/1384 4934/3858/1385 4902/3859/1385
f 4942/3857/392 4911/3855/1383 4910/3860/392
f 4902/3859/1385 4934/3858/1385 4935/3861/1386
f 4942/3857/392 4910/3860/392 4941/3862/1387
f 4902/3859/1385 4935/3861/1386 4903/3863/1386
f 4941/3862/1387 4910/3860/392 4909/3864/1387
f 4903/3863/1386 4935/3861/1386 4936/3865/1388
f 4941/3862/1387 4909/3864/1387 4940/3866/391
f 4903/3863/1386 4936/3865/1388 4904/3867/1388
f 4940/3866/391 4909/3864/1387 4908/3868/391
f 4904/3867/1388 4936/3865/1388 4937/3869/1389
f 4940/3866/391 4908/3868/391 4939/3870/1390
f 4939/3870/1390 4908/3868/391 4907/3871/1390
f 4904/3867/1388 4937/3869/1389 4905/3872/1389
f 4939/3870/1390 4907/3871/1390 4938/3873/1391
f 4905/3872/1389 4937/3869/1389 4938/3873/1391
f 4938/3873/1391 4907/3871/1390 4906/3874/1391
f 4905/3872/1389 4938/3873/1391 4906/3874/1391
f 5098/3875/1040 5109/3876/1041 5110/3877/1040
f 5104/3878/1042 5117/3879/1043 5105/3880/1043
f 5095/3881/1044 5106/3882/1045 5107/3883/1044
f 5101/3884/1046 5114/3885/1047 5102/3886/1047
f 5098/3875/1040 5111/3887/1048 5099/3888/1048
f 5094/3889/1045 5117/3879/1043 5106/3882/1045
f 5095/3890/1044 5108/3891/1049 5096/3892/1049
f 5102/3886/1047 5115/3893/1050 5103/3894/1050
f 5100/3895/1051 5111/3887/1048 5112/3896/1051
f 5096/3897/1049 5109/3876/1041 5097/3898/1041
f 5103/3894/1050 5116/3899/1042 5104/3878/1042
f 5100/3895/1051 5113/3900/1046 5101/3884/1046
f 4984/3901/1392 4962/3902/1393 4985/3903/1394
f 4980/3904/1395 4983/3905/1396 4981/3906/1397
f 4976/3907/1398 4979/3908/1399 4977/3909/1400
f 4980/3910/1401 5212/3911/1402 4978/3912/1401
f 4972/3913/1403 4975/3914/1404 4973/3915/1405
f 4968/3916/1406 4971/3917/1407 4969/3918/1408
f 4964/3919/1409 4967/3920/1410 4965/3921/1411
f 5006/3922/1412 5009/3923/1413 5007/3924/1413
f 5002/3925/1414 5005/3926/1415 5003/3927/1415
f 4998/3928/1416 5001/3929/1417 4999/3930/1417
f 4995/3931/1418 4996/3932/382 4997/3933/1418
f 4990/3934/1419 4993/3935/1420 4991/3936/1420
f 4986/3937/1421 4988/3938/1422 4989/3939/1421
f 5088/3940/1423 4997/3941/1418 5091/3942/1423
f 5072/3943/1424 5005/3944/1415 5075/3945/1424
f 4982/3946/1425 5201/3947/1426 5204/3948/1426
f 5208/3949/1427 5005/3944/1427 5004/3950/1427
f 4976/3951/1428 5220/3952/1429 4974/3953/1428
f 4968/3954/1430 5194/3955/1431 4966/3956/1430
f 4973/3957/1432 5087/3958/1433 5092/3959/1433
f 4979/3960/1434 5076/3961/1435 4981/3962/1434
f 5197/3963/1427 4991/3964/1427 5060/3965/1427
f 5184/3966/1436 5046/3967/1436 5047/3968/1436
f 5183/3969/1437 5047/3968/1436 5048/3970/1437
f 5190/3971/1438 4990/3934/1439 5197/3972/1438
f 5185/3973/1440 4988/3938/1441 4987/3974/1441
f 4962/3975/1442 5052/3976/1443 4965/3977/1442
f 5048/3970/1444 5050/3978/1445 5053/3979/1446
f 5190/3971/1447 4993/3980/1447 4992/3981/1447
f 5191/3982/1447 5057/3983/1447 5190/3984/1447
f 5196/3985/1427 5060/3965/1427 5061/3986/1427
f 5198/3987/1448 5006/3922/1449 5203/3988/1448
f 5192/3989/1450 5196/3990/1451 5195/3991/1450
f 5060/3965/1452 4993/3980/1420 5057/3983/1452
f 4969/3992/1453 5059/3993/1454 5054/3994/1454
f 5055/3995/1455 5061/3986/1456 5056/3996/1456
f 5203/3997/405 5007/3998/405 5068/3999/405
f 5204/4000/405 5066/4001/405 5067/4002/405
f 5201/4003/1385 5063/4004/1385 5200/4005/1385
f 5199/4006/1385 5065/4007/1385 5198/4008/1385
f 5205/4009/1457 5199/4010/1458 5202/4011/1458
f 5068/3999/1459 5009/4012/1413 5065/4007/1459
f 4983/4013/1460 5062/4014/1461 4985/4015/1460
f 5066/4001/1462 5064/4016/1463 5063/4004/1462
f 5206/4017/1464 5210/4018/1465 5213/4019/1464
f 5070/4020/1466 5074/4021/1467 5077/4022/1466
f 5209/4023/1427 5075/3945/1427 5208/4024/1427
f 5208/3949/1468 5002/3925/1469 5211/4025/1468
f 5214/4026/1470 4998/3928/1471 5219/4027/1470
f 5210/4028/1447 5072/3943/1447 5073/4029/1447
f 5219/4030/1472 4999/4031/1472 5084/4032/1472
f 5218/4033/1472 5084/4032/1472 5085/4034/1473
f 5214/4026/1437 5001/4035/1436 5000/4036/1436
f 5215/4037/1437 5081/4038/1437 5214/4039/1437
f 5216/4040/1474 5218/4041/1475 5221/4042/1476
f 5084/4032/1477 5001/4035/1417 5081/4038/1477
f 4977/4043/1478 5083/4044/1479 5078/4045/1479
f 5079/4046/1480 5085/4034/1481 5080/4047/1481
f 5225/4048/1385 4995/4049/1385 5088/3940/1385
f 5224/4050/1385 5088/3940/1385 5089/4051/1385
f 5086/4052/1482 5090/4053/1483 5093/4054/1482
f 5225/4055/1484 4996/3932/1485 4994/4056/1485
f 4972/4057/1486 5222/4058/1487 4970/4059/1486
f 5223/4060/1488 5229/4061/1489 5224/4062/1489
f 5033/4063/1490 4963/4064/1491 4984/3901/1392
f 5032/4065/1490 5010/4066/1391 5033/4067/1490
f 5031/4068/1492 4984/3901/1392 4982/4069/1493
f 5030/4070/1492 5033/4067/1490 5031/4071/1492
f 5029/4072/1494 4982/4069/1493 4980/3904/1395
f 5020/4073/1419 5039/4074/1419 5021/4075/1419
f 5027/4076/1495 4980/3904/1395 4978/4077/1496
f 5026/4078/1495 5029/4079/1494 5027/4080/1495
f 5025/4081/1497 4978/4077/1496 4976/3907/1398
f 5024/4082/1497 5027/4080/1495 5025/4083/1497
f 5023/4084/1498 4976/3907/1398 4974/4085/1499
f 5022/4086/1498 5025/4083/1497 5023/4087/1498
f 5021/4088/1500 4974/4085/1499 4972/3913/1403
f 5014/4089/34 5034/4090/34 5012/4091/34
f 4970/4092/1501 5021/4088/1500 4972/3913/1403
f 5019/4093/1502 5020/4094/1500 5021/4095/1500
f 5017/4096/1380 4970/4092/1501 4968/3916/1406
f 5017/4097/1380 5018/4098/1503 5019/4093/1502
f 5015/4099/1504 4968/3916/1406 4966/4100/1505
f 5014/4101/1504 5017/4097/1380 5015/4102/1504
f 5013/4103/1506 4966/4100/1505 4964/3919/1409
f 5031/4104/1422 5044/4105/1507 5030/4106/1422
f 5010/4107/1391 4964/4108/1409 4963/4064/1491
f 5011/4109/1391 5013/4110/1506 5010/4107/1391
f 5042/4111/1437 5045/4112/1437 5043/4113/1437
f 5038/4114/1447 5041/4115/1447 5039/4116/1447
f 5034/4090/1385 5037/4117/1385 5035/4118/1385
f 5031/4104/81 5043/4119/81 5045/4120/81
f 5015/4121/382 5036/4122/382 5014/4123/382
f 5028/4124/34 5044/4125/34 5042/4111/34
f 5023/4126/81 5039/4074/81 5041/4127/81
f 5028/4124/1508 5043/4119/1508 5029/4128/1416
f 5023/4126/1414 5040/4129/1414 5022/4130/1414
f 5022/4130/34 5038/4114/34 5020/4131/34
f 5012/4091/392 5035/4132/392 5013/4133/392
f 5013/4133/81 5037/4134/81 5015/4121/81
f 5182/4135/1437 5048/3970/1437 5049/4136/1437
f 5192/3989/1447 5056/3996/1447 5191/4137/1447
f 5193/4138/1447 5055/3995/1447 5192/4139/1447
f 5195/4140/1427 5061/3986/1427 5058/4141/1427
f 5194/4142/1427 5058/4141/1427 5059/4143/1427
f 5200/4144/1385 5064/4016/1385 5199/4010/1385
f 5205/4145/405 5069/4146/405 5066/4001/405
f 5202/4147/405 5068/3999/405 5069/4146/405
f 5213/4148/1447 5073/4029/1447 5070/4020/1447
f 5212/4149/1447 5070/4020/1447 5071/4150/1447
f 5206/4017/1427 5074/4021/1427 5209/4151/1427
f 5207/4152/1427 5077/4022/1427 5206/4153/1427
f 5216/4040/1437 5080/4047/1437 5215/4154/1437
f 5217/4155/1437 5079/4046/1437 5216/4156/1437
f 5221/4157/1473 5085/4034/1473 5082/4158/1473
f 5220/4159/1472 5082/4158/1473 5083/4044/1472
f 5223/4160/1385 5089/4051/1385 5086/4052/1385
f 5222/4161/1385 5086/4052/1385 5087/3958/1385
f 5048/3970/1444 5052/3976/1443 5049/4136/1443
f 5051/4162/1509 5047/3968/1445 5046/3967/1509
f 5055/3995/1455 5059/4143/1454 5058/4141/1455
f 5057/3983/1452 5061/3986/1456 5060/3965/1452
f 5063/4004/1462 5067/4002/1461 5066/4001/1462
f 5065/4007/1459 5069/4146/1463 5068/3999/1459
f 5077/4022/1466 5071/4150/1435 5070/4020/1466
f 5075/3945/1424 5073/4029/1467 5072/3943/1424
f 5079/4046/1480 5083/4044/1479 5082/4158/1480
f 5084/4032/1477 5080/4047/1481 5085/4034/1481
f 5093/4054/1482 5087/3958/1433 5086/4052/1482
f 5091/3942/1423 5089/4051/1483 5088/3940/1423
f 5046/3967/1509 4989/4163/1421 5051/4162/1509
f 5105/4164/1490 5011/4109/1391 5032/4165/1490
f 5104/4166/1510 5032/4165/1490 5030/4167/1492
f 5103/4168/1379 5030/4167/1492 5028/4169/1494
f 5102/4170/1495 5028/4169/1494 5026/4171/1495
f 5101/4172/1497 5026/4171/1495 5024/4173/1497
f 5100/4174/380 5024/4173/1497 5022/4175/1498
f 5099/4176/1511 5022/4175/1498 5020/4177/1500
f 5018/4178/1503 5099/4176/1511 5020/4177/1500
f 5097/4179/1380 5018/4178/1503 5016/4180/1380
f 5096/3892/1512 5016/4180/1380 5014/4181/1504
f 5095/3890/1513 5014/4181/1504 5012/4182/1506
f 5094/4183/1391 5012/4184/1506 5011/4109/1391
f 4906/4185/81 5120/4186/81 5149/4187/81
f 4920/4188/81 5148/4189/81 4919/4190/81
f 4905/4191/81 5149/4187/81 5147/4192/81
f 4919/4190/81 5146/4193/81 4918/4194/81
f 4904/4195/81 5147/4192/81 5145/4196/81
f 4918/4194/81 5144/4197/81 4917/4198/81
f 4903/4199/81 5145/4196/81 5143/4200/81
f 4916/4201/81 5144/4197/81 5142/4202/81
f 4929/4203/81 5130/4204/81 5141/4205/81
f 4902/4206/81 5143/4200/81 5140/4207/81
f 4916/4201/81 5139/4208/81 4915/4209/81
f 4928/4210/81 5141/4205/81 5138/4211/81
f 4901/4212/81 5140/4207/81 5137/4213/81
f 4915/4209/81 5136/4214/81 4914/4215/81
f 4928/4210/81 5135/4216/81 4927/4217/81
f 4900/4218/81 5137/4213/81 5134/4219/81
f 4914/4215/81 5133/4220/81 4913/4221/81
f 4927/4217/81 5132/4222/81 4926/4223/81
f 4899/4224/81 5134/4219/81 5131/4225/81
f 4913/4221/81 5129/4226/81 4912/4227/81
f 4926/4223/81 5128/4228/81 4925/4229/81
f 4899/4224/81 5130/4204/81 4898/4230/81
f 4911/4231/81 5129/4226/81 5127/4232/81
f 4925/4229/81 5126/4233/81 4924/4234/81
f 4910/4235/81 5127/4232/81 5125/4236/81
f 4924/4234/81 5124/4237/81 4923/4238/81
f 4909/4239/81 5125/4236/81 5123/4240/81
f 4923/4238/81 5122/4241/81 4922/4242/81
f 4908/4243/81 5123/4240/81 5121/4244/81
f 4922/4242/81 5119/4245/81 4921/4246/81
f 4907/4247/81 5121/4244/81 5120/4186/81
f 4921/4246/81 5118/4248/81 4920/4188/81
f 4931/4249/34 5181/4250/34 5150/4251/34
f 4932/4252/34 5150/4251/34 5151/4253/34
f 4932/4252/34 5152/4254/34 4933/4255/34
f 4933/4255/34 5153/4256/34 4934/4257/34
f 4934/4257/34 5154/4258/34 4935/4259/34
f 4935/4259/34 5155/4260/34 4936/4261/34
f 4936/4261/34 5156/4262/34 4937/4263/34
f 4937/4263/34 5157/4264/34 4938/4265/34
f 4938/4265/34 5158/4266/34 4939/4267/34
f 4939/4267/34 5159/4268/34 4940/4269/34
f 4940/4269/34 5160/4270/34 4941/4271/34
f 4941/4271/34 5161/4272/34 4942/4273/34
f 4942/4273/34 5162/4274/34 4943/4275/34
f 4943/4275/34 5163/4276/34 4944/4277/34
f 4944/4277/34 5164/4278/34 4945/4279/34
f 4945/4279/34 5165/4280/34 4946/4281/34
f 4946/4281/34 5166/4282/34 4947/4283/34
f 4947/4283/34 5167/4284/34 4948/4285/34
f 4948/4285/34 5168/4286/34 4949/4287/34
f 4950/4288/34 5168/4286/34 5169/4289/34
f 4951/4290/34 5169/4289/34 5170/4291/34
f 4952/4292/34 5170/4291/34 5171/4293/34
f 4953/4294/34 5171/4293/34 5172/4295/34
f 4954/4296/34 5172/4295/34 5173/4297/34
f 4955/4298/34 5173/4297/34 5174/4299/34
f 4956/4300/34 5174/4299/34 5175/4301/34
f 4957/4302/34 5175/4301/34 5176/4303/34
f 4958/4304/34 5176/4303/34 5177/4305/34
f 4959/4306/34 5177/4305/34 5178/4307/34
f 4960/4308/34 5178/4307/34 5179/4309/34
f 4961/4310/34 5179/4309/34 5180/4311/34
f 4930/4312/34 5180/4311/34 5181/4250/34
f 5182/4135/1437 4962/3975/1437 4963/4313/1437
f 4965/3977/1473 5187/4314/1473 4964/4315/1473
f 4969/4316/1447 5193/4317/1447 4968/3954/1447
f 4967/4318/1427 5194/4319/1427 5059/4143/1427
f 5185/4320/1436 4986/4321/1436 5046/3967/1436
f 4985/4015/1385 5201/3947/1385 4984/4322/1385
f 4983/4013/405 5204/4323/405 5067/4002/405
f 4981/3962/1427 5207/4324/1427 4980/3910/1427
f 4979/3960/1447 5212/4325/1447 5071/4150/1447
f 4977/4043/1437 5217/4326/1437 4976/3951/1437
f 4975/4327/1472 5220/4328/1472 5083/4044/1472
f 4971/4329/1514 5222/4330/1385 5087/3958/1385
f 4973/3957/405 5227/4331/405 4972/4057/405
f 5185/4332/1440 5189/4333/1515 5188/4334/1440
f 5195/4335/1450 5193/4138/1431 5192/4139/1450
f 5197/4336/1438 5191/3982/1451 5190/3984/1438
f 5205/4337/1457 5201/4003/1426 5200/4005/1457
f 5203/4338/1448 5199/4006/1458 5198/4008/1448
f 5206/4153/1464 5212/4339/1402 5207/4152/1402
f 5211/4340/1468 5209/4023/1465 5208/4024/1468
f 5221/4341/1476 5217/4155/1429 5216/4156/1474
f 5214/4039/1470 5218/4342/1475 5215/4037/1475
f 5226/4343/1488 5222/4344/1487 5227/4345/1487
f 5228/4346/1484 5224/4347/1489 5229/4348/1489
f 4964/4315/1516 5182/4349/1517 4963/4350/1516
f 5198/3987/1385 5009/4012/1514 5008/4351/1514
f 5187/4352/1473 5053/3979/1472 5186/4353/1472
f 5186/4354/1472 5050/3978/1472 5189/4355/1473
f 5189/4333/1473 5051/4162/1473 5188/4334/1473
f 5188/4356/1473 4989/4163/1472 4988/3938/1472
f 5211/4357/1447 5003/4358/1447 5072/3943/1447
f 5187/4352/1517 5183/4359/1518 5182/4360/1517
f 5184/4361/1515 5186/4354/1519 5189/4355/1515
f 5227/4345/405 5093/4054/405 5226/4343/405
f 5226/4362/405 5090/4053/405 5229/4061/405
f 5229/4348/405 5091/3942/405 5228/4346/405
f 5228/4363/405 4997/3941/405 4996/3932/405
f 5098/3875/1040 5097/3898/1041 5109/3876/1041
f 5104/3878/1042 5116/3899/1042 5117/3879/1043
f 5095/3881/1044 5094/3889/1045 5106/3882/1045
f 5101/3884/1046 5113/3900/1046 5114/3885/1047
f 5098/3875/1040 5110/3877/1040 5111/3887/1048
f 5094/3889/1045 5105/3880/1043 5117/3879/1043
f 5095/3890/1044 5107/4364/1044 5108/3891/1049
f 5102/3886/1047 5114/3885/1047 5115/3893/1050
f 5100/3895/1051 5099/3888/1048 5111/3887/1048
f 5096/3897/1049 5108/4365/1049 5109/3876/1041
f 5103/3894/1050 5115/3893/1050 5116/3899/1042
f 5100/3895/1051 5112/3896/1051 5113/3900/1046
f 4984/3901/1392 4963/4064/1491 4962/3902/1393
f 4980/3904/1395 4982/4069/1493 4983/3905/1396
f 4976/3907/1398 4978/4077/1496 4979/3908/1399
f 4980/3910/1401 5207/4324/1402 5212/3911/1402
f 4972/3913/1403 4974/4085/1499 4975/3914/1404
f 4968/3916/1406 4970/4092/1501 4971/3917/1407
f 4964/3919/1409 4966/4100/1505 4967/3920/1410
f 5006/3922/1412 5008/4351/1412 5009/3923/1413
f 5002/3925/1414 5004/3950/1414 5005/3926/1415
f 4998/3928/1416 5000/4036/1416 5001/3929/1417
f 4995/3931/1418 4994/4056/382 4996/3932/382
f 4990/3934/1419 4992/3981/1419 4993/3935/1420
f 4986/3937/1421 4987/3974/1422 4988/3938/1422
f 5088/3940/1423 4995/4049/1418 4997/3941/1418
f 5072/3943/1424 5003/4358/1415 5005/3944/1415
f 4982/3946/1425 4984/4322/1425 5201/3947/1426
f 5208/3949/1427 5075/3945/1427 5005/3944/1427
f 4976/3951/1428 5217/4326/1429 5220/3952/1429
f 4968/3954/1430 5193/4317/1431 5194/3955/1431
f 4973/3957/1432 4971/4329/1432 5087/3958/1433
f 4979/3960/1434 5071/4150/1435 5076/3961/1435
f 5197/3963/1427 4990/4366/1427 4991/3964/1427
f 5184/3966/1436 5185/4367/1436 5046/3967/1436
f 5183/3969/1437 5184/4368/1436 5047/3968/1436
f 5190/3971/1438 4992/3981/1439 4990/3934/1439
f 5185/3973/1440 5188/4356/1440 4988/3938/1441
f 4962/3975/1442 5049/4136/1443 5052/3976/1443
f 5048/3970/1444 5047/3968/1445 5050/3978/1445
f 5190/3971/1447 5057/3983/1447 4993/3980/1447
f 5191/3982/1447 5056/3996/1447 5057/3983/1447
f 5196/3985/1427 5197/4369/1427 5060/3965/1427
f 5198/3987/1448 5008/4351/1449 5006/3922/1449
f 5192/3989/1450 5191/4137/1451 5196/3990/1451
f 5060/3965/1452 4991/3964/1420 4993/3980/1420
f 4969/3992/1453 4967/4370/1520 5059/3993/1454
f 5055/3995/1455 5058/4141/1455 5061/3986/1456
f 5203/3997/405 5006/4371/405 5007/3998/405
f 5204/4000/405 5205/4372/405 5066/4001/405
f 5201/4003/1385 5062/4014/1385 5063/4004/1385
f 5199/4006/1385 5064/4016/1385 5065/4007/1385
f 5205/4009/1457 5200/4144/1457 5199/4010/1458
f 5068/3999/1459 5007/3998/1413 5009/4012/1413
f 4983/4013/1460 5067/4002/1461 5062/4014/1461
f 5066/4001/1462 5069/4146/1463 5064/4016/1463
f 5206/4017/1464 5209/4151/1465 5210/4018/1465
f 5070/4020/1466 5073/4029/1467 5074/4021/1467
f 5209/4023/1427 5074/4021/1427 5075/3945/1427
f 5208/3949/1468 5004/3950/1469 5002/3925/1469
f 5214/4026/1470 5000/4036/1471 4998/3928/1471
f 5210/4028/1447 5211/4373/1447 5072/3943/1447
f 5219/4030/1472 4998/4374/1472 4999/4031/1472
f 5218/4033/1472 5219/4375/1472 5084/4032/1472
f 5214/4026/1437 5081/4038/1437 5001/4035/1436
f 5215/4037/1437 5080/4047/1437 5081/4038/1437
f 5216/4040/1474 5215/4154/1475 5218/4041/1475
f 5084/4032/1477 4999/4031/1417 5001/4035/1417
f 4977/4043/1478 4975/4327/1478 5083/4044/1479
f 5079/4046/1480 5082/4158/1480 5085/4034/1481
f 5225/4048/1385 4994/4376/1385 4995/4049/1385
f 5224/4050/1385 5225/4377/1385 5088/3940/1385
f 5086/4052/1482 5089/4051/1483 5090/4053/1483
f 5225/4055/1484 5228/4363/1484 4996/3932/1485
f 4972/4057/1486 5227/4331/1487 5222/4058/1487
f 5223/4060/1488 5226/4362/1488 5229/4061/1489
f 5033/4063/1490 5010/4107/1391 4963/4064/1491
f 5032/4065/1490 5011/4378/1391 5010/4066/1391
f 5031/4068/1492 5033/4063/1490 4984/3901/1392
f 5030/4070/1492 5032/4065/1490 5033/4067/1490
f 5029/4072/1494 5031/4068/1492 4982/4069/1493
f 5020/4073/1419 5038/4379/1419 5039/4074/1419
f 5027/4076/1495 5029/4072/1494 4980/3904/1395
f 5026/4078/1495 5028/4380/1494 5029/4079/1494
f 5025/4081/1497 5027/4076/1495 4978/4077/1496
f 5024/4082/1497 5026/4078/1495 5027/4080/1495
f 5023/4084/1498 5025/4081/1497 4976/3907/1398
f 5022/4086/1498 5024/4082/1497 5025/4083/1497
f 5021/4088/1500 5023/4084/1498 4974/4085/1499
f 5014/4089/34 5036/4381/34 5034/4090/34
f 4970/4092/1501 5019/4382/1502 5021/4088/1500
f 5019/4093/1502 5018/4098/1503 5020/4094/1500
f 5017/4096/1380 5019/4382/1502 4970/4092/1501
f 5017/4097/1380 5016/4383/1380 5018/4098/1503
f 5015/4099/1504 5017/4096/1380 4968/3916/1406
f 5014/4101/1504 5016/4383/1380 5017/4097/1380
f 5013/4103/1506 5015/4099/1504 4966/4100/1505
f 5031/4104/1422 5045/4120/1507 5044/4105/1507
f 5010/4107/1391 5013/4110/1506 4964/4108/1409
f 5011/4109/1391 5012/4184/1506 5013/4110/1506
f 5042/4111/1437 5044/4125/1437 5045/4112/1437
f 5038/4114/1447 5040/4129/1447 5041/4115/1447
f 5034/4090/1385 5036/4381/1514 5037/4117/1385
f 5031/4104/81 5029/4128/81 5043/4119/81
f 5015/4121/382 5037/4134/382 5036/4122/382
f 5028/4124/34 5030/4384/34 5044/4125/34
f 5023/4126/81 5021/4075/81 5039/4074/81
f 5028/4124/1508 5042/4111/1508 5043/4119/1508
f 5023/4126/1414 5041/4127/1414 5040/4129/1414
f 5022/4130/34 5040/4129/34 5038/4114/34
f 5012/4091/392 5034/4090/392 5035/4132/392
f 5013/4133/81 5035/4132/81 5037/4134/81
f 5182/4135/1437 5183/4385/1437 5048/3970/1437
f 5192/3989/1447 5055/3995/1447 5056/3996/1447
f 5193/4138/1447 5054/4386/1447 5055/3995/1447
f 5195/4140/1427 5196/4387/1427 5061/3986/1427
f 5194/4142/1427 5195/4388/1427 5058/4141/1427
f 5200/4144/1385 5063/4004/1385 5064/4016/1385
f 5205/4145/405 5202/4389/405 5069/4146/405
f 5202/4147/405 5203/4390/405 5068/3999/405
f 5213/4148/1447 5210/4391/1447 5073/4029/1447
f 5212/4149/1447 5213/4392/1447 5070/4020/1447
f 5206/4017/1427 5077/4022/1427 5074/4021/1427
f 5207/4152/1427 5076/3961/1427 5077/4022/1427
f 5216/4040/1437 5079/4046/1437 5080/4047/1437
f 5217/4155/1437 5078/4045/1437 5079/4046/1437
f 5221/4157/1473 5218/4393/1472 5085/4034/1473
f 5220/4159/1472 5221/4394/1473 5082/4158/1473
f 5223/4160/1385 5224/4395/1385 5089/4051/1385
f 5222/4161/1385 5223/4396/1385 5086/4052/1385
f 5048/3970/1444 5053/3979/1446 5052/3976/1443
f 5051/4162/1509 5050/3978/1445 5047/3968/1445
f 5055/3995/1455 5054/4386/1454 5059/4143/1454
f 5057/3983/1452 5056/3996/1456 5061/3986/1456
f 5063/4004/1462 5062/4014/1461 5067/4002/1461
f 5065/4007/1459 5064/4016/1463 5069/4146/1463
f 5077/4022/1466 5076/3961/1435 5071/4150/1435
f 5075/3945/1424 5074/4021/1467 5073/4029/1467
f 5079/4046/1480 5078/4045/1479 5083/4044/1479
f 5084/4032/1477 5081/4038/1477 5080/4047/1481
f 5093/4054/1482 5092/3959/1433 5087/3958/1433
f 5091/3942/1423 5090/4053/1483 5089/4051/1483
f 5046/3967/1509 4986/4321/1421 4989/4163/1421
f 5105/4164/1490 5094/4183/1391 5011/4109/1391
f 5104/4166/1510 5105/4164/1490 5032/4165/1490
f 5103/4168/1379 5104/4166/1510 5030/4167/1492
f 5102/4170/1495 5103/4168/1379 5028/4169/1494
f 5101/4172/1497 5102/4170/1495 5026/4171/1495
f 5100/4174/380 5101/4172/1497 5024/4173/1497
f 5099/4176/1511 5100/4174/380 5022/4175/1498
f 5018/4178/1503 5098/4397/1502 5099/4176/1511
f 5097/4179/1380 5098/4397/1502 5018/4178/1503
f 5096/3892/1512 5097/4179/1380 5016/4180/1380
f 5095/3890/1513 5096/3892/1512 5014/4181/1504
f 5094/4183/1391 5095/4398/1513 5012/4184/1506
f 4906/4185/81 4907/4247/81 5120/4186/81
f 4920/4188/81 5118/4248/81 5148/4189/81
f 4905/4191/81 4906/4185/81 5149/4187/81
f 4919/4190/81 5148/4189/81 5146/4193/81
f 4904/4195/81 4905/4191/81 5147/4192/81
f 4918/4194/81 5146/4193/81 5144/4197/81
f 4903/4199/81 4904/4195/81 5145/4196/81
f 4916/4201/81 4917/4198/81 5144/4197/81
f 4929/4203/81 4898/4230/81 5130/4204/81
f 4902/4206/81 4903/4199/81 5143/4200/81
f 4916/4201/81 5142/4202/81 5139/4208/81
f 4928/4210/81 4929/4203/81 5141/4205/81
f 4901/4212/81 4902/4206/81 5140/4207/81
f 4915/4209/81 5139/4208/81 5136/4214/81
f 4928/4210/81 5138/4211/81 5135/4216/81
f 4900/4218/81 4901/4212/81 5137/4213/81
f 4914/4215/81 5136/4214/81 5133/4220/81
f 4927/4217/81 5135/4216/81 5132/4222/81
f 4899/4224/81 4900/4218/81 5134/4219/81
f 4913/4221/81 5133/4220/81 5129/4226/81
f 4926/4223/81 5132/4222/81 5128/4228/81
f 4899/4224/81 5131/4225/81 5130/4204/81
f 4911/4231/81 4912/4227/81 5129/4226/81
f 4925/4229/81 5128/4228/81 5126/4233/81
f 4910/4235/81 4911/4231/81 5127/4232/81
f 4924/4234/81 5126/4233/81 5124/4237/81
f 4909/4239/81 4910/4235/81 5125/4236/81
f 4923/4238/81 5124/4237/81 5122/4241/81
f 4908/4243/81 4909/4239/81 5123/4240/81
f 4922/4242/81 5122/4241/81 5119/4245/81
f 4907/4247/81 4908/4243/81 5121/4244/81
f 4921/4246/81 5119/4245/81 5118/4248/81
f 4931/4249/34 4930/4312/34 5181/4250/34
f 4932/4252/34 4931/4249/34 5150/4251/34
f 4932/4252/34 5151/4253/34 5152/4254/34
f 4933/4255/34 5152/4254/34 5153/4256/34
f 4934/4257/34 5153/4256/34 5154/4258/34
f 4935/4259/34 5154/4258/34 5155/4260/34
f 4936/4261/34 5155/4260/34 5156/4262/34
f 4937/4263/34 5156/4262/34 5157/4264/34
f 4938/4265/34 5157/4264/34 5158/4266/34
f 4939/4267/34 5158/4266/34 5159/4268/34
f 4940/4269/34 5159/4268/34 5160/4270/34
f 4941/4271/34 5160/4270/34 5161/4272/34
f 4942/4273/34 5161/4272/34 5162/4274/34
f 4943/4275/34 5162/4274/34 5163/4276/34
f 4944/4277/34 5163/4276/34 5164/4278/34
f 4945/4279/34 5164/4278/34 5165/4280/34
f 4946/4281/34 5165/4280/34 5166/4282/34
f 4947/4283/34 5166/4282/34 5167/4284/34
f 4948/4285/34 5167/4284/34 5168/4286/34
f 4950/4288/34 4949/4287/34 5168/4286/34
f 4951/4290/34 4950/4288/34 5169/4289/34
f 4952/4292/34 4951/4290/34 5170/4291/34
f 4953/4294/34 4952/4292/34 5171/4293/34
f 4954/4296/34 4953/4294/34 5172/4295/34
f 4955/4298/34 4954/4296/34 5173/4297/34
f 4956/4300/34 4955/4298/34 5174/4299/34
f 4957/4302/34 4956/4300/34 5175/4301/34
f 4958/4304/34 4957/4302/34 5176/4303/34
f 4959/4306/34 4958/4304/34 5177/4305/34
f 4960/4308/34 4959/4306/34 5178/4307/34
f 4961/4310/34 4960/4308/34 5179/4309/34
f 4930/4312/34 4961/4310/34 5180/4311/34
f 5182/4135/1437 5049/4136/1437 4962/3975/1437
f 4965/3977/1473 5052/3976/1473 5187/4314/1473
f 4969/4316/1447 5054/4386/1447 5193/4317/1447
f 4967/4318/1427 4966/4399/1427 5194/4319/1427
f 5185/4320/1436 4987/4400/1436 4986/4321/1436
f 4985/4015/1385 5062/4014/1385 5201/3947/1385
f 4983/4013/405 4982/4401/405 5204/4323/405
f 4981/3962/1427 5076/3961/1427 5207/4324/1427
f 4979/3960/1447 4978/4402/1447 5212/4325/1447
f 4977/4043/1437 5078/4045/1437 5217/4326/1437
f 4975/4327/1472 4974/4403/1472 5220/4328/1472
f 4971/4329/1514 4970/4404/1514 5222/4330/1385
f 4973/3957/405 5092/3959/405 5227/4331/405
f 5185/4332/1440 5184/4405/1515 5189/4333/1515
f 5195/4335/1450 5194/4406/1431 5193/4138/1431
f 5197/4336/1438 5196/4407/1451 5191/3982/1451
f 5205/4337/1457 5204/4408/1426 5201/4003/1426
f 5203/4338/1448 5202/4409/1458 5199/4006/1458
f 5206/4153/1464 5213/4410/1464 5212/4339/1402
f 5211/4340/1468 5210/4411/1465 5209/4023/1465
f 5221/4341/1476 5220/4412/1429 5217/4155/1429
f 5214/4039/1470 5219/4413/1470 5218/4342/1475
f 5226/4343/1488 5223/4414/1488 5222/4344/1487
f 5228/4346/1484 5225/4415/1484 5224/4347/1489
f 4964/4315/1516 5187/4314/1517 5182/4349/1517
f 5198/3987/1385 5065/4007/1385 5009/4012/1514
f 5187/4352/1473 5052/3976/1473 5053/3979/1472
f 5186/4354/1472 5053/3979/1472 5050/3978/1472
f 5189/4333/1473 5050/3978/1472 5051/4162/1473
f 5188/4356/1473 5051/4162/1473 4989/4163/1472
f 5211/4357/1447 5002/4416/1447 5003/4358/1447
f 5187/4352/1517 5186/4353/1519 5183/4359/1518
f 5184/4361/1515 5183/4417/1518 5186/4354/1519
f 5227/4345/405 5092/3959/405 5093/4054/405
f 5226/4362/405 5093/4054/405 5090/4053/405
f 5229/4348/405 5090/4053/405 5091/3942/405
f 5228/4363/405 5091/3942/405 4997/3941/405
f 5286/3809/70 5254/3810/70 5285/3811/1032
f 5254/3810/70 5286/3809/70 5287/3812/1031
f 5254/3810/70 5253/3813/1032 5285/3811/1032
f 5287/3812/1031 5255/3814/1031 5254/3810/70
f 5253/3813/1032 5284/3815/451 5285/3811/1032
f 5287/3812/1031 5288/3816/639 5255/3814/1031
f 5253/3813/1032 5252/3817/451 5284/3815/451
f 5288/3816/639 5256/3818/639 5255/3814/1031
f 5288/3816/639 5289/3819/1034 5256/3818/639
f 5289/3819/1034 5257/3820/1034 5256/3818/639
f 5252/3817/451 5283/3821/1033 5284/3815/451
f 5283/3821/1033 5252/3817/451 5251/3822/1033
f 5289/3819/1034 5290/3823/61 5257/3820/1034
f 5290/3823/61 5258/3824/61 5257/3820/1034
f 5283/3821/1033 5251/3822/1033 5282/3825/60
f 5251/3822/1033 5250/3826/60 5282/3825/60
f 5250/3826/60 5281/3827/649 5282/3825/60
f 5290/3823/61 5291/3828/461 5258/3824/61
f 5250/3826/60 5249/3829/649 5281/3827/649
f 5291/3828/461 5259/3830/461 5258/3824/61
f 5291/3828/461 5292/3831/241 5259/3830/461
f 5281/3827/649 5249/3829/649 5280/3832/248
f 5249/3829/649 5248/3833/248 5280/3832/248
f 5259/3830/461 5292/3831/241 5260/3834/241
f 5248/3833/248 5279/3835/616 5280/3832/248
f 5260/3834/241 5292/3831/241 5261/3836/242
f 5248/3833/248 5247/3837/616 5279/3835/616
f 5261/3836/242 5292/3831/241 5293/3838/242
f 5247/3837/616 5278/3839/68 5279/3835/616
f 5278/3839/68 5247/3837/616 5246/3840/68
f 5261/3836/242 5293/3838/242 5262/3841/137
f 5262/3841/137 5230/3842/137 5261/3836/242
f 5262/3841/137 5263/3843/465 5230/3842/137
f 5278/3839/68 5246/3840/68 5277/3844/653
f 5277/3844/653 5246/3840/68 5245/3845/653
f 5230/3842/137 5263/3843/465 5231/3846/465
f 5231/3846/465 5263/3843/465 5264/3847/255
f 5231/3846/465 5264/3847/255 5232/3848/255
f 5277/3844/653 5245/3845/653 5276/3849/250
f 5245/3850/653 5244/3851/250 5276/3852/250
f 5244/3851/250 5275/3853/1035 5276/3852/250
f 5232/3848/255 5264/3847/255 5265/3854/254
f 5244/3851/250 5243/3855/1035 5275/3853/1035
f 5232/3848/255 5265/3854/254 5233/3856/254
f 5275/3853/1035 5243/3855/1035 5274/3857/53
f 5233/3856/254 5265/3854/254 5266/3858/58
f 5233/3856/254 5266/3858/58 5234/3859/58
f 5274/3857/53 5243/3855/1035 5242/3860/53
f 5234/3859/58 5266/3858/58 5267/3861/1037
f 5274/3857/53 5242/3860/53 5273/3862/1036
f 5234/3859/58 5267/3861/1037 5235/3863/1037
f 5273/3862/1036 5242/3860/53 5241/3864/1036
f 5235/3863/1037 5267/3861/1037 5268/3865/252
f 5273/3862/1036 5241/3864/1036 5272/3866/251
f 5235/3863/1037 5268/3865/252 5236/3867/252
f 5272/3866/251 5241/3864/1036 5240/3868/251
f 5236/3867/252 5268/3865/252 5269/3869/1039
f 5272/3866/251 5240/3868/251 5271/3870/1038
f 5271/3870/1038 5240/3868/251 5239/3871/1038
f 5236/3867/252 5269/3869/1039 5237/3872/1039
f 5271/3870/1038 5239/3871/1038 5270/3873/65
f 5237/3872/1039 5269/3869/1039 5270/3873/65
f 5270/3873/65 5239/3871/1038 5238/3874/65
f 5237/3872/1039 5270/3873/65 5238/3874/65
f 5430/3875/1199 5441/3876/1200 5442/3877/1199
f 5436/3878/1201 5449/3879/1202 5437/3880/1202
f 5427/3881/1203 5438/3882/1204 5439/3883/1203
f 5433/3884/1205 5446/3885/1206 5434/3886/1206
f 5430/3875/1199 5443/3887/1207 5431/3888/1207
f 5426/3889/1204 5449/3879/1202 5438/3882/1204
f 5427/3890/1203 5440/3891/1208 5428/3892/1208
f 5434/3886/1206 5447/3893/1209 5435/3894/1209
f 5432/3895/1210 5443/3887/1207 5444/3896/1210
f 5428/3897/1208 5441/3876/1200 5429/3898/1200
f 5435/3894/1209 5448/3899/1201 5436/3878/1201
f 5432/3895/1210 5445/3900/1205 5433/3884/1205
f 5316/3901/1147 5294/3902/1211 5317/3903/1212
f 5312/3904/1213 5315/3905/1214 5313/3906/1521
f 5308/3907/1143 5311/3908/1215 5309/3909/1143
f 5312/3910/1216 5544/3911/1217 5310/3912/1216
f 5304/3913/1218 5307/3914/1219 5305/3915/1220
f 5300/3916/1139 5303/3917/1221 5301/3918/1522
f 5296/3919/1222 5299/3920/1137 5297/3921/1222
f 5338/3922/53 5341/3923/1223 5339/3924/1223
f 5334/3925/59 5337/3926/1224 5335/3927/1224
f 5330/3928/63 5333/3929/1225 5331/3930/1225
f 5327/3931/1226 5328/3932/61 5329/3933/1226
f 5322/3934/57 5325/3935/1227 5323/3936/1227
f 5318/3937/1228 5320/3938/55 5321/3939/1228
f 5420/3940/1229 5329/3941/1226 5423/3942/1229
f 5404/3943/1230 5337/3944/1224 5407/3945/1230
f 5314/3946/1231 5533/3947/1232 5536/3948/1232
f 5540/3949/56 5337/3944/56 5336/3950/56
f 5308/3951/1233 5552/3952/1234 5306/3953/1233
f 5300/3954/1235 5526/3955/1236 5298/3956/1235
f 5305/3957/1237 5419/3958/1238 5424/3959/1238
f 5311/3960/1239 5408/3961/1240 5313/3962/1239
f 5529/3963/56 5323/3964/56 5392/3965/56
f 5516/3966/54 5378/3967/54 5379/3968/54
f 5515/3969/54 5379/3968/54 5380/3970/54
f 5522/3971/1241 5322/3934/1242 5529/3972/1241
f 5517/3973/1243 5320/3938/1244 5319/3974/1244
f 5294/3975/1245 5384/3976/1246 5297/3977/1245
f 5380/3970/1247 5382/3978/1248 5385/3979/1247
f 5522/3971/64 5325/3980/64 5324/3981/64
f 5523/3982/64 5389/3983/64 5522/3984/64
f 5528/3985/56 5392/3965/56 5393/3986/56
f 5530/3987/1249 5338/3922/1250 5535/3988/1249
f 5524/3989/1251 5528/3990/1252 5527/3991/1251
f 5392/3965/1253 5325/3980/1227 5389/3983/1253
f 5301/3992/1298 5391/3993/1255 5386/3994/1255
f 5387/3995/1256 5393/3986/1257 5388/3996/1523
f 5535/3997/60 5339/3998/60 5400/3999/60
f 5536/4000/60 5398/4001/60 5399/4002/60
f 5533/4003/58 5395/4004/58 5532/4005/58
f 5531/4006/58 5397/4007/58 5530/4008/58
f 5537/4009/1258 5531/4010/1259 5534/4011/1259
f 5400/3999/1260 5341/4012/1223 5397/4007/1260
f 5315/4013/1261 5394/4014/1262 5317/4015/1261
f 5398/4001/1263 5396/4016/1264 5395/4004/1263
f 5538/4017/1265 5542/4018/1524 5545/4019/1265
f 5402/4020/1267 5406/4021/1268 5409/4022/1267
f 5541/4023/56 5407/3945/56 5540/4024/56
f 5540/3949/1269 5334/3925/1270 5543/4025/1269
f 5546/4026/1271 5330/3928/1272 5551/4027/1271
f 5542/4028/64 5404/3943/64 5405/4029/64
f 5551/4030/62 5331/4031/62 5416/4032/62
f 5550/4033/62 5416/4032/62 5417/4034/62
f 5546/4026/54 5333/4035/54 5332/4036/54
f 5547/4037/54 5413/4038/54 5546/4039/54
f 5548/4040/1275 5550/4041/1274 5553/4042/1273
f 5416/4032/1276 5333/4035/1225 5413/4038/1276
f 5309/4043/1277 5415/4044/1278 5410/4045/1278
f 5411/4046/1279 5417/4034/1525 5412/4047/1525
f 5557/4048/58 5327/4049/58 5420/3940/58
f 5556/4050/58 5420/3940/58 5421/4051/58
f 5418/4052/1281 5422/4053/1282 5425/4054/1281
f 5557/4055/1283 5328/3932/1284 5326/4056/1284
f 5304/4057/1285 5554/4058/1286 5302/4059/1526
f 5555/4060/1288 5561/4061/1289 5556/4062/1289
f 5365/4063/166 5295/4064/1290 5316/3901/1147
f 5364/4065/166 5342/4066/65 5365/4067/166
f 5363/4068/1069 5316/3901/1147 5314/4069/1146
f 5362/4070/1069 5365/4067/166 5363/4071/1069
f 5361/4072/1065 5314/4069/1146 5312/3904/1213
f 5352/4073/57 5371/4074/57 5353/4075/57
f 5359/4076/1145 5312/3904/1213 5310/4077/1215
f 5358/4078/1145 5361/4079/1065 5359/4080/1145
f 5357/4081/167 5310/4077/1215 5308/3907/1143
f 5356/4082/167 5359/4080/1145 5357/4083/167
f 5355/4084/1142 5308/3907/1143 5306/4085/1141
f 5354/4086/1142 5357/4083/167 5355/4087/1142
f 5353/4088/1058 5306/4085/1141 5304/3913/1218
f 5346/4089/81 5366/4090/81 5344/4091/81
f 5302/4092/1291 5353/4088/1058 5304/3913/1218
f 5351/4093/1140 5352/4094/1058 5353/4095/1058
f 5349/4096/137 5302/4092/1291 5300/3916/1139
f 5349/4097/137 5350/4098/1140 5351/4093/1140
f 5347/4099/1138 5300/3916/1139 5298/4100/1137
f 5346/4101/1138 5349/4097/137 5347/4102/1138
f 5345/4103/1052 5298/4100/1137 5296/3919/1222
f 5363/4104/55 5376/4105/55 5362/4106/55
f 5342/4107/65 5296/4108/1222 5295/4064/1290
f 5343/4109/65 5345/4110/1052 5342/4107/65
f 5374/4111/54 5377/4112/54 5375/4113/54
f 5370/4114/64 5373/4115/64 5371/4116/64
f 5366/4090/58 5369/4117/58 5367/4118/58
f 5363/4104/34 5375/4119/34 5377/4120/34
f 5347/4121/61 5368/4122/61 5346/4123/61
f 5360/4124/81 5376/4125/81 5374/4111/81
f 5355/4126/34 5371/4074/34 5373/4127/34
f 5360/4124/63 5375/4119/63 5361/4128/63
f 5355/4126/59 5372/4129/59 5354/4130/59
f 5354/4130/81 5370/4114/81 5352/4131/81
f 5344/4091/53 5367/4132/53 5345/4133/53
f 5345/4133/34 5369/4134/34 5347/4121/34
f 5514/4135/54 5380/3970/54 5381/4136/54
f 5524/3989/64 5388/3996/64 5523/4137/64
f 5525/4138/64 5387/3995/64 5524/4139/64
f 5527/4140/56 5393/3986/56 5390/4141/56
f 5526/4142/56 5390/4141/56 5391/4143/56
f 5532/4144/58 5396/4016/58 5531/4010/58
f 5537/4145/60 5401/4146/60 5398/4001/60
f 5534/4147/60 5400/3999/60 5401/4146/60
f 5545/4148/64 5405/4029/64 5402/4020/64
f 5544/4149/64 5402/4020/64 5403/4150/64
f 5538/4017/56 5406/4021/56 5541/4151/56
f 5539/4152/56 5409/4022/56 5538/4153/56
f 5548/4040/54 5412/4047/54 5547/4154/54
f 5549/4155/54 5411/4046/54 5548/4156/54
f 5553/4157/62 5417/4034/62 5414/4158/62
f 5552/4159/62 5414/4158/62 5415/4044/62
f 5555/4160/58 5421/4051/58 5418/4052/58
f 5554/4161/58 5418/4052/58 5419/3958/58
f 5380/3970/1247 5384/3976/1246 5381/4136/1246
f 5383/4162/1292 5379/3968/1248 5378/3967/1292
f 5387/3995/1256 5391/4143/1255 5390/4141/1256
f 5389/3983/1253 5393/3986/1257 5392/3965/1253
f 5395/4004/1263 5399/4002/1262 5398/4001/1263
f 5397/4007/1260 5401/4146/1264 5400/3999/1260
f 5409/4022/1267 5403/4150/1240 5402/4020/1267
f 5407/3945/1230 5405/4029/1268 5404/3943/1230
f 5411/4046/1279 5415/4044/1278 5414/4158/1279
f 5416/4032/1276 5412/4047/1525 5417/4034/1525
f 5425/4054/1281 5419/3958/1238 5418/4052/1281
f 5423/3942/1229 5421/4051/1282 5420/3940/1229
f 5378/3967/1292 5321/4163/1228 5383/4162/1292
f 5437/4164/166 5343/4109/65 5364/4165/166
f 5436/4166/1150 5364/4165/166 5362/4167/1069
f 5435/4168/68 5362/4167/1069 5360/4169/1065
f 5434/4170/1145 5360/4169/1065 5358/4171/1145
f 5433/4172/167 5358/4171/1145 5356/4173/167
f 5432/4174/70 5356/4173/167 5354/4175/1142
f 5431/4176/169 5354/4175/1142 5352/4177/1058
f 5350/4178/1140 5431/4176/169 5352/4177/1058
f 5429/4179/137 5350/4178/1140 5348/4180/137
f 5428/3892/1149 5348/4180/137 5346/4181/1138
f 5427/3890/168 5346/4181/1138 5344/4182/1052
f 5426/4183/65 5344/4184/1052 5343/4109/65
f 5238/4185/34 5452/4186/34 5481/4187/34
f 5252/4188/34 5480/4189/34 5251/4190/34
f 5237/4191/34 5481/4187/34 5479/4192/34
f 5251/4190/34 5478/4193/34 5250/4194/34
f 5236/4195/34 5479/4192/34 5477/4196/34
f 5250/4194/34 5476/4197/34 5249/4198/34
f 5235/4199/34 5477/4196/34 5475/4200/34
f 5248/4201/34 5476/4197/34 5474/4202/34
f 5261/4203/34 5462/4204/34 5473/4205/34
f 5234/4206/34 5475/4200/34 5472/4207/34
f 5248/4201/34 5471/4208/34 5247/4209/34
f 5260/4210/34 5473/4205/34 5470/4211/34
f 5233/4212/34 5472/4207/34 5469/4213/34
f 5247/4209/34 5468/4214/34 5246/4215/34
f 5260/4210/34 5467/4216/34 5259/4217/34
f 5232/4218/34 5469/4213/34 5466/4219/34
f 5246/4215/34 5465/4220/34 5245/4221/34
f 5259/4217/34 5464/4222/34 5258/4223/34
f 5231/4224/34 5466/4219/34 5463/4225/34
f 5245/4221/34 5461/4226/34 5244/4227/34
f 5258/4223/34 5460/4228/34 5257/4229/34
f 5231/4224/34 5462/4204/34 5230/4230/34
f 5243/4231/34 5461/4226/34 5459/4232/34
f 5257/4229/34 5458/4233/34 5256/4234/34
f 5242/4235/34 5459/4232/34 5457/4236/34
f 5256/4234/34 5456/4237/34 5255/4238/34
f 5241/4239/34 5457/4236/34 5455/4240/34
f 5255/4238/34 5454/4241/34 5254/4242/34
f 5240/4243/34 5455/4240/34 5453/4244/34
f 5254/4242/34 5451/4245/34 5253/4246/34
f 5239/4247/34 5453/4244/34 5452/4186/34
f 5253/4246/34 5450/4248/34 5252/4188/34
f 5263/4249/81 5513/4250/81 5482/4251/81
f 5264/4252/81 5482/4251/81 5483/4253/81
f 5264/4252/81 5484/4254/81 5265/4255/81
f 5265/4255/81 5485/4256/81 5266/4257/81
f 5266/4257/81 5486/4258/81 5267/4259/81
f 5267/4259/81 5487/4260/81 5268/4261/81
f 5268/4261/81 5488/4262/81 5269/4263/81
f 5269/4263/81 5489/4264/81 5270/4265/81
f 5270/4265/81 5490/4266/81 5271/4267/81
f 5271/4267/81 5491/4268/81 5272/4269/81
f 5272/4269/81 5492/4270/81 5273/4271/81
f 5273/4271/81 5493/4272/81 5274/4273/81
f 5274/4273/81 5494/4274/81 5275/4275/81
f 5275/4275/81 5495/4276/81 5276/4277/81
f 5276/4277/81 5496/4278/81 5277/4279/81
f 5277/4279/81 5497/4280/81 5278/4281/81
f 5278/4281/81 5498/4282/81 5279/4283/81
f 5279/4283/81 5499/4284/81 5280/4285/81
f 5280/4285/81 5500/4286/81 5281/4287/81
f 5282/4288/81 5500/4286/81 5501/4289/81
f 5283/4290/81 5501/4289/81 5502/4291/81
f 5284/4292/81 5502/4291/81 5503/4293/81
f 5285/4294/81 5503/4293/81 5504/4295/81
f 5286/4296/81 5504/4295/81 5505/4297/81
f 5287/4298/81 5505/4297/81 5506/4299/81
f 5288/4300/81 5506/4299/81 5507/4301/81
f 5289/4302/81 5507/4301/81 5508/4303/81
f 5290/4304/81 5508/4303/81 5509/4305/81
f 5291/4306/81 5509/4305/81 5510/4307/81
f 5292/4308/81 5510/4307/81 5511/4309/81
f 5293/4310/81 5511/4309/81 5512/4311/81
f 5262/4312/81 5512/4311/81 5513/4250/81
f 5514/4135/54 5294/3975/54 5295/4313/54
f 5297/3977/62 5519/4314/62 5296/4315/62
f 5301/4316/64 5525/4317/64 5300/3954/64
f 5299/4318/56 5526/4319/56 5391/4143/56
f 5517/4320/54 5318/4321/54 5378/3967/54
f 5317/4015/58 5533/3947/58 5316/4322/58
f 5315/4013/60 5536/4323/60 5399/4002/60
f 5313/3962/56 5539/4324/56 5312/3910/56
f 5311/3960/64 5544/4325/64 5403/4150/64
f 5309/4043/54 5549/4326/54 5308/3951/54
f 5307/4327/62 5552/4328/62 5415/4044/62
f 5303/4329/58 5554/4330/58 5419/3958/58
f 5305/3957/60 5559/4331/60 5304/4057/60
f 5517/4332/1243 5521/4333/1527 5520/4334/1243
f 5527/4335/1251 5525/4138/1236 5524/4139/1251
f 5529/4336/1241 5523/3982/1252 5522/3984/1241
f 5537/4337/1258 5533/4003/1232 5532/4005/1258
f 5535/4338/1249 5531/4006/1259 5530/4008/1249
f 5538/4153/1265 5544/4339/1217 5539/4152/1217
f 5543/4340/1269 5541/4023/1524 5540/4024/1269
f 5553/4341/1273 5549/4155/1234 5548/4156/1275
f 5546/4039/1271 5550/4342/1274 5547/4037/1528
f 5558/4343/1288 5554/4344/1286 5559/4345/1286
f 5560/4346/1283 5556/4347/1289 5561/4348/1289
f 5296/4315/1294 5514/4349/1295 5295/4350/1294
f 5530/3987/58 5341/4012/58 5340/4351/58
f 5519/4352/62 5385/3979/62 5518/4353/62
f 5518/4354/62 5382/3978/62 5521/4355/62
f 5521/4333/62 5383/4162/62 5520/4334/62
f 5520/4356/62 5321/4163/62 5320/3938/62
f 5543/4357/64 5335/4358/64 5404/3943/64
f 5519/4352/1295 5515/4359/1297 5514/4360/1295
f 5516/4361/1527 5518/4354/1297 5521/4355/1527
f 5559/4345/60 5425/4054/60 5558/4343/60
f 5558/4362/60 5422/4053/60 5561/4061/60
f 5561/4348/60 5423/3942/60 5560/4346/60
f 5560/4363/60 5329/3941/60 5328/3932/60
f 5430/3875/1199 5429/3898/1200 5441/3876/1200
f 5436/3878/1201 5448/3899/1201 5449/3879/1202
f 5427/3881/1203 5426/3889/1204 5438/3882/1204
f 5433/3884/1205 5445/3900/1205 5446/3885/1206
f 5430/3875/1199 5442/3877/1199 5443/3887/1207
f 5426/3889/1204 5437/3880/1202 5449/3879/1202
f 5427/3890/1203 5439/4364/1203 5440/3891/1208
f 5434/3886/1206 5446/3885/1206 5447/3893/1209
f 5432/3895/1210 5431/3888/1207 5443/3887/1207
f 5428/3897/1208 5440/4365/1208 5441/3876/1200
f 5435/3894/1209 5447/3893/1209 5448/3899/1201
f 5432/3895/1210 5444/3896/1210 5445/3900/1205
f 5316/3901/1147 5295/4064/1290 5294/3902/1211
f 5312/3904/1213 5314/4069/1146 5315/3905/1214
f 5308/3907/1143 5310/4077/1215 5311/3908/1215
f 5312/3910/1216 5539/4324/1217 5544/3911/1217
f 5304/3913/1218 5306/4085/1141 5307/3914/1219
f 5300/3916/1139 5302/4092/1291 5303/3917/1221
f 5296/3919/1222 5298/4100/1137 5299/3920/1137
f 5338/3922/53 5340/4351/53 5341/3923/1223
f 5334/3925/59 5336/3950/59 5337/3926/1224
f 5330/3928/63 5332/4036/63 5333/3929/1225
f 5327/3931/1226 5326/4056/61 5328/3932/61
f 5322/3934/57 5324/3981/57 5325/3935/1227
f 5318/3937/1228 5319/3974/55 5320/3938/55
f 5420/3940/1229 5327/4049/1226 5329/3941/1226
f 5404/3943/1230 5335/4358/1224 5337/3944/1224
f 5314/3946/1231 5316/4322/1529 5533/3947/1232
f 5540/3949/56 5407/3945/56 5337/3944/56
f 5308/3951/1233 5549/4326/1234 5552/3952/1234
f 5300/3954/1235 5525/4317/1236 5526/3955/1236
f 5305/3957/1237 5303/4329/1237 5419/3958/1238
f 5311/3960/1239 5403/4150/1240 5408/3961/1240
f 5529/3963/56 5322/4366/56 5323/3964/56
f 5516/3966/54 5517/4367/54 5378/3967/54
f 5515/3969/54 5516/4368/54 5379/3968/54
f 5522/3971/1241 5324/3981/1242 5322/3934/1242
f 5517/3973/1243 5520/4356/1243 5320/3938/1244
f 5294/3975/1245 5381/4136/1246 5384/3976/1246
f 5380/3970/1247 5379/3968/1248 5382/3978/1248
f 5522/3971/64 5389/3983/64 5325/3980/64
f 5523/3982/64 5388/3996/64 5389/3983/64
f 5528/3985/56 5529/4369/56 5392/3965/56
f 5530/3987/1249 5340/4351/1250 5338/3922/1250
f 5524/3989/1251 5523/4137/1252 5528/3990/1252
f 5392/3965/1253 5323/3964/1227 5325/3980/1227
f 5301/3992/1298 5299/4370/1298 5391/3993/1255
f 5387/3995/1256 5390/4141/1256 5393/3986/1257
f 5535/3997/60 5338/4371/60 5339/3998/60
f 5536/4000/60 5537/4372/60 5398/4001/60
f 5533/4003/58 5394/4014/58 5395/4004/58
f 5531/4006/58 5396/4016/58 5397/4007/58
f 5537/4009/1258 5532/4144/1258 5531/4010/1259
f 5400/3999/1260 5339/3998/1223 5341/4012/1223
f 5315/4013/1261 5399/4002/1262 5394/4014/1262
f 5398/4001/1263 5401/4146/1264 5396/4016/1264
f 5538/4017/1265 5541/4151/1524 5542/4018/1524
f 5402/4020/1267 5405/4029/1268 5406/4021/1268
f 5541/4023/56 5406/4021/56 5407/3945/56
f 5540/3949/1269 5336/3950/1270 5334/3925/1270
f 5546/4026/1271 5332/4036/1272 5330/3928/1272
f 5542/4028/64 5543/4373/64 5404/3943/64
f 5551/4030/62 5330/4374/62 5331/4031/62
f 5550/4033/62 5551/4375/62 5416/4032/62
f 5546/4026/54 5413/4038/54 5333/4035/54
f 5547/4037/54 5412/4047/54 5413/4038/54
f 5548/4040/1275 5547/4154/1528 5550/4041/1274
f 5416/4032/1276 5331/4031/1225 5333/4035/1225
f 5309/4043/1277 5307/4327/1530 5415/4044/1278
f 5411/4046/1279 5414/4158/1279 5417/4034/1525
f 5557/4048/58 5326/4376/58 5327/4049/58
f 5556/4050/58 5557/4377/58 5420/3940/58
f 5418/4052/1281 5421/4051/1282 5422/4053/1282
f 5557/4055/1283 5560/4363/1283 5328/3932/1284
f 5304/4057/1285 5559/4331/1286 5554/4058/1286
f 5555/4060/1288 5558/4362/1288 5561/4061/1289
f 5365/4063/166 5342/4107/65 5295/4064/1290
f 5364/4065/166 5343/4378/65 5342/4066/65
f 5363/4068/1069 5365/4063/166 5316/3901/1147
f 5362/4070/1069 5364/4065/166 5365/4067/166
f 5361/4072/1065 5363/4068/1069 5314/4069/1146
f 5352/4073/57 5370/4379/57 5371/4074/57
f 5359/4076/1145 5361/4072/1065 5312/3904/1213
f 5358/4078/1145 5360/4380/1065 5361/4079/1065
f 5357/4081/167 5359/4076/1145 5310/4077/1215
f 5356/4082/167 5358/4078/1145 5359/4080/1145
f 5355/4084/1142 5357/4081/167 5308/3907/1143
f 5354/4086/1142 5356/4082/167 5357/4083/167
f 5353/4088/1058 5355/4084/1142 5306/4085/1141
f 5346/4089/81 5368/4381/81 5366/4090/81
f 5302/4092/1291 5351/4382/1140 5353/4088/1058
f 5351/4093/1140 5350/4098/1140 5352/4094/1058
f 5349/4096/137 5351/4382/1140 5302/4092/1291
f 5349/4097/137 5348/4383/137 5350/4098/1140
f 5347/4099/1138 5349/4096/137 5300/3916/1139
f 5346/4101/1138 5348/4383/137 5349/4097/137
f 5345/4103/1052 5347/4099/1138 5298/4100/1137
f 5363/4104/55 5377/4120/55 5376/4105/55
f 5342/4107/65 5345/4110/1052 5296/4108/1222
f 5343/4109/65 5344/4184/1052 5345/4110/1052
f 5374/4111/54 5376/4125/54 5377/4112/54
f 5370/4114/64 5372/4129/64 5373/4115/64
f 5366/4090/58 5368/4381/58 5369/4117/58
f 5363/4104/34 5361/4128/34 5375/4119/34
f 5347/4121/61 5369/4134/61 5368/4122/61
f 5360/4124/81 5362/4384/81 5376/4125/81
f 5355/4126/34 5353/4075/34 5371/4074/34
f 5360/4124/63 5374/4111/63 5375/4119/63
f 5355/4126/59 5373/4127/59 5372/4129/59
f 5354/4130/81 5372/4129/81 5370/4114/81
f 5344/4091/53 5366/4090/53 5367/4132/53
f 5345/4133/34 5367/4132/34 5369/4134/34
f 5514/4135/54 5515/4385/54 5380/3970/54
f 5524/3989/64 5387/3995/64 5388/3996/64
f 5525/4138/64 5386/4386/64 5387/3995/64
f 5527/4140/56 5528/4387/56 5393/3986/56
f 5526/4142/56 5527/4388/56 5390/4141/56
f 5532/4144/58 5395/4004/58 5396/4016/58
f 5537/4145/60 5534/4389/60 5401/4146/60
f 5534/4147/60 5535/4390/60 5400/3999/60
f 5545/4148/64 5542/4391/64 5405/4029/64
f 5544/4149/64 5545/4392/64 5402/4020/64
f 5538/4017/56 5409/4022/56 5406/4021/56
f 5539/4152/56 5408/3961/56 5409/4022/56
f 5548/4040/54 5411/4046/54 5412/4047/54
f 5549/4155/54 5410/4045/54 5411/4046/54
f 5553/4157/62 5550/4393/62 5417/4034/62
f 5552/4159/62 5553/4394/62 5414/4158/62
f 5555/4160/58 5556/4395/58 5421/4051/58
f 5554/4161/58 5555/4396/58 5418/4052/58
f 5380/3970/1247 5385/3979/1247 5384/3976/1246
f 5383/4162/1292 5382/3978/1248 5379/3968/1248
f 5387/3995/1256 5386/4386/1255 5391/4143/1255
f 5389/3983/1253 5388/3996/1523 5393/3986/1257
f 5395/4004/1263 5394/4014/1262 5399/4002/1262
f 5397/4007/1260 5396/4016/1264 5401/4146/1264
f 5409/4022/1267 5408/3961/1240 5403/4150/1240
f 5407/3945/1230 5406/4021/1268 5405/4029/1268
f 5411/4046/1279 5410/4045/1278 5415/4044/1278
f 5416/4032/1276 5413/4038/1276 5412/4047/1525
f 5425/4054/1281 5424/3959/1238 5419/3958/1238
f 5423/3942/1229 5422/4053/1282 5421/4051/1282
f 5378/3967/1292 5318/4321/1228 5321/4163/1228
f 5437/4164/166 5426/4183/65 5343/4109/65
f 5436/4166/1150 5437/4164/166 5364/4165/166
f 5435/4168/68 5436/4166/1150 5362/4167/1069
f 5434/4170/1145 5435/4168/68 5360/4169/1065
f 5433/4172/167 5434/4170/1145 5358/4171/1145
f 5432/4174/70 5433/4172/167 5356/4173/167
f 5431/4176/169 5432/4174/70 5354/4175/1142
f 5350/4178/1140 5430/4397/1140 5431/4176/169
f 5429/4179/137 5430/4397/1140 5350/4178/1140
f 5428/3892/1149 5429/4179/137 5348/4180/137
f 5427/3890/168 5428/3892/1149 5346/4181/1138
f 5426/4183/65 5427/4398/168 5344/4184/1052
f 5238/4185/34 5239/4247/34 5452/4186/34
f 5252/4188/34 5450/4248/34 5480/4189/34
f 5237/4191/34 5238/4185/34 5481/4187/34
f 5251/4190/34 5480/4189/34 5478/4193/34
f 5236/4195/34 5237/4191/34 5479/4192/34
f 5250/4194/34 5478/4193/34 5476/4197/34
f 5235/4199/34 5236/4195/34 5477/4196/34
f 5248/4201/34 5249/4198/34 5476/4197/34
f 5261/4203/34 5230/4230/34 5462/4204/34
f 5234/4206/34 5235/4199/34 5475/4200/34
f 5248/4201/34 5474/4202/34 5471/4208/34
f 5260/4210/34 5261/4203/34 5473/4205/34
f 5233/4212/34 5234/4206/34 5472/4207/34
f 5247/4209/34 5471/4208/34 5468/4214/34
f 5260/4210/34 5470/4211/34 5467/4216/34
f 5232/4218/34 5233/4212/34 5469/4213/34
f 5246/4215/34 5468/4214/34 5465/4220/34
f 5259/4217/34 5467/4216/34 5464/4222/34
f 5231/4224/34 5232/4218/34 5466/4219/34
f 5245/4221/34 5465/4220/34 5461/4226/34
f 5258/4223/34 5464/4222/34 5460/4228/34
f 5231/4224/34 5463/4225/34 5462/4204/34
f 5243/4231/34 5244/4227/34 5461/4226/34
f 5257/4229/34 5460/4228/34 5458/4233/34
f 5242/4235/34 5243/4231/34 5459/4232/34
f 5256/4234/34 5458/4233/34 5456/4237/34
f 5241/4239/34 5242/4235/34 5457/4236/34
f 5255/4238/34 5456/4237/34 5454/4241/34
f 5240/4243/34 5241/4239/34 5455/4240/34
f 5254/4242/34 5454/4241/34 5451/4245/34
f 5239/4247/34 5240/4243/34 5453/4244/34
f 5253/4246/34 5451/4245/34 5450/4248/34
f 5263/4249/81 5262/4312/81 5513/4250/81
f 5264/4252/81 5263/4249/81 5482/4251/81
f 5264/4252/81 5483/4253/81 5484/4254/81
f 5265/4255/81 5484/4254/81 5485/4256/81
f 5266/4257/81 5485/4256/81 5486/4258/81
f 5267/4259/81 5486/4258/81 5487/4260/81
f 5268/4261/81 5487/4260/81 5488/4262/81
f 5269/4263/81 5488/4262/81 5489/4264/81
f 5270/4265/81 5489/4264/81 5490/4266/81
f 5271/4267/81 5490/4266/81 5491/4268/81
f 5272/4269/81 5491/4268/81 5492/4270/81
f 5273/4271/81 5492/4270/81 5493/4272/81
f 5274/4273/81 5493/4272/81 5494/4274/81
f 5275/4275/81 5494/4274/81 5495/4276/81
f 5276/4277/81 5495/4276/81 5496/4278/81
f 5277/4279/81 5496/4278/81 5497/4280/81
f 5278/4281/81 5497/4280/81 5498/4282/81
f 5279/4283/81 5498/4282/81 5499/4284/81
f 5280/4285/81 5499/4284/81 5500/4286/81
f 5282/4288/81 5281/4287/81 5500/4286/81
f 5283/4290/81 5282/4288/81 5501/4289/81
f 5284/4292/81 5283/4290/81 5502/4291/81
f 5285/4294/81 5284/4292/81 5503/4293/81
f 5286/4296/81 5285/4294/81 5504/4295/81
f 5287/4298/81 5286/4296/81 5505/4297/81
f 5288/4300/81 5287/4298/81 5506/4299/81
f 5289/4302/81 5288/4300/81 5507/4301/81
f 5290/4304/81 5289/4302/81 5508/4303/81
f 5291/4306/81 5290/4304/81 5509/4305/81
f 5292/4308/81 5291/4306/81 5510/4307/81
f 5293/4310/81 5292/4308/81 5511/4309/81
f 5262/4312/81 5293/4310/81 5512/4311/81
f 5514/4135/54 5381/4136/54 5294/3975/54
f 5297/3977/62 5384/3976/62 5519/4314/62
f 5301/4316/64 5386/4386/64 5525/4317/64
f 5299/4318/56 5298/4399/56 5526/4319/56
f 5517/4320/54 5319/4400/54 5318/4321/54
f 5317/4015/58 5394/4014/58 5533/3947/58
f 5315/4013/60 5314/4401/60 5536/4323/60
f 5313/3962/56 5408/3961/56 5539/4324/56
f 5311/3960/64 5310/4402/64 5544/4325/64
f 5309/4043/54 5410/4045/54 5549/4326/54
f 5307/4327/62 5306/4403/62 5552/4328/62
f 5303/4329/58 5302/4404/58 5554/4330/58
f 5305/3957/60 5424/3959/60 5559/4331/60
f 5517/4332/1243 5516/4405/1527 5521/4333/1527
f 5527/4335/1251 5526/4406/1236 5525/4138/1236
f 5529/4336/1241 5528/4407/1252 5523/3982/1252
f 5537/4337/1258 5536/4408/1232 5533/4003/1232
f 5535/4338/1249 5534/4409/1259 5531/4006/1259
f 5538/4153/1265 5545/4410/1265 5544/4339/1217
f 5543/4340/1269 5542/4411/1524 5541/4023/1524
f 5553/4341/1273 5552/4412/1234 5549/4155/1234
f 5546/4039/1271 5551/4413/1271 5550/4342/1274
f 5558/4343/1288 5555/4414/1288 5554/4344/1286
f 5560/4346/1283 5557/4415/1283 5556/4347/1289
f 5296/4315/1294 5519/4314/1295 5514/4349/1295
f 5530/3987/58 5397/4007/58 5341/4012/58
f 5519/4352/62 5384/3976/62 5385/3979/62
f 5518/4354/62 5385/3979/62 5382/3978/62
f 5521/4333/62 5382/3978/62 5383/4162/62
f 5520/4356/62 5383/4162/62 5321/4163/62
f 5543/4357/64 5334/4416/64 5335/4358/64
f 5519/4352/1295 5518/4353/1297 5515/4359/1297
f 5516/4361/1527 5515/4417/1297 5518/4354/1297
f 5559/4345/60 5424/3959/60 5425/4054/60
f 5558/4362/60 5425/4054/60 5422/4053/60
f 5561/4348/60 5422/4053/60 5423/3942/60
f 5560/4363/60 5423/3942/60 5329/3941/60
f 5618/3809/70 5586/3810/70 5617/3811/1032
f 5586/3810/70 5618/3809/70 5619/3812/1031
f 5586/3810/70 5585/3813/1032 5617/3811/1032
f 5619/3812/1031 5587/3814/1031 5586/3810/70
f 5585/3813/1032 5616/3815/451 5617/3811/1032
f 5619/3812/1031 5620/3816/639 5587/3814/1031
f 5585/3813/1032 5584/3817/451 5616/3815/451
f 5620/3816/639 5588/3818/639 5587/3814/1031
f 5620/3816/639 5621/3819/1034 5588/3818/639
f 5621/3819/1034 5589/3820/1034 5588/3818/639
f 5584/3817/451 5615/3821/1033 5616/3815/451
f 5615/3821/1033 5584/3817/451 5583/3822/1033
f 5621/3819/1034 5622/3823/61 5589/3820/1034
f 5622/3823/61 5590/3824/61 5589/3820/1034
f 5615/3821/1033 5583/3822/1033 5614/3825/60
f 5583/3822/1033 5582/3826/60 5614/3825/60
f 5582/3826/60 5613/3827/649 5614/3825/60
f 5622/3823/61 5623/3828/461 5590/3824/61
f 5582/3826/60 5581/3829/649 5613/3827/649
f 5623/3828/461 5591/3830/461 5590/3824/61
f 5623/3828/461 5624/3831/241 5591/3830/461
f 5613/3827/649 5581/3829/649 5612/3832/248
f 5581/3829/649 5580/3833/248 5612/3832/248
f 5591/3830/461 5624/3831/241 5592/3834/241
f 5580/3833/248 5611/3835/616 5612/3832/248
f 5592/3834/241 5624/3831/241 5593/3836/242
f 5580/3833/248 5579/3837/616 5611/3835/616
f 5593/3836/242 5624/3831/241 5625/3838/242
f 5579/3837/616 5610/3839/68 5611/3835/616
f 5610/3839/68 5579/3837/616 5578/3840/68
f 5593/3836/242 5625/3838/242 5594/3841/137
f 5594/3841/137 5562/3842/137 5593/3836/242
f 5594/3841/137 5595/3843/465 5562/3842/137
f 5610/3839/68 5578/3840/68 5609/3844/653
f 5609/3844/653 5578/3840/68 5577/3845/653
f 5562/3842/137 5595/3843/465 5563/3846/465
f 5563/3846/465 5595/3843/465 5596/3847/255
f 5563/3846/465 5596/3847/255 5564/3848/255
f 5609/3844/653 5577/3845/653 5608/3849/250
f 5577/3850/653 5576/3851/250 5608/3852/250
f 5576/3851/250 5607/3853/1035 5608/3852/250
f 5564/3848/255 5596/3847/255 5597/3854/254
f 5576/3851/250 5575/3855/1035 5607/3853/1035
f 5564/3848/255 5597/3854/254 5565/3856/254
f 5607/3853/1035 5575/3855/1035 5606/3857/53
f 5565/3856/254 5597/3854/254 5598/3858/58
f 5565/3856/254 5598/3858/58 5566/3859/58
f 5606/3857/53 5575/3855/1035 5574/3860/53
f 5566/3859/58 5598/3858/58 5599/3861/1037
f 5606/3857/53 5574/3860/53 5605/3862/1036
f 5566/3859/58 5599/3861/1037 5567/3863/1037
f 5605/3862/1036 5574/3860/53 5573/3864/1036
f 5567/3863/1037 5599/3861/1037 5600/3865/252
f 5605/3862/1036 5573/3864/1036 5604/3866/251
f 5567/3863/1037 5600/3865/252 5568/3867/252
f 5604/3866/251 5573/3864/1036 5572/3868/251
f 5568/3867/252 5600/3865/252 5601/3869/1039
f 5604/3866/251 5572/3868/251 5603/3870/1038
f 5603/3870/1038 5572/3868/251 5571/3871/1038
f 5568/3867/252 5601/3869/1039 5569/3872/1039
f 5603/3870/1038 5571/3871/1038 5602/3873/65
f 5569/3872/1039 5601/3869/1039 5602/3873/65
f 5602/3873/65 5571/3871/1038 5570/3874/65
f 5569/3872/1039 5602/3873/65 5570/3874/65
f 5762/3875/1199 5773/3876/1200 5774/3877/1199
f 5768/3878/1201 5781/3879/1202 5769/3880/1202
f 5759/3881/1203 5770/3882/1204 5771/3883/1203
f 5765/3884/1205 5778/3885/1206 5766/3886/1206
f 5762/3875/1199 5775/3887/1207 5763/3888/1207
f 5758/3889/1204 5781/3879/1202 5770/3882/1204
f 5759/3890/1203 5772/3891/1208 5760/3892/1208
f 5766/3886/1206 5779/3893/1209 5767/3894/1209
f 5764/3895/1210 5775/3887/1207 5776/3896/1210
f 5760/3897/1208 5773/3876/1200 5761/3898/1200
f 5767/3894/1209 5780/3899/1201 5768/3878/1201
f 5764/3895/1210 5777/3900/1205 5765/3884/1205
f 5648/3901/1147 5626/3902/1211 5649/3903/1212
f 5644/3904/1213 5647/3905/1214 5645/3906/1521
f 5640/3907/1143 5643/3908/1215 5641/3909/1143
f 5644/3910/1216 5876/3911/1217 5642/3912/1216
f 5636/3913/1218 5639/3914/1531 5637/3915/1220
f 5632/3916/1139 5635/3917/1221 5633/3918/1139
f 5628/3919/1222 5631/3920/1137 5629/3921/1222
f 5670/3922/53 5673/3923/1223 5671/3924/1223
f 5666/3925/59 5669/3926/1224 5667/3927/1224
f 5662/3928/63 5665/3929/1225 5663/3930/1225
f 5659/3931/1226 5660/3932/61 5661/3933/1226
f 5654/3934/57 5657/3935/1227 5655/3936/1227
f 5650/3937/1228 5652/3938/55 5653/3939/1228
f 5752/3940/1229 5661/3941/1226 5755/3942/1229
f 5736/3943/1230 5669/3944/1224 5739/3945/1230
f 5646/3946/1231 5865/3947/1232 5868/3948/1232
f 5872/3949/56 5669/3944/56 5668/3950/56
f 5640/3951/1233 5884/3952/1234 5638/3953/1233
f 5632/3954/1235 5858/3955/1236 5630/3956/1235
f 5637/3957/1237 5751/3958/1238 5756/3959/1238
f 5643/3960/1239 5740/3961/1240 5645/3962/1239
f 5861/3963/56 5655/3964/56 5724/3965/56
f 5848/3966/54 5710/3967/54 5711/3968/54
f 5847/3969/54 5711/3968/54 5712/3970/54
f 5854/3971/1241 5654/3934/1242 5861/3972/1241
f 5849/3973/1243 5652/3938/1244 5651/3974/1244
f 5626/3975/1245 5716/3976/1246 5629/3977/1245
f 5712/3970/1247 5714/3978/1248 5717/3979/1247
f 5854/3971/64 5657/3980/64 5656/3981/64
f 5855/3982/64 5721/3983/64 5854/3984/64
f 5860/3985/56 5724/3965/56 5725/3986/56
f 5862/3987/1249 5670/3922/1250 5867/3988/1249
f 5856/3989/1251 5860/3990/1252 5859/3991/1251
f 5724/3965/1253 5657/3980/1227 5721/3983/1253
f 5633/3992/1254 5723/3993/1255 5718/3994/1255
f 5719/3995/1256 5725/3986/1523 5720/3996/1523
f 5867/3997/60 5671/3998/60 5732/3999/60
f 5868/4000/60 5730/4001/60 5731/4002/60
f 5865/4003/58 5727/4004/58 5864/4005/58
f 5863/4006/58 5729/4007/58 5862/4008/58
f 5869/4009/1258 5863/4010/1259 5866/4011/1259
f 5732/3999/1260 5673/4012/1223 5729/4007/1260
f 5647/4013/1261 5726/4014/1262 5649/4015/1261
f 5730/4001/1263 5728/4016/1264 5727/4004/1263
f 5870/4017/1265 5874/4018/1524 5877/4019/1265
f 5734/4020/1267 5738/4021/1268 5741/4022/1267
f 5873/4023/56 5739/3945/56 5872/4024/56
f 5872/3949/1269 5666/3925/1270 5875/4025/1269
f 5878/4026/1271 5662/3928/1272 5883/4027/1271
f 5874/4028/64 5736/3943/64 5737/4029/64
f 5883/4030/62 5663/4031/62 5748/4032/62
f 5882/4033/62 5748/4032/62 5749/4034/62
f 5878/4026/54 5665/4035/54 5664/4036/54
f 5879/4037/54 5745/4038/54 5878/4039/54
f 5880/4040/1275 5882/4041/1528 5885/4042/1275
f 5748/4032/1276 5665/4035/1225 5745/4038/1276
f 5641/4043/1277 5747/4044/1278 5742/4045/1278
f 5743/4046/1279 5749/4034/1525 5744/4047/1525
f 5889/4048/58 5659/4049/58 5752/3940/58
f 5888/4050/58 5752/3940/58 5753/4051/58
f 5750/4052/1281 5754/4053/1282 5757/4054/1281
f 5889/4055/1283 5660/3932/1284 5658/4056/1284
f 5636/4057/1285 5886/4058/1286 5634/4059/1526
f 5887/4060/1288 5893/4061/1289 5888/4062/1289
f 5697/4063/166 5627/4064/1290 5648/3901/1147
f 5696/4065/166 5674/4066/65 5697/4067/166
f 5695/4068/1069 5648/3901/1147 5646/4069/1146
f 5694/4070/1069 5697/4067/166 5695/4071/1069
f 5693/4072/1065 5646/4069/1146 5644/3904/1213
f 5684/4073/57 5703/4074/57 5685/4075/57
f 5691/4076/1145 5644/3904/1213 5642/4077/1215
f 5690/4078/1145 5693/4079/1065 5691/4080/1145
f 5689/4081/167 5642/4077/1215 5640/3907/1143
f 5688/4082/167 5691/4080/1145 5689/4083/167
f 5687/4084/1142 5640/3907/1143 5638/4085/1141
f 5686/4086/1142 5689/4083/167 5687/4087/1142
f 5685/4088/1058 5638/4085/1141 5636/3913/1218
f 5678/4089/81 5698/4090/81 5676/4091/81
f 5634/4092/1291 5685/4088/1058 5636/3913/1218
f 5683/4093/1140 5684/4094/1058 5685/4095/1058
f 5681/4096/137 5634/4092/1291 5632/3916/1139
f 5681/4097/137 5682/4098/1140 5683/4093/1140
f 5679/4099/1138 5632/3916/1139 5630/4100/1137
f 5678/4101/1138 5681/4097/137 5679/4102/1138
f 5677/4103/1052 5630/4100/1137 5628/3919/1222
f 5695/4104/55 5708/4105/55 5694/4106/55
f 5674/4107/65 5628/4108/1222 5627/4064/1290
f 5675/4109/65 5677/4110/1052 5674/4107/65
f 5706/4111/54 5709/4112/54 5707/4113/54
f 5702/4114/64 5705/4115/64 5703/4116/64
f 5698/4090/58 5701/4117/58 5699/4118/58
f 5695/4104/34 5707/4119/34 5709/4120/34
f 5679/4121/61 5700/4122/61 5678/4123/61
f 5692/4124/81 5708/4125/81 5706/4111/81
f 5687/4126/34 5703/4074/34 5705/4127/34
f 5692/4124/63 5707/4119/63 5693/4128/63
f 5687/4126/59 5704/4129/59 5686/4130/59
f 5686/4130/81 5702/4114/81 5684/4131/81
f 5676/4091/53 5699/4132/53 5677/4133/53
f 5677/4133/34 5701/4134/34 5679/4121/34
f 5846/4135/54 5712/3970/54 5713/4136/54
f 5856/3989/64 5720/3996/64 5855/4137/64
f 5857/4138/64 5719/3995/64 5856/4139/64
f 5859/4140/56 5725/3986/56 5722/4141/56
f 5858/4142/56 5722/4141/56 5723/4143/56
f 5864/4144/58 5728/4016/58 5863/4010/58
f 5869/4145/60 5733/4146/60 5730/4001/60
f 5866/4147/60 5732/3999/60 5733/4146/60
f 5877/4148/64 5737/4029/64 5734/4020/64
f 5876/4149/64 5734/4020/64 5735/4150/64
f 5870/4017/56 5738/4021/56 5873/4151/56
f 5871/4152/56 5741/4022/56 5870/4153/56
f 5880/4040/54 5744/4047/54 5879/4154/54
f 5881/4155/54 5743/4046/54 5880/4156/54
f 5885/4157/62 5749/4034/62 5746/4158/62
f 5884/4159/62 5746/4158/62 5747/4044/62
f 5887/4160/58 5753/4051/58 5750/4052/58
f 5886/4161/58 5750/4052/58 5751/3958/58
f 5712/3970/1247 5716/3976/1246 5713/4136/1246
f 5715/4162/1292 5711/3968/1248 5710/3967/1292
f 5719/3995/1256 5723/4143/1255 5722/4141/1256
f 5721/3983/1253 5725/3986/1523 5724/3965/1253
f 5727/4004/1263 5731/4002/1262 5730/4001/1263
f 5729/4007/1260 5733/4146/1264 5732/3999/1260
f 5741/4022/1267 5735/4150/1240 5734/4020/1267
f 5739/3945/1230 5737/4029/1268 5736/3943/1230
f 5743/4046/1279 5747/4044/1278 5746/4158/1279
f 5748/4032/1276 5744/4047/1525 5749/4034/1525
f 5757/4054/1281 5751/3958/1238 5750/4052/1281
f 5755/3942/1229 5753/4051/1282 5752/3940/1229
f 5710/3967/1292 5653/4163/1228 5715/4162/1292
f 5769/4164/166 5675/4109/65 5696/4165/166
f 5768/4166/1150 5696/4165/166 5694/4167/1069
f 5767/4168/68 5694/4167/1069 5692/4169/1065
f 5766/4170/1145 5692/4169/1065 5690/4171/1145
f 5765/4172/167 5690/4171/1145 5688/4173/167
f 5764/4174/70 5688/4173/167 5686/4175/1142
f 5763/4176/169 5686/4175/1142 5684/4177/1058
f 5682/4178/1140 5763/4176/169 5684/4177/1058
f 5761/4179/137 5682/4178/1140 5680/4180/137
f 5760/3892/1149 5680/4180/137 5678/4181/1138
f 5759/3890/168 5678/4181/1138 5676/4182/1052
f 5758/4183/65 5676/4184/1052 5675/4109/65
f 5570/4185/34 5784/4186/34 5813/4187/34
f 5584/4188/34 5812/4189/34 5583/4190/34
f 5569/4191/34 5813/4187/34 5811/4192/34
f 5583/4190/34 5810/4193/34 5582/4194/34
f 5568/4195/34 5811/4192/34 5809/4196/34
f 5582/4194/34 5808/4197/34 5581/4198/34
f 5567/4199/34 5809/4196/34 5807/4200/34
f 5580/4201/34 5808/4197/34 5806/4202/34
f 5593/4203/34 5794/4204/34 5805/4205/34
f 5566/4206/34 5807/4200/34 5804/4207/34
f 5580/4201/34 5803/4208/34 5579/4209/34
f 5592/4210/34 5805/4205/34 5802/4211/34
f 5565/4212/34 5804/4207/34 5801/4213/34
f 5579/4209/34 5800/4214/34 5578/4215/34
f 5592/4210/34 5799/4216/34 5591/4217/34
f 5564/4218/34 5801/4213/34 5798/4219/34
f 5578/4215/34 5797/4220/34 5577/4221/34
f 5591/4217/34 5796/4222/34 5590/4223/34
f 5563/4224/34 5798/4219/34 5795/4225/34
f 5577/4221/34 5793/4226/34 5576/4227/34
f 5590/4223/34 5792/4228/34 5589/4229/34
f 5563/4224/34 5794/4204/34 5562/4230/34
f 5575/4231/34 5793/4226/34 5791/4232/34
f 5589/4229/34 5790/4233/34 5588/4234/34
f 5574/4235/34 5791/4232/34 5789/4236/34
f 5588/4234/34 5788/4237/34 5587/4238/34
f 5573/4239/34 5789/4236/34 5787/4240/34
f 5587/4238/34 5786/4241/34 5586/4242/34
f 5572/4243/34 5787/4240/34 5785/4244/34
f 5586/4242/34 5783/4245/34 5585/4246/34
f 5571/4247/34 5785/4244/34 5784/4186/34
f 5585/4246/34 5782/4248/34 5584/4188/34
f 5595/4249/81 5845/4250/81 5814/4251/81
f 5596/4252/81 5814/4251/81 5815/4253/81
f 5596/4252/81 5816/4254/81 5597/4255/81
f 5597/4255/81 5817/4256/81 5598/4257/81
f 5598/4257/81 5818/4258/81 5599/4259/81
f 5599/4259/81 5819/4260/81 5600/4261/81
f 5600/4261/81 5820/4262/81 5601/4263/81
f 5601/4263/81 5821/4264/81 5602/4265/81
f 5602/4265/81 5822/4266/81 5603/4267/81
f 5603/4267/81 5823/4268/81 5604/4269/81
f 5604/4269/81 5824/4270/81 5605/4271/81
f 5605/4271/81 5825/4272/81 5606/4273/81
f 5606/4273/81 5826/4274/81 5607/4275/81
f 5607/4275/81 5827/4276/81 5608/4277/81
f 5608/4277/81 5828/4278/81 5609/4279/81
f 5609/4279/81 5829/4280/81 5610/4281/81
f 5610/4281/81 5830/4282/81 5611/4283/81
f 5611/4283/81 5831/4284/81 5612/4285/81
f 5612/4285/81 5832/4286/81 5613/4287/81
f 5614/4288/81 5832/4286/81 5833/4289/81
f 5615/4290/81 5833/4289/81 5834/4291/81
f 5616/4292/81 5834/4291/81 5835/4293/81
f 5617/4294/81 5835/4293/81 5836/4295/81
f 5618/4296/81 5836/4295/81 5837/4297/81
f 5619/4298/81 5837/4297/81 5838/4299/81
f 5620/4300/81 5838/4299/81 5839/4301/81
f 5621/4302/81 5839/4301/81 5840/4303/81
f 5622/4304/81 5840/4303/81 5841/4305/81
f 5623/4306/81 5841/4305/81 5842/4307/81
f 5624/4308/81 5842/4307/81 5843/4309/81
f 5625/4310/81 5843/4309/81 5844/4311/81
f 5594/4312/81 5844/4311/81 5845/4250/81
f 5846/4135/54 5626/3975/54 5627/4313/54
f 5629/3977/62 5851/4314/62 5628/4315/62
f 5633/4316/64 5857/4317/64 5632/3954/64
f 5631/4318/56 5858/4319/56 5723/4143/56
f 5849/4320/54 5650/4321/54 5710/3967/54
f 5649/4015/58 5865/3947/58 5648/4322/58
f 5647/4013/60 5868/4323/60 5731/4002/60
f 5645/3962/56 5871/4324/56 5644/3910/56
f 5643/3960/64 5876/4325/64 5735/4150/64
f 5641/4043/54 5881/4326/54 5640/3951/54
f 5639/4327/62 5884/4328/62 5747/4044/62
f 5635/4329/58 5886/4330/58 5751/3958/58
f 5637/3957/60 5891/4331/60 5636/4057/60
f 5849/4332/1243 5853/4333/1527 5852/4334/1243
f 5859/4335/1251 5857/4138/1236 5856/4139/1251
f 5861/4336/1241 5855/3982/1252 5854/3984/1241
f 5869/4337/1258 5865/4003/1232 5864/4005/1258
f 5867/4338/1249 5863/4006/1259 5862/4008/1249
f 5870/4153/1265 5876/4339/1217 5871/4152/1217
f 5875/4340/1269 5873/4023/1266 5872/4024/1269
f 5885/4341/1275 5881/4155/1234 5880/4156/1275
f 5878/4039/1271 5882/4342/1528 5879/4037/1528
f 5890/4343/1288 5886/4344/1286 5891/4345/1286
f 5892/4346/1283 5888/4347/1289 5893/4348/1289
f 5628/4315/1294 5846/4349/1295 5627/4350/1294
f 5862/3987/58 5673/4012/58 5672/4351/58
f 5851/4352/62 5717/3979/62 5850/4353/62
f 5850/4354/62 5714/3978/62 5853/4355/62
f 5853/4333/62 5715/4162/62 5852/4334/62
f 5852/4356/62 5653/4163/62 5652/3938/62
f 5875/4357/64 5667/4358/64 5736/3943/64
f 5851/4352/1295 5847/4359/1297 5846/4360/1295
f 5848/4361/1527 5850/4354/1297 5853/4355/1527
f 5891/4345/60 5757/4054/60 5890/4343/60
f 5890/4362/60 5754/4053/60 5893/4061/60
f 5893/4348/60 5755/3942/60 5892/4346/60
f 5892/4363/60 5661/3941/60 5660/3932/60
f 5762/3875/1199 5761/3898/1200 5773/3876/1200
f 5768/3878/1201 5780/3899/1201 5781/3879/1202
f 5759/3881/1203 5758/3889/1204 5770/3882/1204
f 5765/3884/1205 5777/3900/1205 5778/3885/1206
f 5762/3875/1199 5774/3877/1199 5775/3887/1207
f 5758/3889/1204 5769/3880/1202 5781/3879/1202
f 5759/3890/1203 5771/4364/1203 5772/3891/1208
f 5766/3886/1206 5778/3885/1206 5779/3893/1209
f 5764/3895/1210 5763/3888/1207 5775/3887/1207
f 5760/3897/1208 5772/4365/1208 5773/3876/1200
f 5767/3894/1209 5779/3893/1209 5780/3899/1201
f 5764/3895/1210 5776/3896/1210 5777/3900/1205
f 5648/3901/1147 5627/4064/1290 5626/3902/1211
f 5644/3904/1213 5646/4069/1146 5647/3905/1214
f 5640/3907/1143 5642/4077/1215 5643/3908/1215
f 5644/3910/1216 5871/4324/1217 5876/3911/1217
f 5636/3913/1218 5638/4085/1141 5639/3914/1531
f 5632/3916/1139 5634/4092/1291 5635/3917/1221
f 5628/3919/1222 5630/4100/1137 5631/3920/1137
f 5670/3922/53 5672/4351/53 5673/3923/1223
f 5666/3925/59 5668/3950/59 5669/3926/1224
f 5662/3928/63 5664/4036/63 5665/3929/1225
f 5659/3931/1226 5658/4056/61 5660/3932/61
f 5654/3934/57 5656/3981/57 5657/3935/1227
f 5650/3937/1228 5651/3974/55 5652/3938/55
f 5752/3940/1229 5659/4049/1226 5661/3941/1226
f 5736/3943/1230 5667/4358/1224 5669/3944/1224
f 5646/3946/1231 5648/4322/1529 5865/3947/1232
f 5872/3949/56 5739/3945/56 5669/3944/56
f 5640/3951/1233 5881/4326/1234 5884/3952/1234
f 5632/3954/1235 5857/4317/1236 5858/3955/1236
f 5637/3957/1237 5635/4329/1237 5751/3958/1238
f 5643/3960/1239 5735/4150/1240 5740/3961/1240
f 5861/3963/56 5654/4366/56 5655/3964/56
f 5848/3966/54 5849/4367/54 5710/3967/54
f 5847/3969/54 5848/4368/54 5711/3968/54
f 5854/3971/1241 5656/3981/1242 5654/3934/1242
f 5849/3973/1243 5852/4356/1243 5652/3938/1244
f 5626/3975/1245 5713/4136/1246 5716/3976/1246
f 5712/3970/1247 5711/3968/1248 5714/3978/1248
f 5854/3971/64 5721/3983/64 5657/3980/64
f 5855/3982/64 5720/3996/64 5721/3983/64
f 5860/3985/56 5861/4369/56 5724/3965/56
f 5862/3987/1249 5672/4351/1250 5670/3922/1250
f 5856/3989/1251 5855/4137/1252 5860/3990/1252
f 5724/3965/1253 5655/3964/1227 5657/3980/1227
f 5633/3992/1254 5631/4370/1254 5723/3993/1255
f 5719/3995/1256 5722/4141/1256 5725/3986/1523
f 5867/3997/60 5670/4371/60 5671/3998/60
f 5868/4000/60 5869/4372/60 5730/4001/60
f 5865/4003/58 5726/4014/58 5727/4004/58
f 5863/4006/58 5728/4016/58 5729/4007/58
f 5869/4009/1258 5864/4144/1258 5863/4010/1259
f 5732/3999/1260 5671/3998/1223 5673/4012/1223
f 5647/4013/1261 5731/4002/1262 5726/4014/1262
f 5730/4001/1263 5733/4146/1264 5728/4016/1264
f 5870/4017/1265 5873/4151/1266 5874/4018/1524
f 5734/4020/1267 5737/4029/1268 5738/4021/1268
f 5873/4023/56 5738/4021/56 5739/3945/56
f 5872/3949/1269 5668/3950/1270 5666/3925/1270
f 5878/4026/1271 5664/4036/1272 5662/3928/1272
f 5874/4028/64 5875/4373/64 5736/3943/64
f 5883/4030/62 5662/4374/62 5663/4031/62
f 5882/4033/62 5883/4375/62 5748/4032/62
f 5878/4026/54 5745/4038/54 5665/4035/54
f 5879/4037/54 5744/4047/54 5745/4038/54
f 5880/4040/1275 5879/4154/1528 5882/4041/1528
f 5748/4032/1276 5663/4031/1225 5665/4035/1225
f 5641/4043/1277 5639/4327/1530 5747/4044/1278
f 5743/4046/1279 5746/4158/1279 5749/4034/1525
f 5889/4048/58 5658/4376/58 5659/4049/58
f 5888/4050/58 5889/4377/58 5752/3940/58
f 5750/4052/1281 5753/4051/1282 5754/4053/1282
f 5889/4055/1283 5892/4363/1283 5660/3932/1284
f 5636/4057/1285 5891/4331/1286 5886/4058/1286
f 5887/4060/1288 5890/4362/1288 5893/4061/1289
f 5697/4063/166 5674/4107/65 5627/4064/1290
f 5696/4065/166 5675/4378/65 5674/4066/65
f 5695/4068/1069 5697/4063/166 5648/3901/1147
f 5694/4070/1069 5696/4065/166 5697/4067/166
f 5693/4072/1065 5695/4068/1069 5646/4069/1146
f 5684/4073/57 5702/4379/57 5703/4074/57
f 5691/4076/1145 5693/4072/1065 5644/3904/1213
f 5690/4078/1145 5692/4380/1065 5693/4079/1065
f 5689/4081/167 5691/4076/1145 5642/4077/1215
f 5688/4082/167 5690/4078/1145 5691/4080/1145
f 5687/4084/1142 5689/4081/167 5640/3907/1143
f 5686/4086/1142 5688/4082/167 5689/4083/167
f 5685/4088/1058 5687/4084/1142 5638/4085/1141
f 5678/4089/81 5700/4381/81 5698/4090/81
f 5634/4092/1291 5683/4382/1140 5685/4088/1058
f 5683/4093/1140 5682/4098/1140 5684/4094/1058
f 5681/4096/137 5683/4382/1140 5634/4092/1291
f 5681/4097/137 5680/4383/137 5682/4098/1140
f 5679/4099/1138 5681/4096/137 5632/3916/1139
f 5678/4101/1138 5680/4383/137 5681/4097/137
f 5677/4103/1052 5679/4099/1138 5630/4100/1137
f 5695/4104/55 5709/4120/55 5708/4105/55
f 5674/4107/65 5677/4110/1052 5628/4108/1222
f 5675/4109/65 5676/4184/1052 5677/4110/1052
f 5706/4111/54 5708/4125/54 5709/4112/54
f 5702/4114/64 5704/4129/64 5705/4115/64
f 5698/4090/58 5700/4381/58 5701/4117/58
f 5695/4104/34 5693/4128/34 5707/4119/34
f 5679/4121/61 5701/4134/61 5700/4122/61
f 5692/4124/81 5694/4384/81 5708/4125/81
f 5687/4126/34 5685/4075/34 5703/4074/34
f 5692/4124/63 5706/4111/63 5707/4119/63
f 5687/4126/59 5705/4127/59 5704/4129/59
f 5686/4130/81 5704/4129/81 5702/4114/81
f 5676/4091/53 5698/4090/53 5699/4132/53
f 5677/4133/34 5699/4132/34 5701/4134/34
f 5846/4135/54 5847/4385/54 5712/3970/54
f 5856/3989/64 5719/3995/64 5720/3996/64
f 5857/4138/64 5718/4386/64 5719/3995/64
f 5859/4140/56 5860/4387/56 5725/3986/56
f 5858/4142/56 5859/4388/56 5722/4141/56
f 5864/4144/58 5727/4004/58 5728/4016/58
f 5869/4145/60 5866/4389/60 5733/4146/60
f 5866/4147/60 5867/4390/60 5732/3999/60
f 5877/4148/64 5874/4391/64 5737/4029/64
f 5876/4149/64 5877/4392/64 5734/4020/64
f 5870/4017/56 5741/4022/56 5738/4021/56
f 5871/4152/56 5740/3961/56 5741/4022/56
f 5880/4040/54 5743/4046/54 5744/4047/54
f 5881/4155/54 5742/4045/54 5743/4046/54
f 5885/4157/62 5882/4393/62 5749/4034/62
f 5884/4159/62 5885/4394/62 5746/4158/62
f 5887/4160/58 5888/4395/58 5753/4051/58
f 5886/4161/58 5887/4396/58 5750/4052/58
f 5712/3970/1247 5717/3979/1247 5716/3976/1246
f 5715/4162/1292 5714/3978/1248 5711/3968/1248
f 5719/3995/1256 5718/4386/1255 5723/4143/1255
f 5721/3983/1253 5720/3996/1523 5725/3986/1523
f 5727/4004/1263 5726/4014/1262 5731/4002/1262
f 5729/4007/1260 5728/4016/1264 5733/4146/1264
f 5741/4022/1267 5740/3961/1240 5735/4150/1240
f 5739/3945/1230 5738/4021/1268 5737/4029/1268
f 5743/4046/1279 5742/4045/1278 5747/4044/1278
f 5748/4032/1276 5745/4038/1276 5744/4047/1525
f 5757/4054/1281 5756/3959/1238 5751/3958/1238
f 5755/3942/1229 5754/4053/1282 5753/4051/1282
f 5710/3967/1292 5650/4321/1228 5653/4163/1228
f 5769/4164/166 5758/4183/65 5675/4109/65
f 5768/4166/1150 5769/4164/166 5696/4165/166
f 5767/4168/68 5768/4166/1150 5694/4167/1069
f 5766/4170/1145 5767/4168/68 5692/4169/1065
f 5765/4172/167 5766/4170/1145 5690/4171/1145
f 5764/4174/70 5765/4172/167 5688/4173/167
f 5763/4176/169 5764/4174/70 5686/4175/1142
f 5682/4178/1140 5762/4397/1140 5763/4176/169
f 5761/4179/137 5762/4397/1140 5682/4178/1140
f 5760/3892/1149 5761/4179/137 5680/4180/137
f 5759/3890/168 5760/3892/1149 5678/4181/1138
f 5758/4183/65 5759/4398/168 5676/4184/1052
f 5570/4185/34 5571/4247/34 5784/4186/34
f 5584/4188/34 5782/4248/34 5812/4189/34
f 5569/4191/34 5570/4185/34 5813/4187/34
f 5583/4190/34 5812/4189/34 5810/4193/34
f 5568/4195/34 5569/4191/34 5811/4192/34
f 5582/4194/34 5810/4193/34 5808/4197/34
f 5567/4199/34 5568/4195/34 5809/4196/34
f 5580/4201/34 5581/4198/34 5808/4197/34
f 5593/4203/34 5562/4230/34 5794/4204/34
f 5566/4206/34 5567/4199/34 5807/4200/34
f 5580/4201/34 5806/4202/34 5803/4208/34
f 5592/4210/34 5593/4203/34 5805/4205/34
f 5565/4212/34 5566/4206/34 5804/4207/34
f 5579/4209/34 5803/4208/34 5800/4214/34
f 5592/4210/34 5802/4211/34 5799/4216/34
f 5564/4218/34 5565/4212/34 5801/4213/34
f 5578/4215/34 5800/4214/34 5797/4220/34
f 5591/4217/34 5799/4216/34 5796/4222/34
f 5563/4224/34 5564/4218/34 5798/4219/34
f 5577/4221/34 5797/4220/34 5793/4226/34
f 5590/4223/34 5796/4222/34 5792/4228/34
f 5563/4224/34 5795/4225/34 5794/4204/34
f 5575/4231/34 5576/4227/34 5793/4226/34
f 5589/4229/34 5792/4228/34 5790/4233/34
f 5574/4235/34 5575/4231/34 5791/4232/34
f 5588/4234/34 5790/4233/34 5788/4237/34
f 5573/4239/34 5574/4235/34 5789/4236/34
f 5587/4238/34 5788/4237/34 5786/4241/34
f 5572/4243/34 5573/4239/34 5787/4240/34
f 5586/4242/34 5786/4241/34 5783/4245/34
f 5571/4247/34 5572/4243/34 5785/4244/34
f 5585/4246/34 5783/4245/34 5782/4248/34
f 5595/4249/81 5594/4312/81 5845/4250/81
f 5596/4252/81 5595/4249/81 5814/4251/81
f 5596/4252/81 5815/4253/81 5816/4254/81
f 5597/4255/81 5816/4254/81 5817/4256/81
f 5598/4257/81 5817/4256/81 5818/4258/81
f 5599/4259/81 5818/4258/81 5819/4260/81
f 5600/4261/81 5819/4260/81 5820/4262/81
f 5601/4263/81 5820/4262/81 5821/4264/81
f 5602/4265/81 5821/4264/81 5822/4266/81
f 5603/4267/81 5822/4266/81 5823/4268/81
f 5604/4269/81 5823/4268/81 5824/4270/81
f 5605/4271/81 5824/4270/81 5825/4272/81
f 5606/4273/81 5825/4272/81 5826/4274/81
f 5607/4275/81 5826/4274/81 5827/4276/81
f 5608/4277/81 5827/4276/81 5828/4278/81
f 5609/4279/81 5828/4278/81 5829/4280/81
f 5610/4281/81 5829/4280/81 5830/4282/81
f 5611/4283/81 5830/4282/81 5831/4284/81
f 5612/4285/81 5831/4284/81 5832/4286/81
f 5614/4288/81 5613/4287/81 5832/4286/81
f 5615/4290/81 5614/4288/81 5833/4289/81
f 5616/4292/81 5615/4290/81 5834/4291/81
f 5617/4294/81 5616/4292/81 5835/4293/81
f 5618/4296/81 5617/4294/81 5836/4295/81
f 5619/4298/81 5618/4296/81 5837/4297/81
f 5620/4300/81 5619/4298/81 5838/4299/81
f 5621/4302/81 5620/4300/81 5839/4301/81
f 5622/4304/81 5621/4302/81 5840/4303/81
f 5623/4306/81 5622/4304/81 5841/4305/81
f 5624/4308/81 5623/4306/81 5842/4307/81
f 5625/4310/81 5624/4308/81 5843/4309/81
f 5594/4312/81 5625/4310/81 5844/4311/81
f 5846/4135/54 5713/4136/54 5626/3975/54
f 5629/3977/62 5716/3976/62 5851/4314/62
f 5633/4316/64 5718/4386/64 5857/4317/64
f 5631/4318/56 5630/4399/56 5858/4319/56
f 5849/4320/54 5651/4400/54 5650/4321/54
f 5649/4015/58 5726/4014/58 5865/3947/58
f 5647/4013/60 5646/4401/60 5868/4323/60
f 5645/3962/56 5740/3961/56 5871/4324/56
f 5643/3960/64 5642/4402/64 5876/4325/64
f 5641/4043/54 5742/4045/54 5881/4326/54
f 5639/4327/62 5638/4403/62 5884/4328/62
f 5635/4329/58 5634/4404/58 5886/4330/58
f 5637/3957/60 5756/3959/60 5891/4331/60
f 5849/4332/1243 5848/4405/1527 5853/4333/1527
f 5859/4335/1251 5858/4406/1236 5857/4138/1236
f 5861/4336/1241 5860/4407/1252 5855/3982/1252
f 5869/4337/1258 5868/4408/1232 5865/4003/1232
f 5867/4338/1249 5866/4409/1259 5863/4006/1259
f 5870/4153/1265 5877/4410/1265 5876/4339/1217
f 5875/4340/1269 5874/4411/1524 5873/4023/1266
f 5885/4341/1275 5884/4412/1234 5881/4155/1234
f 5878/4039/1271 5883/4413/1271 5882/4342/1528
f 5890/4343/1288 5887/4414/1288 5886/4344/1286
f 5892/4346/1283 5889/4415/1283 5888/4347/1289
f 5628/4315/1294 5851/4314/1295 5846/4349/1295
f 5862/3987/58 5729/4007/58 5673/4012/58
f 5851/4352/62 5716/3976/62 5717/3979/62
f 5850/4354/62 5717/3979/62 5714/3978/62
f 5853/4333/62 5714/3978/62 5715/4162/62
f 5852/4356/62 5715/4162/62 5653/4163/62
f 5875/4357/64 5666/4416/64 5667/4358/64
f 5851/4352/1295 5850/4353/1297 5847/4359/1297
f 5848/4361/1527 5847/4417/1297 5850/4354/1297
f 5891/4345/60 5756/3959/60 5757/4054/60
f 5890/4362/60 5757/4054/60 5754/4053/60
f 5893/4348/60 5754/4053/60 5755/3942/60
f 5892/4363/60 5755/3942/60 5661/3941/60
usemtl SpacialRoverExploreralumBlack.001
f 5937/4995/15 5958/4996/1532 5946/4997/16
f 5943/4998/1 5961/4999/1533 5940/5000/2
f 5945/5001/3 5949/5002/1534 5942/5003/4
f 5947/5004/5 5964/5005/1535 5944/5006/6
f 5949/5007/1536 5965/5008/1537 5926/5009/1538
f 5952/5010/1539 5962/5011/1540 5929/5012/1541
f 5961/5013/1542 5950/5014/1543 5933/5015/1544
f 5964/5016/1545 5959/5017/1546 5935/5018/1547
f 5958/5019/1548 5956/5020/1549 5934/5021/1550
f 5955/5022/1551 5953/5023/1552 5931/5024/1553
f 5895/5025/1554 5916/5026/1555 5906/5027/1554
f 5896/5028/1556 5912/5029/1557 5901/5030/1557
f 5917/5031/1558 5995/5032/1558 5922/5033/1559
f 5894/5034/1560 5910/5035/1561 5904/5036/1560
f 5902/5037/1562 5910/5035/1561 5900/5038/1561
f 5999/5039/1563 5919/5040/1563 5998/5041/1564
f 5896/5028/1556 5915/5042/1565 5911/5043/1556
f 5922/5033/1559 6004/5044/1559 6005/5045/1566
f 5998/5041/1564 5919/5040/1563 5993/5046/1564
f 5897/5047/1567 5912/5029/1557 5913/5048/1567
f 5897/5047/1567 5914/5049/1568 5903/5050/1568
f 5922/5033/1559 6005/5045/1566 5996/5051/1566
f 5902/5037/1562 5914/5049/1568 5909/5052/1562
f 5996/5051/1566 5997/5053/1569 5918/5054/1569
f 5908/5055/1570 6008/5056/1570 6009/5057/1570
f 5895/5025/1554 5915/5042/1565 5899/5058/1565
f 5992/5059/1571 5993/5046/1564 5905/5060/1571
f 5922/5033/1559 5996/5051/1566 5918/5054/1569
f 5894/5061/1560 5916/5026/1555 5898/5062/1555
f 5905/5060/1571 5921/5063/1572 5992/5059/1571
f 5920/5064/34 5911/5065/35 5915/5066/34
f 5917/5067/40 5912/5068/39 5911/5065/40
f 5913/5069/45 5923/5070/51 5914/5071/51
f 5922/5072/39 5913/5069/48 5912/5068/39
f 5910/5073/20 5908/5074/19 5921/5075/20
f 5914/5071/51 5908/5074/52 5909/5076/52
f 5905/5077/42 5916/5078/46 5904/5079/42
f 5921/5075/20 5904/5080/41 5910/5073/20
f 5919/5081/46 5906/5082/47 5916/5078/46
f 5907/5083/36 5915/5066/34 5906/5082/36
f 5975/5084/59 5987/5085/60 5972/5086/60
f 5985/5087/34 5969/5088/34 5989/5089/34
f 5977/5090/53 5985/5091/54 5974/5092/54
f 5979/5093/55 5983/5094/56 5976/5095/56
f 5971/5096/61 5967/5097/62 5980/5098/62
f 5941/5099/7 5952/5100/1573 5938/5101/8
f 5931/5102/1023 5924/5103/1023 5934/5104/1023
f 5928/5105/65 5925/5106/65 5932/5107/65
f 5933/5108/1020 5930/5109/1020 5929/5110/1020
f 5935/5111/81 5927/5112/81 5926/5113/81
f 5929/5110/34 5932/5114/34 5931/5102/34
f 5926/5113/1019 5928/5115/1019 5933/5108/1019
f 5935/5116/1024 5924/5103/1024 5925/5117/1024
f 5939/5118/17 5955/5119/1574 5936/5120/18
f 5973/5121/63 5989/5122/64 5970/5123/64
f 5948/5124/1575 5949/5007/1534 5950/5014/1576
f 5951/5125/1577 5952/5010/1573 5953/5023/1578
f 5954/5126/1579 5955/5022/1574 5956/5020/1580
f 5957/5127/1581 5958/5019/1532 5959/5017/1582
f 5960/5128/1583 5961/5013/1533 5962/5011/1584
f 5963/5129/1585 5964/5016/1535 5965/5008/1586
f 5947/5004/5 5958/4996/1532 5957/5130/1581
f 5945/5001/3 5964/5131/1535 5963/5132/1585
f 5949/5002/1534 5943/4998/1 5942/5003/4
f 5952/5100/1573 5939/5118/17 5938/5101/8
f 5955/5119/1574 5937/4995/15 5936/5120/18
f 5961/4999/1533 5941/5099/7 5940/5000/2
f 5983/5094/56 5977/5090/53 5976/5095/56
f 5987/5085/60 5973/5121/63 5972/5086/60
f 5989/5122/64 5971/5133/61 5970/5123/64
f 5981/5134/57 5967/5097/62 5966/5135/57
f 5974/5092/54 5984/5136/59 5975/5084/59
f 5979/5093/55 5969/5137/58 5968/5138/55
f 5978/5139/58 5966/5135/57 5969/5137/58
f 6006/5140/1587 5923/5141/1588 5997/5053/1569
f 5920/5142/1589 6000/5143/1589 6001/5144/1589
f 5920/5142/1589 5907/5145/1590 5991/5146/1591
f 6002/5147/1572 6003/5148/1592 5921/5063/1572
f 6009/5057/1570 6002/5147/1572 5921/5063/1572
f 5921/5063/1572 5908/5055/1570 6009/5057/1570
f 6006/5140/1587 6007/5149/1588 5923/5141/1588
f 6007/5149/1588 6008/5056/1570 5923/5141/1588
f 5921/5063/1572 6003/5148/1592 5992/5059/1571
f 5923/5141/1588 6008/5056/1570 5908/5055/1570
f 5999/5039/1563 5990/5150/1590 5919/5040/1563
f 5920/5142/1589 6001/5144/1589 5994/5151/1593
f 5995/5032/1558 6004/5044/1559 5922/5033/1559
f 5917/5031/1558 5994/5151/1593 5995/5032/1558
f 5991/5146/1591 5907/5145/1590 5990/5150/1590
f 5917/5031/1558 5920/5142/1589 5994/5151/1593
f 6000/5143/1589 5920/5142/1589 5991/5146/1591
f 5923/5141/1588 5918/5054/1569 5997/5053/1569
f 5993/5046/1564 5919/5040/1563 5905/5060/1571
f 5990/5150/1590 5907/5145/1590 5919/5040/1563
f 6012/5152/1594 6016/5153/1594 6013/5154/1594
f 6017/5155/65 6015/5156/65 6016/5153/65
f 6013/5154/1595 6015/5157/1595 6011/5158/1595
f 6010/5159/1596 6017/5160/1596 6012/5161/1596
f 6011/5158/1597 6014/5162/1597 6010/5159/1597
f 6012/5152/1594 6017/5155/1594 6016/5153/1594
f 6017/5155/65 6014/5163/65 6015/5156/65
f 6013/5154/1595 6016/5153/1595 6015/5157/1595
f 6010/5159/1596 6014/5162/1596 6017/5160/1596
f 6011/5158/1597 6015/5157/1597 6014/5162/1597
f 6028/5164/137 6024/5165/137 6020/5166/137
f 6035/5167/1598 6045/5168/1599 6034/5169/1599
f 6033/5170/81 6037/5171/81 6036/5172/81
f 6030/5173/81 6038/5174/81 6037/5175/81
f 6033/5176/81 6039/5177/81 6034/5169/81
f 6032/5178/81 6038/5174/81 6031/5179/81
f 6035/5167/81 6039/5177/81 6041/5180/81
f 6035/5181/81 6040/5182/81 6032/5183/81
f 6045/5168/81 6046/5184/81 6044/5185/81
f 6034/5169/1599 6042/5186/1600 6033/5176/1600
f 6033/5170/1601 6043/5187/1601 6030/5188/1601
f 6032/5183/137 6047/5189/137 6035/5181/137
f 6031/5179/1602 6046/5184/1603 6032/5178/1603
f 6030/5173/1604 6044/5185/1602 6031/5179/1602
f 6066/5190/127 6048/5191/127 6065/5192/127
f 6058/5193/65 6060/5194/65 6057/5195/65
f 6062/5196/132 6064/5197/132 6061/5198/132
f 6054/5199/133 6056/5200/133 6053/5201/133
f 6050/5202/130 6052/5203/130 6049/5204/130
f 6051/5205/70 6049/5204/70 6048/5191/70
f 6053/5201/128 6055/5206/128 6054/5199/128
f 6057/5195/131 6059/5207/131 6058/5193/131
f 6061/5208/134 6063/5209/134 6062/5210/134
f 6065/5192/129 6067/5211/129 6066/5190/129
f 6035/5167/1598 6047/5189/1598 6045/5168/1599
f 6033/5170/81 6030/5188/81 6037/5171/81
f 6030/5173/81 6031/5179/81 6038/5174/81
f 6033/5176/81 6036/5212/81 6039/5177/81
f 6032/5178/81 6040/5213/81 6038/5174/81
f 6035/5167/81 6034/5169/81 6039/5177/81
f 6035/5181/81 6041/5214/81 6040/5182/81
f 6044/5185/81 6043/5187/81 6045/5168/81
f 6043/5187/81 6042/5186/81 6045/5168/81
f 6045/5168/81 6047/5189/81 6046/5184/81
f 6034/5169/1599 6045/5168/1599 6042/5186/1600
f 6033/5170/1601 6042/5186/1601 6043/5187/1601
f 6032/5183/137 6046/5184/137 6047/5189/137
f 6031/5179/1602 6044/5185/1602 6046/5184/1603
f 6030/5173/1604 6043/5187/1604 6044/5185/1602
f 6066/5190/127 6051/5205/127 6048/5191/127
f 6058/5193/65 6063/5209/65 6060/5194/65
f 6062/5196/132 6067/5211/132 6064/5197/132
f 6054/5199/133 6059/5207/133 6056/5200/133
f 6050/5202/130 6055/5206/130 6052/5203/130
f 6051/5205/70 6050/5202/70 6049/5204/70
f 6053/5201/128 6052/5203/128 6055/5206/128
f 6057/5195/131 6056/5200/131 6059/5207/131
f 6061/5208/134 6060/5194/134 6063/5209/134
f 6065/5192/129 6064/5197/129 6067/5211/129
f 6075/5215/1605 6073/5216/1606 6074/5217/1607
f 6079/5218/65 6072/5219/65 6075/5215/65
f 6085/5220/1608 6092/5221/1609 6084/5222/1608
f 6076/5223/81 6075/5215/81 6074/5224/81
f 6070/5225/81 6076/5223/81 6069/5226/81
f 6071/5227/34 6077/5228/34 6078/5229/34
f 6070/5225/65 6078/5229/65 6079/5218/65
f 6087/5230/1610 6083/5231/1611 6086/5232/1612
f 6080/5233/1613 6093/5234/137 6088/5235/1614
f 6078/5229/65 6082/5236/65 6072/5219/65
f 6072/5219/1615 6083/5237/1611 6073/5216/1606
f 6077/5238/1616 6081/5239/1616 6078/5229/1616
f 6082/5236/1617 6086/5232/1612 6083/5240/1611
f 6080/5241/1613 6092/5221/137 6093/5234/137
f 6088/5235/1618 6090/5242/1619 6087/5230/1618
f 6068/5243/1620 6070/5225/1621 6069/5226/1622
f 6085/5220/68 6083/5244/1611 6091/5245/68
f 6084/5222/137 6092/5221/137 6080/5246/1613
f 6086/5232/1623 6088/5235/1623 6087/5230/1623
f 6093/5234/1619 6091/5245/1624 6090/5242/1619
f 6086/5232/1625 6081/5239/1625 6089/5247/1625
f 6088/5235/1614 6089/5247/1626 6080/5248/1613
f 6081/5239/1616 6080/5249/1613 6089/5247/1626
f 6091/5245/68 6083/5250/1611 6090/5242/68
f 6087/5230/1610 6090/5242/68 6083/5251/1611
f 6100/5252/81 6097/5253/81 6096/5254/81
f 6107/5255/68 6101/5256/68 6100/5252/68
f 6094/5257/34 6105/5258/34 6106/5259/34
f 6096/5260/65 6106/5259/65 6107/5255/65
f 6104/5261/70 6095/5262/70 6101/5256/70
f 6110/5263/70 6103/5264/70 6098/5265/70
f 6105/5258/68 6102/5266/68 6099/5267/68
f 6106/5259/68 6099/5267/68 6098/5268/68
f 6107/5255/68 6098/5268/68 6103/5269/68
f 6104/5261/68 6103/5269/68 6102/5266/68
f 6108/5270/65 6099/5271/65 6102/5272/65
f 6111/5273/34 6102/5274/34 6103/5275/34
f 6109/5276/81 6098/5277/81 6099/5278/81
f 6126/5279/34 6135/5280/34 6132/5281/34
f 6122/879/81 6131/5282/81 6128/5283/81
f 6124/882/68 6133/5284/68 6130/5285/68
f 6115/5286/8 6137/5287/8 6114/5288/8
f 6128/5283/6 6123/880/6 6122/879/6
f 6130/5285/1 6125/883/1 6124/882/1
f 6132/5289/8 6127/886/8 6126/885/8
f 6121/877/15 6134/5290/15 6135/5280/15
f 6120/876/137 6129/5291/137 6134/5290/137
f 6138/5292/70 6140/5293/70 6142/5294/70
f 6112/5295/81 6140/5293/81 6117/5296/81
f 6118/5297/34 6136/5298/34 6115/5299/34
f 6113/5300/1 6143/5301/1 6112/5302/1
f 6119/5303/15 6139/5304/15 6118/5305/15
f 6116/5306/137 6138/5292/137 6119/5307/137
f 6114/5308/68 6142/5294/68 6113/5309/68
f 6117/5310/6 6141/5311/6 6116/5312/6
f 6147/944/228 6144/942/228 6145/903/228
f 6190/5313/1627 6173/5314/1628 6174/5315/1627
f 6191/5316/1629 6174/5315/1627 6175/5317/1629
f 6192/5318/1630 6175/5317/1629 6176/5319/1630
f 6193/5320/1631 6176/5319/1630 6177/5321/1631
f 6195/5322/1632 6164/5323/1633 6180/5324/1633
f 6193/5320/1631 6178/5325/1634 6194/5326/1634
f 6180/5324/1633 6165/5327/1635 6181/5328/1635
f 6195/5322/1632 6178/5325/1634 6179/5329/1632
f 6164/5330/285 6163/5331/81 6148/5332/285
f 6165/5333/283 6148/5332/285 6149/5334/283
f 6150/5335/282 6165/5333/283 6149/5334/283
f 6151/5336/281 6166/5337/282 6150/5335/282
f 6152/5338/280 6167/5339/281 6151/5336/281
f 6169/5340/279 6152/5338/280 6153/5341/279
f 6154/5342/278 6169/5340/279 6153/5341/279
f 6155/5343/34 6170/5344/278 6154/5342/278
f 6156/5345/277 6171/5346/34 6155/5343/34
f 6157/5347/276 6172/5348/277 6156/5349/277
f 6174/5350/275 6157/5347/276 6158/5351/275
f 6159/5352/274 6174/5350/275 6158/5351/275
f 6160/5353/273 6175/5354/274 6159/5352/274
f 6177/5355/272 6160/5353/273 6161/5356/272
f 6178/5357/271 6161/5356/272 6162/5358/271
f 6179/5359/81 6162/5358/271 6163/5331/81
f 6181/5328/1635 6166/5360/1636 6182/5361/1636
f 6183/5362/1637 6166/5360/1636 6167/5363/1637
f 6183/5362/1637 6168/5364/1638 6184/5365/1638
f 6185/5366/1639 6168/5364/1638 6169/5367/1639
f 6186/5368/1640 6169/5367/1639 6170/5369/1640
f 6187/5370/1641 6170/5369/1640 6171/5371/1641
f 6188/5372/1642 6171/5371/1641 6172/5373/1642
f 6189/5374/1643 6172/5373/1642 6173/5314/1628
f 6203/5375/1644 6226/5376/1644 6227/5377/1644
f 6198/5378/1645 6223/5379/1645 6199/5380/1645
f 6211/5381/1645 6218/5382/1645 6210/5383/1645
f 6205/5384/1646 6212/5385/1646 6204/5386/1646
f 6221/5387/1647 6212/5388/1647 6213/5389/1647
f 6222/5390/1647 6215/5391/1647 6223/5392/1647
f 6225/5393/1647 6216/5394/1647 6217/5395/1647
f 6226/5376/1647 6219/5396/1647 6227/5397/353
f 6206/5398/81 6222/5390/81 6198/5378/81
f 6202/5399/34 6218/5400/34 6226/5376/34
f 6207/5401/1648 6223/5379/1648 6215/5402/1648
f 6208/5403/1649 6217/5404/1649 6216/5405/1649
f 6203/5375/1650 6219/5406/1650 6211/5381/1650
f 6197/5407/1649 6220/5408/1649 6221/5409/1649
f 6200/5410/1646 6225/5411/1646 6201/5412/1646
f 6205/5384/1651 6221/5409/1651 6213/5413/1651
f 6208/5414/274 6224/5415/274 6200/5410/274
f 6206/5416/1644 6215/5402/1644 6214/5417/1644
f 6204/5418/281 6220/5408/281 6196/5419/281
f 6201/5412/1652 6217/5404/1652 6209/5420/1652
f 6190/5313/1627 6189/5374/1643 6173/5314/1628
f 6191/5316/1629 6190/5313/1627 6174/5315/1627
f 6192/5318/1630 6191/5316/1629 6175/5317/1629
f 6193/5320/1631 6192/5318/1630 6176/5319/1630
f 6195/5322/1632 6179/5329/1632 6164/5323/1633
f 6193/5320/1631 6177/5321/1631 6178/5325/1634
f 6180/5324/1633 6164/5323/1633 6165/5327/1635
f 6195/5322/1632 6194/5326/1634 6178/5325/1634
f 6164/5330/285 6179/5359/81 6163/5331/81
f 6165/5333/283 6164/5330/285 6148/5332/285
f 6150/5335/282 6166/5337/282 6165/5333/283
f 6151/5336/281 6167/5339/281 6166/5337/282
f 6152/5338/280 6168/5421/280 6167/5339/281
f 6169/5340/279 6168/5421/280 6152/5338/280
f 6154/5342/278 6170/5344/278 6169/5340/279
f 6155/5343/34 6171/5346/34 6170/5344/278
f 6156/5345/277 6172/5422/277 6171/5346/34
f 6157/5347/276 6173/5423/276 6172/5348/277
f 6174/5350/275 6173/5423/276 6157/5347/276
f 6159/5352/274 6175/5354/274 6174/5350/275
f 6160/5353/273 6176/5424/273 6175/5354/274
f 6177/5355/272 6176/5424/273 6160/5353/273
f 6178/5357/271 6177/5355/272 6161/5356/272
f 6179/5359/81 6178/5357/271 6162/5358/271
f 6181/5328/1635 6165/5327/1635 6166/5360/1636
f 6183/5362/1637 6182/5361/1636 6166/5360/1636
f 6183/5362/1637 6167/5363/1637 6168/5364/1638
f 6185/5366/1639 6184/5365/1638 6168/5364/1638
f 6186/5368/1640 6185/5366/1639 6169/5367/1639
f 6187/5370/1641 6186/5368/1640 6170/5369/1640
f 6188/5372/1642 6187/5370/1641 6171/5371/1641
f 6189/5374/1643 6188/5372/1642 6172/5373/1642
f 6203/5375/1644 6202/5399/1644 6226/5376/1644
f 6198/5378/1645 6222/5390/1645 6223/5379/1645
f 6211/5381/1645 6219/5406/1645 6218/5382/1645
f 6205/5384/1646 6213/5413/1646 6212/5385/1646
f 6221/5387/1647 6220/5408/1647 6212/5388/1647
f 6222/5390/1647 6214/5425/1647 6215/5391/1647
f 6225/5393/1647 6224/5415/1647 6216/5394/1647
f 6226/5376/1647 6218/5400/1647 6219/5396/1647
f 6206/5398/81 6214/5425/81 6222/5390/81
f 6202/5399/34 6210/5426/34 6218/5400/34
f 6207/5401/1648 6199/5380/1648 6223/5379/1648
f 6208/5403/1649 6209/5420/1649 6217/5404/1649
f 6203/5375/1650 6227/5377/1650 6219/5406/1650
f 6197/5407/1649 6196/5419/1649 6220/5408/1649
f 6200/5410/1646 6224/5415/1646 6225/5411/1646
f 6205/5384/1651 6197/5407/1651 6221/5409/1651
f 6208/5414/274 6216/5394/274 6224/5415/274
f 6206/5416/1644 6207/5401/1644 6215/5402/1644
f 6204/5418/281 6212/5388/281 6220/5408/281
f 6201/5412/1653 6225/5411/1653 6217/5404/1653
f 5937/4995/15 5954/5427/1579 5958/4996/1532
f 5943/4998/1 5948/5428/1575 5961/4999/1533
f 5945/5001/3 5963/5132/1585 5949/5002/1534
f 5947/5004/5 5957/5130/1581 5964/5005/1535
f 5926/5009/1538 5950/5014/1654 5949/5007/1536
f 5949/5007/1536 5963/5129/1655 5965/5008/1537
f 5965/5008/1537 5935/5429/1656 5926/5009/1538
f 5929/5012/1541 5953/5023/1657 5952/5010/1539
f 5952/5010/1539 5960/5128/1539 5962/5011/1540
f 5962/5011/1540 5933/5015/1658 5929/5012/1541
f 5933/5015/1544 5962/5011/1659 5961/5013/1542
f 5961/5013/1542 5948/5124/1660 5950/5014/1543
f 5950/5014/1543 5926/5009/1661 5933/5015/1544
f 5935/5018/1547 5965/5008/1662 5964/5016/1545
f 5964/5016/1545 5957/5127/1545 5959/5017/1546
f 5959/5017/1546 5934/5021/1663 5935/5018/1547
f 5934/5021/1550 5959/5017/1664 5958/5019/1548
f 5958/5019/1548 5954/5126/1548 5956/5020/1549
f 5956/5020/1549 5931/5024/1665 5934/5021/1550
f 5931/5024/1553 5956/5020/1666 5955/5022/1551
f 5955/5022/1551 5951/5125/1667 5953/5023/1552
f 5953/5023/1552 5929/5012/1668 5931/5024/1553
f 5895/5025/1554 5898/5062/1555 5916/5026/1555
f 5896/5028/1556 5911/5043/1556 5912/5029/1557
f 5894/5034/1560 5900/5038/1561 5910/5035/1561
f 5902/5037/1562 5909/5052/1562 5910/5035/1561
f 5896/5028/1556 5899/5058/1565 5915/5042/1565
f 5897/5047/1567 5901/5030/1557 5912/5029/1557
f 5897/5047/1567 5913/5048/1567 5914/5049/1568
f 5902/5037/1562 5903/5050/1568 5914/5049/1568
f 5895/5025/1554 5906/5027/1554 5915/5042/1565
f 5894/5061/1560 5904/5036/1560 5916/5026/1555
f 5920/5064/34 5917/5067/35 5911/5065/35
f 5917/5067/40 5922/5072/39 5912/5068/39
f 5913/5069/45 5918/5430/45 5923/5070/51
f 5922/5072/39 5918/5430/48 5913/5069/48
f 5910/5073/20 5909/5076/19 5908/5074/19
f 5914/5071/51 5923/5070/51 5908/5074/52
f 5905/5077/42 5919/5081/46 5916/5078/46
f 5921/5075/20 5905/5431/41 5904/5080/41
f 5919/5081/46 5907/5083/47 5906/5082/47
f 5907/5083/36 5920/5064/34 5915/5066/34
f 5975/5084/59 5984/5136/59 5987/5085/60
f 5989/5089/34 5986/5432/34 5987/5433/34
f 5987/5433/34 5984/5434/34 5985/5087/34
f 5985/5087/34 5982/5435/34 5983/5436/34
f 5983/5436/34 5968/5437/34 5969/5088/34
f 5969/5088/34 5966/5438/34 5967/5439/34
f 5967/5439/34 5988/5440/34 5989/5089/34
f 5989/5089/34 5987/5433/34 5985/5087/34
f 5985/5087/34 5983/5436/34 5969/5088/34
f 5969/5088/34 5967/5439/34 5989/5089/34
f 5977/5090/53 5982/5441/53 5985/5091/54
f 5979/5093/55 5968/5138/55 5983/5094/56
f 5971/5096/61 5988/5442/61 5967/5097/62
f 5941/5099/7 5960/5443/1583 5952/5100/1573
f 5931/5102/1023 5932/5114/1023 5924/5103/1023
f 5932/5107/65 5930/5444/65 5928/5105/65
f 5928/5105/65 5927/5445/65 5925/5106/65
f 5925/5106/65 5924/5446/65 5932/5107/65
f 5933/5108/1020 5928/5115/1020 5930/5109/1020
f 5935/5111/81 5925/5447/81 5927/5112/81
f 5929/5110/34 5930/5109/34 5932/5114/34
f 5926/5113/1019 5927/5112/1019 5928/5115/1019
f 5935/5116/1024 5934/5104/1024 5924/5103/1024
f 5939/5118/17 5951/5448/1577 5955/5119/1574
f 5973/5121/63 5986/5449/63 5989/5122/64
f 5947/5004/5 5946/4997/16 5958/4996/1532
f 5945/5001/3 5944/5450/6 5964/5131/1535
f 5949/5002/1534 5948/5428/1575 5943/4998/1
f 5952/5100/1573 5951/5448/1577 5939/5118/17
f 5955/5119/1574 5954/5427/1579 5937/4995/15
f 5961/4999/1533 5960/5443/1583 5941/5099/7
f 5983/5094/56 5982/5441/53 5977/5090/53
f 5987/5085/60 5986/5449/63 5973/5121/63
f 5989/5122/64 5988/5451/61 5971/5133/61
f 5981/5134/57 5980/5098/62 5967/5097/62
f 5974/5092/54 5985/5091/54 5984/5136/59
f 5979/5093/55 5978/5139/58 5969/5137/58
f 5978/5139/58 5981/5134/57 5966/5135/57
f 6020/5166/137 6018/5452/137 6019/5453/137
f 6019/5453/137 6029/5454/137 6028/5164/137
f 6028/5164/137 6027/5455/137 6026/5456/137
f 6026/5456/137 6025/5457/137 6024/5165/137
f 6024/5165/137 6023/5458/137 6022/5459/137
f 6022/5459/137 6021/5460/137 6020/5166/137
f 6020/5166/137 6019/5453/137 6028/5164/137
f 6028/5164/137 6026/5456/137 6024/5165/137
f 6024/5165/137 6022/5459/137 6020/5166/137
f 6075/5215/1605 6072/5219/1615 6073/5216/1606
f 6079/5218/65 6078/5229/65 6072/5219/65
f 6085/5220/1608 6091/5245/1624 6092/5221/1624
f 6076/5223/81 6079/5218/81 6075/5215/81
f 6070/5225/81 6079/5218/81 6076/5223/81
f 6071/5227/34 6068/5243/34 6077/5228/34
f 6070/5225/65 6071/5227/65 6078/5229/65
f 6078/5229/65 6081/5239/65 6082/5236/65
f 6072/5219/1615 6082/5236/1617 6083/5237/1611
f 6077/5238/1616 6080/5461/1613 6081/5239/1616
f 6088/5235/1618 6093/5234/1619 6090/5242/1619
f 6068/5243/1620 6071/5227/1669 6070/5225/1621
f 6086/5232/1623 6089/5247/1623 6088/5235/1623
f 6093/5234/1619 6092/5221/1624 6091/5245/1624
f 6086/5232/1625 6082/5236/1625 6081/5239/1625
f 6100/5252/81 6101/5256/81 6097/5253/81
f 6107/5255/68 6104/5261/68 6101/5256/68
f 6094/5257/34 6095/5462/34 6105/5258/34
f 6107/5255/65 6100/5252/65 6096/5260/65
f 6096/5260/65 6094/5463/65 6106/5259/65
f 6104/5261/70 6105/5258/70 6095/5262/70
f 6095/5262/70 6097/5464/70 6101/5256/70
f 6110/5263/70 6111/5273/70 6103/5264/70
f 6105/5258/68 6104/5261/68 6102/5266/68
f 6106/5259/68 6105/5258/68 6099/5267/68
f 6107/5255/68 6106/5259/68 6098/5268/68
f 6104/5261/68 6107/5255/68 6103/5269/68
f 6108/5270/65 6109/5276/65 6099/5271/65
f 6111/5273/34 6108/5270/34 6102/5274/34
f 6109/5276/81 6110/5263/81 6098/5277/81
f 6126/5279/34 6121/877/34 6135/5280/34
f 6122/879/81 6125/883/81 6131/5282/81
f 6124/882/68 6127/886/68 6133/5284/68
f 6115/5286/8 6136/5298/8 6137/5287/8
f 6128/5283/6 6129/5291/6 6123/880/6
f 6130/5285/1 6131/5282/1 6125/883/1
f 6132/5289/8 6133/5284/8 6127/886/8
f 6121/877/15 6120/876/15 6134/5290/15
f 6120/876/137 6123/880/137 6129/5291/137
f 6142/5294/70 6137/5287/70 6136/5298/70
f 6136/5298/70 6139/5304/70 6138/5292/70
f 6138/5292/70 6141/5311/70 6140/5293/70
f 6140/5293/70 6143/5301/70 6142/5294/70
f 6142/5294/70 6136/5298/70 6138/5292/70
f 6112/5295/81 6143/5301/81 6140/5293/81
f 6118/5297/34 6139/5304/34 6136/5298/34
f 6113/5300/1 6142/5294/1 6143/5301/1
f 6119/5303/15 6138/5292/15 6139/5304/15
f 6116/5306/137 6141/5311/137 6138/5292/137
f 6114/5308/68 6137/5287/68 6142/5294/68
f 6117/5310/6 6140/5293/6 6141/5311/6
f 6147/944/228 6146/943/228 6144/942/228
f 6235/5465/1670 6244/5466/1671 6231/5467/1672
f 6239/5468/1673 6252/5469/1674 6233/5470/1675
f 6232/5471/1676 6255/5472/1677 6242/5473/1678
f 6238/5474/1679 6252/5475/1674 6248/5476/1680
f 6245/5477/1681 6259/5478/1682 6241/5479/1681
f 6247/5480/1683 6260/5481/1684 6246/5482/1685
f 6248/5483/1686 6258/5484/1687 6247/5480/1687
f 6254/5485/1688 6241/5479/1689 6240/5486/1690
f 6243/5487/1691 6263/5488/1692 6257/5489/1693
f 6242/5490/1694 6249/5491/1695 6261/5492/1694
f 6252/5493/1696 6256/5494/1697 6248/5483/1698
f 6257/5489/1699 6251/5495/1700 6253/5496/1700
f 6243/5487/1691 6261/5492/1701 6262/5497/1702
f 6255/5498/1703 6240/5486/1690 6249/5491/1695
f 6246/5482/1685 6259/5478/1682 6244/5499/1704
f 6253/5496/1705 6250/5500/1706 6252/5501/1696
f 6230/5502/1707 6246/5503/1708 6235/5465/1670
f 6230/5502/1707 6248/5476/1680 6247/5504/1709
f 6234/5505/1710 6254/5506/1711 6228/5507/1712
f 6232/5471/1676 6243/5508/1713 6237/5509/1714
f 6236/5510/1715 6243/5508/1713 6257/5511/1716
f 6239/5468/1673 6257/5511/1716 6253/5512/1717
f 6228/5507/1712 6255/5472/1677 6229/5513/1718
f 6234/5505/1710 6244/5466/1671 6245/5514/1719
f 6235/5465/1670 6246/5503/1708 6244/5466/1671
f 6239/5468/1673 6253/5512/1717 6252/5469/1674
f 6232/5471/1676 6229/5513/1718 6255/5472/1677
f 6238/5474/1679 6233/5515/1675 6252/5475/1674
f 6245/5477/1681 6244/5499/1704 6259/5478/1682
f 6247/5480/1683 6258/5484/1683 6260/5481/1684
f 6248/5483/1698 6256/5494/1697 6258/5484/1687
f 6254/5485/1688 6245/5477/1689 6241/5479/1689
f 6243/5487/1691 6262/5497/1702 6263/5488/1692
f 6242/5490/1694 6255/5498/1703 6249/5491/1695
f 6252/5493/1696 6250/5516/1706 6256/5494/1697
f 6257/5489/1693 6263/5488/1692 6251/5495/1700
f 6243/5487/1691 6242/5490/1701 6261/5492/1701
f 6255/5498/1703 6254/5485/1688 6240/5486/1690
f 6246/5482/1685 6260/5481/1684 6259/5478/1682
f 6253/5496/1705 6251/5495/1705 6250/5500/1706
f 6230/5502/1707 6247/5504/1709 6246/5503/1708
f 6230/5502/1707 6238/5474/1679 6248/5476/1680
f 6234/5505/1710 6245/5514/1719 6254/5506/1711
f 6232/5471/1676 6242/5473/1678 6243/5508/1713
f 6236/5510/1715 6237/5509/1714 6243/5508/1713
f 6239/5468/1673 6236/5510/1715 6257/5511/1716
f 6228/5507/1712 6254/5506/1711 6255/5472/1677
f 6234/5505/1710 6231/5467/1672 6244/5466/1671
f 6271/5465/1720 6280/5466/1721 6267/5467/1722
f 6275/5468/1723 6288/5469/1724 6269/5470/1725
f 6268/5471/1726 6291/5472/1727 6278/5473/1728
f 6274/5474/1729 6288/5475/1724 6284/5476/1730
f 6281/5477/1731 6295/5478/1732 6277/5479/1733
f 6283/5480/1734 6296/5481/1735 6282/5482/1736
f 6284/5483/1737 6294/5484/1738 6283/5480/1738
f 6290/5485/1739 6277/5479/1740 6276/5486/1741
f 6279/5487/1742 6299/5488/1743 6293/5489/1744
f 6278/5490/1745 6285/5491/1746 6297/5492/1745
f 6288/5493/1747 6292/5494/1748 6284/5483/1749
f 6293/5489/1750 6287/5495/1751 6289/5496/1751
f 6279/5487/1742 6297/5492/1752 6298/5497/1753
f 6291/5498/1754 6276/5486/1741 6285/5491/1746
f 6282/5482/1736 6295/5478/1732 6280/5499/1755
f 6289/5496/1756 6286/5500/1757 6288/5501/1747
f 6266/5502/1758 6282/5503/1759 6271/5465/1720
f 6266/5502/1758 6284/5476/1730 6283/5504/1760
f 6270/5505/1761 6290/5506/1762 6264/5507/1763
f 6268/5471/1726 6279/5508/1764 6273/5509/1765
f 6272/5510/1766 6279/5508/1764 6293/5511/1767
f 6275/5468/1723 6293/5511/1767 6289/5512/1768
f 6264/5507/1763 6291/5472/1727 6265/5513/1769
f 6270/5505/1761 6280/5466/1721 6281/5514/1770
f 6271/5465/1720 6282/5503/1759 6280/5466/1721
f 6275/5468/1723 6289/5512/1768 6288/5469/1724
f 6268/5471/1726 6265/5513/1769 6291/5472/1727
f 6274/5474/1729 6269/5515/1725 6288/5475/1724
f 6281/5477/1731 6280/5499/1755 6295/5478/1732
f 6283/5480/1734 6294/5484/1771 6296/5481/1735
f 6284/5483/1749 6292/5494/1748 6294/5484/1738
f 6290/5485/1739 6281/5477/1740 6277/5479/1740
f 6279/5487/1742 6298/5497/1753 6299/5488/1743
f 6278/5490/1745 6291/5498/1754 6285/5491/1746
f 6288/5493/1747 6286/5516/1757 6292/5494/1748
f 6293/5489/1744 6299/5488/1743 6287/5495/1751
f 6279/5487/1742 6278/5490/1772 6297/5492/1752
f 6291/5498/1754 6290/5485/1739 6276/5486/1741
f 6282/5482/1736 6296/5481/1735 6295/5478/1732
f 6289/5496/1756 6287/5495/1756 6286/5500/1757
f 6266/5502/1758 6283/5504/1760 6282/5503/1759
f 6266/5502/1758 6274/5474/1729 6284/5476/1730
f 6270/5505/1761 6281/5514/1770 6290/5506/1762
f 6268/5471/1726 6278/5473/1728 6279/5508/1764
f 6272/5510/1766 6273/5509/1765 6279/5508/1764
f 6275/5468/1723 6272/5510/1766 6293/5511/1767
f 6264/5507/1763 6290/5506/1762 6291/5472/1727
f 6270/5505/1761 6267/5467/1722 6280/5466/1721
f 6331/5517/1773 6334/5518/1773 6324/5519/1773
f 6324/5519/1774 6341/5520/1774 6325/5521/1774
f 6325/5521/1775 6342/5522/1775 6326/5523/1775
f 6327/5524/1776 6342/5522/1776 6343/5525/1776
f 6328/5526/1777 6343/5527/1777 6344/5528/1777
f 6307/5529/1778 6320/5530/1779 6306/5531/1780
f 6304/5532/1781 6318/5533/1782 6316/5534/1781
f 6303/5535/1783 6312/5536/1784 6302/5537/1784
f 6300/5538/1785 6310/5539/1786 6323/5540/1785
f 6300/5538/1785 6322/5541/1778 6307/5529/1778
f 6305/5542/1782 6320/5530/1779 6318/5533/1782
f 6304/5532/1781 6314/5543/1787 6303/5535/1783
f 6301/5544/1788 6312/5536/1784 6310/5539/1786
f 6322/5545/1789 6308/5546/1790 6321/5547/1791
f 6320/5548/1792 6321/5547/1793 6319/5549/1794
f 6317/5550/1795 6320/5548/1796 6319/5549/1797
f 6315/5551/1798 6318/5552/1799 6317/5550/1800
f 6313/5553/1801 6316/5554/1802 6315/5555/1803
f 6311/5556/1804 6314/5557/1805 6313/5553/1806
f 6310/5558/1807 6311/5556/1808 6309/5559/1809
f 6323/5560/1810 6309/5559/1811 6308/5546/1812
f 6333/5561/1813 6341/5562/1813 6334/5563/1813
f 6332/5564/1814 6342/5522/1814 6341/5562/1814
f 6342/5522/1815 6336/5565/1815 6343/5525/1815
f 6343/5566/1816 6337/5567/1816 6344/5568/1816
f 6344/5568/1817 6338/5569/1817 6345/5570/1817
f 6345/5570/1818 6339/5571/1818 6346/5572/1818
f 6339/5571/1819 6347/5573/1819 6346/5572/1819
f 6340/5574/1820 6334/5563/1820 6347/5575/1820
f 6330/5576/1821 6347/5577/1821 6331/5517/1821
f 6330/5576/1822 6345/5578/1822 6346/5579/1822
f 6329/5580/1823 6344/5528/1823 6345/5578/1823
f 6331/5517/1773 6347/5577/1773 6334/5518/1773
f 6324/5519/1774 6334/5518/1774 6341/5520/1774
f 6325/5521/1775 6341/5520/1824 6342/5522/1775
f 6327/5524/1776 6326/5523/1825 6342/5522/1776
f 6328/5526/1777 6327/5581/1777 6343/5527/1777
f 6307/5529/1778 6322/5541/1778 6320/5530/1779
f 6304/5532/1781 6305/5542/1782 6318/5533/1782
f 6303/5535/1783 6314/5543/1787 6312/5536/1784
f 6300/5538/1785 6301/5544/1788 6310/5539/1786
f 6300/5538/1785 6323/5540/1785 6322/5541/1778
f 6305/5542/1782 6306/5531/1780 6320/5530/1779
f 6304/5532/1781 6316/5534/1781 6314/5543/1787
f 6301/5544/1788 6302/5537/1784 6312/5536/1784
f 6322/5545/1789 6323/5560/1826 6308/5546/1790
f 6320/5548/1792 6322/5545/1827 6321/5547/1793
f 6317/5550/1828 6318/5552/1829 6320/5548/1796
f 6315/5551/1798 6316/5582/1830 6318/5552/1799
f 6313/5553/1801 6314/5557/1831 6316/5554/1802
f 6311/5556/1832 6312/5583/1833 6314/5557/1834
f 6310/5558/1807 6312/5583/1835 6311/5556/1808
f 6323/5560/1810 6310/5558/1836 6309/5559/1811
f 6333/5561/1813 6332/5564/1813 6341/5562/1813
f 6332/5564/1814 6335/5584/1814 6342/5522/1814
f 6342/5522/1815 6335/5584/1815 6336/5565/1815
f 6343/5566/1816 6336/5585/1816 6337/5567/1816
f 6344/5568/1817 6337/5567/1817 6338/5569/1817
f 6345/5570/1818 6338/5569/1818 6339/5571/1818
f 6339/5571/1819 6340/5586/1819 6347/5573/1819
f 6340/5574/1820 6333/5561/1820 6334/5563/1820
f 6330/5576/1821 6346/5579/1821 6347/5577/1821
f 6330/5576/1822 6329/5580/1822 6345/5578/1822
f 6329/5580/1823 6328/5526/1823 6344/5528/1823
f 6355/5465/1837 6364/5466/1838 6351/5467/1839
f 6359/5468/1840 6372/5469/1841 6353/5470/1842
f 6352/5471/1843 6375/5472/1844 6362/5473/1845
f 6358/5474/1846 6372/5475/1841 6368/5476/1847
f 6365/5477/1848 6379/5478/1849 6361/5479/1848
f 6367/5480/1850 6380/5481/1851 6366/5482/1852
f 6368/5483/1853 6378/5484/1854 6367/5480/1854
f 6374/5485/1855 6361/5479/1856 6360/5486/1857
f 6363/5487/1858 6383/5488/1859 6377/5489/1860
f 6362/5490/1861 6369/5491/1862 6381/5492/1861
f 6372/5493/1863 6376/5494/1864 6368/5483/1865
f 6377/5489/1866 6371/5495/1867 6373/5496/1867
f 6363/5487/1858 6381/5492/1868 6382/5497/1869
f 6375/5498/1870 6360/5486/1857 6369/5491/1862
f 6366/5482/1852 6379/5478/1849 6364/5499/1871
f 6373/5496/1872 6370/5500/1873 6372/5501/1863
f 6350/5502/1874 6366/5503/1875 6355/5465/1837
f 6350/5502/1874 6368/5476/1847 6367/5504/1876
f 6354/5505/1877 6374/5506/1878 6348/5507/1879
f 6352/5471/1843 6363/5508/1880 6357/5509/1881
f 6356/5510/1882 6363/5508/1880 6377/5511/1883
f 6359/5468/1840 6377/5511/1883 6373/5512/1884
f 6348/5507/1879 6375/5472/1844 6349/5513/1885
f 6354/5505/1877 6364/5466/1838 6365/5514/1886
f 6355/5465/1837 6366/5503/1875 6364/5466/1838
f 6359/5468/1840 6373/5512/1884 6372/5469/1841
f 6352/5471/1843 6349/5513/1885 6375/5472/1844
f 6358/5474/1846 6353/5515/1842 6372/5475/1841
f 6365/5477/1848 6364/5499/1871 6379/5478/1849
f 6367/5480/1850 6378/5484/1887 6380/5481/1851
f 6368/5483/1865 6376/5494/1864 6378/5484/1854
f 6374/5485/1855 6365/5477/1856 6361/5479/1856
f 6363/5487/1858 6382/5497/1869 6383/5488/1859
f 6362/5490/1861 6375/5498/1870 6369/5491/1862
f 6372/5493/1863 6370/5516/1873 6376/5494/1864
f 6377/5489/1860 6383/5488/1859 6371/5495/1867
f 6363/5487/1858 6362/5490/1888 6381/5492/1868
f 6375/5498/1870 6374/5485/1855 6360/5486/1857
f 6366/5482/1852 6380/5481/1851 6379/5478/1849
f 6373/5496/1872 6371/5495/1872 6370/5500/1873
f 6350/5502/1874 6367/5504/1876 6366/5503/1875
f 6350/5502/1874 6358/5474/1846 6368/5476/1847
f 6354/5505/1877 6365/5514/1886 6374/5506/1878
f 6352/5471/1843 6362/5473/1845 6363/5508/1880
f 6356/5510/1882 6357/5509/1881 6363/5508/1880
f 6359/5468/1840 6356/5510/1882 6377/5511/1883
f 6348/5507/1879 6374/5506/1878 6375/5472/1844
f 6354/5505/1877 6351/5467/1839 6364/5466/1838
f 6391/5465/1720 6400/5466/1721 6387/5467/1722
f 6395/5468/1723 6408/5469/1724 6389/5470/1725
f 6388/5471/1726 6411/5472/1727 6398/5473/1728
f 6394/5474/1729 6408/5475/1724 6404/5476/1730
f 6401/5477/1889 6415/5478/1732 6397/5479/1733
f 6403/5480/1890 6416/5481/1735 6402/5482/1736
f 6404/5483/1737 6414/5484/1738 6403/5480/1738
f 6410/5485/1739 6397/5479/1740 6396/5486/1741
f 6399/5487/1742 6419/5488/1743 6413/5489/1744
f 6398/5490/1745 6405/5491/1746 6417/5492/1745
f 6408/5493/1747 6412/5494/1748 6404/5483/1749
f 6413/5489/1750 6407/5495/1751 6409/5496/1751
f 6399/5487/1742 6417/5492/1752 6418/5497/1753
f 6411/5498/1754 6396/5486/1741 6405/5491/1746
f 6402/5482/1736 6415/5478/1732 6400/5499/1755
f 6409/5496/1756 6406/5500/1757 6408/5501/1747
f 6386/5502/1758 6402/5503/1759 6391/5465/1720
f 6386/5502/1758 6404/5476/1730 6403/5504/1760
f 6390/5505/1761 6410/5506/1762 6384/5507/1763
f 6388/5471/1726 6399/5508/1764 6393/5509/1765
f 6392/5510/1766 6399/5508/1764 6413/5511/1767
f 6395/5468/1723 6413/5511/1767 6409/5512/1768
f 6384/5507/1763 6411/5472/1727 6385/5513/1769
f 6390/5505/1761 6400/5466/1721 6401/5514/1770
f 6391/5465/1720 6402/5503/1759 6400/5466/1721
f 6395/5468/1723 6409/5512/1768 6408/5469/1724
f 6388/5471/1726 6385/5513/1769 6411/5472/1727
f 6394/5474/1729 6389/5515/1725 6408/5475/1724
f 6401/5477/1889 6400/5499/1755 6415/5478/1732
f 6403/5480/1890 6414/5484/1771 6416/5481/1735
f 6404/5483/1749 6412/5494/1748 6414/5484/1738
f 6410/5485/1739 6401/5477/1740 6397/5479/1740
f 6399/5487/1742 6418/5497/1753 6419/5488/1743
f 6398/5490/1745 6411/5498/1754 6405/5491/1746
f 6408/5493/1747 6406/5516/1757 6412/5494/1748
f 6413/5489/1744 6419/5488/1743 6407/5495/1751
f 6399/5487/1742 6398/5490/1891 6417/5492/1752
f 6411/5498/1754 6410/5485/1739 6396/5486/1741
f 6402/5482/1736 6416/5481/1735 6415/5478/1732
f 6409/5496/1756 6407/5495/1756 6406/5500/1757
f 6386/5502/1758 6403/5504/1760 6402/5503/1759
f 6386/5502/1758 6394/5474/1729 6404/5476/1730
f 6390/5505/1761 6401/5514/1770 6410/5506/1762
f 6388/5471/1726 6398/5473/1728 6399/5508/1764
f 6392/5510/1766 6393/5509/1765 6399/5508/1764
f 6395/5468/1723 6392/5510/1766 6413/5511/1767
f 6384/5507/1763 6410/5506/1762 6411/5472/1727
f 6390/5505/1761 6387/5467/1722 6400/5466/1721
f 6451/5517/1773 6454/5518/1773 6444/5519/1773
f 6444/5519/1774 6461/5520/1774 6445/5521/1774
f 6445/5521/1775 6462/5522/1775 6446/5523/1775
f 6447/5524/1825 6462/5522/1825 6463/5525/1825
f 6448/5526/1777 6463/5527/1777 6464/5528/1777
f 6427/5529/1778 6440/5530/1779 6426/5531/1779
f 6424/5532/1781 6438/5533/1782 6436/5534/1781
f 6423/5535/1783 6432/5536/1784 6422/5537/1784
f 6420/5538/1785 6430/5539/1786 6443/5540/1785
f 6420/5538/1785 6442/5541/1778 6427/5529/1778
f 6425/5542/1782 6440/5530/1779 6438/5533/1782
f 6424/5532/1781 6434/5543/1787 6423/5535/1783
f 6421/5544/1892 6432/5536/1784 6430/5539/1786
f 6442/5545/1789 6428/5546/1790 6441/5547/1791
f 6440/5548/1792 6441/5547/1793 6439/5549/1794
f 6437/5550/1795 6440/5548/1796 6439/5549/1797
f 6435/5551/1798 6438/5552/1799 6437/5550/1800
f 6433/5553/1801 6436/5554/1802 6435/5555/1803
f 6431/5556/1804 6434/5557/1805 6433/5553/1806
f 6430/5558/1807 6431/5556/1808 6429/5559/1809
f 6443/5560/1810 6429/5559/1811 6428/5546/1812
f 6453/5561/1813 6461/5562/1813 6454/5563/1813
f 6452/5564/1814 6462/5522/1814 6461/5562/1814
f 6462/5522/1815 6456/5565/1815 6463/5525/1815
f 6463/5566/1816 6457/5567/1816 6464/5568/1816
f 6464/5568/1817 6458/5569/1817 6465/5570/1817
f 6465/5570/1818 6459/5571/1818 6466/5572/1818
f 6459/5571/1819 6467/5573/1819 6466/5572/1819
f 6460/5574/1820 6454/5563/1820 6467/5575/1820
f 6450/5576/1821 6467/5577/1821 6451/5517/1821
f 6450/5576/1822 6465/5578/1822 6466/5579/1893
f 6449/5580/1823 6464/5528/1823 6465/5578/1823
f 6451/5517/1773 6467/5577/1773 6454/5518/1773
f 6444/5519/1774 6454/5518/1774 6461/5520/1774
f 6445/5521/1775 6461/5520/1824 6462/5522/1775
f 6447/5524/1825 6446/5523/1825 6462/5522/1825
f 6448/5526/1777 6447/5581/1777 6463/5527/1777
f 6427/5529/1778 6442/5541/1778 6440/5530/1779
f 6424/5532/1781 6425/5542/1782 6438/5533/1782
f 6423/5535/1783 6434/5543/1787 6432/5536/1784
f 6420/5538/1785 6421/5544/1892 6430/5539/1786
f 6420/5538/1785 6443/5540/1785 6442/5541/1778
f 6425/5542/1782 6426/5531/1779 6440/5530/1779
f 6424/5532/1781 6436/5534/1781 6434/5543/1787
f 6421/5544/1892 6422/5537/1784 6432/5536/1784
f 6442/5545/1789 6443/5560/1826 6428/5546/1790
f 6440/5548/1792 6442/5545/1827 6441/5547/1793
f 6437/5550/1828 6438/5552/1829 6440/5548/1796
f 6435/5551/1798 6436/5582/1830 6438/5552/1799
f 6433/5553/1801 6434/5557/1831 6436/5554/1802
f 6431/5556/1832 6432/5583/1833 6434/5557/1894
f 6430/5558/1807 6432/5583/1835 6431/5556/1808
f 6443/5560/1810 6430/5558/1836 6429/5559/1811
f 6453/5561/1813 6452/5564/1813 6461/5562/1813
f 6452/5564/1814 6455/5584/1814 6462/5522/1814
f 6462/5522/1815 6455/5584/1815 6456/5565/1815
f 6463/5566/1816 6456/5585/1816 6457/5567/1816
f 6464/5568/1817 6457/5567/1817 6458/5569/1817
f 6465/5570/1818 6458/5569/1818 6459/5571/1818
f 6459/5571/1819 6460/5586/1819 6467/5573/1819
f 6460/5574/1820 6453/5561/1820 6454/5563/1820
f 6450/5576/1821 6466/5579/1821 6467/5577/1821
f 6450/5576/1822 6449/5580/1822 6465/5578/1822
f 6449/5580/1823 6448/5526/1823 6464/5528/1823
f 6485/5587/8 6525/2278/8 6517/2295/8
f 6501/2331/8 6485/5587/8 6517/2295/8
f 6505/2330/15 6487/5588/15 6519/2285/15
f 6509/2329/6 6489/5589/6 6521/2282/6
f 6513/2328/1 6491/5590/1 6523/2288/1
f 6491/5590/1 6531/2270/1 6523/2288/1
f 6487/5588/15 6527/2275/15 6519/2285/15
f 6489/5589/6 6529/2272/6 6521/2282/6
f 6484/2298/194 6524/2279/194 6492/5591/194
f 6488/5592/195 6528/2273/195 6496/5593/195
f 6486/5594/192 6526/2276/192 6494/5595/192
f 6524/2279/186 6493/5596/186 6492/5591/186
f 6526/2276/176 6495/5597/176 6494/5595/176
f 6528/2273/180 6497/5598/180 6496/5593/180
f 6530/2258/178 6499/5599/178 6498/5600/178
f 6512/2263/197 6490/5601/197 6481/5602/197
f 6508/2261/195 6488/5592/195 6477/5603/195
f 6490/5601/197 6530/2258/197 6498/5600/197
f 6515/2217/81 6469/5604/185 6468/5605/81
f 6501/2250/173 6471/5606/191 6470/5607/173
f 6502/2248/191 6472/5608/68 6471/5606/191
f 6503/2246/68 6473/5609/175 6472/5608/68
f 6505/2240/171 6475/5610/196 6474/5611/171
f 6506/2238/196 6476/5612/34 6475/5610/196
f 6507/2236/34 6477/5613/179 6476/5612/34
f 6509/2230/183 6479/5614/198 6478/5615/183
f 6510/2228/198 6480/5616/137 6479/5614/198
f 6511/2226/137 6481/5617/177 6480/5616/137
f 6504/2223/192 6486/5594/192 6473/5618/192
f 6513/2220/181 6483/5619/193 6482/5620/181
f 6514/2218/193 6468/5605/81 6483/5619/193
f 6485/5587/8 6493/5596/8 6525/2278/8
f 6501/2331/8 6470/5621/8 6485/5587/8
f 6505/2330/15 6474/5622/15 6487/5588/15
f 6509/2329/6 6478/5623/6 6489/5589/6
f 6513/2328/1 6482/5624/1 6491/5590/1
f 6491/5590/1 6499/5599/1 6531/2270/1
f 6487/5588/15 6495/5597/15 6527/2275/15
f 6489/5589/6 6497/5598/6 6529/2272/6
f 6484/2298/194 6516/2242/194 6524/2279/194
f 6488/5592/195 6520/2260/195 6528/2273/195
f 6486/5594/192 6518/2222/192 6526/2276/192
f 6524/2279/186 6525/2278/186 6493/5596/186
f 6526/2276/176 6527/2275/176 6495/5597/176
f 6528/2273/180 6529/2272/180 6497/5598/180
f 6530/2258/178 6531/2270/178 6499/5599/178
f 6512/2263/197 6522/2256/197 6490/5601/197
f 6508/2261/195 6520/2260/195 6488/5592/195
f 6490/5601/197 6522/2256/197 6530/2258/197
f 6515/2217/81 6500/2255/185 6469/5604/185
f 6501/2250/173 6502/2248/191 6471/5606/191
f 6502/2248/191 6503/2246/68 6472/5608/68
f 6503/2246/68 6504/2245/175 6473/5609/175
f 6505/2240/171 6506/2238/196 6475/5610/196
f 6506/2238/196 6507/2236/34 6476/5612/34
f 6507/2236/34 6508/2235/179 6477/5613/179
f 6509/2230/183 6510/2228/198 6479/5614/198
f 6510/2228/198 6511/2226/137 6480/5616/137
f 6511/2226/137 6512/2225/177 6481/5617/177
f 6504/2223/192 6518/2222/192 6486/5594/192
f 6513/2220/181 6514/2218/193 6483/5619/193
f 6514/2218/193 6515/2217/81 6468/5605/81
f 6546/5625/1895 6561/5626/1895 6560/5627/1895
f 6544/5628/1895 6557/5629/1896 6543/5630/1896
f 6540/5631/1895 6555/5632/1896 6554/5633/1895
f 6538/5634/1896 6551/5635/1896 6537/5636/1896
f 6549/5637/1896 6533/5638/1896 6563/5639/1895
f 6548/5640/1895 6561/5626/1895 6547/5641/1895
f 6544/5628/1895 6559/5642/1895 6558/5643/1895
f 6541/5644/1896 6556/5645/1895 6555/5632/1896
f 6538/5634/1896 6553/5646/1896 6552/5647/1896
f 6536/5648/1896 6532/5649/1896 6535/5650/1896
f 6548/5640/1895 6563/5639/1895 6562/5651/1895
f 6546/5625/1895 6559/5642/1895 6545/5652/1895
f 6543/5630/1896 6556/5645/1895 6542/5653/1896
f 6540/5631/1895 6553/5646/1896 6539/5654/1895
f 6551/5655/1897 6576/5656/1897 6577/5657/1897
f 6535/5650/1896 6533/5638/1896 6534/5658/1895
f 6536/5648/1896 6551/5635/1896 6550/5659/1896
f 6575/5660/722 6569/5661/722 6565/5662/722
f 6533/5663/725 6579/5664/725 6566/5665/725
f 6562/5666/725 6565/5667/725 6564/5668/725
f 6563/5669/725 6566/5665/725 6565/5667/725
f 6562/5670/1898 6567/5671/1898 6561/5672/1898
f 6558/5673/1899 6569/5674/1899 6570/5675/1899
f 6556/5676/723 6573/5677/723 6555/5678/723
f 6553/5679/1900 6576/5656/1900 6552/5680/1900
f 6532/5681/725 6578/5682/725 6579/5664/725
f 6560/5683/1901 6569/5674/1901 6559/5684/1901
f 6557/5685/723 6572/5686/723 6556/5676/723
f 6554/5687/1902 6575/5688/1902 6553/5679/1902
f 6550/5689/1903 6577/5657/1903 6578/5682/1903
f 6560/5683/1904 6567/5671/1904 6568/5690/1904
f 6558/5673/723 6571/5691/723 6557/5685/723
f 6555/5678/723 6574/5692/723 6554/5687/723
f 6546/5625/1895 6547/5641/1895 6561/5626/1895
f 6544/5628/1895 6558/5643/1895 6557/5629/1896
f 6540/5631/1895 6541/5644/1896 6555/5632/1896
f 6538/5634/1896 6552/5647/1896 6551/5635/1896
f 6549/5637/1896 6534/5658/1895 6533/5638/1896
f 6548/5640/1895 6562/5651/1895 6561/5626/1895
f 6544/5628/1895 6545/5652/1895 6559/5642/1895
f 6541/5644/1896 6542/5653/1896 6556/5645/1895
f 6538/5634/1896 6539/5654/1895 6553/5646/1896
f 6536/5648/1896 6550/5659/1896 6532/5649/1896
f 6548/5640/1895 6549/5637/1896 6563/5639/1895
f 6546/5625/1895 6560/5627/1895 6559/5642/1895
f 6543/5630/1896 6557/5629/1896 6556/5645/1895
f 6540/5631/1895 6554/5633/1895 6553/5646/1896
f 6551/5655/1897 6552/5680/1897 6576/5656/1897
f 6535/5650/1896 6532/5649/1896 6533/5638/1896
f 6536/5648/1896 6537/5636/1896 6551/5635/1896
f 6579/5693/722 6578/5694/721 6577/5695/721
f 6577/5695/721 6576/5696/722 6575/5660/722
f 6575/5660/722 6574/5697/722 6573/5698/722
f 6575/5660/722 6573/5698/722 6572/5699/721
f 6579/5693/722 6577/5695/721 6575/5660/722
f 6566/5700/722 6579/5693/722 6575/5660/722
f 6575/5660/722 6572/5699/721 6571/5701/721
f 6571/5701/721 6570/5702/722 6569/5661/722
f 6569/5661/722 6568/5703/722 6567/5704/722
f 6567/5704/722 6564/5705/722 6565/5662/722
f 6565/5662/722 6566/5700/722 6575/5660/722
f 6575/5660/722 6571/5701/721 6569/5661/722
f 6569/5661/722 6567/5704/722 6565/5662/722
f 6533/5663/725 6532/5681/725 6579/5664/725
f 6562/5666/725 6563/5669/725 6565/5667/725
f 6563/5669/725 6533/5663/725 6566/5665/725
f 6562/5670/1898 6564/5706/1898 6567/5671/1898
f 6558/5673/1899 6559/5684/1899 6569/5674/1899
f 6556/5676/723 6572/5686/723 6573/5677/723
f 6553/5679/1900 6575/5688/1900 6576/5656/1900
f 6532/5681/725 6550/5689/725 6578/5682/725
f 6560/5683/1901 6568/5690/1901 6569/5674/1901
f 6557/5685/723 6571/5691/723 6572/5686/723
f 6554/5687/1902 6574/5692/1902 6575/5688/1902
f 6550/5689/1903 6551/5655/1903 6577/5657/1903
f 6560/5683/1904 6561/5672/1904 6567/5671/1904
f 6558/5673/723 6570/5675/723 6571/5691/723
f 6555/5678/723 6573/5677/723 6574/5692/723
f 6582/5707/748 6580/5708/748 6583/5709/812
f 6581/5710/1905 6586/5711/1905 6580/5712/1905
f 6585/5713/1906 6583/5709/1906 6584/5714/1906
f 6586/5711/1907 6583/5715/1908 6580/5712/1908
f 6581/5710/1909 6585/5713/1909 6587/5716/1909
f 6590/5717/1345 6594/5718/1350 6591/5719/1350
f 6588/5720/1910 6592/5721/1349 6589/5722/1349
f 6594/5718/1344 6592/5723/1344 6593/5724/1344
f 6589/5722/1348 6591/5719/1348 6588/5720/1348
f 6600/5725/748 6597/5726/1911 6599/5727/1912
f 6601/5728/1348 6599/5729/1348 6603/5730/1348
f 6598/5731/1353 6601/5728/1349 6602/5732/1349
f 6596/5733/1913 6599/5727/1345 6597/5726/1345
f 6598/5731/1344 6596/5733/1344 6597/5726/1344
f 6582/5707/748 6581/5734/748 6580/5708/748
f 6581/5710/1905 6587/5716/1905 6586/5711/1905
f 6585/5713/1906 6582/5707/1906 6583/5709/1906
f 6586/5711/1907 6584/5735/1907 6583/5715/1908
f 6581/5710/1909 6582/5707/1909 6585/5713/1909
f 6590/5717/1345 6595/5736/1345 6594/5718/1350
f 6588/5720/1910 6593/5737/1910 6592/5721/1349
f 6594/5718/1344 6595/5736/1344 6592/5723/1344
f 6589/5722/1348 6590/5717/1348 6591/5719/1348
f 6600/5725/748 6598/5731/1347 6597/5726/1911
f 6601/5728/1348 6600/5738/1348 6599/5729/1348
f 6598/5731/1353 6600/5738/1353 6601/5728/1349
f 6596/5733/1913 6603/5739/1914 6599/5727/1345
f 6598/5731/1344 6602/5732/1344 6596/5733/1344
usemtl SpacialRoverExploreralumOrange.001
f 6607/5740/81 6615/5741/81 6606/5742/81
f 6610/5743/1915 6626/5744/1915 6621/5745/1915
f 6619/5746/34 6605/5747/34 6604/5748/34
f 6615/5741/65 6616/5749/65 6604/5750/65
f 6607/5751/70 6618/5752/70 6617/5753/70
f 6613/5754/137 6622/5755/137 6612/5756/137
f 6610/5757/137 6614/5758/137 6611/5759/137
f 6621/5760/137 6616/5749/137 6615/5741/137
f 6623/5761/137 6617/5753/137 6618/5752/137
f 6609/5762/137 6619/5746/137 6608/5763/137
f 6622/5755/137 6619/5746/137 6616/5749/137
f 6620/5764/137 6614/5758/137 6617/5753/137
f 6624/5765/137 6626/5744/137 6625/5766/137
f 6620/5764/137 6612/5756/137 6621/5760/137
f 6620/5767/1916 6624/5765/1916 6611/5768/1916
f 6627/5769/137 6629/5770/137 6631/5771/137
f 6622/5772/1917 6627/5769/1917 6631/5771/1917
f 6622/5773/1915 6629/5770/1915 6608/5774/1915
f 6609/5775/1916 6627/5769/1916 6623/5776/1916
f 6610/5777/1917 6624/5765/1917 6625/5766/1917
f 6621/5778/1918 6630/5779/1918 6620/5780/1918
f 6608/5781/1918 6628/5782/1918 6609/5783/1918
f 6633/5784/166 6634/5785/166 6632/5786/166
f 6635/5787/68 6636/5788/68 6634/5785/68
f 6637/5789/167 6638/5790/167 6636/5788/167
f 6639/5791/169 6640/5792/169 6638/5790/169
f 6633/5793/34 6641/5794/34 6637/5795/34
f 6641/5796/137 6642/5797/137 6640/5792/137
f 6643/5798/168 6632/5786/168 6642/5799/168
f 6633/5784/166 6635/5787/166 6634/5785/166
f 6635/5787/68 6637/5789/68 6636/5788/68
f 6637/5789/167 6639/5791/167 6638/5790/167
f 6639/5791/169 6641/5796/169 6640/5792/169
f 6637/5795/34 6635/5800/34 6633/5793/34
f 6633/5793/34 6643/5801/34 6641/5794/34
f 6641/5794/34 6639/5802/34 6637/5795/34
f 6641/5796/137 6643/5803/137 6642/5797/137
f 6643/5798/168 6633/5784/168 6632/5786/168
f 6648/5804/81 6663/5805/81 6650/5806/81
f 6655/5807/34 6661/5808/34 6644/5809/34
f 6645/5810/68 6659/5811/68 6647/5812/68
f 6663/5813/70 6659/5811/70 6661/5814/70
f 6651/5815/137 6665/5816/137 6654/5817/137
f 6644/5809/1919 6645/5810/1919 6646/5818/1919
f 6647/5819/1920 6648/5804/1920 6649/5820/1920
f 6651/5815/1921 6653/5821/1921 6650/5806/1922
f 6654/5817/84 6656/5822/84 6657/5823/1919
f 6665/5816/15 6655/5807/15 6654/5817/15
f 6645/5810/8 6661/5808/8 6660/5824/8
f 6659/5825/1 6648/5804/1 6647/5819/1
f 6651/5815/6 6663/5805/6 6662/5826/6
f 6679/5827/1923 6669/5828/1923 6666/5829/1923
f 6676/5830/1924 6678/5831/1925 6675/5832/1925
f 6672/5833/1926 6674/5834/1926 6671/5835/1926
f 6669/5836/58 6681/5837/58 6677/5838/58
f 6668/5839/1927 6670/5840/1927 6667/5841/1927
f 6669/5828/1928 6667/5842/1928 6666/5829/1928
f 6672/5833/1929 6670/5840/1929 6673/5843/1929
f 6675/5832/1930 6677/5844/1930 6676/5830/1930
f 6679/5827/1931 6681/5845/1931 6680/5846/1931
f 6712/5847/181 6682/5848/182 6711/5849/181
f 6692/5850/175 6694/5851/176 6691/5852/175
f 6696/5853/171 6698/5854/172 6695/5855/171
f 6700/5856/179 6702/5857/180 6699/5858/179
f 6704/5859/183 6706/5860/184 6703/5861/183
f 6708/5862/177 6710/5863/178 6707/5864/177
f 6688/5865/173 6690/5866/174 6687/5867/173
f 6709/5868/65 6701/5869/65 6693/5870/65
f 6684/5871/185 6686/5872/186 6683/5873/185
f 6685/5874/182 6683/5873/185 6682/5875/182
f 6687/5867/173 6689/5876/186 6688/5865/173
f 6691/5852/175 6693/5877/174 6692/5850/175
f 6695/5855/171 6697/5878/176 6696/5853/171
f 6699/5858/179 6701/5879/172 6700/5856/179
f 6703/5861/183 6705/5880/180 6704/5859/183
f 6707/5864/177 6709/5881/184 6708/5862/177
f 6711/5849/181 6713/5882/178 6712/5847/181
f 6607/5740/81 6614/5758/81 6615/5741/81
f 6610/5743/1915 6625/5766/1915 6626/5744/1915
f 6619/5746/34 6618/5752/34 6605/5747/34
f 6604/5750/65 6606/5883/65 6615/5741/65
f 6616/5749/65 6619/5746/65 6604/5750/65
f 6617/5753/70 6614/5758/70 6607/5751/70
f 6607/5751/70 6605/5884/70 6618/5752/70
f 6613/5754/137 6623/5761/137 6622/5755/137
f 6610/5757/137 6615/5741/137 6614/5758/137
f 6615/5741/137 6610/5757/137 6621/5760/137
f 6621/5760/137 6612/5756/137 6616/5749/137
f 6618/5752/137 6609/5762/137 6623/5761/137
f 6623/5761/137 6613/5754/137 6617/5753/137
f 6609/5762/137 6618/5752/137 6619/5746/137
f 6616/5749/137 6612/5756/137 6622/5755/137
f 6622/5755/137 6608/5763/137 6619/5746/137
f 6617/5753/137 6613/5754/137 6620/5764/137
f 6620/5764/137 6611/5759/137 6614/5758/137
f 6624/5765/137 6630/5779/137 6626/5744/137
f 6620/5764/137 6613/5754/137 6612/5756/137
f 6620/5767/1916 6630/5779/1916 6624/5765/1916
f 6627/5769/137 6628/5782/137 6629/5770/137
f 6622/5772/1917 6623/5885/1917 6627/5769/1917
f 6622/5773/1915 6631/5771/1915 6629/5770/1915
f 6609/5775/1916 6628/5782/1916 6627/5769/1916
f 6610/5777/1917 6611/5886/1917 6624/5765/1917
f 6621/5778/1918 6626/5744/1918 6630/5779/1918
f 6608/5781/1918 6629/5770/1918 6628/5782/1918
f 6648/5804/81 6658/5887/81 6663/5805/81
f 6655/5807/34 6664/5888/34 6661/5808/34
f 6645/5810/68 6660/5824/68 6659/5811/68
f 6661/5814/70 6664/5889/70 6665/5890/70
f 6665/5890/70 6662/5891/70 6663/5813/70
f 6663/5813/70 6658/5892/70 6659/5811/70
f 6659/5811/70 6660/5824/70 6661/5814/70
f 6661/5814/70 6665/5890/70 6663/5813/70
f 6651/5815/137 6662/5826/137 6665/5816/137
f 6651/5815/1932 6652/5893/1920 6653/5821/1932
f 6654/5817/84 6655/5807/1933 6656/5822/84
f 6665/5816/15 6664/5888/15 6655/5807/15
f 6645/5810/8 6644/5809/8 6661/5808/8
f 6659/5825/1 6658/5887/1 6648/5804/1
f 6651/5815/6 6650/5806/6 6663/5805/6
f 6679/5827/1923 6680/5846/1923 6669/5828/1923
f 6676/5830/1924 6681/5845/1924 6678/5831/1925
f 6672/5833/1926 6677/5844/1926 6674/5834/1926
f 6677/5838/58 6672/5894/58 6673/5895/58
f 6673/5895/58 6668/5896/58 6669/5836/58
f 6669/5836/58 6680/5897/58 6681/5837/58
f 6681/5837/58 6676/5898/58 6677/5838/58
f 6677/5838/58 6673/5895/58 6669/5836/58
f 6668/5839/1927 6673/5843/1927 6670/5840/1927
f 6669/5828/1928 6668/5899/1928 6667/5842/1928
f 6672/5833/1929 6671/5835/1929 6670/5840/1929
f 6675/5832/1930 6674/5834/1930 6677/5844/1930
f 6679/5827/1931 6678/5831/1931 6681/5845/1931
f 6712/5847/181 6685/5900/182 6682/5848/182
f 6692/5850/175 6697/5878/176 6694/5851/176
f 6696/5853/171 6701/5879/172 6698/5854/172
f 6700/5856/179 6705/5880/180 6702/5857/180
f 6704/5859/183 6709/5881/184 6706/5860/184
f 6708/5862/177 6713/5882/178 6710/5863/178
f 6688/5865/173 6693/5877/174 6690/5866/174
f 6693/5870/65 6688/5901/65 6689/5902/65
f 6689/5902/65 6684/5903/65 6685/5904/65
f 6685/5904/65 6712/5905/65 6713/5906/65
f 6713/5906/65 6708/5907/65 6709/5868/65
f 6709/5868/65 6704/5908/65 6705/5909/65
f 6705/5909/65 6700/5910/65 6701/5869/65
f 6701/5869/65 6696/5911/65 6697/5912/65
f 6697/5912/65 6692/5913/65 6693/5870/65
f 6693/5870/65 6689/5902/65 6685/5904/65
f 6685/5904/65 6713/5906/65 6709/5868/65
f 6709/5868/65 6705/5909/65 6701/5869/65
f 6701/5869/65 6697/5912/65 6693/5870/65
f 6693/5870/65 6685/5904/65 6709/5868/65
f 6684/5871/185 6689/5876/186 6686/5872/186
f 6685/5874/182 6684/5871/185 6683/5873/185
f 6687/5867/173 6686/5872/186 6689/5876/186
f 6691/5852/175 6690/5866/174 6693/5877/174
f 6695/5855/171 6694/5851/176 6697/5878/176
f 6699/5858/179 6698/5854/172 6701/5879/172
f 6703/5861/183 6702/5857/180 6705/5880/180
f 6707/5864/177 6706/5860/184 6709/5881/184
f 6711/5849/181 6710/5863/178 6713/5882/178
f 6739/5914/1934 6715/5915/4 6714/5916/81
f 6738/5917/4 6716/5918/1018 6715/5915/4
f 6740/5919/1018 6717/5920/1 6716/5918/1018
f 6741/5921/1 6718/5922/1019 6717/5920/1
f 6742/5923/1019 6719/5924/2 6718/5922/1019
f 6743/5925/2 6720/5926/68 6719/5924/2
f 6744/5927/68 6721/5928/7 6720/5926/68
f 6745/5929/7 6722/5930/1020 6721/5928/7
f 6746/5931/1020 6723/5932/8 6722/5930/1020
f 6747/5933/8 6724/5934/1021 6723/5932/8
f 6748/5935/1021 6725/5936/17 6724/5934/1021
f 6749/5937/17 6726/5938/34 6725/5936/17
f 6750/5939/1935 6727/5940/18 6726/5941/34
f 6751/5942/18 6728/5943/1022 6727/5940/18
f 6752/5944/1936 6729/5945/15 6728/5943/1022
f 6753/5946/15 6730/5947/1023 6729/5945/15
f 6754/5948/1023 6731/5949/16 6730/5947/1023
f 6755/5950/16 6732/5951/137 6731/5949/16
f 6756/5952/137 6733/5953/5 6732/5951/137
f 6757/5954/5 6734/5955/1024 6733/5953/5
f 6758/5956/1024 6735/5957/6 6734/5955/1024
f 6759/5958/6 6736/5959/1025 6735/5957/6
f 6760/5960/1937 6737/5961/3 6736/5959/1025
f 6761/5962/3 6714/5916/81 6737/5961/3
f 6739/5914/1934 6738/5917/4 6715/5915/4
f 6738/5917/4 6740/5919/1018 6716/5918/1018
f 6740/5919/1018 6741/5921/1 6717/5920/1
f 6741/5921/1 6742/5923/1019 6718/5922/1019
f 6742/5923/1019 6743/5925/2 6719/5924/2
f 6743/5925/2 6744/5927/68 6720/5926/68
f 6744/5927/68 6745/5929/7 6721/5928/7
f 6745/5929/7 6746/5931/1020 6722/5930/1020
f 6746/5931/1020 6747/5933/8 6723/5932/8
f 6747/5933/8 6748/5935/1021 6724/5934/1021
f 6748/5935/1021 6749/5937/17 6725/5936/17
f 6749/5937/17 6750/5963/1935 6726/5938/34
f 6750/5939/1935 6751/5942/18 6727/5940/18
f 6751/5942/18 6752/5944/1936 6728/5943/1022
f 6752/5944/1936 6753/5946/15 6729/5945/15
f 6753/5946/15 6754/5948/1023 6730/5947/1023
f 6754/5948/1023 6755/5950/16 6731/5949/16
f 6755/5950/16 6756/5952/137 6732/5951/137
f 6756/5952/137 6757/5954/5 6733/5953/5
f 6757/5954/5 6758/5956/1024 6734/5955/1024
f 6758/5956/1024 6759/5958/6 6735/5957/6
f 6759/5958/6 6760/5960/1937 6736/5959/1025
f 6760/5960/1937 6761/5962/3 6737/5961/3
f 6761/5962/3 6739/5914/1934 6714/5916/81
f 6787/5914/1934 6763/5915/4 6762/5916/81
f 6786/5917/4 6764/5918/1018 6763/5915/4
f 6788/5919/1018 6765/5920/1 6764/5918/1018
f 6789/5921/1 6766/5922/1019 6765/5920/1
f 6790/5923/1019 6767/5924/2 6766/5922/1019
f 6791/5925/2 6768/5926/68 6767/5924/2
f 6792/5927/68 6769/5928/7 6768/5926/68
f 6793/5929/7 6770/5930/1020 6769/5928/7
f 6794/5931/1020 6771/5932/8 6770/5930/1020
f 6795/5933/8 6772/5934/1021 6771/5932/8
f 6796/5935/1021 6773/5936/17 6772/5934/1021
f 6797/5937/17 6774/5938/34 6773/5936/17
f 6798/5939/1935 6775/5940/18 6774/5941/34
f 6799/5942/18 6776/5943/1022 6775/5940/18
f 6800/5944/1936 6777/5945/15 6776/5943/1022
f 6801/5946/15 6778/5947/1023 6777/5945/15
f 6802/5948/1023 6779/5949/16 6778/5947/1023
f 6803/5950/16 6780/5951/137 6779/5949/16
f 6804/5952/137 6781/5953/5 6780/5951/137
f 6805/5954/5 6782/5955/1024 6781/5953/5
f 6806/5956/1024 6783/5957/6 6782/5955/1024
f 6807/5958/6 6784/5959/1025 6783/5957/6
f 6808/5960/1937 6785/5961/3 6784/5959/1025
f 6809/5962/3 6762/5916/81 6785/5961/3
f 6787/5914/1934 6786/5917/4 6763/5915/4
f 6786/5917/4 6788/5919/1018 6764/5918/1018
f 6788/5919/1018 6789/5921/1 6765/5920/1
f 6789/5921/1 6790/5923/1019 6766/5922/1019
f 6790/5923/1019 6791/5925/2 6767/5924/2
f 6791/5925/2 6792/5927/68 6768/5926/68
f 6792/5927/68 6793/5929/7 6769/5928/7
f 6793/5929/7 6794/5931/1020 6770/5930/1020
f 6794/5931/1020 6795/5933/8 6771/5932/8
f 6795/5933/8 6796/5935/1021 6772/5934/1021
f 6796/5935/1021 6797/5937/17 6773/5936/17
f 6797/5937/17 6798/5963/1935 6774/5938/34
f 6798/5939/1935 6799/5942/18 6775/5940/18
f 6799/5942/18 6800/5944/1936 6776/5943/1022
f 6800/5944/1936 6801/5946/15 6777/5945/15
f 6801/5946/15 6802/5948/1023 6778/5947/1023
f 6802/5948/1023 6803/5950/16 6779/5949/16
f 6803/5950/16 6804/5952/137 6780/5951/137
f 6804/5952/137 6805/5954/5 6781/5953/5
f 6805/5954/5 6806/5956/1024 6782/5955/1024
f 6806/5956/1024 6807/5958/6 6783/5957/6
f 6807/5958/6 6808/5960/1937 6784/5959/1025
f 6808/5960/1937 6809/5962/3 6785/5961/3
f 6809/5962/3 6787/5914/1934 6762/5916/81
f 6847/5964/732 6851/5965/732 6855/5966/732
f 6841/5967/1336 6851/5968/776 6838/5969/776
f 6845/5970/1339 6855/5971/1340 6842/5972/1340
f 6844/5973/775 6846/5974/1342 6857/5975/775
f 6843/5976/1938 6853/5977/1338 6840/5978/1338
f 6839/5979/1335 6849/5980/738 6836/5981/1939
f 6815/5982/773 6833/5983/763 6812/5984/763
f 6811/5985/766 6825/5986/767 6820/5987/770
f 6819/5988/771 6829/5989/772 6816/5990/772
f 6821/5991/768 6827/5992/769 6818/5993/769
f 6817/5994/765 6831/5995/1346 6814/5996/764
f 6879/5997/768 6861/5998/769 6880/5999/769
f 6871/6000/765 6869/6001/1346 6872/6002/764
f 6873/6003/773 6867/6004/763 6874/6005/763
f 6877/6006/766 6863/6007/770 6878/6008/767
f 6877/6009/1940 6831/6010/1941 6828/6011/1940
f 6876/6012/759 6866/6013/758 6865/6014/759
f 6821/5991/768 6825/5986/767 6824/6015/768
f 6817/5994/765 6829/5989/772 6828/6016/765
f 6813/6017/758 6833/5983/763 6832/6018/758
f 6823/6019/759 6811/5985/766 6810/6020/759
f 6827/5992/769 6819/6021/771 6818/5993/769
f 6814/5996/764 6830/6022/773 6815/5982/773
f 6813/6017/758 6823/6019/759 6810/6020/759
f 6849/5980/738 6837/6023/736 6836/5981/1939
f 6855/5971/1340 6843/5976/1938 6842/5972/1340
f 6857/5975/775 6845/5970/1339 6844/5973/775
f 6853/5977/1338 6841/5967/1336 6840/5978/1338
f 6851/5968/776 6839/5979/1335 6838/5969/776
f 6847/6024/1343 6835/6025/1342 6834/6026/1343
f 6837/6023/736 6847/6027/1343 6834/6028/1343
f 6859/6029/772 6871/6000/765 6870/6030/772
f 6867/6004/763 6875/6031/758 6874/6005/763
f 6878/6008/767 6862/6032/768 6879/5997/768
f 6873/6003/773 6869/6001/1346 6868/6033/773
f 6877/6006/766 6865/6014/759 6864/6034/766
f 6860/6035/771 6880/5999/769 6861/5998/769
f 6870/6030/772 6860/6035/771 6859/6029/772
f 6879/6036/1942 6830/6037/1943 6831/6010/1941
f 6831/6010/1941 6877/6009/1940 6878/6038/1944
f 6829/6039/1945 6876/6040/1946 6828/6011/1940
f 6878/6038/1944 6879/6036/1942 6831/6010/1941
f 6825/6041/1947 6872/6042/1948 6873/6043/1949
f 6830/6037/1943 6879/6036/1942 6880/6044/1950
f 6823/6045/1951 6832/6046/1952 6881/6047/1952
f 6876/6040/1946 6829/6039/1945 6875/6048/1953
f 6833/6049/1954 6830/6037/1943 6880/6044/1950
f 6827/6050/1955 6875/6048/1953 6826/6051/1956
f 6880/6044/1950 6881/6047/1952 6833/6049/1954
f 6827/6050/1955 6874/6052/1955 6875/6048/1953
f 6827/6050/1955 6824/6053/1949 6874/6052/1955
f 6870/6054/1957 6823/6045/1951 6881/6047/1952
f 6822/6055/1958 6823/6045/1951 6870/6054/1957
f 6829/6039/1945 6826/6051/1956 6875/6048/1953
f 6824/6053/1949 6825/6041/1947 6873/6043/1949
f 6871/6056/1958 6822/6055/1958 6870/6054/1957
f 6881/6047/1952 6832/6046/1952 6833/6049/1954
f 6824/6053/1949 6873/6043/1949 6874/6052/1955
f 6871/6056/1958 6825/6041/1947 6822/6055/1958
f 6876/6040/1946 6877/6009/1940 6828/6011/1940
f 6825/6041/1947 6871/6056/1958 6872/6042/1948
f 6855/5966/732 6856/6057/1959 6857/6058/732
f 6857/6058/732 6846/6059/732 6847/5964/732
f 6847/5964/732 6848/6060/732 6849/6061/732
f 6849/6061/732 6850/6062/1959 6851/5965/732
f 6851/5965/732 6852/6063/1959 6853/6064/732
f 6853/6064/732 6854/6065/1960 6855/5966/732
f 6855/5966/732 6857/6058/732 6847/5964/732
f 6847/5964/732 6849/6061/732 6851/5965/732
f 6851/5965/732 6853/6064/732 6855/5966/732
f 6841/5967/1336 6852/6066/1336 6851/5968/776
f 6845/5970/1339 6856/6067/1339 6855/5971/1340
f 6844/5973/775 6835/6025/1342 6846/5974/1342
f 6843/5976/1938 6854/6068/1337 6853/5977/1338
f 6839/5979/1335 6850/6069/1335 6849/5980/738
f 6815/5982/773 6830/6022/773 6833/5983/763
f 6811/5985/766 6822/6070/766 6825/5986/767
f 6819/5988/771 6826/6071/771 6829/5989/772
f 6821/5991/768 6824/6015/768 6827/5992/769
f 6817/5994/765 6828/6016/765 6831/5995/1346
f 6879/5997/768 6862/6032/768 6861/5998/769
f 6871/6000/765 6858/6072/765 6869/6001/1346
f 6873/6003/773 6868/6033/773 6867/6004/763
f 6877/6006/766 6864/6034/766 6863/6007/770
f 6876/6012/759 6875/6073/758 6866/6013/758
f 6821/5991/768 6820/5987/770 6825/5986/767
f 6817/5994/765 6816/5990/772 6829/5989/772
f 6813/6017/758 6812/5984/763 6833/5983/763
f 6823/6019/759 6822/6070/766 6811/5985/766
f 6827/5992/769 6826/6074/771 6819/6021/771
f 6814/5996/764 6831/5995/1346 6830/6022/773
f 6813/6017/758 6832/6018/758 6823/6019/759
f 6849/5980/738 6848/6075/736 6837/6023/736
f 6855/5971/1340 6854/6068/1337 6843/5976/1938
f 6857/5975/775 6856/6067/1339 6845/5970/1339
f 6853/5977/1338 6852/6066/1336 6841/5967/1336
f 6851/5968/776 6850/6069/1335 6839/5979/1335
f 6847/6024/1343 6846/5974/1342 6835/6025/1342
f 6837/6023/736 6848/6075/736 6847/6027/1343
f 6859/6029/772 6858/6072/765 6871/6000/765
f 6867/6004/763 6866/6076/758 6875/6031/758
f 6878/6008/767 6863/6007/770 6862/6032/768
f 6873/6003/773 6872/6002/764 6869/6001/1346
f 6877/6006/766 6876/6012/759 6865/6014/759
f 6860/6035/771 6881/6077/771 6880/5999/769
f 6870/6030/772 6881/6077/771 6860/6035/771
usemtl SpacialRoverExploreralumGrayDeep.001
f 6894/6078/65 6918/6079/65 6907/6080/65
f 6919/6081/68 6908/6082/68 6907/6083/68
f 6899/6084/34 6889/6085/34 6884/6086/34
f 6895/6087/137 6890/6088/137 6894/6089/137
f 6895/6087/81 6887/6090/81 6883/6091/81
f 6905/6092/68 6901/6093/68 6884/6094/68
f 6911/6095/81 6885/6096/81 6886/6097/81
f 6910/6098/65 6898/6099/65 6903/6100/65
f 6915/6101/137 6911/6095/137 6889/6102/137
f 6903/6100/1961 6912/6103/1961 6910/6098/1961
f 6912/6103/85 6904/6104/85 6913/6105/85
f 6913/6105/1962 6902/6106/1962 6911/6095/1962
f 6891/6107/1963 6920/6108/1963 6918/6079/1963
f 6893/6109/78 6921/6110/78 6920/6108/78
f 6892/6111/1964 6919/6112/1964 6921/6110/1964
f 6907/6080/1961 6896/6113/1961 6894/6078/1961
f 6909/6114/85 6897/6115/85 6896/6113/85
f 6908/6116/1962 6895/6087/1962 6897/6115/1962
f 6915/6117/1963 6900/6118/1963 6898/6099/1963
f 6917/6119/78 6901/6120/78 6900/6118/78
f 6916/6121/1964 6899/6084/1964 6901/6120/1964
f 6919/6112/34 6882/6122/34 6888/6123/34
f 6923/6124/68 6930/6125/68 6922/6126/68
f 6925/6127/34 6931/6128/34 6923/6124/34
f 6924/6129/137 6932/6130/137 6925/6127/137
f 6922/6126/81 6933/6131/81 6924/6129/81
f 6922/6126/65 6925/6127/65 6923/6124/65
f 6936/6132/34 6927/6133/34 6928/6134/34
f 6930/6135/70 6927/6136/70 6926/6137/70
f 6927/6136/70 6932/6138/70 6928/6139/70
f 6932/6138/70 6929/6140/70 6928/6139/70
f 6933/6141/70 6926/6137/70 6929/6140/70
f 6935/6142/70 6937/6143/70 6934/6144/70
f 6937/6145/137 6928/6146/137 6929/6147/137
f 6935/6142/68 6926/6148/68 6927/6133/68
f 6934/6144/81 6929/6147/81 6926/6148/81
f 6883/6091/137 6882/6149/137 6890/6088/137
f 6890/6088/137 6892/6150/137 6893/6151/137
f 6893/6151/137 6891/6152/137 6890/6088/137
f 6891/6152/137 6894/6089/137 6890/6088/137
f 6894/6089/137 6896/6153/137 6897/6154/137
f 6897/6154/137 6895/6087/137 6894/6089/137
f 6895/6087/137 6883/6091/137 6890/6088/137
f 6893/6109/78 6892/6111/78 6921/6110/78
f 6892/6111/1964 6890/6155/1964 6919/6112/1964
f 6919/6112/34 6890/6155/34 6882/6122/34
f 6925/6127/34 6932/6138/34 6931/6128/34
f 6924/6129/137 6933/6156/137 6932/6130/137
f 6922/6126/65 6924/6129/65 6925/6127/65
f 6968/6157/181 6938/6158/182 6953/6159/181
f 6958/6160/175 6944/6161/176 6943/6162/175
f 6960/6163/171 6946/6164/172 6945/6165/171
f 6962/6166/179 6948/6167/180 6947/6168/179
f 6964/6169/183 6950/6170/184 6949/6171/183
f 6966/6172/177 6952/6173/178 6951/6174/177
f 6954/6175/173 6942/6176/174 6941/6177/173
f 6956/6178/185 6940/6179/186 6939/6180/185
f 6969/6181/65 6966/6182/65 6983/6183/65
f 6970/6184/65 6968/6185/65 6985/6186/65
f 6971/6187/65 6972/6188/65 6955/6189/65
f 6957/6190/182 6939/6180/185 6938/6158/182
f 6941/6191/173 6955/6192/186 6954/6193/173
f 6943/6162/175 6959/6194/174 6958/6160/175
f 6945/6165/171 6961/6195/176 6960/6163/171
f 6947/6168/179 6963/6196/172 6962/6166/179
f 6949/6171/183 6965/6197/180 6964/6169/183
f 6951/6174/177 6967/6198/184 6966/6172/177
f 6953/6159/181 6969/6199/178 6968/6157/181
f 6954/6200/65 6973/6201/65 6974/6202/65
f 6955/6189/65 6956/6203/65 6971/6187/65
f 6972/6188/65 6973/6201/65 6955/6189/65
f 6965/6204/65 6979/6205/65 6980/6206/65
f 6978/6207/65 6979/6205/65 6963/6208/65
f 6968/6185/65 6970/6184/65 6957/6209/65
f 6961/6210/65 6958/6211/65 6975/6212/65
f 6964/6213/65 6981/6214/65 6982/6215/65
f 6984/6216/65 6985/6186/65 6968/6185/65
f 6959/6217/65 6954/6200/65 6974/6202/65
f 6984/6216/65 6969/6181/65 6983/6183/65
f 6967/6218/65 6983/6183/65 6966/6182/65
f 6974/6202/65 6958/6211/65 6959/6217/65
f 6975/6212/65 6958/6211/65 6974/6202/65
f 6967/6218/65 6982/6215/65 6983/6183/65
f 6976/6219/65 6961/6210/65 6975/6212/65
f 6967/6218/65 6964/6213/65 6982/6215/65
f 6965/6204/65 6980/6206/65 6981/6214/65
f 6971/6187/65 6956/6203/65 6957/6209/65
f 6977/6220/65 6960/6221/65 6976/6219/65
f 6964/6213/65 6965/6204/65 6981/6214/65
f 6973/6201/65 6954/6200/65 6955/6189/65
f 6978/6207/65 6960/6221/65 6977/6220/65
f 6969/6181/65 6984/6216/65 6968/6185/65
f 6965/6204/65 6962/6222/65 6979/6205/65
f 6979/6205/65 6962/6222/65 6963/6208/65
f 6960/6221/65 6961/6210/65 6976/6219/65
f 6960/6221/65 6978/6207/65 6963/6208/65
f 6970/6184/65 6971/6187/65 6957/6209/65
f 7006/6223/81 6989/6224/81 6987/6225/81
f 6986/6226/137 6991/6227/137 6993/6228/137
f 7005/6229/34 6986/6230/34 6988/6231/34
f 7007/6232/1965 7000/6233/1965 6990/6234/1965
f 6991/6235/74 7002/6236/65 6993/6237/65
f 6993/6237/65 6997/6238/76 6994/6239/76
f 6994/6239/76 6998/6240/78 6996/6241/78
f 6996/6241/78 6999/6242/1966 6995/6243/1966
f 6992/6244/85 7000/6233/1967 7001/6245/85
f 6992/6244/85 7003/6246/74 6991/6235/74
f 6989/6247/68 6997/6248/68 7002/6249/68
f 7004/6250/1968 6995/6243/1968 6999/6242/1968
f 7025/6251/1969 7032/6252/1970 7024/6253/1971
f 7011/6254/301 7029/6255/301 7021/6256/301
f 7024/6253/302 7040/6257/302 7014/6258/302
f 7022/6259/1972 7031/6260/319 7030/6261/319
f 7035/6262/60 7026/6263/60 7027/6264/60
f 7036/6265/60 7029/6266/60 7037/6267/60
f 7038/6268/60 7031/6260/60 7039/6269/60
f 7040/6270/60 7033/6271/60 7041/6272/60
f 7015/6273/288 7033/6274/288 7025/6275/288
f 7008/6276/319 7035/6277/319 7009/6278/319
f 7013/6279/322 7038/6280/322 7039/6281/322
f 7019/6282/293 7035/6277/293 7027/6283/293
f 7022/6259/291 7038/6280/291 7012/6284/291
f 7008/6276/303 7026/6263/303 7034/6285/303
f 7013/6279/304 7031/6286/304 7023/6287/304
f 7011/6254/1970 7036/6288/1970 7037/6289/1970
f 7018/6290/1973 7027/6264/322 7026/6263/322
f 7015/6273/318 7040/6257/318 7041/6291/318
f 7021/6292/1974 7028/6293/318 7020/6294/1975
f 7010/6295/287 7028/6293/287 7036/6288/287
f 7062/6296/322 7057/6297/322 7052/6298/322
f 7042/6299/58 7046/6300/58 7057/6301/58
f 7053/6302/60 7051/6303/60 7056/6304/60
f 7061/6305/1976 7059/6306/1976 7060/6307/1976
f 7055/6308/1977 7058/6309/1970 7047/6310/1977
f 7057/6297/1978 7060/6307/1978 7056/6311/1978
f 7056/6304/58 7059/6312/58 7055/6313/58
f 7057/6301/60 7058/6314/60 7061/6315/60
f 6894/6078/65 6891/6107/65 6918/6079/65
f 6907/6083/68 6918/6316/68 6920/6317/68
f 6920/6317/68 6921/6318/68 6919/6081/68
f 6919/6081/68 6888/6319/68 6887/6090/68
f 6887/6090/68 6906/6320/68 6908/6082/68
f 6908/6082/68 6909/6321/68 6907/6083/68
f 6907/6083/68 6920/6317/68 6919/6081/68
f 6919/6081/68 6887/6090/68 6908/6082/68
f 6899/6084/34 6914/6322/34 6889/6085/34
f 6895/6087/81 6906/6320/81 6887/6090/81
f 6884/6094/68 6885/6096/68 6902/6106/68
f 6902/6106/68 6904/6323/68 6905/6092/68
f 6905/6092/68 6903/6324/68 6898/6325/68
f 6898/6325/68 6900/6326/68 6901/6093/68
f 6901/6093/68 6899/6327/68 6884/6094/68
f 6884/6094/68 6902/6106/68 6905/6092/68
f 6905/6092/68 6898/6325/68 6901/6093/68
f 6911/6095/81 6902/6106/81 6885/6096/81
f 6910/6098/65 6915/6117/65 6898/6099/65
f 6889/6102/137 6914/6328/137 6916/6329/137
f 6916/6329/137 6917/6330/137 6915/6101/137
f 6915/6101/137 6910/6331/137 6912/6332/137
f 6912/6332/137 6913/6333/137 6911/6095/137
f 6911/6095/137 6886/6097/137 6889/6102/137
f 6889/6102/137 6916/6329/137 6915/6101/137
f 6915/6101/137 6912/6332/137 6911/6095/137
f 6903/6100/1961 6905/6334/1961 6912/6103/1961
f 6912/6103/85 6905/6334/85 6904/6104/85
f 6913/6105/1962 6904/6104/1962 6902/6106/1962
f 6891/6107/1963 6893/6109/1963 6920/6108/1963
f 6907/6080/1961 6909/6114/1961 6896/6113/1961
f 6909/6114/85 6908/6116/85 6897/6115/85
f 6908/6116/1962 6906/6320/1962 6895/6087/1962
f 6915/6117/1963 6917/6119/1963 6900/6118/1963
f 6917/6119/78 6916/6121/78 6901/6120/78
f 6916/6121/1964 6914/6322/1964 6899/6084/1964
f 6923/6124/68 6931/6335/68 6930/6125/68
f 6922/6126/81 6930/6336/81 6933/6131/81
f 6936/6132/34 6935/6142/34 6927/6133/34
f 6930/6135/70 6931/6128/70 6927/6136/70
f 6927/6136/70 6931/6128/70 6932/6138/70
f 6932/6138/70 6933/6141/70 6929/6140/70
f 6933/6141/70 6930/6135/70 6926/6137/70
f 6935/6142/70 6936/6337/70 6937/6143/70
f 6937/6145/137 6936/6338/137 6928/6146/137
f 6935/6142/68 6934/6144/68 6926/6148/68
f 6934/6144/81 6937/6145/81 6929/6147/81
f 6968/6157/181 6957/6190/182 6938/6158/182
f 6958/6160/175 6961/6195/176 6944/6161/176
f 6960/6163/171 6963/6196/172 6946/6164/172
f 6962/6166/179 6965/6197/180 6948/6167/180
f 6964/6169/183 6967/6198/184 6950/6170/184
f 6966/6172/177 6969/6199/178 6952/6173/178
f 6954/6175/173 6959/6194/174 6942/6176/174
f 6956/6178/185 6955/6192/186 6940/6179/186
f 6957/6190/182 6956/6178/185 6939/6180/185
f 6941/6191/173 6940/6179/186 6955/6192/186
f 6943/6162/175 6942/6176/174 6959/6194/174
f 6945/6165/171 6944/6161/176 6961/6195/176
f 6947/6168/179 6946/6164/172 6963/6196/172
f 6949/6171/183 6948/6167/180 6965/6197/180
f 6951/6174/177 6950/6170/184 6967/6198/184
f 6953/6159/181 6952/6173/178 6969/6199/178
f 7006/6223/81 7004/6250/81 6989/6224/81
f 6996/6339/137 6995/6340/137 7006/6341/137
f 7006/6341/137 6987/6342/137 6986/6226/137
f 6986/6226/137 7007/6343/137 6990/6344/137
f 6986/6226/137 6990/6344/137 6992/6345/137
f 6994/6346/137 6996/6339/137 7006/6341/137
f 6994/6346/137 7006/6341/137 6986/6226/137
f 6986/6226/137 6992/6345/137 6991/6227/137
f 6993/6228/137 6994/6346/137 6986/6226/137
f 7005/6229/34 7007/6232/34 6986/6230/34
f 7007/6232/1965 7005/6229/1965 7000/6233/1965
f 6991/6235/74 7003/6246/74 7002/6236/65
f 6993/6237/65 7002/6236/65 6997/6238/76
f 6994/6239/76 6997/6238/76 6998/6240/78
f 6996/6241/78 6998/6240/78 6999/6242/1966
f 6992/6244/85 6990/6234/1967 7000/6233/1967
f 6992/6244/85 7001/6245/85 7003/6246/74
f 7001/6347/68 7000/6348/68 7005/6349/68
f 7005/6349/68 6988/6350/68 6989/6247/68
f 6989/6247/68 7004/6351/68 6999/6352/68
f 6989/6247/68 6999/6352/68 6998/6353/68
f 7003/6354/68 7001/6347/68 7005/6349/68
f 7003/6354/68 7005/6349/68 6989/6247/68
f 6989/6247/68 6998/6353/68 6997/6248/68
f 7002/6249/68 7003/6354/68 6989/6247/68
f 7004/6250/1968 7006/6223/1968 6995/6243/1968
f 7025/6251/1969 7033/6271/1970 7032/6252/1970
f 7011/6254/301 7037/6289/301 7029/6255/301
f 7024/6253/302 7032/6252/302 7040/6257/302
f 7022/6259/1972 7023/6355/308 7031/6260/319
f 7035/6262/60 7034/6356/60 7026/6263/60
f 7036/6265/60 7028/6293/60 7029/6266/60
f 7038/6268/60 7030/6261/60 7031/6260/60
f 7040/6270/60 7032/6252/60 7033/6271/60
f 7015/6273/288 7041/6291/288 7033/6274/288
f 7008/6276/319 7034/6285/319 7035/6277/319
f 7013/6279/322 7012/6284/322 7038/6280/322
f 7019/6282/293 7009/6278/293 7035/6277/293
f 7022/6259/291 7030/6261/291 7038/6280/291
f 7008/6276/303 7018/6290/303 7026/6263/303
f 7013/6279/304 7039/6281/304 7031/6286/304
f 7011/6254/1970 7010/6295/1970 7036/6288/1970
f 7018/6290/1973 7019/6357/309 7027/6264/322
f 7015/6273/318 7014/6258/318 7040/6257/318
f 7021/6292/1974 7029/6266/318 7028/6293/318
f 7010/6295/287 7020/6294/287 7028/6293/287
f 7062/6296/322 7044/6358/322 7057/6297/322
f 7057/6297/322 7056/6311/322 7052/6298/322
s 0
f 7052/6298/1979 7063/6359/1980 7062/6296/58
s 1
f 7044/6360/58 7043/6361/58 7042/6299/58
f 7042/6299/58 7016/6362/58 7017/6363/58
f 7017/6363/58 7045/6364/58 7046/6300/58
f 7046/6300/58 7047/6365/58 7057/6301/58
f 7057/6301/58 7044/6360/58 7042/6299/58
f 7042/6299/58 7017/6363/58 7046/6300/58
f 7055/6313/60 7054/6366/60 7053/6302/60
f 7053/6302/60 7048/6367/60 7049/6368/60
f 7049/6368/60 7050/6369/60 7051/6303/60
f 7051/6303/60 7052/6370/60 7056/6304/60
f 7056/6304/60 7055/6313/60 7053/6302/60
f 7053/6302/60 7049/6368/60 7051/6303/60
f 7061/6305/1976 7058/6309/1976 7059/6306/1976
f 7055/6308/1977 7059/6306/1970 7058/6309/1970
f 7057/6297/1978 7061/6305/1978 7060/6307/1978
f 7056/6304/58 7060/6371/58 7059/6312/58
f 7057/6301/60 7047/6365/60 7058/6314/60
